time,open,high,low,close,volume
 2024/03/12-10:40,6160,6163,6160,6161,1778
 2024/03/12-10:45,6161,6162,6161,6161,1086
 2024/03/12-10:50,6162,6164,6161,6163,1018
 2024/03/12-10:55,6163,6163,6160,6160,1127
 2024/03/12-11:00,6160,6162,6158,6160,2972
 2024/03/12-11:05,6160,6162,6160,6161,1425
 2024/03/12-11:10,6161,6161,6155,6156,3525
 2024/03/12-11:15,6156,6156,6152,6156,5279
 2024/03/12-11:20,6156,6156,6151,6153,5238
 2024/03/12-11:25,6153,6153,6150,6153,4124
 2024/03/12-11:30,6153,6158,6152,6158,4650
 2024/03/12-13:35,6162,6166,6162,6163,9676
 2024/03/12-13:40,6162,6163,6157,6160,4989
 2024/03/12-13:45,6159,6161,6153,6154,5742
 2024/03/12-13:50,6154,6158,6153,6156,4533
 2024/03/12-13:55,6157,6158,6156,6157,2820
 2024/03/12-14:00,6157,6161,6155,6160,4013
 2024/03/12-14:05,6159,6163,6157,6157,3952
 2024/03/12-14:10,6157,6161,6157,6159,2567
 2024/03/12-14:15,6158,6159,6156,6157,1706
 2024/03/12-14:20,6157,6158,6152,6156,6386
 2024/03/12-14:25,6156,6156,6152,6154,3819
 2024/03/12-14:30,6154,6158,6154,6157,3731
 2024/03/12-14:35,6157,6157,6155,6155,2254
 2024/03/12-14:40,6155,6156,6151,6155,3736
 2024/03/12-14:45,6155,6158,6155,6156,3123
 2024/03/12-14:50,6156,6156,6152,6153,4199
 2024/03/12-14:55,6153,6154,6152,6153,3814
 2024/03/12-15:00,6153,6156,6152,6154,7439
 2024/03/13-21:05,6155,6155,6115,6125,62134
 2024/03/13-21:10,6125,6136,6119,6128,42644
 2024/03/13-21:15,6128,6134,6122,6133,22336
 2024/03/13-21:20,6133,6137,6120,6121,18642
 2024/03/13-21:25,6120,6135,6118,6135,18655
 2024/03/13-21:30,6135,6142,6134,6140,17323
 2024/03/13-21:35,6139,6139,6130,6130,14775
 2024/03/13-21:40,6130,6131,6107,6109,43895
 2024/03/13-21:45,6110,6117,6104,6109,32999
 2024/03/13-21:50,6107,6119,6107,6117,14407
 2024/03/13-21:55,6117,6122,6116,6119,12966
 2024/03/13-22:00,6119,6122,6115,6118,6895
 2024/03/13-22:05,6118,6125,6114,6116,12309
 2024/03/13-22:10,6115,6120,6112,6112,9498
 2024/03/13-22:15,6113,6113,6106,6110,13974
 2024/03/13-22:20,6111,6121,6109,6120,10861
 2024/03/13-22:25,6120,6124,6118,6124,9132
 2024/03/13-22:30,6124,6127,6123,6124,9389
 2024/03/13-22:35,6124,6129,6123,6129,7566
 2024/03/13-22:40,6129,6130,6124,6125,8589
 2024/03/13-22:45,6125,6126,6121,6122,4591
 2024/03/13-22:50,6122,6130,6120,6128,6035
 2024/03/13-22:55,6128,6133,6127,6130,8874
 2024/03/13-23:00,6131,6131,6124,6126,6096
 2024/03/13-23:05,6126,6127,6120,6121,8157
 2024/03/13-23:10,6121,6124,6120,6124,5241
 2024/03/13-23:15,6124,6125,6121,6124,3087
 2024/03/13-23:20,6124,6126,6122,6122,4189
 2024/03/13-23:25,6122,6123,6118,6123,6039
 2024/03/13-23:30,6123,6124,6122,6124,3131
 2024/03/13-23:35,6124,6129,6123,6128,5396
 2024/03/13-23:40,6128,6129,6127,6128,3003
 2024/03/13-23:45,6128,6128,6126,6127,2441
 2024/03/13-23:50,6127,6129,6126,6126,1458
 2024/03/13-23:55,6126,6129,6126,6128,1208
 2024/03/13-00:00,6128,6128,6126,6127,1000
 2024/03/13-00:05,6127,6127,6125,6126,1441
 2024/03/13-00:10,6126,6126,6125,6125,1337
 2024/03/13-00:15,6126,6128,6125,6128,990
 2024/03/13-00:20,6128,6128,6124,6125,1236
 2024/03/13-00:25,6125,6129,6125,6128,1412
 2024/03/13-00:30,6128,6129,6125,6125,981
 2024/03/13-00:35,6126,6127,6125,6127,590
 2024/03/13-00:40,6127,6129,6126,6128,1188
 2024/03/13-00:45,6128,6128,6126,6127,1632
 2024/03/13-00:50,6127,6129,6127,6129,1152
 2024/03/13-00:55,6129,6132,6128,6131,2963
 2024/03/13-01:00,6131,6132,6130,6130,1758
 2024/03/13-01:05,6130,6130,6124,6126,4358
 2024/03/13-01:10,6126,6126,6123,6123,2391
 2024/03/13-01:15,6123,6124,6122,6123,1609
 2024/03/13-01:20,6123,6123,6118,6120,4052
 2024/03/13-01:25,6120,6123,6120,6122,1726
 2024/03/13-01:30,6122,6123,6120,6121,1257
 2024/03/13-01:35,6121,6121,6116,6118,2594
 2024/03/13-01:40,6118,6122,6118,6122,1083
 2024/03/13-01:45,6122,6122,6117,6119,1187
 2024/03/13-01:50,6119,6119,6116,6117,1375
 2024/03/13-01:55,6118,6119,6116,6116,1052
 2024/03/13-02:00,6117,6119,6115,6115,2113
 2024/03/13-02:05,6115,6117,6112,6114,3120
 2024/03/13-02:10,6114,6116,6112,6114,1244
 2024/03/13-02:15,6114,6114,6109,6110,3840
 2024/03/13-02:20,6110,6116,6109,6115,2199
 2024/03/13-02:25,6116,6119,6115,6119,1416
 2024/03/13-02:30,6119,6120,6117,6119,3616
 2024/03/13-09:05,6122,6127,6121,6123,10440
 2024/03/13-09:10,6123,6126,6121,6125,3959
 2024/03/13-09:15,6125,6125,6122,6123,2351
 2024/03/13-09:20,6122,6124,6121,6124,2034
 2024/03/13-09:25,6124,6126,6122,6124,1383
 2024/03/13-09:30,6124,6124,6121,6122,1565
 2024/03/13-09:35,6122,6124,6121,6124,1647
 2024/03/13-09:40,6123,6124,6122,6123,1178
 2024/03/13-09:45,6122,6124,6121,6123,2182
 2024/03/13-09:50,6124,6125,6122,6125,1588
 2024/03/13-09:55,6124,6126,6124,6126,2337
 2024/03/13-10:00,6126,6128,6125,6125,1713
 2024/03/13-10:05,6125,6128,6125,6125,1857
 2024/03/13-10:10,6125,6125,6123,6124,2189
 2024/03/13-10:15,6124,6128,6124,6127,2689
 2024/03/13-10:35,6127,6128,6126,6127,3450
 2024/03/13-10:40,6127,6128,6126,6127,1320
 2024/03/13-10:45,6127,6129,6126,6129,1822
 2024/03/13-10:50,6129,6130,6128,6129,2841
 2024/03/13-10:55,6129,6130,6128,6129,2789
 2024/03/13-11:00,6129,6129,6127,6129,2713
 2024/03/13-11:05,6129,6129,6127,6128,1720
 2024/03/13-11:10,6128,6129,6128,6128,744
 2024/03/13-11:15,6128,6129,6127,6128,809
 2024/03/13-11:20,6128,6128,6127,6127,1442
 2024/03/13-11:25,6127,6128,6124,6127,1540
 2024/03/13-11:30,6127,6129,6127,6129,1886
 2024/03/13-13:35,6129,6129,6126,6129,3702
 2024/03/13-13:40,6129,6145,6128,6143,14680
 2024/03/13-13:45,6144,6147,6141,6143,11233
 2024/03/13-13:50,6143,6145,6136,6136,5256
 2024/03/13-13:55,6136,6138,6134,6137,3695
 2024/03/13-14:00,6137,6144,6136,6142,3182
 2024/03/13-14:05,6142,6145,6140,6141,3543
 2024/03/13-14:10,6140,6141,6137,6138,1932
 2024/03/13-14:15,6138,6142,6137,6142,2501
 2024/03/13-14:20,6141,6143,6141,6141,2032
 2024/03/13-14:25,6141,6141,6137,6138,2084
 2024/03/13-14:30,6138,6140,6137,6138,2285
 2024/03/13-14:35,6139,6141,6138,6139,2912
 2024/03/13-14:40,6139,6139,6136,6137,2344
 2024/03/13-14:45,6137,6138,6134,6136,4121
 2024/03/13-14:50,6136,6138,6135,6138,2741
 2024/03/13-14:55,6138,6144,6137,6142,5802
 2024/03/13-15:00,6142,6145,6140,6145,10778
 2024/03/14-21:05,6173,6203,6166,6194,93018
 2024/03/14-21:10,6195,6195,6173,6181,25248
 2024/03/14-21:15,6181,6184,6172,6176,14436
 2024/03/14-21:20,6175,6180,6170,6177,10219
 2024/03/14-21:25,6178,6182,6177,6178,9501
 2024/03/14-21:30,6179,6186,6177,6185,9660
 2024/03/14-21:35,6185,6194,6183,6194,24679
 2024/03/14-21:40,6194,6211,6191,6208,39421
 2024/03/14-21:45,6208,6216,6205,6207,31930
 2024/03/14-21:50,6207,6209,6197,6200,23268
 2024/03/14-21:55,6199,6202,6195,6198,12125
 2024/03/14-22:00,6199,6201,6195,6199,6851
 2024/03/14-22:05,6198,6202,6192,6194,10903
 2024/03/14-22:10,6193,6194,6183,6185,17570
 2024/03/14-22:15,6185,6188,6182,6188,8424
 2024/03/14-22:20,6187,6195,6186,6194,7112
 2024/03/14-22:25,6195,6201,6193,6200,9448
 2024/03/14-22:30,6199,6199,6192,6194,4381
 2024/03/14-22:35,6193,6194,6187,6191,5437
 2024/03/14-22:40,6191,6195,6190,6194,3560
 2024/03/14-22:45,6194,6198,6194,6197,4173
 2024/03/14-22:50,6197,6201,6195,6200,5470
 2024/03/14-22:55,6199,6206,6195,6204,8550
 2024/03/14-23:00,6204,6207,6202,6202,8595
 2024/03/14-23:05,6202,6215,6201,6215,16572
 2024/03/14-23:10,6215,6219,6212,6217,18543
 2024/03/14-23:15,6217,6223,6212,6221,13309
 2024/03/14-23:20,6222,6236,6220,6234,28427
 2024/03/14-23:25,6234,6253,6234,6248,40637
 2024/03/14-23:30,6249,6252,6245,6249,18040
 2024/03/14-23:35,6249,6249,6241,6244,14367
 2024/03/14-23:40,6244,6271,6244,6263,32950
 2024/03/14-23:45,6262,6263,6255,6259,13045
 2024/03/14-23:50,6259,6266,6259,6263,12213
 2024/03/14-23:55,6263,6274,6260,6269,15506
 2024/03/14-00:00,6269,6273,6266,6272,13401
 2024/03/14-00:05,6271,6279,6267,6277,19013
 2024/03/14-00:10,6277,6283,6276,6278,18707
 2024/03/14-00:15,6278,6283,6277,6279,11858
 2024/03/14-00:20,6279,6285,6278,6283,9437
 2024/03/14-00:25,6283,6286,6279,6283,10053
 2024/03/14-00:30,6283,6283,6272,6277,15482
 2024/03/14-00:35,6276,6282,6273,6273,11526
 2024/03/14-00:40,6273,6275,6271,6275,6786
 2024/03/14-00:45,6275,6277,6273,6275,5453
 2024/03/14-00:50,6275,6281,6275,6279,5900
 2024/03/14-00:55,6279,6280,6277,6279,3774
 2024/03/14-01:00,6279,6282,6279,6280,5429
 2024/03/14-01:05,6281,6282,6278,6282,7045
 2024/03/14-01:10,6282,6285,6280,6285,5609
 2024/03/14-01:15,6284,6291,6284,6290,13221
 2024/03/14-01:20,6290,6290,6283,6285,6755
 2024/03/14-01:25,6285,6285,6281,6282,4888
 2024/03/14-01:30,6283,6283,6279,6282,4497
 2024/03/14-01:35,6282,6284,6280,6283,2894
 2024/03/14-01:40,6284,6290,6283,6289,3773
 2024/03/14-01:45,6289,6290,6285,6287,2487
 2024/03/14-01:50,6287,6288,6285,6286,1694
 2024/03/14-01:55,6286,6286,6284,6285,2179
 2024/03/14-02:00,6285,6287,6282,6287,3573
 2024/03/14-02:05,6286,6287,6285,6287,1804
 2024/03/14-02:10,6287,6288,6285,6287,2152
 2024/03/14-02:15,6287,6290,6286,6290,3110
 2024/03/14-02:20,6290,6300,6290,6296,10055
 2024/03/14-02:25,6296,6298,6295,6296,3140
 2024/03/14-02:30,6296,6296,6290,6292,7812
 2024/03/14-09:05,6292,6331,6292,6329,60844
 2024/03/14-09:10,6328,6330,6323,6328,20177
 2024/03/14-09:15,6328,6329,6312,6321,19281
 2024/03/14-09:20,6320,6328,6318,6328,11783
 2024/03/14-09:25,6328,6346,6327,6336,27564
 2024/03/14-09:30,6335,6335,6321,6322,12553
 2024/03/14-09:35,6322,6327,6316,6316,15955
 2024/03/14-09:40,6316,6321,6310,6316,13720
 2024/03/14-09:45,6316,6319,6307,6312,10977
 2024/03/14-09:50,6312,6318,6309,6317,7972
 2024/03/14-09:55,6317,6317,6311,6315,5767
 2024/03/14-10:00,6315,6322,6314,6322,5983
 2024/03/14-10:05,6321,6321,6316,6317,5194
 2024/03/14-10:10,6317,6319,6314,6318,3497
 2024/03/14-10:15,6318,6322,6317,6319,3244
 2024/03/14-10:35,6316,6316,6309,6310,7053
 2024/03/14-10:40,6310,6312,6303,6309,8703
 2024/03/14-10:45,6309,6312,6308,6309,3753
 2024/03/14-10:50,6309,6310,6304,6309,3728
 2024/03/14-10:55,6309,6310,6307,6308,1908
 2024/03/14-11:00,6308,6308,6303,6303,3937
 2024/03/14-11:05,6303,6309,6302,6309,5543
 2024/03/14-11:10,6309,6312,6307,6312,3518
 2024/03/14-11:15,6312,6316,6312,6313,3776
 2024/03/14-11:20,6313,6314,6309,6310,2254
 2024/03/14-11:25,6309,6312,6307,6309,2764
 2024/03/14-11:30,6308,6309,6288,6293,17835
 2024/03/14-13:35,6288,6290,6277,6289,21649
 2024/03/14-13:40,6289,6294,6288,6290,6709
 2024/03/14-13:45,6290,6290,6283,6284,6020
 2024/03/14-13:50,6284,6285,6275,6279,11219
 2024/03/14-13:55,6279,6280,6275,6278,6493
 2024/03/14-14:00,6278,6278,6269,6272,9413
 2024/03/14-14:05,6272,6279,6271,6274,5695
 2024/03/14-14:10,6274,6276,6255,6260,21807
 2024/03/14-14:15,6259,6273,6259,6272,10036
 2024/03/14-14:20,6272,6279,6268,6279,8284
 2024/03/14-14:25,6279,6282,6273,6274,7316
 2024/03/14-14:30,6274,6279,6274,6275,3446
 2024/03/14-14:35,6276,6286,6274,6286,7412
 2024/03/14-14:40,6286,6288,6279,6280,5482
 2024/03/14-14:45,6280,6286,6277,6286,7012
 2024/03/14-14:50,6286,6286,6278,6279,4222
 2024/03/14-14:55,6279,6287,6279,6286,6460
 2024/03/14-15:00,6286,6290,6282,6285,13684
 2024/03/15-21:05,6281,6286,6274,6280,32065
 2024/03/15-21:10,6280,6281,6273,6277,10718
 2024/03/15-21:15,6277,6292,6277,6286,13918
 2024/03/15-21:20,6286,6296,6284,6295,13823
 2024/03/15-21:25,6295,6303,6294,6302,22238
 2024/03/15-21:30,6302,6306,6299,6301,12536
 2024/03/15-21:35,6302,6304,6286,6286,17047
 2024/03/15-21:40,6287,6299,6282,6297,16845
 2024/03/15-21:45,6297,6299,6288,6290,11313
 2024/03/15-21:50,6290,6291,6275,6286,17964
 2024/03/15-21:55,6287,6294,6285,6293,8091
 2024/03/15-22:00,6293,6295,6288,6292,6801
 2024/03/15-22:05,6292,6292,6285,6291,4756
 2024/03/15-22:10,6290,6291,6284,6284,4530
 2024/03/15-22:15,6285,6285,6279,6281,6969
 2024/03/15-22:20,6280,6284,6277,6281,5610
 2024/03/15-22:25,6282,6284,6273,6280,8794
 2024/03/15-22:30,6279,6288,6279,6288,5436
 2024/03/15-22:35,6288,6293,6287,6290,8008
 2024/03/15-22:40,6290,6296,6284,6286,8455
 2024/03/15-22:45,6286,6288,6282,6287,5016
 2024/03/15-22:50,6287,6290,6284,6285,3647
 2024/03/15-22:55,6285,6288,6278,6278,7344
 2024/03/15-23:00,6278,6282,6274,6277,12014
 2024/03/15-23:05,6278,6278,6266,6266,21664
 2024/03/15-23:10,6266,6274,6266,6272,13031
 2024/03/15-23:15,6272,6274,6269,6269,5441
 2024/03/15-23:20,6269,6276,6267,6267,8326
 2024/03/15-23:25,6267,6277,6267,6274,7071
 2024/03/15-23:30,6273,6274,6269,6270,3386
 2024/03/15-23:35,6270,6272,6267,6268,5144
 2024/03/15-23:40,6268,6268,6261,6263,13397
 2024/03/15-23:45,6263,6264,6247,6252,25111
 2024/03/15-23:50,6253,6260,6252,6256,8985
 2024/03/15-23:55,6256,6261,6256,6259,5429
 2024/03/15-00:00,6259,6262,6257,6259,4335
 2024/03/15-00:05,6259,6266,6257,6265,4835
 2024/03/15-00:10,6265,6267,6263,6264,5103
 2024/03/15-00:15,6264,6267,6263,6264,2909
 2024/03/15-00:20,6265,6265,6262,6263,2741
 2024/03/15-00:25,6263,6266,6261,6264,2569
 2024/03/15-00:30,6264,6266,6262,6262,1636
 2024/03/15-00:35,6262,6266,6260,6264,3022
 2024/03/15-00:40,6264,6265,6262,6264,1117
 2024/03/15-00:45,6264,6265,6261,6263,1935
 2024/03/15-00:50,6262,6264,6261,6262,1535
 2024/03/15-00:55,6262,6264,6258,6264,3309
 2024/03/15-01:00,6263,6264,6260,6263,2123
 2024/03/15-01:05,6263,6271,6263,6268,5441
 2024/03/15-01:10,6269,6270,6265,6270,2719
 2024/03/15-01:15,6270,6276,6268,6274,5296
 2024/03/15-01:20,6273,6277,6269,6270,5541
 2024/03/15-01:25,6271,6272,6267,6271,3275
 2024/03/15-01:30,6270,6273,6270,6271,1431
 2024/03/15-01:35,6271,6273,6269,6271,1081
 2024/03/15-01:40,6270,6271,6268,6270,904
 2024/03/15-01:45,6270,6271,6268,6270,1238
 2024/03/15-01:50,6269,6271,6268,6269,488
 2024/03/15-01:55,6269,6271,6268,6270,677
 2024/03/15-02:00,6270,6271,6264,6264,2535
 2024/03/15-02:05,6264,6269,6264,6268,1186
 2024/03/15-02:10,6268,6272,6267,6269,1464
 2024/03/15-02:15,6270,6273,6269,6271,681
 2024/03/15-02:20,6271,6272,6270,6270,737
 2024/03/15-02:25,6270,6272,6269,6271,1138
 2024/03/15-02:30,6271,6271,6268,6270,2985
 2024/03/15-09:05,6270,6284,6270,6278,15928
 2024/03/15-09:10,6279,6285,6278,6281,7915
 2024/03/15-09:15,6281,6284,6281,6283,3747
 2024/03/15-09:20,6282,6289,6282,6286,7856
 2024/03/15-09:25,6286,6290,6281,6284,5390
 2024/03/15-09:30,6284,6284,6279,6283,4122
 2024/03/15-09:35,6283,6289,6283,6284,3981
 2024/03/15-09:40,6284,6284,6280,6283,3177
 2024/03/15-09:45,6283,6283,6280,6282,2105
 2024/03/15-09:50,6281,6282,6275,6277,6229
 2024/03/15-09:55,6277,6280,6276,6280,2318
 2024/03/15-10:00,6280,6282,6278,6278,2062
 2024/03/15-10:05,6278,6279,6273,6273,3281
 2024/03/15-10:10,6273,6277,6273,6276,2508
 2024/03/15-10:15,6276,6281,6276,6279,2259
 2024/03/15-10:35,6279,6283,6279,6282,2350
 2024/03/15-10:40,6282,6285,6280,6280,3455
 2024/03/15-10:45,6280,6287,6280,6286,3374
 2024/03/15-10:50,6286,6289,6285,6288,4043
 2024/03/15-10:55,6288,6292,6288,6288,5019
 2024/03/15-11:00,6288,6290,6286,6287,1787
 2024/03/15-11:05,6287,6288,6285,6285,2137
 2024/03/15-11:10,6285,6287,6284,6287,1920
 2024/03/15-11:15,6287,6288,6284,6284,1583
 2024/03/15-11:20,6284,6288,6284,6284,1932
 2024/03/15-11:25,6284,6288,6283,6288,1510
 2024/03/15-11:30,6287,6293,6287,6290,4836
 2024/03/15-13:35,6296,6316,6296,6315,29113
 2024/03/15-13:40,6314,6330,6309,6328,22692
 2024/03/15-13:45,6328,6366,6328,6356,62428
 2024/03/15-13:50,6355,6357,6343,6350,25118
 2024/03/15-13:55,6350,6384,6345,6370,43738
 2024/03/15-14:00,6370,6372,6355,6368,25701
 2024/03/15-14:05,6367,6369,6349,6350,19856
 2024/03/15-14:10,6351,6364,6351,6363,12240
 2024/03/15-14:15,6363,6363,6352,6355,6573
 2024/03/15-14:20,6354,6360,6352,6359,7843
 2024/03/15-14:25,6359,6360,6342,6349,12826
 2024/03/15-14:30,6348,6350,6333,6334,15906
 2024/03/15-14:35,6334,6339,6320,6324,22689
 2024/03/15-14:40,6324,6333,6316,6318,16268
 2024/03/15-14:45,6318,6329,6317,6328,8416
 2024/03/15-14:50,6328,6336,6325,6331,8622
 2024/03/15-14:55,6332,6343,6332,6335,12831
 2024/03/15-15:00,6335,6345,6333,6343,12980
 2024/03/18-21:05,6344,6354,6340,6350,32497
 2024/03/18-21:10,6350,6364,6349,6359,22460
 2024/03/18-21:15,6358,6370,6358,6362,15061
 2024/03/18-21:20,6362,6377,6356,6359,26411
 2024/03/18-21:25,6359,6362,6350,6355,16765
 2024/03/18-21:30,6355,6366,6354,6363,10229
 2024/03/18-21:35,6363,6363,6343,6343,23066
 2024/03/18-21:40,6343,6352,6341,6343,13105
 2024/03/18-21:45,6342,6350,6342,6345,9960
 2024/03/18-21:50,6346,6362,6345,6361,12846
 2024/03/18-21:55,6361,6372,6359,6369,17779
 2024/03/18-22:00,6368,6373,6366,6368,14076
 2024/03/18-22:05,6367,6383,6367,6382,25772
 2024/03/18-22:10,6382,6393,6366,6377,38288
 2024/03/18-22:15,6377,6395,6377,6394,29795
 2024/03/18-22:20,6394,6410,6390,6406,34529
 2024/03/18-22:25,6406,6413,6396,6405,29587
 2024/03/18-22:30,6405,6420,6394,6396,31467
 2024/03/18-22:35,6396,6415,6393,6412,23897
 2024/03/18-22:40,6413,6421,6408,6412,22064
 2024/03/18-22:45,6412,6413,6400,6404,15374
 2024/03/18-22:50,6404,6421,6404,6414,18426
 2024/03/18-22:55,6414,6420,6408,6411,16827
 2024/03/18-23:00,6410,6414,6403,6403,14369
 2024/03/18-23:05,6403,6405,6395,6397,21670
 2024/03/18-23:10,6397,6404,6393,6394,12930
 2024/03/18-23:15,6394,6403,6390,6399,14446
 2024/03/18-23:20,6399,6401,6393,6395,7206
 2024/03/18-23:25,6395,6400,6394,6400,5616
 2024/03/18-23:30,6400,6401,6397,6399,4897
 2024/03/18-23:35,6399,6403,6397,6402,5666
 2024/03/18-23:40,6401,6404,6401,6404,4807
 2024/03/18-23:45,6404,6410,6403,6404,9028
 2024/03/18-23:50,6405,6405,6386,6386,13727
 2024/03/18-23:55,6386,6395,6386,6393,10765
 2024/03/18-00:00,6393,6398,6392,6393,4960
 2024/03/18-00:05,6393,6395,6390,6392,4833
 2024/03/18-00:10,6393,6404,6392,6403,7946
 2024/03/18-00:15,6403,6406,6402,6403,5485
 2024/03/18-00:20,6403,6409,6403,6405,6086
 2024/03/18-00:25,6405,6408,6404,6404,3353
 2024/03/18-00:30,6404,6406,6401,6406,4994
 2024/03/18-00:35,6406,6407,6404,6405,2495
 2024/03/18-00:40,6405,6411,6404,6407,6663
 2024/03/18-00:45,6407,6407,6397,6398,6246
 2024/03/18-00:50,6398,6398,6393,6395,6447
 2024/03/18-00:55,6395,6396,6378,6382,20207
 2024/03/18-01:00,6381,6381,6363,6373,26945
 2024/03/18-01:05,6373,6380,6371,6378,11497
 2024/03/18-01:10,6378,6379,6371,6375,6732
 2024/03/18-01:15,6375,6377,6366,6366,10823
 2024/03/18-01:20,6366,6374,6366,6373,5029
 2024/03/18-01:25,6373,6375,6366,6367,5842
 2024/03/18-01:30,6367,6372,6367,6370,4103
 2024/03/18-01:35,6370,6372,6362,6370,7851
 2024/03/18-01:40,6370,6374,6370,6373,4377
 2024/03/18-01:45,6373,6373,6371,6371,1898
 2024/03/18-01:50,6371,6378,6371,6375,5066
 2024/03/18-01:55,6375,6377,6371,6372,3230
 2024/03/18-02:00,6372,6373,6368,6370,4243
 2024/03/18-02:05,6370,6376,6370,6375,2933
 2024/03/18-02:10,6375,6379,6374,6378,3213
 2024/03/18-02:15,6378,6378,6375,6375,2914
 2024/03/18-02:20,6375,6377,6374,6376,2016
 2024/03/18-02:25,6376,6379,6376,6379,2431
 2024/03/18-02:30,6378,6382,6377,6382,7528
 2024/03/18-09:05,6382,6382,6345,6345,41574
 2024/03/18-09:10,6345,6345,6327,6327,39685
 2024/03/18-09:15,6327,6333,6307,6309,34110
 2024/03/18-09:20,6309,6320,6307,6319,18220
 2024/03/18-09:25,6319,6321,6303,6321,16758
 2024/03/18-09:30,6321,6332,6316,6329,13305
 2024/03/18-09:35,6329,6339,6328,6339,11500
 2024/03/18-09:40,6339,6340,6330,6332,7716
 2024/03/18-09:45,6331,6337,6324,6334,6586
 2024/03/18-09:50,6333,6338,6330,6335,4549
 2024/03/18-09:55,6335,6336,6327,6330,4468
 2024/03/18-10:00,6330,6332,6322,6325,4237
 2024/03/18-10:05,6325,6330,6322,6323,3774
 2024/03/18-10:10,6323,6326,6322,6324,2968
 2024/03/18-10:15,6323,6330,6322,6328,3148
 2024/03/18-10:35,6330,6331,6323,6323,4751
 2024/03/18-10:40,6323,6330,6323,6326,2792
 2024/03/18-10:45,6326,6327,6322,6323,3361
 2024/03/18-10:50,6324,6324,6313,6318,10497
 2024/03/18-10:55,6318,6323,6318,6320,3341
 2024/03/18-11:00,6320,6320,6312,6313,4528
 2024/03/18-11:05,6313,6317,6311,6313,5268
 2024/03/18-11:10,6313,6315,6306,6312,10836
 2024/03/18-11:15,6312,6317,6310,6317,5165
 2024/03/18-11:20,6317,6322,6315,6321,3901
 2024/03/18-11:25,6322,6322,6313,6314,4151
 2024/03/18-11:30,6314,6318,6312,6314,3672
 2024/03/18-13:35,6312,6323,6310,6323,7561
 2024/03/18-13:40,6322,6325,6321,6322,5663
 2024/03/18-13:45,6322,6324,6320,6321,3553
 2024/03/18-13:50,6320,6324,6319,6324,2586
 2024/03/18-13:55,6324,6331,6323,6330,5470
 2024/03/18-14:00,6330,6331,6326,6329,4220
 2024/03/18-14:05,6329,6330,6325,6328,2493
 2024/03/18-14:10,6328,6330,6326,6327,3416
 2024/03/18-14:15,6326,6332,6326,6331,7240
 2024/03/18-14:20,6330,6333,6323,6324,7884
 2024/03/18-14:25,6325,6328,6323,6327,3688
 2024/03/18-14:30,6326,6327,6320,6321,3373
 2024/03/18-14:35,6320,6326,6320,6326,3563
 2024/03/18-14:40,6326,6326,6322,6323,2674
 2024/03/18-14:45,6323,6326,6322,6325,2113
 2024/03/18-14:50,6325,6330,6324,6330,3744
 2024/03/18-14:55,6330,6335,6329,6331,7290
 2024/03/18-15:00,6331,6331,6326,6327,8883
 2024/03/19-21:05,6362,6377,6362,6374,36545
 2024/03/19-21:10,6373,6381,6370,6378,17585
 2024/03/19-21:15,6377,6378,6362,6364,14287
 2024/03/19-21:20,6364,6371,6360,6370,12944
 2024/03/19-21:25,6370,6374,6367,6367,6723
 2024/03/19-21:30,6367,6371,6363,6366,7106
 2024/03/19-21:35,6366,6372,6361,6366,13531
 2024/03/19-21:40,6366,6369,6358,6358,10426
 2024/03/19-21:45,6358,6363,6354,6355,9381
 2024/03/19-21:50,6355,6361,6354,6360,6374
 2024/03/19-21:55,6360,6364,6358,6358,6008
 2024/03/19-22:00,6358,6358,6350,6351,7781
 2024/03/19-22:05,6351,6358,6351,6354,7239
 2024/03/19-22:10,6354,6362,6353,6362,5281
 2024/03/19-22:15,6361,6363,6356,6356,4851
 2024/03/19-22:20,6356,6362,6352,6358,6683
 2024/03/19-22:25,6359,6361,6355,6360,3951
 2024/03/19-22:30,6360,6362,6358,6358,2556
 2024/03/19-22:35,6358,6358,6346,6353,9490
 2024/03/19-22:40,6353,6357,6352,6354,4217
 2024/03/19-22:45,6354,6355,6348,6348,4000
 2024/03/19-22:50,6348,6351,6342,6346,7375
 2024/03/19-22:55,6346,6348,6342,6345,5919
 2024/03/19-23:00,6345,6345,6337,6339,8113
 2024/03/19-23:05,6339,6345,6335,6344,12148
 2024/03/19-23:10,6344,6346,6328,6332,15649
 2024/03/19-23:15,6332,6337,6331,6334,7084
 2024/03/19-23:20,6334,6341,6332,6338,7080
 2024/03/19-23:25,6338,6342,6338,6339,5160
 2024/03/19-23:30,6339,6345,6338,6344,5237
 2024/03/19-23:35,6345,6345,6341,6343,2854
 2024/03/19-23:40,6343,6343,6337,6339,5893
 2024/03/19-23:45,6339,6341,6337,6337,2767
 2024/03/19-23:50,6337,6340,6335,6335,2996
 2024/03/19-23:55,6335,6339,6334,6338,3650
 2024/03/19-00:00,6338,6339,6331,6334,4123
 2024/03/19-00:05,6333,6333,6318,6318,12952
 2024/03/19-00:10,6319,6326,6318,6326,7354
 2024/03/19-00:15,6326,6328,6323,6327,4378
 2024/03/19-00:20,6326,6330,6324,6327,3233
 2024/03/19-00:25,6328,6331,6327,6328,3130
 2024/03/19-00:30,6329,6333,6328,6330,3127
 2024/03/19-00:35,6330,6330,6327,6329,1868
 2024/03/19-00:40,6328,6335,6328,6333,4440
 2024/03/19-00:45,6333,6336,6333,6336,2014
 2024/03/19-00:50,6336,6336,6333,6334,1347
 2024/03/19-00:55,6335,6340,6334,6339,3685
 2024/03/19-01:00,6339,6339,6330,6331,5454
 2024/03/19-01:05,6331,6333,6328,6332,3950
 2024/03/19-01:10,6332,6336,6331,6336,2668
 2024/03/19-01:15,6335,6336,6332,6334,2312
 2024/03/19-01:20,6333,6338,6333,6335,1183
 2024/03/19-01:25,6335,6336,6330,6332,2183
 2024/03/19-01:30,6332,6335,6331,6334,1621
 2024/03/19-01:35,6334,6337,6333,6334,1552
 2024/03/19-01:40,6334,6334,6330,6331,1815
 2024/03/19-01:45,6331,6331,6328,6329,1825
 2024/03/19-01:50,6329,6333,6329,6332,1142
 2024/03/19-01:55,6333,6335,6332,6333,1177
 2024/03/19-02:00,6333,6336,6333,6336,977
 2024/03/19-02:05,6336,6336,6333,6335,897
 2024/03/19-02:10,6335,6335,6332,6335,706
 2024/03/19-02:15,6334,6336,6333,6335,925
 2024/03/19-02:20,6335,6335,6332,6333,801
 2024/03/19-02:25,6333,6335,6332,6334,741
 2024/03/19-02:30,6334,6337,6332,6336,3433
 2024/03/19-09:05,6335,6346,6331,6341,17339
 2024/03/19-09:10,6341,6350,6341,6345,8255
 2024/03/19-09:15,6345,6357,6345,6355,11200
 2024/03/19-09:20,6354,6362,6349,6360,11470
 2024/03/19-09:25,6360,6360,6350,6352,6485
 2024/03/19-09:30,6353,6353,6347,6351,4978
 2024/03/19-09:35,6352,6352,6338,6339,8427
 2024/03/19-09:40,6339,6343,6338,6341,4288
 2024/03/19-09:45,6341,6342,6337,6339,6144
 2024/03/19-09:50,6339,6341,6332,6339,6593
 2024/03/19-09:55,6339,6343,6337,6340,3548
 2024/03/19-10:00,6340,6343,6337,6343,2602
 2024/03/19-10:05,6343,6347,6341,6341,4137
 2024/03/19-10:10,6341,6346,6340,6342,3028
 2024/03/19-10:15,6342,6353,6341,6352,6482
 2024/03/19-10:35,6352,6356,6349,6352,5702
 2024/03/19-10:40,6353,6353,6346,6346,2639
 2024/03/19-10:45,6346,6347,6342,6345,4787
 2024/03/19-10:50,6345,6347,6341,6342,3932
 2024/03/19-10:55,6342,6344,6342,6342,1879
 2024/03/19-11:00,6342,6346,6340,6345,2895
 2024/03/19-11:05,6344,6347,6344,6347,1467
 2024/03/19-11:10,6346,6347,6345,6346,1260
 2024/03/19-11:15,6346,6349,6346,6349,1538
 2024/03/19-11:20,6348,6352,6347,6351,2887
 2024/03/19-11:25,6351,6352,6343,6344,2704
 2024/03/19-11:30,6344,6349,6343,6348,2751
 2024/03/19-13:35,6339,6339,6324,6326,20011
 2024/03/19-13:40,6325,6329,6316,6320,14669
 2024/03/19-13:45,6320,6321,6312,6318,12110
 2024/03/19-13:50,6318,6319,6298,6300,19517
 2024/03/19-13:55,6300,6306,6292,6302,24607
 2024/03/19-14:00,6302,6311,6300,6307,7186
 2024/03/19-14:05,6307,6310,6301,6303,6590
 2024/03/19-14:10,6302,6302,6292,6294,11401
 2024/03/19-14:15,6293,6304,6293,6301,11137
 2024/03/19-14:20,6301,6307,6299,6306,5980
 2024/03/19-14:25,6306,6309,6304,6305,5643
 2024/03/19-14:30,6305,6311,6303,6305,5588
 2024/03/19-14:35,6305,6310,6305,6309,3953
 2024/03/19-14:40,6309,6310,6306,6308,3477
 2024/03/19-14:45,6308,6309,6304,6306,3088
 2024/03/19-14:50,6306,6313,6305,6311,5539
 2024/03/19-14:55,6311,6312,6307,6308,4016
 2024/03/19-15:00,6308,6310,6303,6305,10398
 2024/03/20-21:05,6306,6315,6304,6310,17950
 2024/03/20-21:10,6311,6313,6300,6310,10439
 2024/03/20-21:15,6309,6309,6304,6304,4644
 2024/03/20-21:20,6304,6305,6300,6304,6018
 2024/03/20-21:25,6304,6310,6304,6307,4450
 2024/03/20-21:30,6307,6313,6306,6311,5397
 2024/03/20-21:35,6312,6312,6302,6306,10329
 2024/03/20-21:40,6306,6309,6295,6298,13433
 2024/03/20-21:45,6297,6300,6288,6289,16375
 2024/03/20-21:50,6289,6295,6288,6294,10373
 2024/03/20-21:55,6294,6299,6293,6298,7010
 2024/03/20-22:00,6297,6300,6291,6294,5352
 2024/03/20-22:05,6295,6295,6286,6287,7534
 2024/03/20-22:10,6287,6287,6271,6282,32539
 2024/03/20-22:15,6282,6289,6281,6285,11314
 2024/03/20-22:20,6286,6288,6283,6285,5015
 2024/03/20-22:25,6285,6293,6283,6293,8248
 2024/03/20-22:30,6293,6305,6292,6304,13962
 2024/03/20-22:35,6303,6308,6300,6302,13680
 2024/03/20-22:40,6302,6311,6301,6310,8747
 2024/03/20-22:45,6309,6310,6305,6310,5485
 2024/03/20-22:50,6310,6317,6306,6306,10805
 2024/03/20-22:55,6307,6311,6306,6308,3144
 2024/03/20-23:00,6307,6314,6307,6314,5648
 2024/03/20-23:05,6314,6314,6305,6305,9429
 2024/03/20-23:10,6305,6312,6305,6308,5241
 2024/03/20-23:15,6308,6313,6308,6312,4561
 2024/03/20-23:20,6312,6317,6311,6315,5474
 2024/03/20-23:25,6314,6315,6309,6310,4049
 2024/03/20-23:30,6310,6319,6309,6317,6995
 2024/03/20-23:35,6317,6323,6316,6319,10257
 2024/03/20-23:40,6319,6323,6315,6316,5111
 2024/03/20-23:45,6316,6317,6314,6314,4980
 2024/03/20-23:50,6314,6318,6313,6316,2879
 2024/03/20-23:55,6316,6318,6313,6313,2669
 2024/03/20-00:00,6313,6314,6308,6310,4706
 2024/03/20-00:05,6309,6312,6307,6310,3849
 2024/03/20-00:10,6310,6310,6303,6307,5876
 2024/03/20-00:15,6306,6310,6306,6309,3117
 2024/03/20-00:20,6308,6313,6308,6311,3389
 2024/03/20-00:25,6312,6313,6309,6310,2011
 2024/03/20-00:30,6310,6313,6310,6312,1364
 2024/03/20-00:35,6311,6312,6308,6310,1244
 2024/03/20-00:40,6310,6313,6310,6313,1877
 2024/03/20-00:45,6313,6313,6309,6312,911
 2024/03/20-00:50,6312,6315,6311,6314,1729
 2024/03/20-00:55,6314,6318,6313,6316,1774
 2024/03/20-01:00,6317,6317,6314,6316,2298
 2024/03/20-01:05,6316,6319,6313,6314,4612
 2024/03/20-01:10,6314,6318,6313,6316,1456
 2024/03/20-01:15,6316,6319,6314,6315,2225
 2024/03/20-01:20,6314,6315,6311,6312,1263
 2024/03/20-01:25,6313,6317,6312,6317,1143
 2024/03/20-01:30,6317,6319,6314,6318,2086
 2024/03/20-01:35,6318,6319,6316,6318,1058
 2024/03/20-01:40,6317,6319,6316,6316,864
 2024/03/20-01:45,6316,6318,6315,6315,1014
 2024/03/20-01:50,6315,6316,6314,6315,680
 2024/03/20-01:55,6315,6318,6314,6318,1022
 2024/03/20-02:00,6318,6319,6316,6316,716
 2024/03/20-02:05,6316,6318,6313,6315,1193
 2024/03/20-02:10,6315,6317,6314,6315,718
 2024/03/20-02:15,6315,6317,6315,6316,431
 2024/03/20-02:20,6316,6316,6313,6313,993
 2024/03/20-02:25,6313,6314,6313,6313,843
 2024/03/20-02:30,6313,6316,6313,6315,2779
 2024/03/20-09:05,6312,6312,6306,6307,11565
 2024/03/20-09:10,6306,6311,6304,6306,6032
 2024/03/20-09:15,6306,6320,6305,6317,7980
 2024/03/20-09:20,6317,6320,6314,6316,4839
 2024/03/20-09:25,6316,6323,6314,6321,4761
 2024/03/20-09:30,6321,6328,6320,6326,10792
 2024/03/20-09:35,6326,6336,6321,6323,13354
 2024/03/20-09:40,6323,6326,6319,6323,5170
 2024/03/20-09:45,6324,6325,6320,6325,2181
 2024/03/20-09:50,6325,6328,6322,6327,2876
 2024/03/20-09:55,6328,6329,6322,6325,3156
 2024/03/20-10:00,6325,6330,6324,6326,2790
 2024/03/20-10:05,6326,6326,6319,6320,3102
 2024/03/20-10:10,6319,6324,6318,6324,3575
 2024/03/20-10:15,6324,6331,6321,6330,4896
 2024/03/20-10:35,6330,6334,6328,6331,6707
 2024/03/20-10:40,6332,6334,6331,6331,2903
 2024/03/20-10:45,6333,6341,6331,6340,7570
 2024/03/20-10:50,6340,6341,6330,6331,4922
 2024/03/20-10:55,6330,6331,6327,6330,3835
 2024/03/20-11:00,6330,6338,6330,6335,3609
 2024/03/20-11:05,6335,6335,6330,6331,2215
 2024/03/20-11:10,6331,6333,6330,6330,1191
 2024/03/20-11:15,6331,6334,6330,6331,1907
 2024/03/20-11:20,6330,6332,6323,6325,6200
 2024/03/20-11:25,6324,6329,6324,6329,2590
 2024/03/20-11:30,6329,6332,6328,6331,2799
 2024/03/20-13:35,6323,6324,6315,6323,14569
 2024/03/20-13:40,6323,6324,6319,6323,3086
 2024/03/20-13:45,6322,6329,6322,6325,4828
 2024/03/20-13:50,6325,6326,6323,6324,2227
 2024/03/20-13:55,6325,6329,6325,6326,2696
 2024/03/20-14:00,6326,6327,6322,6324,1698
 2024/03/20-14:05,6324,6325,6321,6321,3015
 2024/03/20-14:10,6321,6326,6321,6322,3067
 2024/03/20-14:15,6322,6326,6322,6326,1804
 2024/03/20-14:20,6326,6326,6317,6319,4308
 2024/03/20-14:25,6320,6324,6319,6323,3291
 2024/03/20-14:30,6323,6325,6322,6323,1781
 2024/03/20-14:35,6322,6323,6321,6323,1752
 2024/03/20-14:40,6322,6323,6321,6322,1731
 2024/03/20-14:45,6322,6326,6322,6324,2106
 2024/03/20-14:50,6324,6332,6323,6331,4149
 2024/03/20-14:55,6331,6332,6327,6328,4426
 2024/03/20-15:00,6328,6329,6326,6328,5681
 2024/03/21-21:05,6306,6314,6300,6314,21313
 2024/03/21-21:10,6314,6321,6311,6317,11093
 2024/03/21-21:15,6317,6325,6313,6320,9499
 2024/03/21-21:20,6320,6323,6316,6316,5980
 2024/03/21-21:25,6316,6320,6314,6314,4244
 2024/03/21-21:30,6315,6319,6314,6315,3302
 2024/03/21-21:35,6315,6328,6312,6323,11729
 2024/03/21-21:40,6323,6354,6322,6352,35833
 2024/03/21-21:45,6353,6358,6348,6353,32538
 2024/03/21-21:50,6353,6365,6351,6358,22066
 2024/03/21-21:55,6359,6361,6354,6359,12627
 2024/03/21-22:00,6359,6359,6346,6350,15837
 2024/03/21-22:05,6350,6362,6344,6355,24252
 2024/03/21-22:10,6355,6360,6351,6359,10662
 2024/03/21-22:15,6359,6363,6355,6357,11390
 2024/03/21-22:20,6357,6360,6352,6352,7591
 2024/03/21-22:25,6353,6355,6344,6346,12182
 2024/03/21-22:30,6346,6352,6344,6349,8589
 2024/03/21-22:35,6349,6350,6341,6344,9031
 2024/03/21-22:40,6344,6344,6334,6336,14750
 2024/03/21-22:45,6336,6338,6332,6336,9297
 2024/03/21-22:50,6336,6342,6334,6340,6683
 2024/03/21-22:55,6341,6342,6335,6337,5836
 2024/03/21-23:00,6337,6345,6337,6342,6537
 2024/03/21-23:05,6343,6351,6341,6346,12558
 2024/03/21-23:10,6346,6349,6345,6347,4236
 2024/03/21-23:15,6347,6349,6343,6345,5273
 2024/03/21-23:20,6346,6347,6342,6344,2977
 2024/03/21-23:25,6345,6347,6339,6339,4602
 2024/03/21-23:30,6339,6341,6335,6339,5558
 2024/03/21-23:35,6338,6340,6337,6340,2596
 2024/03/21-23:40,6340,6341,6334,6335,4838
 2024/03/21-23:45,6334,6336,6332,6334,5923
 2024/03/21-23:50,6334,6337,6333,6337,2668
 2024/03/21-23:55,6337,6338,6335,6338,2078
 2024/03/21-00:00,6338,6338,6336,6336,1415
 2024/03/21-00:05,6336,6342,6336,6341,4445
 2024/03/21-00:10,6341,6342,6339,6340,2578
 2024/03/21-00:15,6340,6341,6337,6338,1751
 2024/03/21-00:20,6338,6338,6336,6338,2752
 2024/03/21-00:25,6338,6339,6337,6337,1369
 2024/03/21-00:30,6337,6338,6336,6337,1342
 2024/03/21-00:35,6337,6340,6336,6340,1609
 2024/03/21-00:40,6339,6340,6337,6338,1561
 2024/03/21-00:45,6339,6339,6336,6338,1408
 2024/03/21-00:50,6338,6340,6336,6339,1368
 2024/03/21-00:55,6340,6343,6339,6342,3295
 2024/03/21-01:00,6342,6344,6340,6340,1843
 2024/03/21-01:05,6340,6340,6338,6338,2324
 2024/03/21-01:10,6338,6339,6336,6338,2219
 2024/03/21-01:15,6338,6339,6338,6338,484
 2024/03/21-01:20,6338,6341,6338,6339,1591
 2024/03/21-01:25,6339,6339,6337,6338,1120
 2024/03/21-01:30,6338,6338,6337,6337,745
 2024/03/21-01:35,6337,6340,6337,6340,863
 2024/03/21-01:40,6339,6340,6338,6339,795
 2024/03/21-01:45,6339,6339,6337,6339,961
 2024/03/21-01:50,6339,6340,6338,6339,788
 2024/03/21-01:55,6339,6343,6339,6342,1797
 2024/03/21-02:00,6342,6342,6340,6341,1933
 2024/03/21-02:05,6341,6379,6341,6379,44991
 2024/03/21-02:10,6379,6412,6378,6380,40475
 2024/03/21-02:15,6380,6393,6375,6375,12353
 2024/03/21-02:20,6375,6380,6359,6363,16649
 2024/03/21-02:25,6364,6376,6363,6367,8668
 2024/03/21-02:30,6367,6372,6364,6371,7181
 2024/03/21-09:05,6430,6478,6430,6461,86857
 2024/03/21-09:10,6461,6475,6460,6462,40452
 2024/03/21-09:15,6462,6474,6461,6470,23862
 2024/03/21-09:20,6470,6481,6461,6468,30904
 2024/03/21-09:25,6467,6474,6463,6474,13542
 2024/03/21-09:30,6474,6479,6469,6476,13984
 2024/03/21-09:35,6476,6487,6474,6475,20499
 2024/03/21-09:40,6475,6484,6473,6484,12158
 2024/03/21-09:45,6484,6494,6484,6489,21134
 2024/03/21-09:50,6489,6501,6488,6499,21744
 2024/03/21-09:55,6499,6501,6493,6496,12331
 2024/03/21-10:00,6496,6498,6491,6495,8793
 2024/03/21-10:05,6495,6503,6492,6497,13349
 2024/03/21-10:10,6497,6503,6497,6503,8498
 2024/03/21-10:15,6503,6509,6500,6508,12903
 2024/03/21-10:35,6507,6507,6493,6494,15831
 2024/03/21-10:40,6494,6496,6489,6493,10973
 2024/03/21-10:45,6493,6495,6487,6488,6888
 2024/03/21-10:50,6488,6493,6488,6491,4527
 2024/03/21-10:55,6492,6492,6478,6484,10600
 2024/03/21-11:00,6484,6484,6474,6480,10352
 2024/03/21-11:05,6480,6484,6480,6482,3881
 2024/03/21-11:10,6482,6490,6481,6489,4163
 2024/03/21-11:15,6490,6491,6486,6487,6888
 2024/03/21-11:20,6486,6493,6486,6492,4035
 2024/03/21-11:25,6492,6494,6491,6492,2641
 2024/03/21-11:30,6492,6496,6492,6494,4774
 2024/03/21-13:35,6488,6493,6483,6492,11073
 2024/03/21-13:40,6491,6492,6488,6489,4627
 2024/03/21-13:45,6489,6491,6486,6489,3871
 2024/03/21-13:50,6489,6490,6485,6486,3825
 2024/03/21-13:55,6486,6487,6481,6484,5687
 2024/03/21-14:00,6484,6490,6483,6489,3869
 2024/03/21-14:05,6489,6495,6487,6494,5320
 2024/03/21-14:10,6493,6500,6492,6499,6777
 2024/03/21-14:15,6499,6499,6492,6496,5660
 2024/03/21-14:20,6495,6498,6491,6498,4686
 2024/03/21-14:25,6498,6498,6494,6494,3561
 2024/03/21-14:30,6494,6494,6489,6490,4604
 2024/03/21-14:35,6490,6490,6485,6486,6607
 2024/03/21-14:40,6486,6488,6482,6482,5601
 2024/03/21-14:45,6483,6484,6478,6484,8068
 2024/03/21-14:50,6483,6489,6482,6488,6292
 2024/03/21-14:55,6488,6495,6488,6494,7379
 2024/03/21-15:00,6494,6499,6493,6498,16271
 2024/03/22-21:05,6451,6466,6445,6448,62375
 2024/03/22-21:10,6448,6453,6427,6432,43630
 2024/03/22-21:15,6432,6440,6432,6436,21109
 2024/03/22-21:20,6435,6435,6426,6431,22255
 2024/03/22-21:25,6431,6441,6430,6433,15587
 2024/03/22-21:30,6433,6435,6429,6432,8926
 2024/03/22-21:35,6432,6433,6404,6408,47301
 2024/03/22-21:40,6408,6412,6395,6405,44929
 2024/03/22-21:45,6405,6407,6396,6397,20332
 2024/03/22-21:50,6397,6405,6388,6392,33831
 2024/03/22-21:55,6392,6399,6383,6384,25358
 2024/03/22-22:00,6385,6392,6381,6389,22781
 2024/03/22-22:05,6388,6388,6374,6378,28834
 2024/03/22-22:10,6377,6378,6358,6362,39691
 2024/03/22-22:15,6362,6373,6359,6368,22958
 2024/03/22-22:20,6368,6376,6365,6367,17673
 2024/03/22-22:25,6367,6371,6352,6356,27864
 2024/03/22-22:30,6356,6357,6338,6339,38747
 2024/03/22-22:35,6339,6358,6339,6353,27930
 2024/03/22-22:40,6353,6356,6347,6353,15189
 2024/03/22-22:45,6354,6360,6348,6357,17058
 2024/03/22-22:50,6358,6364,6356,6362,13961
 2024/03/22-22:55,6363,6366,6358,6362,10340
 2024/03/22-23:00,6362,6364,6352,6353,12269
 2024/03/22-23:05,6353,6355,6342,6343,24051
 2024/03/22-23:10,6342,6352,6340,6350,20251
 2024/03/22-23:15,6350,6353,6348,6350,10425
 2024/03/22-23:20,6350,6355,6348,6348,10173
 2024/03/22-23:25,6348,6349,6342,6343,8490
 2024/03/22-23:30,6343,6344,6325,6328,33049
 2024/03/22-23:35,6328,6338,6327,6335,13426
 2024/03/22-23:40,6335,6339,6334,6335,7850
 2024/03/22-23:45,6335,6336,6332,6333,7501
 2024/03/22-23:50,6333,6341,6333,6340,8179
 2024/03/22-23:55,6339,6340,6335,6336,4624
 2024/03/22-00:00,6336,6342,6335,6341,5768
 2024/03/22-00:05,6341,6343,6339,6342,4830
 2024/03/22-00:10,6342,6342,6338,6341,3743
 2024/03/22-00:15,6341,6345,6339,6343,4452
 2024/03/22-00:20,6344,6348,6343,6343,6095
 2024/03/22-00:25,6343,6344,6341,6343,3383
 2024/03/22-00:30,6344,6347,6343,6343,4172
 2024/03/22-00:35,6343,6344,6342,6343,2586
 2024/03/22-00:40,6343,6344,6339,6340,4104
 2024/03/22-00:45,6340,6345,6340,6343,2312
 2024/03/22-00:50,6343,6346,6342,6345,2051
 2024/03/22-00:55,6345,6347,6345,6347,2879
 2024/03/22-01:00,6347,6352,6346,6347,5727
 2024/03/22-01:05,6347,6349,6347,6349,2406
 2024/03/22-01:10,6349,6351,6347,6350,1918
 2024/03/22-01:15,6351,6355,6350,6354,4110
 2024/03/22-01:20,6353,6354,6350,6350,2226
 2024/03/22-01:25,6350,6352,6347,6350,3162
 2024/03/22-01:30,6351,6352,6348,6351,1870
 2024/03/22-01:35,6351,6352,6349,6350,1554
 2024/03/22-01:40,6350,6351,6345,6346,3085
 2024/03/22-01:45,6346,6347,6343,6345,2999
 2024/03/22-01:50,6346,6347,6343,6345,1499
 2024/03/22-01:55,6345,6346,6343,6344,1824
 2024/03/22-02:00,6344,6345,6343,6344,781
 2024/03/22-02:05,6344,6348,6344,6347,1733
 2024/03/22-02:10,6347,6350,6347,6348,1644
 2024/03/22-02:15,6348,6349,6345,6346,944
 2024/03/22-02:20,6346,6348,6345,6346,907
 2024/03/22-02:25,6346,6346,6343,6344,1756
 2024/03/22-02:30,6343,6344,6340,6343,5171
 2024/03/22-09:05,6343,6350,6334,6336,22757
 2024/03/22-09:10,6336,6342,6335,6340,10972
 2024/03/22-09:15,6340,6343,6334,6337,10189
 2024/03/22-09:20,6337,6341,6333,6334,7033
 2024/03/22-09:25,6334,6335,6327,6328,12244
 2024/03/22-09:30,6328,6332,6328,6331,6377
 2024/03/22-09:35,6331,6334,6328,6331,6645
 2024/03/22-09:40,6330,6331,6316,6322,23926
 2024/03/22-09:45,6322,6327,6320,6324,7651
 2024/03/22-09:50,6324,6328,6316,6318,10112
 2024/03/22-09:55,6318,6320,6310,6315,14533
 2024/03/22-10:00,6315,6316,6298,6304,22812
 2024/03/22-10:05,6304,6319,6302,6318,20131
 2024/03/22-10:10,6319,6319,6315,6317,8100
 2024/03/22-10:15,6316,6318,6308,6309,6217
 2024/03/22-10:35,6311,6314,6307,6310,10067
 2024/03/22-10:40,6310,6310,6303,6303,6042
 2024/03/22-10:45,6302,6310,6301,6309,8134
 2024/03/22-10:50,6309,6313,6308,6309,5175
 2024/03/22-10:55,6308,6312,6306,6311,3855
 2024/03/22-11:00,6310,6315,6307,6315,5091
 2024/03/22-11:05,6314,6319,6313,6317,6734
 2024/03/22-11:10,6316,6320,6316,6319,5358
 2024/03/22-11:15,6319,6321,6315,6319,5611
 2024/03/22-11:20,6319,6320,6313,6314,4115
 2024/03/22-11:25,6315,6316,6312,6315,3121
 2024/03/22-11:30,6315,6320,6314,6315,4225
 2024/03/22-13:35,6320,6327,6320,6327,10157
 2024/03/22-13:40,6327,6329,6322,6326,6523
 2024/03/22-13:45,6326,6329,6324,6327,5263
 2024/03/22-13:50,6326,6327,6323,6324,2797
 2024/03/22-13:55,6324,6325,6322,6325,2625
 2024/03/22-14:00,6325,6326,6323,6324,2030
 2024/03/22-14:05,6324,6325,6321,6321,2499
 2024/03/22-14:10,6322,6326,6319,6325,3090
 2024/03/22-14:15,6325,6329,6324,6327,3391
 2024/03/22-14:20,6327,6335,6327,6334,7031
 2024/03/22-14:25,6333,6334,6326,6327,4922
 2024/03/22-14:30,6327,6327,6320,6322,4551
 2024/03/22-14:35,6322,6322,6314,6316,9188
 2024/03/22-14:40,6315,6319,6314,6318,6836
 2024/03/22-14:45,6318,6319,6312,6314,5744
 2024/03/22-14:50,6314,6317,6312,6313,7106
 2024/03/22-14:55,6313,6315,6309,6314,8551
 2024/03/22-15:00,6314,6318,6312,6317,11142
 2024/03/25-21:05,6348,6348,6333,6337,25230
 2024/03/25-21:10,6336,6352,6333,6351,24487
 2024/03/25-21:15,6351,6375,6351,6370,40377
 2024/03/25-21:20,6369,6380,6368,6378,26345
 2024/03/25-21:25,6377,6384,6373,6375,19235
 2024/03/25-21:30,6375,6379,6371,6378,11009
 2024/03/25-21:35,6378,6383,6371,6379,17442
 2024/03/25-21:40,6379,6395,6377,6395,25281
 2024/03/25-21:45,6395,6403,6393,6401,24780
 2024/03/25-21:50,6401,6414,6399,6412,24466
 2024/03/25-21:55,6411,6419,6408,6408,22371
 2024/03/25-22:00,6408,6414,6404,6408,15231
 2024/03/25-22:05,6409,6416,6396,6400,19725
 2024/03/25-22:10,6400,6402,6386,6387,20100
 2024/03/25-22:15,6386,6392,6364,6368,40880
 2024/03/25-22:20,6368,6371,6357,6369,28673
 2024/03/25-22:25,6369,6371,6364,6365,12800
 2024/03/25-22:30,6365,6369,6362,6367,8247
 2024/03/25-22:35,6367,6367,6346,6357,25172
 2024/03/25-22:40,6357,6366,6357,6364,11007
 2024/03/25-22:45,6365,6373,6364,6371,15576
 2024/03/25-22:50,6370,6376,6369,6370,12472
 2024/03/25-22:55,6371,6378,6370,6377,8709
 2024/03/25-23:00,6377,6384,6377,6379,15052
 2024/03/25-23:05,6379,6379,6367,6371,16912
 2024/03/25-23:10,6370,6371,6364,6366,9805
 2024/03/25-23:15,6366,6370,6362,6367,8849
 2024/03/25-23:20,6367,6368,6363,6366,6808
 2024/03/25-23:25,6366,6370,6361,6370,8223
 2024/03/25-23:30,6370,6372,6367,6369,5675
 2024/03/25-23:35,6369,6370,6365,6369,4250
 2024/03/25-23:40,6369,6369,6365,6367,2372
 2024/03/25-23:45,6366,6369,6365,6366,3238
 2024/03/25-23:50,6367,6369,6366,6368,2344
 2024/03/25-23:55,6368,6370,6364,6365,3861
 2024/03/25-00:00,6365,6368,6362,6365,4550
 2024/03/25-00:05,6365,6368,6364,6367,2635
 2024/03/25-00:10,6367,6368,6364,6368,2365
 2024/03/25-00:15,6367,6368,6364,6366,1668
 2024/03/25-00:20,6366,6366,6363,6364,2278
 2024/03/25-00:25,6364,6366,6364,6364,1319
 2024/03/25-00:30,6364,6364,6363,6364,1585
 2024/03/25-00:35,6364,6364,6362,6363,1699
 2024/03/25-00:40,6364,6366,6362,6365,2520
 2024/03/25-00:45,6365,6365,6363,6363,962
 2024/03/25-00:50,6363,6364,6355,6358,6232
 2024/03/25-00:55,6357,6360,6355,6357,2902
 2024/03/25-01:00,6357,6361,6357,6360,2111
 2024/03/25-01:05,6359,6377,6359,6375,13712
 2024/03/25-01:10,6375,6375,6369,6370,3949
 2024/03/25-01:15,6370,6371,6367,6368,2697
 2024/03/25-01:20,6367,6370,6366,6367,2801
 2024/03/25-01:25,6367,6368,6357,6360,8052
 2024/03/25-01:30,6360,6362,6350,6356,10628
 2024/03/25-01:35,6356,6357,6354,6355,2860
 2024/03/25-01:40,6355,6357,6355,6355,1219
 2024/03/25-01:45,6355,6360,6355,6356,3720
 2024/03/25-01:50,6356,6365,6355,6364,3537
 2024/03/25-01:55,6364,6366,6362,6362,3214
 2024/03/25-02:00,6362,6363,6358,6358,2510
 2024/03/25-02:05,6358,6361,6355,6359,3624
 2024/03/25-02:10,6359,6365,6359,6363,2787
 2024/03/25-02:15,6363,6365,6361,6362,1765
 2024/03/25-02:20,6362,6369,6362,6367,3555
 2024/03/25-02:25,6367,6376,6367,6374,6749
 2024/03/25-02:30,6374,6375,6371,6373,6491
 2024/03/25-09:05,6365,6367,6354,6361,19800
 2024/03/25-09:10,6361,6362,6355,6356,8362
 2024/03/25-09:15,6356,6368,6355,6361,7366
 2024/03/25-09:20,6361,6375,6361,6373,13222
 2024/03/25-09:25,6372,6387,6372,6386,17839
 2024/03/25-09:30,6387,6387,6377,6380,7532
 2024/03/25-09:35,6379,6384,6377,6381,7395
 2024/03/25-09:40,6381,6400,6381,6397,22131
 2024/03/25-09:45,6397,6407,6394,6405,23900
 2024/03/25-09:50,6404,6405,6394,6395,9921
 2024/03/25-09:55,6395,6395,6384,6387,11462
 2024/03/25-10:00,6387,6390,6382,6388,5731
 2024/03/25-10:05,6388,6390,6381,6389,6239
 2024/03/25-10:10,6390,6393,6385,6388,3740
 2024/03/25-10:15,6387,6389,6383,6388,4259
 2024/03/25-10:35,6388,6392,6386,6388,3483
 2024/03/25-10:40,6388,6392,6387,6391,2853
 2024/03/25-10:45,6392,6392,6384,6385,2719
 2024/03/25-10:50,6386,6387,6378,6381,6590
 2024/03/25-10:55,6382,6384,6380,6380,2338
 2024/03/25-11:00,6380,6381,6373,6374,5077
 2024/03/25-11:05,6374,6375,6369,6373,6767
 2024/03/25-11:10,6372,6377,6371,6376,3610
 2024/03/25-11:15,6376,6378,6372,6375,2606
 2024/03/25-11:20,6375,6377,6372,6374,1801
 2024/03/25-11:25,6374,6375,6372,6374,1890
 2024/03/25-11:30,6374,6374,6367,6371,4434
 2024/03/25-13:35,6368,6377,6363,6376,14573
 2024/03/25-13:40,6376,6380,6373,6375,5661
 2024/03/25-13:45,6375,6381,6374,6377,4253
 2024/03/25-13:50,6377,6378,6371,6374,2990
 2024/03/25-13:55,6374,6375,6369,6370,3039
 2024/03/25-14:00,6371,6372,6368,6369,2918
 2024/03/25-14:05,6369,6371,6365,6366,3707
 2024/03/25-14:10,6366,6367,6358,6362,8580
 2024/03/25-14:15,6361,6362,6356,6359,4913
 2024/03/25-14:20,6359,6359,6348,6352,11514
 2024/03/25-14:25,6352,6352,6347,6348,9579
 2024/03/25-14:30,6348,6352,6344,6346,8393
 2024/03/25-14:35,6346,6349,6343,6347,7943
 2024/03/25-14:40,6347,6350,6346,6349,4322
 2024/03/25-14:45,6349,6355,6347,6355,8998
 2024/03/25-14:50,6355,6357,6353,6354,5561
 2024/03/25-14:55,6354,6355,6349,6350,6336
 2024/03/25-15:00,6350,6356,6347,6354,21920
 2024/03/26-21:05,6373,6385,6372,6384,25507
 2024/03/26-21:10,6384,6386,6378,6378,11198
 2024/03/26-21:15,6378,6379,6372,6375,11023
 2024/03/26-21:20,6375,6379,6367,6367,7546
 2024/03/26-21:25,6367,6371,6366,6366,6048
 2024/03/26-21:30,6366,6369,6365,6366,5294
 2024/03/26-21:35,6365,6387,6365,6386,15338
 2024/03/26-21:40,6386,6386,6379,6382,8324
 2024/03/26-21:45,6382,6391,6378,6385,12604
 2024/03/26-21:50,6385,6387,6377,6377,8157
 2024/03/26-21:55,6377,6381,6374,6379,4709
 2024/03/26-22:00,6378,6386,6378,6385,4315
 2024/03/26-22:05,6385,6389,6385,6385,8511
 2024/03/26-22:10,6385,6386,6380,6383,4484
 2024/03/26-22:15,6383,6389,6383,6389,5188
 2024/03/26-22:20,6389,6390,6384,6387,5619
 2024/03/26-22:25,6387,6390,6384,6390,4933
 2024/03/26-22:30,6389,6393,6387,6388,8103
 2024/03/26-22:35,6388,6388,6378,6378,6697
 2024/03/26-22:40,6379,6383,6376,6383,5890
 2024/03/26-22:45,6383,6383,6377,6378,3750
 2024/03/26-22:50,6379,6383,6378,6379,3222
 2024/03/26-22:55,6380,6386,6379,6382,4097
 2024/03/26-23:00,6382,6385,6380,6380,2925
 2024/03/26-23:05,6381,6381,6373,6376,7928
 2024/03/26-23:10,6377,6377,6374,6377,3788
 2024/03/26-23:15,6377,6379,6375,6376,2948
 2024/03/26-23:20,6377,6377,6371,6372,6666
 2024/03/26-23:25,6373,6375,6372,6374,1843
 2024/03/26-23:30,6375,6376,6373,6374,2158
 2024/03/26-23:35,6373,6374,6369,6374,3523
 2024/03/26-23:40,6374,6375,6372,6373,1839
 2024/03/26-23:45,6373,6375,6369,6374,2603
 2024/03/26-23:50,6375,6376,6373,6374,2333
 2024/03/26-23:55,6374,6375,6371,6373,2187
 2024/03/26-00:00,6373,6376,6373,6374,1879
 2024/03/26-00:05,6374,6375,6372,6373,1789
 2024/03/26-00:10,6373,6374,6371,6373,1581
 2024/03/26-00:15,6374,6375,6372,6375,1208
 2024/03/26-00:20,6375,6376,6373,6376,1204
 2024/03/26-00:25,6376,6376,6373,6375,1174
 2024/03/26-00:30,6375,6379,6375,6377,2658
 2024/03/26-00:35,6378,6378,6374,6375,1433
 2024/03/26-00:40,6376,6378,6372,6378,2944
 2024/03/26-00:45,6378,6381,6378,6381,5554
 2024/03/26-00:50,6381,6390,6380,6389,9160
 2024/03/26-00:55,6389,6390,6385,6387,4814
 2024/03/26-01:00,6387,6389,6385,6388,6173
 2024/03/26-01:05,6388,6389,6385,6389,6155
 2024/03/26-01:10,6389,6390,6385,6388,5443
 2024/03/26-01:15,6388,6389,6385,6385,5838
 2024/03/26-01:20,6385,6389,6383,6387,4338
 2024/03/26-01:25,6387,6389,6384,6386,4168
 2024/03/26-01:30,6387,6389,6386,6388,2776
 2024/03/26-01:35,6388,6388,6387,6387,819
 2024/03/26-01:40,6387,6389,6387,6388,1108
 2024/03/26-01:45,6389,6389,6386,6387,1475
 2024/03/26-01:50,6386,6388,6385,6388,1334
 2024/03/26-01:55,6388,6388,6386,6387,811
 2024/03/26-02:00,6386,6388,6385,6385,641
 2024/03/26-02:05,6386,6386,6377,6378,3787
 2024/03/26-02:10,6378,6381,6377,6378,2102
 2024/03/26-02:15,6379,6381,6378,6378,836
 2024/03/26-02:20,6379,6380,6377,6380,949
 2024/03/26-02:25,6380,6383,6379,6382,1137
 2024/03/26-02:30,6382,6387,6382,6386,3846
 2024/03/26-09:05,6383,6383,6369,6369,20360
 2024/03/26-09:10,6370,6375,6369,6373,8567
 2024/03/26-09:15,6373,6375,6372,6374,3445
 2024/03/26-09:20,6374,6378,6373,6376,5629
 2024/03/26-09:25,6376,6376,6367,6369,5879
 2024/03/26-09:30,6369,6369,6364,6365,8702
 2024/03/26-09:35,6366,6368,6363,6364,6294
 2024/03/26-09:40,6364,6367,6359,6361,10209
 2024/03/26-09:45,6362,6362,6358,6362,4420
 2024/03/26-09:50,6362,6364,6359,6360,3776
 2024/03/26-09:55,6360,6366,6359,6365,2937
 2024/03/26-10:00,6365,6367,6363,6366,2935
 2024/03/26-10:05,6366,6371,6366,6366,4326
 2024/03/26-10:10,6366,6368,6364,6368,1840
 2024/03/26-10:15,6368,6369,6367,6368,1322
 2024/03/26-10:35,6369,6378,6367,6377,6863
 2024/03/26-10:40,6378,6378,6371,6372,5497
 2024/03/26-10:45,6372,6373,6369,6373,2679
 2024/03/26-10:50,6373,6375,6370,6370,2132
 2024/03/26-10:55,6370,6371,6367,6368,2713
 2024/03/26-11:00,6368,6370,6366,6367,2408
 2024/03/26-11:05,6367,6370,6367,6368,1198
 2024/03/26-11:10,6369,6369,6362,6363,2770
 2024/03/26-11:15,6363,6364,6359,6361,4870
 2024/03/26-11:20,6360,6365,6359,6364,3276
 2024/03/26-11:25,6364,6368,6363,6366,1909
 2024/03/26-11:30,6366,6367,6365,6366,1310
 2024/03/26-13:35,6365,6375,6362,6370,7584
 2024/03/26-13:40,6370,6372,6355,6356,9381
 2024/03/26-13:45,6356,6360,6353,6354,9252
 2024/03/26-13:50,6354,6364,6354,6363,4658
 2024/03/26-13:55,6363,6365,6359,6363,4231
 2024/03/26-14:00,6363,6363,6360,6360,2847
 2024/03/26-14:05,6360,6362,6359,6360,3311
 2024/03/26-14:10,6360,6366,6360,6365,3442
 2024/03/26-14:15,6365,6367,6363,6364,2849
 2024/03/26-14:20,6364,6365,6360,6360,2530
 2024/03/26-14:25,6360,6360,6355,6357,3895
 2024/03/26-14:30,6357,6359,6354,6355,3535
 2024/03/26-14:35,6355,6357,6353,6355,4316
 2024/03/26-14:40,6355,6356,6354,6356,3915
 2024/03/26-14:45,6356,6359,6355,6358,3248
 2024/03/26-14:50,6358,6359,6351,6352,6595
 2024/03/26-14:55,6352,6353,6344,6348,15761
 2024/03/26-15:00,6349,6354,6347,6351,9453
 2024/03/27-21:05,6379,6404,6379,6399,51712
 2024/03/27-21:10,6398,6403,6387,6388,22791
 2024/03/27-21:15,6387,6399,6386,6397,13550
 2024/03/27-21:20,6396,6406,6393,6400,18801
 2024/03/27-21:25,6400,6401,6384,6387,15888
 2024/03/27-21:30,6387,6392,6385,6385,9814
 2024/03/27-21:35,6385,6391,6380,6385,16171
 2024/03/27-21:40,6385,6386,6380,6381,7880
 2024/03/27-21:45,6381,6381,6353,6360,48519
 2024/03/27-21:50,6360,6366,6355,6363,19181
 2024/03/27-21:55,6363,6370,6363,6365,8790
 2024/03/27-22:00,6365,6369,6363,6364,6269
 2024/03/27-22:05,6364,6374,6364,6371,10117
 2024/03/27-22:10,6371,6375,6366,6366,7342
 2024/03/27-22:15,6367,6368,6356,6359,10368
 2024/03/27-22:20,6358,6367,6357,6363,9991
 2024/03/27-22:25,6363,6363,6356,6357,6328
 2024/03/27-22:30,6357,6360,6354,6356,7684
 2024/03/27-22:35,6355,6359,6347,6354,16452
 2024/03/27-22:40,6355,6361,6353,6360,7777
 2024/03/27-22:45,6360,6366,6356,6363,6959
 2024/03/27-22:50,6363,6366,6360,6361,5712
 2024/03/27-22:55,6361,6364,6359,6360,3731
 2024/03/27-23:00,6360,6364,6359,6359,3345
 2024/03/27-23:05,6360,6363,6356,6359,8159
 2024/03/27-23:10,6359,6359,6354,6357,4096
 2024/03/27-23:15,6357,6358,6333,6340,28354
 2024/03/27-23:20,6340,6347,6337,6346,13447
 2024/03/27-23:25,6346,6348,6343,6346,7162
 2024/03/27-23:30,6346,6349,6344,6345,4560
 2024/03/27-23:35,6345,6345,6341,6344,4517
 2024/03/27-23:40,6344,6345,6331,6336,12307
 2024/03/27-23:45,6336,6337,6329,6337,11267
 2024/03/27-23:50,6337,6340,6335,6339,5483
 2024/03/27-23:55,6338,6342,6338,6340,4569
 2024/03/27-00:00,6340,6340,6336,6337,3783
 2024/03/27-00:05,6337,6341,6336,6339,3894
 2024/03/27-00:10,6339,6341,6334,6336,3818
 2024/03/27-00:15,6336,6340,6334,6339,3672
 2024/03/27-00:20,6339,6339,6336,6338,1583
 2024/03/27-00:25,6338,6342,6337,6340,3145
 2024/03/27-00:30,6340,6341,6339,6341,1701
 2024/03/27-00:35,6341,6344,6340,6342,2494
 2024/03/27-00:40,6342,6343,6340,6341,1745
 2024/03/27-00:45,6341,6341,6340,6340,1075
 2024/03/27-00:50,6340,6346,6340,6346,2649
 2024/03/27-00:55,6346,6347,6344,6346,2609
 2024/03/27-01:00,6346,6348,6344,6344,2168
 2024/03/27-01:05,6344,6348,6343,6347,2468
 2024/03/27-01:10,6348,6351,6347,6348,3036
 2024/03/27-01:15,6348,6350,6347,6348,1659
 2024/03/27-01:20,6348,6349,6346,6347,1036
 2024/03/27-01:25,6347,6347,6344,6345,1640
 2024/03/27-01:30,6344,6345,6343,6344,1067
 2024/03/27-01:35,6344,6348,6344,6347,1544
 2024/03/27-01:40,6347,6348,6345,6346,583
 2024/03/27-01:45,6346,6346,6342,6342,1732
 2024/03/27-01:50,6342,6343,6340,6342,1195
 2024/03/27-01:55,6342,6343,6340,6341,854
 2024/03/27-02:00,6341,6341,6336,6337,2400
 2024/03/27-02:05,6337,6338,6333,6335,2149
 2024/03/27-02:10,6335,6335,6333,6335,1846
 2024/03/27-02:15,6335,6335,6333,6334,1101
 2024/03/27-02:20,6334,6335,6333,6335,1069
 2024/03/27-02:25,6335,6336,6334,6335,917
 2024/03/27-02:30,6335,6344,6335,6343,4368
 2024/03/27-09:05,6343,6343,6332,6339,15136
 2024/03/27-09:10,6339,6345,6339,6342,6946
 2024/03/27-09:15,6341,6344,6336,6339,6655
 2024/03/27-09:20,6338,6341,6336,6338,3637
 2024/03/27-09:25,6338,6338,6333,6336,3936
 2024/03/27-09:30,6336,6337,6333,6333,4050
 2024/03/27-09:35,6333,6338,6330,6330,8237
 2024/03/27-09:40,6329,6330,6323,6323,11500
 2024/03/27-09:45,6322,6326,6311,6314,18210
 2024/03/27-09:50,6314,6317,6311,6317,8684
 2024/03/27-09:55,6316,6321,6315,6317,6716
 2024/03/27-10:00,6317,6322,6315,6321,4454
 2024/03/27-10:05,6321,6330,6319,6329,7303
 2024/03/27-10:10,6329,6337,6329,6334,8343
 2024/03/27-10:15,6333,6334,6326,6330,3649
 2024/03/27-10:35,6331,6335,6328,6330,5365
 2024/03/27-10:40,6329,6333,6329,6329,3033
 2024/03/27-10:45,6329,6330,6324,6327,3275
 2024/03/27-10:50,6327,6328,6323,6324,3413
 2024/03/27-10:55,6325,6333,6325,6331,2848
 2024/03/27-11:00,6331,6336,6331,6335,3152
 2024/03/27-11:05,6336,6343,6332,6337,7632
 2024/03/27-11:10,6336,6337,6334,6337,2622
 2024/03/27-11:15,6337,6344,6336,6343,6601
 2024/03/27-11:20,6344,6345,6335,6335,7359
 2024/03/27-11:25,6335,6340,6334,6339,2444
 2024/03/27-11:30,6339,6341,6337,6339,2516
 2024/03/27-13:35,6338,6338,6332,6335,3488
 2024/03/27-13:40,6334,6339,6333,6337,3235
 2024/03/27-13:45,6337,6343,6337,6340,3204
 2024/03/27-13:50,6340,6346,6339,6344,5849
 2024/03/27-13:55,6344,6348,6339,6340,5023
 2024/03/27-14:00,6340,6340,6338,6339,2234
 2024/03/27-14:05,6339,6342,6336,6338,3370
 2024/03/27-14:10,6338,6349,6338,6343,6051
 2024/03/27-14:15,6343,6348,6343,6348,5444
 2024/03/27-14:20,6348,6349,6343,6343,3867
 2024/03/27-14:25,6344,6344,6341,6342,3760
 2024/03/27-14:30,6342,6348,6342,6347,2621
 2024/03/27-14:35,6347,6347,6342,6343,2784
 2024/03/27-14:40,6343,6345,6342,6344,2694
 2024/03/27-14:45,6345,6347,6343,6344,2540
 2024/03/27-14:50,6344,6355,6344,6351,10480
 2024/03/27-14:55,6351,6351,6347,6348,4883
 2024/03/27-15:00,6348,6348,6342,6347,8820
 2024/03/28-21:05,6350,6350,6337,6340,15602
 2024/03/28-21:10,6340,6343,6336,6338,8148
 2024/03/28-21:15,6337,6339,6333,6336,9399
 2024/03/28-21:20,6336,6338,6332,6337,7777
 2024/03/28-21:25,6337,6345,6337,6344,9923
 2024/03/28-21:30,6344,6345,6334,6334,8034
 2024/03/28-21:35,6334,6363,6334,6358,30928
 2024/03/28-21:40,6357,6383,6356,6374,44892
 2024/03/28-21:45,6373,6373,6360,6363,29323
 2024/03/28-21:50,6363,6367,6354,6363,20271
 2024/03/28-21:55,6363,6369,6362,6364,8689
 2024/03/28-22:00,6364,6371,6361,6370,12295
 2024/03/28-22:05,6370,6372,6364,6367,13137
 2024/03/28-22:10,6367,6369,6362,6363,6766
 2024/03/28-22:15,6363,6364,6358,6364,7835
 2024/03/28-22:20,6363,6367,6360,6362,5214
 2024/03/28-22:25,6362,6363,6357,6360,4956
 2024/03/28-22:30,6360,6367,6358,6365,5377
 2024/03/28-22:35,6365,6373,6365,6373,10747
 2024/03/28-22:40,6373,6373,6368,6370,7307
 2024/03/28-22:45,6371,6372,6365,6369,6043
 2024/03/28-22:50,6369,6370,6367,6369,3578
 2024/03/28-22:55,6369,6371,6365,6371,3848
 2024/03/28-23:00,6371,6371,6366,6367,4080
 2024/03/28-23:05,6367,6371,6366,6368,8113
 2024/03/28-23:10,6368,6368,6361,6364,10383
 2024/03/28-23:15,6364,6367,6363,6364,3945
 2024/03/28-23:20,6364,6366,6359,6361,8389
 2024/03/28-23:25,6362,6362,6350,6352,16933
 2024/03/28-23:30,6352,6354,6341,6344,19368
 2024/03/28-23:35,6345,6346,6339,6344,13996
 2024/03/28-23:40,6344,6349,6343,6346,8098
 2024/03/28-23:45,6347,6348,6345,6348,7583
 2024/03/28-23:50,6347,6350,6345,6347,7470
 2024/03/28-23:55,6347,6347,6343,6347,6139
 2024/03/28-00:00,6347,6350,6345,6348,5478
 2024/03/28-00:05,6348,6351,6348,6350,4831
 2024/03/28-00:10,6350,6352,6348,6348,5337
 2024/03/28-00:15,6348,6351,6348,6351,7023
 2024/03/28-00:20,6351,6356,6351,6355,7060
 2024/03/28-00:25,6355,6359,6355,6358,6140
 2024/03/28-00:30,6358,6359,6357,6358,2526
 2024/03/28-00:35,6358,6363,6358,6362,5444
 2024/03/28-00:40,6362,6362,6359,6361,2616
 2024/03/28-00:45,6361,6364,6359,6363,3274
 2024/03/28-00:50,6363,6364,6361,6364,2358
 2024/03/28-00:55,6364,6367,6364,6364,2912
 2024/03/28-01:00,6364,6366,6363,6365,2241
 2024/03/28-01:05,6365,6371,6364,6371,5791
 2024/03/28-01:10,6371,6372,6368,6368,3449
 2024/03/28-01:15,6368,6369,6365,6368,3077
 2024/03/28-01:20,6368,6370,6368,6368,1715
 2024/03/28-01:25,6369,6377,6369,6376,6022
 2024/03/28-01:30,6376,6380,6374,6375,6220
 2024/03/28-01:35,6375,6376,6372,6372,3064
 2024/03/28-01:40,6372,6373,6371,6371,1831
 2024/03/28-01:45,6371,6372,6369,6370,1990
 2024/03/28-01:50,6370,6370,6368,6368,1418
 2024/03/28-01:55,6368,6368,6365,6367,1992
 2024/03/28-02:00,6367,6370,6367,6369,1518
 2024/03/28-02:05,6369,6369,6364,6364,2282
 2024/03/28-02:10,6364,6367,6364,6367,825
 2024/03/28-02:15,6367,6371,6366,6370,1487
 2024/03/28-02:20,6370,6373,6369,6369,1630
 2024/03/28-02:25,6369,6373,6368,6371,2537
 2024/03/28-02:30,6371,6374,6371,6371,3582
 2024/03/28-09:05,6366,6368,6360,6364,20389
 2024/03/28-09:10,6364,6365,6358,6361,9036
 2024/03/28-09:15,6360,6364,6358,6363,6475
 2024/03/28-09:20,6363,6367,6361,6361,7042
 2024/03/28-09:25,6361,6368,6361,6365,4370
 2024/03/28-09:30,6365,6370,6364,6369,4894
 2024/03/28-09:35,6369,6370,6364,6365,3497
 2024/03/28-09:40,6364,6367,6362,6362,3581
 2024/03/28-09:45,6362,6363,6358,6362,6269
 2024/03/28-09:50,6361,6367,6360,6365,3007
 2024/03/28-09:55,6365,6366,6362,6364,2227
 2024/03/28-10:00,6364,6364,6360,6362,3528
 2024/03/28-10:05,6362,6365,6358,6361,4996
 2024/03/28-10:10,6362,6362,6358,6359,2682
 2024/03/28-10:15,6359,6374,6359,6373,6684
 2024/03/28-10:35,6375,6381,6374,6375,16733
 2024/03/28-10:40,6375,6376,6371,6373,7783
 2024/03/28-10:45,6373,6375,6370,6371,7348
 2024/03/28-10:50,6371,6378,6369,6378,7077
 2024/03/28-10:55,6377,6386,6377,6382,12784
 2024/03/28-11:00,6382,6388,6379,6384,7775
 2024/03/28-11:05,6383,6385,6381,6383,4553
 2024/03/28-11:10,6383,6388,6381,6381,6413
 2024/03/28-11:15,6382,6382,6378,6382,3550
 2024/03/28-11:20,6382,6385,6381,6384,3805
 2024/03/28-11:25,6384,6389,6383,6388,4749
 2024/03/28-11:30,6388,6388,6384,6385,5047
 2024/03/28-13:35,6384,6385,6376,6377,8886
 2024/03/28-13:40,6376,6378,6371,6372,6451
 2024/03/28-13:45,6372,6381,6372,6381,3961
 2024/03/28-13:50,6381,6388,6379,6387,5995
 2024/03/28-13:55,6387,6388,6381,6382,7537
 2024/03/28-14:00,6381,6383,6378,6379,5832
 2024/03/28-14:05,6379,6380,6376,6376,5242
 2024/03/28-14:10,6376,6379,6374,6375,3296
 2024/03/28-14:15,6375,6376,6374,6375,3274
 2024/03/28-14:20,6375,6376,6373,6376,3377
 2024/03/28-14:25,6376,6379,6375,6379,2443
 2024/03/28-14:30,6379,6382,6377,6381,3179
 2024/03/28-14:35,6381,6382,6374,6376,4574
 2024/03/28-14:40,6376,6381,6374,6379,5540
 2024/03/28-14:45,6379,6383,6378,6381,3805
 2024/03/28-14:50,6381,6385,6380,6384,4807
 2024/03/28-14:55,6384,6386,6383,6384,5061
 2024/03/28-15:00,6384,6388,6383,6387,11749
 2024/03/29-21:05,6399,6448,6399,6426,77645
 2024/03/29-21:10,6426,6427,6389,6391,55682
 2024/03/29-21:15,6391,6397,6384,6393,31627
 2024/03/29-21:20,6394,6397,6388,6391,16644
 2024/03/29-21:25,6390,6396,6388,6390,10931
 2024/03/29-21:30,6390,6390,6376,6379,20544
 2024/03/29-21:35,6379,6384,6374,6382,19616
 2024/03/29-21:40,6383,6384,6376,6376,8443
 2024/03/29-21:45,6377,6385,6375,6381,10575
 2024/03/29-21:50,6381,6385,6378,6381,9394
 2024/03/29-21:55,6381,6387,6364,6366,24998
 2024/03/29-22:00,6366,6371,6359,6368,21547
 2024/03/29-22:05,6368,6375,6363,6365,14734
 2024/03/29-22:10,6365,6375,6364,6368,10708
 2024/03/29-22:15,6368,6373,6366,6372,6334
 2024/03/29-22:20,6373,6375,6370,6372,7176
 2024/03/29-22:25,6373,6383,6371,6379,10162
 2024/03/29-22:30,6380,6382,6374,6374,6680
 2024/03/29-22:35,6376,6383,6376,6379,5488
 2024/03/29-22:40,6379,6388,6378,6387,7159
 2024/03/29-22:45,6387,6391,6384,6385,8559
 2024/03/29-22:50,6385,6397,6384,6397,13986
 2024/03/29-22:55,6397,6412,6393,6411,22606
 2024/03/29-23:00,6411,6417,6406,6416,19479
 2024/03/29-23:05,6416,6421,6411,6414,22263
 2024/03/29-23:10,6414,6423,6411,6414,18330
 2024/03/29-23:15,6414,6414,6407,6412,16490
 2024/03/29-23:20,6412,6416,6409,6415,9557
 2024/03/29-23:25,6415,6419,6413,6415,7669
 2024/03/29-23:30,6414,6419,6413,6414,6256
 2024/03/29-23:35,6414,6416,6409,6411,7065
 2024/03/29-23:40,6411,6411,6407,6409,7694
 2024/03/29-23:45,6409,6411,6405,6409,6269
 2024/03/29-23:50,6409,6413,6409,6409,4548
 2024/03/29-23:55,6409,6411,6407,6410,3153
 2024/03/29-00:00,6410,6413,6408,6409,3180
 2024/03/29-00:05,6410,6412,6406,6411,4047
 2024/03/29-00:10,6410,6411,6401,6404,7001
 2024/03/29-00:15,6405,6405,6401,6404,4719
 2024/03/29-00:20,6404,6407,6403,6406,3143
 2024/03/29-00:25,6406,6412,6405,6412,5009
 2024/03/29-00:30,6411,6419,6410,6416,7643
 2024/03/29-00:35,6416,6421,6415,6418,7785
 2024/03/29-00:40,6418,6429,6416,6428,11733
 2024/03/29-00:45,6427,6428,6422,6423,6417
 2024/03/29-00:50,6424,6424,6418,6419,4686
 2024/03/29-00:55,6419,6419,6416,6418,4616
 2024/03/29-01:00,6418,6420,6413,6415,4087
 2024/03/29-01:05,6415,6420,6415,6420,3030
 2024/03/29-01:10,6420,6426,6417,6424,4155
 2024/03/29-01:15,6424,6424,6411,6411,5769
 2024/03/29-01:20,6411,6413,6409,6412,4232
 2024/03/29-01:25,6412,6413,6410,6411,2305
 2024/03/29-01:30,6412,6415,6410,6412,2780
 2024/03/29-01:35,6412,6420,6412,6415,3816
 2024/03/29-01:40,6415,6415,6411,6413,2210
 2024/03/29-01:45,6413,6417,6412,6416,1926
 2024/03/29-01:50,6416,6418,6415,6417,1645
 2024/03/29-01:55,6417,6419,6416,6418,1433
 2024/03/29-02:00,6418,6422,6418,6422,3101
 2024/03/29-02:05,6422,6422,6418,6421,2149
 2024/03/29-02:10,6420,6423,6419,6421,2187
 2024/03/29-02:15,6421,6423,6420,6421,1510
 2024/03/29-02:20,6421,6424,6420,6421,1581
 2024/03/29-02:25,6420,6423,6419,6419,1488
 2024/03/29-02:30,6419,6423,6419,6423,3983
 2024/03/29-09:05,6431,6463,6431,6445,53397
 2024/03/29-09:10,6444,6448,6438,6445,14088
 2024/03/29-09:15,6445,6446,6439,6445,7737
 2024/03/29-09:20,6446,6457,6441,6455,14622
 2024/03/29-09:25,6455,6464,6448,6448,15766
 2024/03/29-09:30,6448,6452,6445,6450,6593
 2024/03/29-09:35,6450,6458,6450,6456,6888
 2024/03/29-09:40,6455,6466,6449,6459,11966
 2024/03/29-09:45,6459,6465,6456,6465,8010
 2024/03/29-09:50,6465,6466,6458,6461,11006
 2024/03/29-09:55,6462,6463,6458,6461,3935
 2024/03/29-10:00,6460,6463,6458,6460,3667
 2024/03/29-10:05,6460,6474,6460,6467,12627
 2024/03/29-10:10,6467,6480,6467,6470,15021
 2024/03/29-10:15,6471,6485,6471,6482,11985
 2024/03/29-10:35,6481,6487,6475,6478,11624
 2024/03/29-10:40,6478,6478,6469,6472,6112
 2024/03/29-10:45,6471,6479,6471,6472,6512
 2024/03/29-10:50,6473,6484,6470,6482,8595
 2024/03/29-10:55,6482,6486,6480,6484,6169
 2024/03/29-11:00,6485,6489,6481,6485,6737
 2024/03/29-11:05,6485,6494,6485,6493,8167
 2024/03/29-11:10,6493,6494,6485,6487,4660
 2024/03/29-11:15,6486,6488,6484,6488,3086
 2024/03/29-11:20,6488,6491,6486,6489,3868
 2024/03/29-11:25,6489,6491,6485,6490,3168
 2024/03/29-11:30,6489,6490,6487,6489,4080
 2024/03/29-13:35,6489,6489,6477,6480,11107
 2024/03/29-13:40,6480,6485,6479,6482,4722
 2024/03/29-13:45,6482,6485,6482,6484,4496
 2024/03/29-13:50,6484,6484,6472,6472,10079
 2024/03/29-13:55,6472,6481,6472,6480,8820
 2024/03/29-14:00,6479,6483,6474,6480,9655
 2024/03/29-14:05,6479,6480,6468,6472,8368
 2024/03/29-14:10,6472,6475,6470,6475,6118
 2024/03/29-14:15,6475,6478,6472,6472,3419
 2024/03/29-14:20,6472,6473,6465,6472,8028
 2024/03/29-14:25,6472,6477,6471,6477,4678
 2024/03/29-14:30,6477,6477,6471,6472,2460
 2024/03/29-14:35,6472,6476,6471,6474,5517
 2024/03/29-14:40,6474,6477,6471,6477,7520
 2024/03/29-14:45,6477,6477,6468,6470,6152
 2024/03/29-14:50,6470,6475,6470,6474,3678
 2024/03/29-14:55,6474,6479,6473,6476,7180
 2024/03/29-15:00,6476,6476,6470,6474,11693
 2024/04/01-21:05,6480,6480,6471,6471,12747
 2024/04/01-21:10,6471,6472,6463,6464,10455
 2024/04/01-21:15,6464,6465,6446,6451,18489
 2024/04/01-21:20,6451,6453,6445,6450,11956
 2024/04/01-21:25,6450,6454,6448,6454,6712
 2024/04/01-21:30,6454,6455,6444,6451,8297
 2024/04/01-21:35,6450,6453,6447,6452,3935
 2024/04/01-21:40,6452,6459,6452,6457,8619
 2024/04/01-21:45,6457,6465,6456,6465,7088
 2024/04/01-21:50,6465,6465,6459,6460,4166
 2024/04/01-21:55,6461,6466,6456,6466,5182
 2024/04/01-22:00,6466,6469,6464,6465,4577
 2024/04/01-22:05,6466,6467,6461,6461,3399
 2024/04/01-22:10,6461,6468,6461,6467,2461
 2024/04/01-22:15,6467,6467,6463,6463,2002
 2024/04/01-22:20,6464,6466,6457,6459,6271
 2024/04/01-22:25,6459,6465,6459,6463,2869
 2024/04/01-22:30,6464,6472,6462,6472,5969
 2024/04/01-22:35,6472,6472,6465,6471,4576
 2024/04/01-22:40,6471,6476,6469,6474,6877
 2024/04/01-22:45,6474,6477,6470,6475,4952
 2024/04/01-22:50,6475,6477,6470,6474,5442
 2024/04/01-22:55,6474,6474,6470,6472,2707
 2024/04/01-23:00,6472,6472,6467,6472,5073
 2024/04/01-23:05,6472,6472,6459,6461,12382
 2024/04/01-23:10,6460,6465,6460,6463,5203
 2024/04/01-23:15,6464,6464,6459,6462,4527
 2024/04/01-23:20,6462,6468,6461,6467,4452
 2024/04/01-23:25,6467,6468,6463,6463,2507
 2024/04/01-23:30,6463,6466,6463,6463,2231
 2024/04/01-23:35,6463,6465,6462,6463,1822
 2024/04/01-23:40,6463,6465,6461,6462,2615
 2024/04/01-23:45,6462,6464,6460,6462,2227
 2024/04/01-23:50,6462,6465,6462,6463,1524
 2024/04/01-23:55,6463,6466,6463,6465,1077
 2024/04/01-00:00,6465,6466,6461,6462,1795
 2024/04/01-00:05,6461,6464,6461,6462,665
 2024/04/01-00:10,6463,6470,6462,6469,2962
 2024/04/01-00:15,6469,6469,6464,6466,2683
 2024/04/01-00:20,6465,6466,6465,6465,654
 2024/04/01-00:25,6465,6467,6465,6467,846
 2024/04/01-00:30,6466,6467,6464,6466,1010
 2024/04/01-00:35,6466,6467,6464,6466,463
 2024/04/01-00:40,6467,6468,6465,6466,934
 2024/04/01-00:45,6466,6467,6465,6466,837
 2024/04/01-00:50,6466,6467,6466,6467,568
 2024/04/01-00:55,6467,6467,6466,6467,582
 2024/04/01-01:00,6466,6467,6464,6465,1006
 2024/04/01-01:05,6464,6469,6464,6468,2286
 2024/04/01-01:10,6468,6468,6466,6466,742
 2024/04/01-01:15,6466,6467,6465,6466,837
 2024/04/01-01:20,6466,6467,6465,6466,531
 2024/04/01-01:25,6466,6467,6466,6467,446
 2024/04/01-01:30,6467,6467,6465,6465,985
 2024/04/01-01:35,6464,6465,6464,6465,514
 2024/04/01-01:40,6465,6466,6465,6466,334
 2024/04/01-01:45,6466,6466,6465,6466,350
 2024/04/01-01:50,6466,6466,6466,6466,203
 2024/04/01-01:55,6466,6467,6466,6467,416
 2024/04/01-02:00,6467,6469,6466,6469,978
 2024/04/01-02:05,6469,6470,6467,6468,809
 2024/04/01-02:10,6468,6468,6466,6467,967
 2024/04/01-02:15,6467,6468,6466,6467,527
 2024/04/01-02:20,6467,6468,6467,6468,441
 2024/04/01-02:25,6468,6468,6464,6465,1452
 2024/04/01-02:30,6466,6468,6465,6467,2720
 2024/04/01-09:05,6477,6533,6477,6530,79578
 2024/04/01-09:10,6529,6529,6502,6507,27050
 2024/04/01-09:15,6507,6515,6501,6512,16283
 2024/04/01-09:20,6511,6521,6511,6515,13399
 2024/04/01-09:25,6515,6522,6508,6521,11263
 2024/04/01-09:30,6521,6522,6516,6517,5855
 2024/04/01-09:35,6518,6521,6508,6510,7448
 2024/04/01-09:40,6511,6512,6500,6508,10536
 2024/04/01-09:45,6509,6517,6509,6515,6523
 2024/04/01-09:50,6515,6515,6495,6496,12960
 2024/04/01-09:55,6497,6505,6496,6502,5122
 2024/04/01-10:00,6501,6502,6480,6483,18400
 2024/04/01-10:05,6483,6491,6479,6485,13682
 2024/04/01-10:10,6485,6487,6469,6472,15592
 2024/04/01-10:15,6472,6476,6466,6476,14632
 2024/04/01-10:35,6477,6483,6477,6478,9077
 2024/04/01-10:40,6478,6481,6474,6481,4367
 2024/04/01-10:45,6481,6482,6477,6477,3526
 2024/04/01-10:50,6477,6481,6474,6479,4173
 2024/04/01-10:55,6479,6482,6478,6479,2425
 2024/04/01-11:00,6480,6486,6479,6482,4029
 2024/04/01-11:05,6482,6484,6477,6484,3507
 2024/04/01-11:10,6484,6484,6478,6479,2266
 2024/04/01-11:15,6479,6480,6476,6479,2290
 2024/04/01-11:20,6479,6484,6478,6484,6983
 2024/04/01-11:25,6484,6486,6482,6485,6119
 2024/04/01-11:30,6485,6490,6485,6486,6619
 2024/04/01-13:35,6491,6499,6489,6499,15299
 2024/04/01-13:40,6498,6503,6496,6498,14330
 2024/04/01-13:45,6498,6502,6494,6499,10078
 2024/04/01-13:50,6499,6507,6496,6507,10274
 2024/04/01-13:55,6507,6509,6502,6503,8460
 2024/04/01-14:00,6503,6506,6496,6498,10382
 2024/04/01-14:05,6497,6498,6493,6494,8042
 2024/04/01-14:10,6494,6498,6489,6493,7219
 2024/04/01-14:15,6493,6495,6489,6491,7393
 2024/04/01-14:20,6491,6496,6487,6495,4274
 2024/04/01-14:25,6495,6499,6494,6499,4107
 2024/04/01-14:30,6499,6500,6494,6495,3105
 2024/04/01-14:35,6496,6498,6495,6497,3046
 2024/04/01-14:40,6497,6498,6495,6495,3100
 2024/04/01-14:45,6495,6498,6493,6497,2814
 2024/04/01-14:50,6497,6498,6488,6488,5467
 2024/04/01-14:55,6488,6498,6488,6497,6481
 2024/04/01-15:00,6497,6501,6495,6497,10819
 2024/04/02-21:05,6484,6492,6479,6484,25243
 2024/04/02-21:10,6484,6496,6484,6493,11715
 2024/04/02-21:15,6494,6501,6493,6496,11048
 2024/04/02-21:20,6496,6510,6495,6504,18365
 2024/04/02-21:25,6503,6514,6502,6511,13911
 2024/04/02-21:30,6512,6518,6508,6511,15961
 2024/04/02-21:35,6510,6513,6498,6506,18281
 2024/04/02-21:40,6506,6509,6490,6491,15152
 2024/04/02-21:45,6492,6495,6484,6487,19810
 2024/04/02-21:50,6488,6489,6455,6458,47554
 2024/04/02-21:55,6458,6469,6452,6461,32202
 2024/04/02-22:00,6461,6465,6456,6464,13096
 2024/04/02-22:05,6464,6464,6438,6442,56024
 2024/04/02-22:10,6442,6446,6436,6444,23778
 2024/04/02-22:15,6444,6445,6435,6440,19254
 2024/04/02-22:20,6440,6440,6423,6423,37174
 2024/04/02-22:25,6423,6432,6421,6430,20483
 2024/04/02-22:30,6430,6439,6427,6434,14448
 2024/04/02-22:35,6434,6446,6428,6442,18262
 2024/04/02-22:40,6442,6442,6426,6427,12702
 2024/04/02-22:45,6427,6429,6415,6426,25530
 2024/04/02-22:50,6426,6436,6425,6436,12223
 2024/04/02-22:55,6436,6440,6433,6434,11796
 2024/04/02-23:00,6435,6445,6433,6442,12747
 2024/04/02-23:05,6442,6446,6439,6442,13085
 2024/04/02-23:10,6442,6443,6434,6437,9265
 2024/04/02-23:15,6437,6441,6436,6440,4596
 2024/04/02-23:20,6441,6443,6438,6442,4064
 2024/04/02-23:25,6442,6445,6441,6443,5271
 2024/04/02-23:30,6443,6449,6441,6448,8777
 2024/04/02-23:35,6449,6449,6446,6448,5754
 2024/04/02-23:40,6448,6448,6446,6447,3586
 2024/04/02-23:45,6447,6451,6446,6447,4203
 2024/04/02-23:50,6446,6450,6446,6448,2821
 2024/04/02-23:55,6449,6452,6448,6452,3553
 2024/04/02-00:00,6452,6454,6449,6451,6383
 2024/04/02-00:05,6450,6451,6446,6449,4636
 2024/04/02-00:10,6448,6449,6447,6448,1929
 2024/04/02-00:15,6448,6449,6444,6449,4434
 2024/04/02-00:20,6449,6453,6449,6451,3646
 2024/04/02-00:25,6452,6460,6451,6458,10650
 2024/04/02-00:30,6459,6459,6456,6457,2498
 2024/04/02-00:35,6457,6460,6455,6456,3533
 2024/04/02-00:40,6456,6456,6454,6455,2220
 2024/04/02-00:45,6455,6457,6453,6453,2002
 2024/04/02-00:50,6453,6454,6447,6448,4459
 2024/04/02-00:55,6448,6450,6445,6446,2566
 2024/04/02-01:00,6446,6447,6441,6444,4410
 2024/04/02-01:05,6443,6446,6441,6445,3459
 2024/04/02-01:10,6444,6446,6441,6446,3153
 2024/04/02-01:15,6446,6446,6442,6444,1537
 2024/04/02-01:20,6444,6445,6443,6443,1324
 2024/04/02-01:25,6443,6443,6439,6440,4377
 2024/04/02-01:30,6440,6444,6439,6442,2113
 2024/04/02-01:35,6443,6444,6441,6442,1090
 2024/04/02-01:40,6442,6443,6442,6442,793
 2024/04/02-01:45,6442,6445,6442,6444,964
 2024/04/02-01:50,6445,6445,6442,6443,656
 2024/04/02-01:55,6442,6444,6441,6442,704
 2024/04/02-02:00,6442,6447,6442,6446,1777
 2024/04/02-02:05,6446,6446,6443,6445,641
 2024/04/02-02:10,6445,6447,6444,6446,771
 2024/04/02-02:15,6446,6448,6445,6448,1231
 2024/04/02-02:20,6448,6450,6448,6449,1139
 2024/04/02-02:25,6449,6451,6448,6448,1473
 2024/04/02-02:30,6448,6451,6448,6450,2607
 2024/04/02-09:05,6464,6483,6464,6473,37582
 2024/04/02-09:10,6473,6478,6472,6478,9001
 2024/04/02-09:15,6478,6484,6476,6478,11470
 2024/04/02-09:20,6478,6480,6473,6474,5754
 2024/04/02-09:25,6474,6476,6471,6475,4980
 2024/04/02-09:30,6475,6480,6475,6478,5097
 2024/04/02-09:35,6479,6480,6473,6479,4038
 2024/04/02-09:40,6478,6485,6477,6483,7217
 2024/04/02-09:45,6483,6484,6477,6480,3837
 2024/04/02-09:50,6479,6480,6474,6475,4019
 2024/04/02-09:55,6476,6478,6470,6471,7275
 2024/04/02-10:00,6471,6474,6469,6474,4601
 2024/04/02-10:05,6474,6477,6473,6476,2641
 2024/04/02-10:10,6476,6480,6475,6479,3999
 2024/04/02-10:15,6479,6479,6473,6474,3347
 2024/04/02-10:35,6475,6481,6475,6481,4360
 2024/04/02-10:40,6481,6492,6480,6492,14570
 2024/04/02-10:45,6492,6501,6488,6498,13176
 2024/04/02-10:50,6498,6498,6493,6498,6651
 2024/04/02-10:55,6498,6508,6498,6508,11886
 2024/04/02-11:00,6507,6512,6506,6509,12706
 2024/04/02-11:05,6508,6510,6501,6502,8650
 2024/04/02-11:10,6502,6507,6502,6507,4458
 2024/04/02-11:15,6506,6507,6499,6503,5076
 2024/04/02-11:20,6502,6504,6499,6504,3136
 2024/04/02-11:25,6503,6504,6501,6504,2676
 2024/04/02-11:30,6504,6504,6498,6499,4758
 2024/04/02-13:35,6506,6516,6506,6510,17095
 2024/04/02-13:40,6510,6515,6509,6512,6291
 2024/04/02-13:45,6512,6515,6509,6513,5672
 2024/04/02-13:50,6512,6513,6504,6505,6920
 2024/04/02-13:55,6505,6508,6505,6505,3704
 2024/04/02-14:00,6505,6507,6502,6505,4453
 2024/04/02-14:05,6505,6508,6503,6508,4399
 2024/04/02-14:10,6507,6512,6507,6511,5679
 2024/04/02-14:15,6511,6513,6509,6511,5382
 2024/04/02-14:20,6512,6518,6510,6516,11535
 2024/04/02-14:25,6515,6518,6513,6513,5002
 2024/04/02-14:30,6514,6524,6511,6524,10067
 2024/04/02-14:35,6524,6535,6522,6526,32309
 2024/04/02-14:40,6526,6532,6525,6531,7741
 2024/04/02-14:45,6532,6544,6526,6543,19657
 2024/04/02-14:50,6544,6546,6539,6544,15396
 2024/04/02-14:55,6544,6555,6544,6548,23115
 2024/04/02-15:00,6548,6566,6548,6563,34099
 2024/04/03-21:05,6588,6594,6571,6574,56791
 2024/04/03-21:10,6574,6583,6565,6567,26617
 2024/04/03-21:15,6567,6573,6562,6572,19834
 2024/04/03-21:20,6572,6576,6564,6571,18209
 2024/04/03-21:25,6571,6574,6548,6553,31636
 2024/04/03-21:30,6552,6556,6549,6554,16196
 2024/04/03-21:35,6553,6563,6545,6545,24353
 2024/04/03-21:40,6545,6569,6545,6567,23551
 2024/04/03-21:45,6567,6568,6555,6558,16536
 2024/04/03-21:50,6558,6574,6555,6568,15543
 2024/04/03-21:55,6568,6568,6558,6562,18124
 2024/04/03-22:00,6563,6567,6552,6558,15029
 2024/04/03-22:05,6558,6575,6550,6572,31332
 2024/04/03-22:10,6573,6575,6564,6571,20235
 2024/04/03-22:15,6571,6578,6565,6574,15337
 2024/04/03-22:20,6574,6586,6573,6585,17936
 2024/04/03-22:25,6585,6593,6581,6591,18873
 2024/04/03-22:30,6591,6606,6589,6600,32042
 2024/04/03-22:35,6600,6625,6599,6614,47946
 2024/04/03-22:40,6613,6631,6612,6628,46028
 2024/04/03-22:45,6628,6629,6603,6606,33722
 2024/04/03-22:50,6605,6611,6594,6596,30709
 2024/04/03-22:55,6596,6601,6587,6590,22530
 2024/04/03-23:00,6591,6593,6577,6588,31722
 2024/04/03-23:05,6588,6589,6579,6580,17735
 2024/04/03-23:10,6580,6595,6580,6592,16573
 2024/04/03-23:15,6592,6595,6589,6592,9027
 2024/04/03-23:20,6592,6605,6590,6601,15710
 2024/04/03-23:25,6601,6609,6599,6602,15236
 2024/04/03-23:30,6601,6602,6591,6592,17993
 2024/04/03-23:35,6593,6594,6585,6587,12556
 2024/04/03-23:40,6587,6595,6586,6595,10475
 2024/04/03-23:45,6595,6599,6595,6598,8419
 2024/04/03-23:50,6598,6603,6595,6601,8782
 2024/04/03-23:55,6601,6604,6599,6603,5012
 2024/04/03-00:00,6603,6605,6601,6603,6990
 2024/04/03-00:05,6604,6609,6603,6607,6473
 2024/04/03-00:10,6607,6608,6596,6597,8034
 2024/04/03-00:15,6597,6598,6591,6594,9430
 2024/04/03-00:20,6594,6595,6592,6595,4222
 2024/04/03-00:25,6594,6600,6594,6599,5329
 2024/04/03-00:30,6598,6602,6598,6599,3839
 2024/04/03-00:35,6599,6605,6599,6604,4487
 2024/04/03-00:40,6604,6605,6598,6599,4438
 2024/04/03-00:45,6599,6604,6598,6603,2842
 2024/04/03-00:50,6604,6608,6603,6605,4973
 2024/04/03-00:55,6605,6606,6600,6603,3933
 2024/04/03-01:00,6603,6604,6602,6602,2066
 2024/04/03-01:05,6602,6616,6601,6616,9275
 2024/04/03-01:10,6616,6616,6608,6611,6684
 2024/04/03-01:15,6611,6611,6608,6609,3542
 2024/04/03-01:20,6609,6612,6607,6609,2762
 2024/04/03-01:25,6609,6617,6609,6613,3715
 2024/04/03-01:30,6613,6614,6611,6612,2076
 2024/04/03-01:35,6612,6618,6611,6618,4650
 2024/04/03-01:40,6617,6618,6615,6617,2250
 2024/04/03-01:45,6616,6623,6616,6618,6025
 2024/04/03-01:50,6619,6624,6617,6624,3779
 2024/04/03-01:55,6624,6627,6623,6625,5656
 2024/04/03-02:00,6625,6628,6624,6626,3724
 2024/04/03-02:05,6627,6635,6626,6631,7417
 2024/04/03-02:10,6632,6641,6631,6640,8234
 2024/04/03-02:15,6640,6647,6639,6641,9119
 2024/04/03-02:20,6642,6645,6633,6639,7070
 2024/04/03-02:25,6638,6639,6635,6639,3475
 2024/04/03-02:30,6639,6644,6639,6642,7880
 2024/04/03-09:05,6643,6707,6643,6704,82298
 2024/04/03-09:10,6704,6737,6700,6701,71632
 2024/04/03-09:15,6700,6700,6686,6689,25440
 2024/04/03-09:20,6689,6701,6682,6693,22646
 2024/04/03-09:25,6692,6699,6689,6699,10799
 2024/04/03-09:30,6699,6708,6696,6707,13397
 2024/04/03-09:35,6707,6707,6679,6690,26813
 2024/04/03-09:40,6690,6713,6690,6711,19381
 2024/04/03-09:45,6711,6713,6704,6704,15709
 2024/04/03-09:50,6705,6708,6699,6700,11055
 2024/04/03-09:55,6701,6707,6693,6706,11782
 2024/04/03-10:00,6707,6710,6702,6709,5865
 2024/04/03-10:05,6708,6711,6704,6709,6419
 2024/04/03-10:10,6709,6724,6709,6723,18720
 2024/04/03-10:15,6724,6727,6714,6723,21250
 2024/04/03-10:35,6722,6729,6718,6718,12014
 2024/04/03-10:40,6719,6721,6714,6720,7886
 2024/04/03-10:45,6721,6723,6718,6719,4938
 2024/04/03-10:50,6720,6726,6719,6723,4844
 2024/04/03-10:55,6723,6725,6717,6725,5369
 2024/04/03-11:00,6725,6738,6722,6737,18140
 2024/04/03-11:05,6738,6754,6734,6744,37912
 2024/04/03-11:10,6745,6751,6743,6751,10429
 2024/04/03-11:15,6751,6774,6750,6770,39844
 2024/04/03-11:20,6770,6795,6767,6791,44786
 2024/04/03-11:25,6791,6797,6757,6761,53743
 2024/04/03-11:30,6761,6768,6756,6767,23190
 2024/04/03-13:35,6758,6766,6749,6761,25268
 2024/04/03-13:40,6761,6761,6743,6752,22872
 2024/04/03-13:45,6753,6757,6748,6754,10764
 2024/04/03-13:50,6755,6762,6747,6760,16877
 2024/04/03-13:55,6760,6778,6758,6775,19880
 2024/04/03-14:00,6775,6777,6769,6776,9926
 2024/04/03-14:05,6775,6776,6758,6768,17860
 2024/04/03-14:10,6769,6770,6762,6766,6976
 2024/04/03-14:15,6766,6768,6759,6762,8064
 2024/04/03-14:20,6761,6761,6750,6752,11275
 2024/04/03-14:25,6751,6759,6750,6751,9835
 2024/04/03-14:30,6751,6755,6746,6746,11191
 2024/04/03-14:35,6746,6758,6745,6758,9390
 2024/04/03-14:40,6757,6768,6754,6766,13453
 2024/04/03-14:45,6766,6783,6764,6776,22125
 2024/04/03-14:50,6776,6783,6773,6779,13968
 2024/04/03-14:55,6779,6781,6774,6780,13081
 2024/04/03-15:00,6780,6798,6778,6793,39602
 2024/04/08-09:05,6888,6888,6805,6834,136725
 2024/04/08-09:10,6836,6886,6831,6872,65659
 2024/04/08-09:15,6871,6893,6858,6883,51703
 2024/04/08-09:20,6883,6919,6883,6919,63829
 2024/04/08-09:25,6918,6947,6908,6936,60129
 2024/04/08-09:30,6936,6968,6932,6959,61906
 2024/04/08-09:35,6958,6977,6954,6977,37991
 2024/04/08-09:40,6977,7004,6969,7002,65077
 2024/04/08-09:45,7001,7005,6972,6992,67776
 2024/04/08-09:50,6991,6996,6980,6984,28373
 2024/04/08-09:55,6984,7071,6982,7071,77561
 2024/04/08-10:00,7071,7117,7060,7101,133494
 2024/04/08-10:05,7101,7113,7076,7084,62994
 2024/04/08-10:10,7084,7130,7079,7130,71121
 2024/04/08-10:15,7130,7130,7130,7130,5703
 2024/04/08-10:35,7130,7130,7129,7129,4009
 2024/04/08-10:40,7129,7130,7129,7130,2590
 2024/04/08-10:45,7130,7130,7129,7130,1551
 2024/04/08-10:50,7130,7130,7129,7130,899
 2024/04/08-10:55,7130,7130,7130,7130,625
 2024/04/08-11:00,7130,7130,7130,7130,730
 2024/04/08-11:05,7130,7130,7130,7130,805
 2024/04/08-11:10,7130,7130,7129,7129,721
 2024/04/08-11:15,7129,7129,7129,7129,627
 2024/04/08-11:20,7129,7130,7129,7129,984
 2024/04/08-11:25,7129,7129,7129,7129,2617
 2024/04/08-11:30,7129,7129,7127,7129,32142
 2024/04/08-13:35,7128,7129,7083,7087,87624
 2024/04/08-13:40,7088,7113,7081,7102,53327
 2024/04/08-13:45,7102,7115,7101,7102,24727
 2024/04/08-13:50,7102,7112,7084,7087,25508
 2024/04/08-13:55,7086,7103,7084,7102,26873
 2024/04/08-14:00,7102,7102,7089,7094,16645
 2024/04/08-14:05,7093,7104,7093,7100,13414
 2024/04/08-14:10,7100,7103,7090,7101,12888
 2024/04/08-14:15,7101,7102,7090,7093,11901
 2024/04/08-14:20,7094,7099,7092,7096,12826
 2024/04/08-14:25,7096,7128,7096,7126,42870
 2024/04/08-14:30,7126,7127,7120,7120,16632
 2024/04/08-14:35,7119,7129,7119,7128,20235
 2024/04/08-14:40,7128,7129,7122,7125,12559
 2024/04/08-14:45,7126,7128,7123,7126,11149
 2024/04/08-14:50,7127,7129,7123,7127,10930
 2024/04/08-14:55,7127,7129,7127,7129,11674
 2024/04/08-15:00,7129,7129,7127,7129,14870
 2024/04/09-21:05,7101,7177,7091,7176,120706
 2024/04/09-21:10,7176,7177,7118,7124,91720
 2024/04/09-21:15,7125,7125,7094,7101,98428
 2024/04/09-21:20,7101,7109,7089,7093,50270
 2024/04/09-21:25,7092,7113,7092,7101,36777
 2024/04/09-21:30,7101,7118,7095,7118,29596
 2024/04/09-21:35,7118,7124,7100,7124,32744
 2024/04/09-21:40,7125,7126,7105,7110,27650
 2024/04/09-21:45,7110,7111,7098,7102,23601
 2024/04/09-21:50,7101,7111,7093,7103,24458
 2024/04/09-21:55,7103,7103,7088,7090,32508
 2024/04/09-22:00,7090,7090,7045,7063,97769
 2024/04/09-22:05,7063,7066,7015,7015,83576
 2024/04/09-22:10,7015,7038,7012,7028,77622
 2024/04/09-22:15,7028,7054,7028,7048,50499
 2024/04/09-22:20,7047,7059,7044,7054,31225
 2024/04/09-22:25,7054,7063,7053,7062,23599
 2024/04/09-22:30,7061,7081,7061,7077,41594
 2024/04/09-22:35,7077,7093,7070,7089,39365
 2024/04/09-22:40,7090,7107,7072,7102,55205
 2024/04/09-22:45,7102,7105,7086,7093,29177
 2024/04/09-22:50,7093,7097,7086,7097,20819
 2024/04/09-22:55,7097,7103,7094,7098,16354
 2024/04/09-23:00,7099,7113,7096,7113,26258
 2024/04/09-23:05,7112,7113,7100,7107,22600
 2024/04/09-23:10,7107,7142,7106,7138,45090
 2024/04/09-23:15,7137,7144,7130,7133,30932
 2024/04/09-23:20,7133,7137,7127,7129,18922
 2024/04/09-23:25,7129,7139,7126,7138,15984
 2024/04/09-23:30,7138,7140,7133,7136,11734
 2024/04/09-23:35,7135,7137,7129,7134,9462
 2024/04/09-23:40,7133,7136,7131,7131,7616
 2024/04/09-23:45,7131,7133,7107,7118,31004
 2024/04/09-23:50,7118,7133,7118,7128,16079
 2024/04/09-23:55,7129,7129,7114,7116,15235
 2024/04/09-00:00,7116,7123,7113,7120,9430
 2024/04/09-00:05,7121,7129,7118,7129,8794
 2024/04/09-00:10,7129,7135,7123,7132,10911
 2024/04/09-00:15,7132,7132,7123,7124,6746
 2024/04/09-00:20,7124,7128,7120,7126,6055
 2024/04/09-00:25,7126,7131,7125,7127,5089
 2024/04/09-00:30,7127,7131,7126,7127,3371
 2024/04/09-00:35,7127,7129,7121,7125,5802
 2024/04/09-00:40,7125,7127,7124,7126,2945
 2024/04/09-00:45,7125,7128,7121,7124,5253
 2024/04/09-00:50,7124,7125,7122,7124,2742
 2024/04/09-00:55,7124,7131,7123,7130,4954
 2024/04/09-01:00,7130,7131,7127,7127,3322
 2024/04/09-01:05,7127,7130,7125,7128,3193
 2024/04/09-01:10,7128,7133,7128,7131,3827
 2024/04/09-01:15,7131,7133,7128,7130,2640
 2024/04/09-01:20,7130,7132,7127,7129,2553
 2024/04/09-01:25,7130,7135,7129,7134,3282
 2024/04/09-01:30,7134,7149,7132,7148,18805
 2024/04/09-01:35,7149,7169,7146,7166,20453
 2024/04/09-01:40,7166,7167,7144,7158,16054
 2024/04/09-01:45,7159,7162,7153,7153,8900
 2024/04/09-01:50,7153,7154,7147,7150,8119
 2024/04/09-01:55,7150,7154,7149,7152,3050
 2024/04/09-02:00,7152,7162,7150,7160,6053
 2024/04/09-02:05,7160,7166,7157,7157,6516
 2024/04/09-02:10,7157,7160,7154,7157,3539
 2024/04/09-02:15,7158,7163,7157,7162,3412
 2024/04/09-02:20,7162,7167,7161,7164,5403
 2024/04/09-02:25,7164,7169,7163,7168,4413
 2024/04/09-02:30,7168,7183,7168,7181,19031
 2024/04/09-09:05,7181,7195,7134,7139,92025
 2024/04/09-09:10,7139,7164,7137,7161,42859
 2024/04/09-09:15,7160,7184,7158,7178,41014
 2024/04/09-09:20,7177,7181,7151,7162,35083
 2024/04/09-09:25,7162,7174,7158,7168,14939
 2024/04/09-09:30,7168,7220,7168,7220,70266
 2024/04/09-09:35,7219,7283,7215,7271,100863
 2024/04/09-09:40,7269,7276,7236,7241,89399
 2024/04/09-09:45,7241,7241,7218,7229,58504
 2024/04/09-09:50,7229,7249,7223,7245,31880
 2024/04/09-09:55,7245,7248,7192,7196,76126
 2024/04/09-10:00,7197,7203,7166,7170,65256
 2024/04/09-10:05,7170,7189,7160,7187,47654
 2024/04/09-10:10,7187,7201,7181,7190,27529
 2024/04/09-10:15,7189,7197,7180,7187,19345
 2024/04/09-10:35,7188,7188,7171,7182,20160
 2024/04/09-10:40,7182,7195,7178,7191,14090
 2024/04/09-10:45,7191,7197,7182,7196,14386
 2024/04/09-10:50,7196,7220,7194,7205,32016
 2024/04/09-10:55,7205,7205,7193,7204,13244
 2024/04/09-11:00,7204,7218,7202,7213,16628
 2024/04/09-11:05,7213,7213,7200,7204,11711
 2024/04/09-11:10,7204,7211,7201,7209,8495
 2024/04/09-11:15,7210,7210,7187,7199,17682
 2024/04/09-11:20,7198,7204,7191,7202,8044
 2024/04/09-11:25,7202,7215,7197,7211,12603
 2024/04/09-11:30,7212,7212,7201,7205,10611
 2024/04/09-13:35,7208,7228,7206,7225,23480
 2024/04/09-13:40,7224,7238,7224,7231,29732
 2024/04/09-13:45,7231,7233,7222,7225,13673
 2024/04/09-13:50,7225,7238,7224,7230,13975
 2024/04/09-13:55,7230,7230,7217,7219,16267
 2024/04/09-14:00,7220,7221,7210,7214,13238
 2024/04/09-14:05,7214,7217,7199,7206,16060
 2024/04/09-14:10,7206,7216,7204,7214,9926
 2024/04/09-14:15,7214,7221,7210,7213,11520
 2024/04/09-14:20,7214,7218,7206,7215,10836
 2024/04/09-14:25,7216,7216,7179,7182,31486
 2024/04/09-14:30,7182,7189,7179,7187,21130
 2024/04/09-14:35,7188,7204,7187,7196,17932
 2024/04/09-14:40,7196,7199,7187,7189,9901
 2024/04/09-14:45,7189,7192,7175,7190,20604
 2024/04/09-14:50,7190,7194,7185,7185,11410
 2024/04/09-14:55,7185,7187,7162,7162,21688
 2024/04/09-15:00,7162,7180,7150,7173,41135
 2024/04/10-21:05,7222,7236,7210,7222,94189
 2024/04/10-21:10,7222,7240,7206,7214,63990
 2024/04/10-21:15,7214,7236,7214,7234,41075
 2024/04/10-21:20,7233,7240,7219,7226,37869
 2024/04/10-21:25,7226,7236,7226,7235,24474
 2024/04/10-21:30,7236,7245,7228,7239,30246
 2024/04/10-21:35,7240,7266,7240,7263,75732
 2024/04/10-21:40,7263,7273,7248,7253,70120
 2024/04/10-21:45,7253,7258,7229,7232,69788
 2024/04/10-21:50,7232,7245,7231,7243,31400
 2024/04/10-21:55,7242,7242,7222,7227,34125
 2024/04/10-22:00,7227,7234,7221,7230,18937
 2024/04/10-22:05,7230,7248,7229,7244,22672
 2024/04/10-22:10,7244,7248,7241,7247,20751
 2024/04/10-22:15,7246,7257,7246,7255,25446
 2024/04/10-22:20,7256,7265,7250,7261,34663
 2024/04/10-22:25,7261,7262,7247,7252,26260
 2024/04/10-22:30,7252,7255,7239,7241,23171
 2024/04/10-22:35,7241,7255,7235,7245,30588
 2024/04/10-22:40,7246,7247,7213,7213,50411
 2024/04/10-22:45,7212,7215,7160,7175,137506
 2024/04/10-22:50,7175,7198,7170,7180,69865
 2024/04/10-22:55,7180,7209,7177,7204,56313
 2024/04/10-23:00,7203,7213,7200,7208,34112
 2024/04/10-23:05,7208,7215,7194,7197,37377
 2024/04/10-23:10,7197,7197,7175,7189,44357
 2024/04/10-23:15,7189,7192,7167,7170,40862
 2024/04/10-23:20,7170,7196,7170,7195,34512
 2024/04/10-23:25,7195,7199,7181,7181,25023
 2024/04/10-23:30,7182,7186,7173,7175,27313
 2024/04/10-23:35,7175,7187,7173,7178,20415
 2024/04/10-23:40,7179,7191,7176,7183,16104
 2024/04/10-23:45,7183,7186,7177,7183,12368
 2024/04/10-23:50,7182,7192,7179,7181,17201
 2024/04/10-23:55,7181,7181,7160,7166,36687
 2024/04/10-00:00,7166,7168,7140,7158,60286
 2024/04/10-00:05,7159,7166,7156,7164,23185
 2024/04/10-00:10,7165,7172,7158,7170,18209
 2024/04/10-00:15,7171,7175,7169,7169,14429
 2024/04/10-00:20,7170,7189,7168,7187,24984
 2024/04/10-00:25,7187,7194,7183,7190,19200
 2024/04/10-00:30,7191,7200,7187,7197,16162
 2024/04/10-00:35,7197,7198,7190,7195,12305
 2024/04/10-00:40,7196,7196,7188,7190,8462
 2024/04/10-00:45,7191,7193,7180,7182,13112
 2024/04/10-00:50,7182,7201,7182,7201,13071
 2024/04/10-00:55,7202,7219,7201,7203,32908
 2024/04/10-01:00,7203,7209,7197,7204,14326
 2024/04/10-01:05,7203,7205,7191,7204,17407
 2024/04/10-01:10,7205,7214,7201,7211,12324
 2024/04/10-01:15,7211,7212,7199,7201,9602
 2024/04/10-01:20,7201,7206,7198,7202,7577
 2024/04/10-01:25,7202,7206,7201,7204,4900
 2024/04/10-01:30,7204,7205,7197,7201,6128
 2024/04/10-01:35,7201,7212,7200,7208,9710
 2024/04/10-01:40,7208,7215,7208,7214,8034
 2024/04/10-01:45,7214,7229,7213,7219,15503
 2024/04/10-01:50,7219,7234,7219,7227,15093
 2024/04/10-01:55,7227,7231,7225,7228,6470
 2024/04/10-02:00,7228,7229,7221,7224,6897
 2024/04/10-02:05,7224,7230,7221,7229,5715
 2024/04/10-02:10,7229,7233,7215,7223,10217
 2024/04/10-02:15,7223,7228,7221,7227,5519
 2024/04/10-02:20,7227,7232,7224,7231,4435
 2024/04/10-02:25,7230,7231,7226,7228,3977
 2024/04/10-02:30,7228,7229,7223,7224,9469
 2024/04/10-09:05,7224,7238,7195,7198,66938
 2024/04/10-09:10,7198,7208,7183,7190,38569
 2024/04/10-09:15,7191,7197,7178,7195,40458
 2024/04/10-09:20,7195,7209,7193,7209,34119
 2024/04/10-09:25,7210,7214,7197,7203,23332
 2024/04/10-09:30,7203,7215,7199,7212,14822
 2024/04/10-09:35,7212,7223,7208,7211,28253
 2024/04/10-09:40,7211,7211,7201,7203,14680
 2024/04/10-09:45,7203,7206,7198,7205,14183
 2024/04/10-09:50,7205,7211,7201,7202,11783
 2024/04/10-09:55,7202,7216,7202,7214,17438
 2024/04/10-10:00,7214,7223,7214,7219,18764
 2024/04/10-10:05,7219,7225,7213,7223,16523
 2024/04/10-10:10,7223,7223,7212,7218,9447
 2024/04/10-10:15,7218,7218,7210,7213,7914
 2024/04/10-10:35,7218,7226,7216,7225,16636
 2024/04/10-10:40,7225,7228,7218,7221,11244
 2024/04/10-10:45,7220,7221,7214,7214,7416
 2024/04/10-10:50,7214,7218,7211,7213,6222
 2024/04/10-10:55,7213,7213,7204,7206,9508
 2024/04/10-11:00,7207,7212,7202,7210,9450
 2024/04/10-11:05,7210,7216,7210,7212,5839
 2024/04/10-11:10,7213,7216,7207,7210,6313
 2024/04/10-11:15,7210,7216,7208,7214,4232
 2024/04/10-11:20,7214,7217,7205,7206,7495
 2024/04/10-11:25,7205,7211,7201,7205,9646
 2024/04/10-11:30,7206,7210,7202,7207,7920
 2024/04/10-13:35,7222,7248,7222,7237,60282
 2024/04/10-13:40,7237,7240,7226,7233,20280
 2024/04/10-13:45,7233,7234,7219,7223,15503
 2024/04/10-13:50,7223,7224,7199,7205,29086
 2024/04/10-13:55,7205,7211,7200,7206,15341
 2024/04/10-14:00,7206,7208,7198,7205,16068
 2024/04/10-14:05,7205,7210,7197,7200,15844
 2024/04/10-14:10,7199,7208,7195,7196,13187
 2024/04/10-14:15,7196,7204,7196,7200,8929
 2024/04/10-14:20,7199,7209,7194,7208,12858
 2024/04/10-14:25,7208,7213,7206,7209,12048
 2024/04/10-14:30,7209,7210,7201,7203,9388
 2024/04/10-14:35,7203,7205,7199,7203,8185
 2024/04/10-14:40,7203,7204,7186,7192,22264
 2024/04/10-14:45,7192,7199,7191,7197,10169
 2024/04/10-14:50,7197,7200,7195,7195,8233
 2024/04/10-14:55,7196,7209,7193,7207,14600
 2024/04/10-15:00,7207,7210,7205,7206,17341
 2024/04/11-21:05,7186,7186,7155,7166,123280
 2024/04/11-21:10,7166,7175,7156,7166,62602
 2024/04/11-21:15,7166,7167,7117,7117,99756
 2024/04/11-21:20,7118,7131,7110,7113,75142
 2024/04/11-21:25,7113,7130,7113,7120,47759
 2024/04/11-21:30,7119,7125,7108,7119,40756
 2024/04/11-21:35,7118,7119,7093,7112,89964
 2024/04/11-21:40,7112,7118,7104,7108,50965
 2024/04/11-21:45,7107,7137,7105,7135,50470
 2024/04/11-21:50,7135,7139,7119,7122,44147
 2024/04/11-21:55,7122,7150,7121,7145,36189
 2024/04/11-22:00,7145,7154,7135,7149,37648
 2024/04/11-22:05,7149,7154,7141,7148,32221
 2024/04/11-22:10,7147,7189,7147,7185,70001
 2024/04/11-22:15,7185,7188,7174,7177,46974
 2024/04/11-22:20,7177,7205,7170,7204,69503
 2024/04/11-22:25,7203,7220,7196,7219,62752
 2024/04/11-22:30,7219,7225,7202,7207,50881
 2024/04/11-22:35,7207,7224,7202,7224,42817
 2024/04/11-22:40,7224,7248,7224,7245,84325
 2024/04/11-22:45,7244,7245,7228,7239,46051
 2024/04/11-22:50,7239,7259,7235,7251,60783
 2024/04/11-22:55,7252,7261,7240,7244,53817
 2024/04/11-23:00,7243,7246,7231,7233,44852
 2024/04/11-23:05,7232,7240,7212,7216,59249
 2024/04/11-23:10,7216,7218,7198,7204,64650
 2024/04/11-23:15,7204,7204,7178,7185,80222
 2024/04/11-23:20,7184,7192,7177,7181,45017
 2024/04/11-23:25,7181,7193,7180,7189,29084
 2024/04/11-23:30,7189,7211,7187,7209,40404
 2024/04/11-23:35,7210,7218,7206,7216,38719
 2024/04/11-23:40,7216,7217,7207,7209,20101
 2024/04/11-23:45,7209,7211,7198,7210,26420
 2024/04/11-23:50,7210,7210,7199,7205,14804
 2024/04/11-23:55,7205,7211,7201,7205,11963
 2024/04/11-00:00,7206,7206,7187,7194,26057
 2024/04/11-00:05,7194,7201,7186,7187,18136
 2024/04/11-00:10,7187,7198,7187,7197,13573
 2024/04/11-00:15,7198,7199,7190,7193,9978
 2024/04/11-00:20,7193,7206,7193,7202,11043
 2024/04/11-00:25,7202,7204,7196,7199,7178
 2024/04/11-00:30,7199,7201,7189,7191,10621
 2024/04/11-00:35,7191,7197,7190,7194,6762
 2024/04/11-00:40,7194,7203,7193,7200,9529
 2024/04/11-00:45,7201,7209,7197,7200,10670
 2024/04/11-00:50,7200,7209,7200,7209,7771
 2024/04/11-00:55,7209,7213,7206,7207,10655
 2024/04/11-01:00,7207,7209,7202,7204,6203
 2024/04/11-01:05,7204,7204,7190,7192,16581
 2024/04/11-01:10,7192,7194,7171,7173,34057
 2024/04/11-01:15,7173,7182,7170,7181,16026
 2024/04/11-01:20,7181,7200,7180,7195,22824
 2024/04/11-01:25,7195,7200,7194,7195,10594
 2024/04/11-01:30,7195,7200,7182,7185,14172
 2024/04/11-01:35,7185,7225,7185,7223,46660
 2024/04/11-01:40,7223,7223,7211,7212,15323
 2024/04/11-01:45,7212,7215,7205,7208,10950
 2024/04/11-01:50,7208,7218,7208,7215,8339
 2024/04/11-01:55,7214,7220,7213,7216,7090
 2024/04/11-02:00,7216,7220,7211,7216,6707
 2024/04/11-02:05,7215,7225,7214,7216,10746
 2024/04/11-02:10,7216,7220,7206,7219,11291
 2024/04/11-02:15,7218,7223,7216,7223,6925
 2024/04/11-02:20,7222,7222,7217,7219,5093
 2024/04/11-02:25,7219,7221,7210,7213,6263
 2024/04/11-02:30,7213,7216,7213,7216,7835
 2024/04/11-09:05,7215,7215,7152,7160,94603
 2024/04/11-09:10,7161,7184,7161,7179,41523
 2024/04/11-09:15,7179,7185,7173,7178,21674
 2024/04/11-09:20,7178,7194,7178,7193,20456
 2024/04/11-09:25,7193,7195,7184,7186,12770
 2024/04/11-09:30,7186,7194,7185,7188,8934
 2024/04/11-09:35,7188,7191,7184,7188,6253
 2024/04/11-09:40,7188,7188,7177,7179,12134
 2024/04/11-09:45,7178,7187,7174,7186,12347
 2024/04/11-09:50,7185,7190,7182,7189,8821
 2024/04/11-09:55,7189,7198,7187,7194,13001
 2024/04/11-10:00,7195,7195,7187,7190,5602
 2024/04/11-10:05,7190,7192,7184,7185,5764
 2024/04/11-10:10,7184,7195,7184,7193,7316
 2024/04/11-10:15,7193,7193,7190,7191,4537
 2024/04/11-10:35,7192,7200,7187,7199,8282
 2024/04/11-10:40,7199,7207,7197,7198,15991
 2024/04/11-10:45,7199,7204,7193,7202,9469
 2024/04/11-10:50,7203,7213,7199,7210,16899
 2024/04/11-10:55,7210,7215,7205,7205,14435
 2024/04/11-11:00,7207,7209,7201,7203,9880
 2024/04/11-11:05,7202,7205,7197,7202,7128
 2024/04/11-11:10,7203,7210,7201,7207,7366
 2024/04/11-11:15,7207,7212,7205,7210,6161
 2024/04/11-11:20,7209,7212,7208,7210,5849
 2024/04/11-11:25,7209,7211,7201,7204,5916
 2024/04/11-11:30,7203,7207,7201,7204,5878
 2024/04/11-13:35,7205,7215,7205,7207,14814
 2024/04/11-13:40,7207,7209,7191,7194,16263
 2024/04/11-13:45,7194,7198,7186,7190,17192
 2024/04/11-13:50,7190,7191,7181,7181,15382
 2024/04/11-13:55,7181,7188,7179,7188,12726
 2024/04/11-14:00,7188,7192,7185,7190,6868
 2024/04/11-14:05,7190,7191,7183,7184,9113
 2024/04/11-14:10,7184,7187,7172,7175,20842
 2024/04/11-14:15,7175,7179,7161,7162,26319
 2024/04/11-14:20,7162,7166,7146,7166,47992
 2024/04/11-14:25,7166,7169,7162,7165,17850
 2024/04/11-14:30,7165,7176,7164,7172,16491
 2024/04/11-14:35,7171,7180,7171,7176,9997
 2024/04/11-14:40,7177,7183,7176,7182,10083
 2024/04/11-14:45,7182,7183,7172,7173,11255
 2024/04/11-14:50,7173,7175,7168,7172,8902
 2024/04/11-14:55,7172,7179,7170,7171,11614
 2024/04/11-15:00,7171,7173,7166,7168,18352
 2024/04/12-21:05,7194,7198,7186,7191,76085
 2024/04/12-21:10,7190,7197,7172,7188,46424
 2024/04/12-21:15,7188,7205,7185,7191,52868
 2024/04/12-21:20,7191,7197,7183,7187,28459
 2024/04/12-21:25,7187,7199,7186,7191,20337
 2024/04/12-21:30,7191,7198,7189,7195,15769
 2024/04/12-21:35,7195,7203,7189,7201,34660
 2024/04/12-21:40,7201,7203,7190,7191,28792
 2024/04/12-21:45,7191,7197,7188,7192,20701
 2024/04/12-21:50,7192,7203,7192,7199,22666
 2024/04/12-21:55,7200,7207,7197,7205,22613
 2024/04/12-22:00,7205,7207,7196,7196,16370
 2024/04/12-22:05,7196,7202,7192,7201,18245
 2024/04/12-22:10,7200,7204,7194,7195,15380
 2024/04/12-22:15,7194,7198,7187,7191,20653
 2024/04/12-22:20,7191,7193,7174,7176,36849
 2024/04/12-22:25,7176,7184,7175,7178,22025
 2024/04/12-22:30,7178,7182,7162,7167,43473
 2024/04/12-22:35,7167,7174,7158,7169,43029
 2024/04/12-22:40,7169,7170,7150,7152,37986
 2024/04/12-22:45,7152,7164,7152,7161,26330
 2024/04/12-22:50,7161,7172,7160,7169,20088
 2024/04/12-22:55,7169,7172,7161,7163,17606
 2024/04/12-23:00,7163,7170,7155,7169,20579
 2024/04/12-23:05,7169,7179,7167,7170,29089
 2024/04/12-23:10,7171,7173,7162,7165,15173
 2024/04/12-23:15,7165,7171,7164,7166,9922
 2024/04/12-23:20,7166,7174,7166,7171,9318
 2024/04/12-23:25,7170,7176,7169,7173,9644
 2024/04/12-23:30,7173,7173,7165,7166,10941
 2024/04/12-23:35,7166,7170,7163,7169,8829
 2024/04/12-23:40,7169,7178,7168,7175,13134
 2024/04/12-23:45,7175,7183,7175,7178,21153
 2024/04/12-23:50,7178,7182,7176,7177,7085
 2024/04/12-23:55,7177,7187,7177,7184,14036
 2024/04/12-00:00,7184,7187,7182,7187,7370
 2024/04/12-00:05,7186,7190,7183,7186,13171
 2024/04/12-00:10,7186,7192,7185,7190,11545
 2024/04/12-00:15,7190,7191,7186,7188,7717
 2024/04/12-00:20,7188,7188,7178,7178,10824
 2024/04/12-00:25,7178,7182,7178,7181,7567
 2024/04/12-00:30,7180,7184,7180,7181,5285
 2024/04/12-00:35,7181,7187,7178,7187,6509
 2024/04/12-00:40,7186,7187,7180,7181,4504
 2024/04/12-00:45,7182,7190,7182,7189,7314
 2024/04/12-00:50,7189,7191,7187,7191,7140
 2024/04/12-00:55,7191,7193,7188,7189,9779
 2024/04/12-01:00,7189,7190,7184,7188,7509
 2024/04/12-01:05,7188,7189,7183,7187,6318
 2024/04/12-01:10,7187,7201,7186,7198,19799
 2024/04/12-01:15,7198,7201,7197,7200,7709
 2024/04/12-01:20,7200,7204,7197,7199,13921
 2024/04/12-01:25,7200,7206,7199,7203,9496
 2024/04/12-01:30,7204,7209,7200,7202,12176
 2024/04/12-01:35,7202,7204,7198,7199,5376
 2024/04/12-01:40,7198,7203,7198,7199,4414
 2024/04/12-01:45,7198,7200,7195,7198,5970
 2024/04/12-01:50,7198,7200,7195,7197,3205
 2024/04/12-01:55,7197,7204,7197,7200,4670
 2024/04/12-02:00,7200,7202,7199,7199,3393
 2024/04/12-02:05,7200,7206,7199,7203,5683
 2024/04/12-02:10,7203,7218,7203,7214,16894
 2024/04/12-02:15,7214,7222,7214,7220,12172
 2024/04/12-02:20,7220,7241,7220,7230,28331
 2024/04/12-02:25,7231,7239,7226,7239,9697
 2024/04/12-02:30,7239,7246,7237,7245,17175
 2024/04/12-09:05,7246,7316,7246,7312,176728
 2024/04/12-09:10,7313,7346,7305,7339,105318
 2024/04/12-09:15,7339,7374,7335,7359,92374
 2024/04/12-09:20,7359,7359,7340,7348,59343
 2024/04/12-09:25,7348,7349,7328,7338,51654
 2024/04/12-09:30,7338,7346,7327,7337,33763
 2024/04/12-09:35,7337,7353,7337,7350,31999
 2024/04/12-09:40,7350,7350,7337,7350,21018
 2024/04/12-09:45,7350,7359,7347,7354,27594
 2024/04/12-09:50,7354,7378,7353,7374,33397
 2024/04/12-09:55,7375,7385,7363,7367,47354
 2024/04/12-10:00,7368,7388,7366,7376,37466
 2024/04/12-10:05,7376,7388,7370,7382,26983
 2024/04/12-10:10,7382,7391,7373,7375,33098
 2024/04/12-10:15,7374,7380,7369,7374,23550
 2024/04/12-10:35,7370,7385,7361,7384,42631
 2024/04/12-10:40,7384,7411,7380,7407,62527
 2024/04/12-10:45,7407,7407,7393,7398,24216
 2024/04/12-10:50,7398,7399,7391,7394,15130
 2024/04/12-10:55,7394,7404,7386,7402,19625
 2024/04/12-11:00,7402,7410,7398,7398,23771
 2024/04/12-11:05,7398,7401,7394,7394,10783
 2024/04/12-11:10,7395,7399,7391,7396,9930
 2024/04/12-11:15,7396,7403,7378,7384,24254
 2024/04/12-11:20,7383,7399,7383,7393,14997
 2024/04/12-11:25,7393,7397,7384,7392,10141
 2024/04/12-11:30,7392,7396,7386,7394,11696
 2024/04/12-13:35,7389,7408,7383,7408,31350
 2024/04/12-13:40,7408,7414,7402,7413,29619
 2024/04/12-13:45,7413,7422,7408,7421,35509
 2024/04/12-13:50,7420,7421,7409,7416,21474
 2024/04/12-13:55,7416,7424,7416,7421,18872
 2024/04/12-14:00,7421,7422,7414,7415,12275
 2024/04/12-14:05,7415,7416,7408,7415,15917
 2024/04/12-14:10,7416,7419,7410,7413,13366
 2024/04/12-14:15,7412,7417,7412,7412,8411
 2024/04/12-14:20,7412,7417,7407,7416,14282
 2024/04/12-14:25,7416,7420,7411,7418,10073
 2024/04/12-14:30,7418,7439,7417,7429,46459
 2024/04/12-14:35,7429,7454,7427,7449,37359
 2024/04/12-14:40,7449,7457,7443,7444,38868
 2024/04/12-14:45,7444,7452,7440,7442,24648
 2024/04/12-14:50,7442,7458,7442,7455,26056
 2024/04/12-14:55,7456,7469,7455,7468,39312
 2024/04/12-15:00,7468,7480,7460,7474,50087
 2024/04/15-21:05,7494,7542,7491,7524,123034
 2024/04/15-21:10,7524,7528,7507,7517,59216
 2024/04/15-21:15,7518,7536,7508,7529,43693
 2024/04/15-21:20,7529,7554,7528,7547,72802
 2024/04/15-21:25,7547,7575,7543,7573,71925
 2024/04/15-21:30,7573,7593,7566,7566,89982
 2024/04/15-21:35,7566,7590,7547,7586,88944
 2024/04/15-21:40,7585,7592,7572,7574,55179
 2024/04/15-21:45,7573,7601,7569,7600,67136
 2024/04/15-21:50,7601,7630,7591,7623,83036
 2024/04/15-21:55,7622,7704,7620,7664,185235
 2024/04/15-22:00,7663,7664,7636,7642,90839
 2024/04/15-22:05,7642,7651,7599,7629,122725
 2024/04/15-22:10,7629,7641,7614,7617,60781
 2024/04/15-22:15,7617,7655,7617,7648,69848
 2024/04/15-22:20,7648,7666,7645,7660,56616
 2024/04/15-22:25,7660,7668,7647,7667,58236
 2024/04/15-22:30,7667,7689,7656,7661,79924
 2024/04/15-22:35,7660,7677,7659,7662,39612
 2024/04/15-22:40,7661,7676,7661,7666,31508
 2024/04/15-22:45,7666,7676,7651,7657,38451
 2024/04/15-22:50,7656,7672,7656,7663,29521
 2024/04/15-22:55,7663,7684,7661,7680,36077
 2024/04/15-23:00,7680,7714,7679,7707,89939
 2024/04/15-23:05,7706,7784,7702,7781,144800
 2024/04/15-23:10,7782,7789,7732,7738,115176
 2024/04/15-23:15,7739,7745,7689,7689,124107
 2024/04/15-23:20,7687,7690,7658,7667,100274
 2024/04/15-23:25,7667,7677,7609,7626,131695
 2024/04/15-23:30,7626,7629,7572,7585,188202
 2024/04/15-23:35,7586,7593,7501,7553,207564
 2024/04/15-23:40,7554,7571,7519,7523,123417
 2024/04/15-23:45,7523,7524,7471,7518,155689
 2024/04/15-23:50,7518,7536,7497,7526,93315
 2024/04/15-23:55,7527,7527,7504,7518,51862
 2024/04/15-00:00,7517,7547,7514,7538,65114
 2024/04/15-00:05,7538,7543,7512,7515,47445
 2024/04/15-00:10,7516,7529,7516,7526,28150
 2024/04/15-00:15,7526,7536,7517,7526,25996
 2024/04/15-00:20,7526,7529,7425,7425,147060
 2024/04/15-00:25,7425,7437,7395,7408,150452
 2024/04/15-00:30,7408,7428,7398,7403,80970
 2024/04/15-00:35,7403,7413,7391,7393,81939
 2024/04/15-00:40,7394,7428,7394,7408,62810
 2024/04/15-00:45,7409,7419,7406,7411,32306
 2024/04/15-00:50,7411,7411,7350,7364,111341
 2024/04/15-00:55,7364,7399,7363,7398,60514
 2024/04/15-01:00,7400,7429,7391,7411,70092
 2024/04/15-01:05,7412,7433,7409,7418,44805
 2024/04/15-01:10,7417,7429,7409,7410,37406
 2024/04/15-01:15,7411,7419,7381,7396,49023
 2024/04/15-01:20,7395,7420,7395,7397,44302
 2024/04/15-01:25,7397,7408,7397,7399,23348
 2024/04/15-01:30,7399,7400,7381,7396,38837
 2024/04/15-01:35,7395,7401,7382,7386,24470
 2024/04/15-01:40,7386,7391,7367,7380,42514
 2024/04/15-01:45,7380,7386,7348,7349,37899
 2024/04/15-01:50,7348,7374,7339,7361,60027
 2024/04/15-01:55,7361,7390,7360,7384,40650
 2024/04/15-02:00,7384,7398,7374,7386,36870
 2024/04/15-02:05,7386,7387,7368,7377,22362
 2024/04/15-02:10,7376,7396,7376,7386,23001
 2024/04/15-02:15,7386,7390,7383,7388,11162
 2024/04/15-02:20,7387,7387,7373,7376,22334
 2024/04/15-02:25,7376,7380,7362,7366,23217
 2024/04/15-02:30,7365,7375,7358,7371,36598
 2024/04/15-09:05,7371,7413,7310,7354,195911
 2024/04/15-09:10,7354,7383,7348,7378,73442
 2024/04/15-09:15,7378,7391,7348,7355,79267
 2024/04/15-09:20,7355,7373,7348,7355,48544
 2024/04/15-09:25,7356,7378,7353,7374,37489
 2024/04/15-09:30,7373,7390,7369,7382,38161
 2024/04/15-09:35,7381,7399,7377,7392,30819
 2024/04/15-09:40,7392,7419,7386,7413,52282
 2024/04/15-09:45,7413,7415,7399,7406,32176
 2024/04/15-09:50,7406,7411,7384,7400,31697
 2024/04/15-09:55,7401,7401,7387,7389,17384
 2024/04/15-10:00,7389,7399,7388,7388,14862
 2024/04/15-10:05,7387,7393,7369,7385,29719
 2024/04/15-10:10,7385,7401,7381,7396,19457
 2024/04/15-10:15,7397,7402,7392,7402,13263
 2024/04/15-10:35,7400,7405,7388,7388,17006
 2024/04/15-10:40,7388,7399,7387,7398,9007
 2024/04/15-10:45,7398,7401,7388,7390,8941
 2024/04/15-10:50,7390,7392,7383,7384,11611
 2024/04/15-10:55,7383,7383,7370,7380,17978
 2024/04/15-11:00,7381,7389,7378,7380,9413
 2024/04/15-11:05,7380,7385,7371,7382,13570
 2024/04/15-11:10,7382,7382,7368,7378,12708
 2024/04/15-11:15,7379,7379,7368,7370,10409
 2024/04/15-11:20,7370,7375,7354,7358,27716
 2024/04/15-11:25,7359,7366,7349,7364,18946
 2024/04/15-11:30,7363,7371,7361,7366,11973
 2024/04/15-13:35,7371,7379,7357,7365,22310
 2024/04/15-13:40,7365,7379,7363,7378,12162
 2024/04/15-13:45,7377,7387,7375,7385,15277
 2024/04/15-13:50,7385,7412,7380,7409,30502
 2024/04/15-13:55,7408,7447,7403,7440,74287
 2024/04/15-14:00,7441,7471,7438,7456,71601
 2024/04/15-14:05,7456,7457,7437,7442,50852
 2024/04/15-14:10,7442,7442,7408,7421,55356
 2024/04/15-14:15,7421,7455,7421,7446,41825
 2024/04/15-14:20,7445,7454,7433,7446,29515
 2024/04/15-14:25,7446,7460,7439,7457,26434
 2024/04/15-14:30,7457,7463,7435,7446,33848
 2024/04/15-14:35,7446,7454,7438,7447,17698
 2024/04/15-14:40,7447,7457,7444,7450,17999
 2024/04/15-14:45,7450,7456,7441,7454,23954
 2024/04/15-14:50,7454,7454,7442,7444,13132
 2024/04/15-14:55,7443,7445,7423,7423,35236
 2024/04/15-15:00,7422,7441,7417,7439,33914
 2024/04/16-21:05,7488,7510,7464,7471,139029
 2024/04/16-21:10,7472,7493,7450,7457,83881
 2024/04/16-21:15,7458,7465,7445,7447,53376
 2024/04/16-21:20,7447,7448,7432,7436,59807
 2024/04/16-21:25,7436,7449,7427,7430,43843
 2024/04/16-21:30,7431,7452,7431,7449,32494
 2024/04/16-21:35,7448,7459,7440,7448,42506
 2024/04/16-21:40,7448,7453,7409,7417,72897
 2024/04/16-21:45,7417,7422,7390,7402,90179
 2024/04/16-21:50,7402,7424,7402,7418,49523
 2024/04/16-21:55,7418,7425,7395,7398,40482
 2024/04/16-22:00,7398,7413,7392,7410,37869
 2024/04/16-22:05,7410,7414,7380,7381,54370
 2024/04/16-22:10,7381,7384,7349,7354,103195
 2024/04/16-22:15,7354,7362,7337,7355,92534
 2024/04/16-22:20,7356,7365,7351,7361,44100
 2024/04/16-22:25,7361,7364,7327,7335,67856
 2024/04/16-22:30,7333,7353,7327,7348,54548
 2024/04/16-22:35,7348,7371,7348,7358,55506
 2024/04/16-22:40,7358,7386,7357,7377,65925
 2024/04/16-22:45,7377,7389,7372,7387,43492
 2024/04/16-22:50,7387,7388,7370,7383,39091
 2024/04/16-22:55,7383,7414,7373,7410,58208
 2024/04/16-23:00,7410,7411,7395,7398,32270
 2024/04/16-23:05,7398,7398,7370,7378,53946
 2024/04/16-23:10,7378,7393,7376,7390,29621
 2024/04/16-23:15,7390,7406,7386,7388,35517
 2024/04/16-23:20,7389,7399,7383,7393,21557
 2024/04/16-23:25,7392,7410,7388,7405,30712
 2024/04/16-23:30,7406,7423,7402,7421,36907
 2024/04/16-23:35,7421,7427,7411,7415,37801
 2024/04/16-23:40,7414,7418,7400,7418,36093
 2024/04/16-23:45,7419,7437,7417,7428,40075
 2024/04/16-23:50,7428,7432,7416,7429,22077
 2024/04/16-23:55,7428,7434,7423,7431,20458
 2024/04/16-00:00,7431,7442,7428,7434,24891
 2024/04/16-00:05,7434,7438,7421,7434,22732
 2024/04/16-00:10,7433,7437,7424,7425,12930
 2024/04/16-00:15,7425,7427,7410,7417,20644
 2024/04/16-00:20,7418,7423,7413,7421,15496
 2024/04/16-00:25,7421,7422,7405,7407,14383
 2024/04/16-00:30,7408,7419,7406,7415,13677
 2024/04/16-00:35,7414,7415,7396,7399,18324
 2024/04/16-00:40,7398,7400,7387,7399,25632
 2024/04/16-00:45,7399,7455,7398,7442,62316
 2024/04/16-00:50,7442,7455,7431,7442,30967
 2024/04/16-00:55,7442,7454,7440,7448,21949
 2024/04/16-01:00,7447,7449,7438,7440,14515
 2024/04/16-01:05,7441,7441,7427,7439,21666
 2024/04/16-01:10,7439,7445,7429,7431,13869
 2024/04/16-01:15,7431,7441,7429,7434,11539
 2024/04/16-01:20,7434,7438,7426,7434,13414
 2024/04/16-01:25,7434,7442,7433,7440,10994
 2024/04/16-01:30,7440,7458,7436,7452,21256
 2024/04/16-01:35,7452,7453,7438,7442,13781
 2024/04/16-01:40,7442,7452,7441,7449,11995
 2024/04/16-01:45,7449,7456,7443,7443,16851
 2024/04/16-01:50,7443,7447,7429,7434,15652
 2024/04/16-01:55,7434,7444,7431,7440,9671
 2024/04/16-02:00,7440,7453,7440,7446,10889
 2024/04/16-02:05,7446,7448,7442,7444,6499
 2024/04/16-02:10,7444,7446,7433,7439,8075
 2024/04/16-02:15,7439,7446,7436,7443,5297
 2024/04/16-02:20,7443,7449,7439,7446,7254
 2024/04/16-02:25,7446,7447,7443,7446,3807
 2024/04/16-02:30,7445,7449,7439,7444,10014
 2024/04/16-09:05,7464,7494,7461,7464,101106
 2024/04/16-09:10,7464,7474,7450,7451,52559
 2024/04/16-09:15,7452,7470,7450,7461,30690
 2024/04/16-09:20,7460,7465,7446,7463,33878
 2024/04/16-09:25,7463,7478,7462,7473,27938
 2024/04/16-09:30,7473,7474,7461,7464,14471
 2024/04/16-09:35,7464,7467,7457,7459,18781
 2024/04/16-09:40,7459,7464,7457,7462,9896
 2024/04/16-09:45,7463,7463,7438,7445,29675
 2024/04/16-09:50,7445,7458,7444,7453,17858
 2024/04/16-09:55,7453,7466,7452,7465,15757
 2024/04/16-10:00,7465,7468,7459,7463,9690
 2024/04/16-10:05,7463,7473,7459,7470,13340
 2024/04/16-10:10,7470,7471,7454,7455,9977
 2024/04/16-10:15,7455,7462,7443,7450,19813
 2024/04/16-10:35,7450,7451,7430,7444,28326
 2024/04/16-10:40,7444,7450,7438,7441,15110
 2024/04/16-10:45,7441,7451,7438,7443,9525
 2024/04/16-10:50,7442,7454,7442,7449,8836
 2024/04/16-10:55,7449,7460,7449,7459,14917
 2024/04/16-11:00,7459,7467,7454,7459,16242
 2024/04/16-11:05,7459,7462,7454,7461,8927
 2024/04/16-11:10,7461,7464,7457,7463,7528
 2024/04/16-11:15,7462,7475,7462,7472,16749
 2024/04/16-11:20,7472,7476,7467,7475,13574
 2024/04/16-11:25,7475,7500,7474,7489,40701
 2024/04/16-11:30,7490,7509,7487,7503,38620
 2024/04/16-13:35,7498,7498,7470,7474,48125
 2024/04/16-13:40,7473,7474,7463,7468,22589
 2024/04/16-13:45,7467,7470,7460,7465,16387
 2024/04/16-13:50,7465,7477,7465,7474,13829
 2024/04/16-13:55,7473,7481,7468,7470,13002
 2024/04/16-14:00,7470,7477,7468,7475,9848
 2024/04/16-14:05,7475,7486,7475,7481,14352
 2024/04/16-14:10,7481,7485,7472,7474,11806
 2024/04/16-14:15,7473,7474,7466,7469,12775
 2024/04/16-14:20,7469,7475,7466,7471,9752
 2024/04/16-14:25,7471,7475,7458,7461,15556
 2024/04/16-14:30,7461,7462,7433,7437,35707
 2024/04/16-14:35,7437,7440,7389,7389,98496
 2024/04/16-14:40,7388,7395,7371,7389,74779
 2024/04/16-14:45,7389,7394,7340,7354,94606
 2024/04/16-14:50,7355,7365,7340,7346,61343
 2024/04/16-14:55,7347,7355,7339,7347,47145
 2024/04/16-15:00,7347,7377,7343,7372,51271
 2024/04/17-21:05,7367,7376,7351,7357,63515
 2024/04/17-21:10,7356,7361,7323,7359,84356
 2024/04/17-21:15,7360,7367,7350,7352,40144
 2024/04/17-21:20,7352,7383,7351,7375,43668
 2024/04/17-21:25,7375,7407,7369,7404,73320
 2024/04/17-21:30,7404,7418,7397,7413,54567
 2024/04/17-21:35,7413,7413,7384,7386,58500
 2024/04/17-21:40,7385,7390,7363,7378,71085
 2024/04/17-21:45,7379,7388,7368,7380,41530
 2024/04/17-21:50,7380,7389,7368,7374,38607
 2024/04/17-21:55,7374,7375,7343,7346,53532
 2024/04/17-22:00,7347,7350,7329,7339,74800
 2024/04/17-22:05,7339,7355,7339,7354,43087
 2024/04/17-22:10,7354,7358,7333,7338,45164
 2024/04/17-22:15,7338,7338,7304,7328,110647
 2024/04/17-22:20,7328,7342,7327,7330,52339
 2024/04/17-22:25,7330,7334,7309,7322,61758
 2024/04/17-22:30,7323,7328,7313,7321,35573
 2024/04/17-22:35,7321,7339,7318,7338,35662
 2024/04/17-22:40,7338,7344,7325,7334,36329
 2024/04/17-22:45,7334,7357,7328,7349,48285
 2024/04/17-22:50,7349,7365,7344,7358,36333
 2024/04/17-22:55,7358,7376,7352,7369,42937
 2024/04/17-23:00,7369,7375,7359,7372,35404
 2024/04/17-23:05,7371,7391,7368,7389,51548
 2024/04/17-23:10,7389,7395,7380,7385,44294
 2024/04/17-23:15,7384,7386,7363,7367,55320
 2024/04/17-23:20,7368,7378,7359,7374,37883
 2024/04/17-23:25,7374,7375,7359,7359,21778
 2024/04/17-23:30,7358,7359,7342,7354,46231
 2024/04/17-23:35,7353,7367,7350,7366,25778
 2024/04/17-23:40,7365,7373,7363,7367,21962
 2024/04/17-23:45,7366,7376,7365,7366,18570
 2024/04/17-23:50,7366,7367,7354,7364,23542
 2024/04/17-23:55,7364,7374,7362,7373,15890
 2024/04/17-00:00,7373,7377,7360,7367,17042
 2024/04/17-00:05,7367,7375,7363,7367,15405
 2024/04/17-00:10,7368,7382,7367,7378,17961
 2024/04/17-00:15,7378,7381,7366,7368,17647
 2024/04/17-00:20,7367,7378,7367,7376,10720
 2024/04/17-00:25,7376,7381,7372,7375,10272
 2024/04/17-00:30,7375,7380,7370,7374,8547
 2024/04/17-00:35,7374,7389,7373,7382,13719
 2024/04/17-00:40,7382,7387,7374,7383,13988
 2024/04/17-00:45,7383,7396,7382,7385,22119
 2024/04/17-00:50,7385,7402,7384,7398,22524
 2024/04/17-00:55,7398,7398,7388,7391,16253
 2024/04/17-01:00,7391,7400,7389,7396,13426
 2024/04/17-01:05,7396,7396,7372,7377,23478
 2024/04/17-01:10,7377,7387,7376,7379,11765
 2024/04/17-01:15,7380,7383,7366,7370,15229
 2024/04/17-01:20,7371,7378,7368,7375,8041
 2024/04/17-01:25,7374,7375,7359,7373,19239
 2024/04/17-01:30,7373,7379,7368,7369,8553
 2024/04/17-01:35,7368,7370,7355,7361,28078
 2024/04/17-01:40,7362,7368,7361,7364,12456
 2024/04/17-01:45,7364,7370,7363,7364,8662
 2024/04/17-01:50,7364,7372,7362,7362,8246
 2024/04/17-01:55,7362,7365,7355,7360,13915
 2024/04/17-02:00,7360,7369,7358,7368,7788
 2024/04/17-02:05,7368,7375,7365,7374,10708
 2024/04/17-02:10,7374,7393,7371,7389,16692
 2024/04/17-02:15,7390,7396,7383,7383,14898
 2024/04/17-02:20,7384,7385,7380,7383,8913
 2024/04/17-02:25,7383,7388,7373,7374,9613
 2024/04/17-02:30,7374,7383,7373,7382,10763
 2024/04/17-09:05,7367,7370,7354,7358,47224
 2024/04/17-09:10,7357,7368,7352,7360,22736
 2024/04/17-09:15,7361,7371,7357,7362,16249
 2024/04/17-09:20,7362,7364,7348,7351,22749
 2024/04/17-09:25,7351,7355,7345,7348,16467
 2024/04/17-09:30,7348,7349,7323,7329,50492
 2024/04/17-09:35,7330,7340,7329,7339,20925
 2024/04/17-09:40,7339,7347,7337,7341,15637
 2024/04/17-09:45,7341,7351,7339,7347,12940
 2024/04/17-09:50,7347,7347,7334,7337,11499
 2024/04/17-09:55,7337,7355,7335,7349,15467
 2024/04/17-10:00,7349,7356,7344,7349,12015
 2024/04/17-10:05,7349,7357,7345,7353,10726
 2024/04/17-10:10,7353,7355,7345,7345,8068
 2024/04/17-10:15,7345,7353,7342,7350,8700
 2024/04/17-10:35,7352,7366,7352,7360,18577
 2024/04/17-10:40,7361,7367,7359,7365,11958
 2024/04/17-10:45,7365,7370,7364,7367,11335
 2024/04/17-10:50,7367,7369,7363,7364,8392
 2024/04/17-10:55,7364,7364,7356,7356,9174
 2024/04/17-11:00,7357,7358,7349,7349,8933
 2024/04/17-11:05,7349,7356,7347,7349,8623
 2024/04/17-11:10,7349,7359,7349,7356,6894
 2024/04/17-11:15,7356,7359,7350,7351,5488
 2024/04/17-11:20,7351,7353,7348,7351,5612
 2024/04/17-11:25,7351,7358,7346,7349,9239
 2024/04/17-11:30,7349,7351,7346,7348,6918
 2024/04/17-13:35,7355,7365,7355,7356,28865
 2024/04/17-13:40,7356,7357,7337,7352,30026
 2024/04/17-13:45,7352,7385,7350,7373,45217
 2024/04/17-13:50,7372,7381,7359,7364,22664
 2024/04/17-13:55,7364,7365,7349,7355,18816
 2024/04/17-14:00,7355,7366,7354,7365,11562
 2024/04/17-14:05,7364,7370,7351,7354,16570
 2024/04/17-14:10,7354,7358,7347,7354,15703
 2024/04/17-14:15,7354,7355,7347,7352,9094
 2024/04/17-14:20,7351,7353,7335,7341,23302
 2024/04/17-14:25,7341,7360,7338,7358,21159
 2024/04/17-14:30,7358,7365,7355,7362,19973
 2024/04/17-14:35,7362,7369,7361,7365,15904
 2024/04/17-14:40,7365,7371,7359,7368,13014
 2024/04/17-14:45,7368,7375,7365,7373,15760
 2024/04/17-14:50,7373,7386,7370,7386,18889
 2024/04/17-14:55,7387,7399,7387,7392,32699
 2024/04/17-15:00,7391,7395,7378,7393,27747
 2024/04/18-21:05,7403,7433,7403,7424,72585
 2024/04/18-21:10,7425,7426,7414,7416,27831
 2024/04/18-21:15,7416,7418,7405,7415,22907
 2024/04/18-21:20,7415,7450,7414,7440,54773
 2024/04/18-21:25,7440,7457,7436,7456,31786
 2024/04/18-21:30,7456,7466,7447,7465,33089
 2024/04/18-21:35,7464,7496,7464,7486,66073
 2024/04/18-21:40,7486,7499,7483,7486,42550
 2024/04/18-21:45,7486,7488,7461,7486,48486
 2024/04/18-21:50,7487,7489,7467,7477,28783
 2024/04/18-21:55,7477,7491,7474,7480,23821
 2024/04/18-22:00,7480,7486,7465,7486,29839
 2024/04/18-22:05,7486,7487,7470,7478,27922
 2024/04/18-22:10,7478,7502,7473,7502,37157
 2024/04/18-22:15,7502,7503,7488,7495,30844
 2024/04/18-22:20,7495,7495,7480,7484,22846
 2024/04/18-22:25,7484,7484,7470,7484,25291
 2024/04/18-22:30,7483,7494,7483,7494,15758
 2024/04/18-22:35,7494,7495,7483,7488,18165
 2024/04/18-22:40,7488,7493,7482,7490,12661
 2024/04/18-22:45,7490,7497,7486,7493,13951
 2024/04/18-22:50,7493,7498,7484,7485,22766
 2024/04/18-22:55,7485,7486,7442,7452,66816
 2024/04/18-23:00,7452,7459,7441,7451,38184
 2024/04/18-23:05,7451,7468,7450,7463,37624
 2024/04/18-23:10,7463,7463,7440,7450,38274
 2024/04/18-23:15,7449,7449,7427,7428,45526
 2024/04/18-23:20,7428,7428,7402,7416,65213
 2024/04/18-23:25,7416,7433,7416,7429,32306
 2024/04/18-23:30,7429,7434,7422,7425,19670
 2024/04/18-23:35,7425,7428,7410,7422,27016
 2024/04/18-23:40,7421,7430,7418,7425,16716
 2024/04/18-23:45,7425,7432,7419,7426,12508
 2024/04/18-23:50,7426,7431,7422,7431,9038
 2024/04/18-23:55,7431,7441,7429,7434,17285
 2024/04/18-00:00,7434,7436,7398,7404,34232
 2024/04/18-00:05,7405,7413,7396,7403,29294
 2024/04/18-00:10,7403,7407,7387,7393,34359
 2024/04/18-00:15,7392,7404,7372,7378,37628
 2024/04/18-00:20,7377,7381,7369,7379,31576
 2024/04/18-00:25,7380,7384,7369,7372,22795
 2024/04/18-00:30,7372,7382,7364,7375,24856
 2024/04/18-00:35,7375,7376,7356,7365,34234
 2024/04/18-00:40,7364,7374,7355,7360,30925
 2024/04/18-00:45,7360,7364,7341,7343,40000
 2024/04/18-00:50,7343,7355,7330,7349,53303
 2024/04/18-00:55,7350,7374,7349,7368,36786
 2024/04/18-01:00,7368,7379,7363,7378,23318
 2024/04/18-01:05,7378,7378,7367,7371,14377
 2024/04/18-01:10,7372,7372,7358,7368,16222
 2024/04/18-01:15,7369,7376,7367,7367,11079
 2024/04/18-01:20,7367,7373,7367,7368,7399
 2024/04/18-01:25,7369,7374,7367,7371,6336
 2024/04/18-01:30,7371,7389,7371,7383,15489
 2024/04/18-01:35,7383,7406,7383,7399,25045
 2024/04/18-01:40,7400,7403,7391,7394,11775
 2024/04/18-01:45,7395,7396,7386,7391,10135
 2024/04/18-01:50,7391,7391,7373,7385,13183
 2024/04/18-01:55,7386,7393,7384,7387,8261
 2024/04/18-02:00,7387,7393,7386,7388,5472
 2024/04/18-02:05,7388,7397,7388,7394,6461
 2024/04/18-02:10,7394,7398,7388,7396,6793
 2024/04/18-02:15,7396,7396,7390,7391,3377
 2024/04/18-02:20,7391,7392,7383,7392,7630
 2024/04/18-02:25,7392,7393,7385,7387,4544
 2024/04/18-02:30,7386,7393,7380,7393,9260
 2024/04/18-09:05,7393,7393,7366,7381,40603
 2024/04/18-09:10,7382,7382,7360,7369,23058
 2024/04/18-09:15,7369,7375,7362,7373,11838
 2024/04/18-09:20,7373,7374,7364,7373,10559
 2024/04/18-09:25,7373,7374,7362,7362,11713
 2024/04/18-09:30,7362,7365,7339,7345,34139
 2024/04/18-09:35,7346,7349,7318,7328,59422
 2024/04/18-09:40,7328,7338,7323,7329,25737
 2024/04/18-09:45,7329,7346,7329,7337,16112
 2024/04/18-09:50,7337,7352,7336,7347,15708
 2024/04/18-09:55,7347,7347,7342,7345,6957
 2024/04/18-10:00,7345,7354,7339,7346,11370
 2024/04/18-10:05,7345,7353,7341,7352,6748
 2024/04/18-10:10,7352,7357,7347,7356,8318
 2024/04/18-10:15,7356,7366,7355,7365,14265
 2024/04/18-10:35,7365,7372,7362,7370,11488
 2024/04/18-10:40,7371,7381,7368,7378,14403
 2024/04/18-10:45,7378,7381,7369,7369,11141
 2024/04/18-10:50,7370,7389,7369,7387,13327
 2024/04/18-10:55,7388,7389,7373,7374,11997
 2024/04/18-11:00,7373,7378,7373,7373,6340
 2024/04/18-11:05,7373,7386,7373,7381,6993
 2024/04/18-11:10,7381,7384,7377,7377,4506
 2024/04/18-11:15,7377,7379,7369,7369,7492
 2024/04/18-11:20,7370,7373,7364,7370,8748
 2024/04/18-11:25,7370,7375,7370,7375,5105
 2024/04/18-11:30,7375,7384,7374,7383,9004
 2024/04/18-13:35,7389,7401,7386,7386,29666
 2024/04/18-13:40,7387,7390,7379,7383,13412
 2024/04/18-13:45,7383,7410,7382,7403,26059
 2024/04/18-13:50,7404,7404,7388,7394,14157
 2024/04/18-13:55,7395,7397,7392,7397,7329
 2024/04/18-14:00,7397,7405,7397,7397,10902
 2024/04/18-14:05,7397,7417,7397,7417,18734
 2024/04/18-14:10,7418,7435,7418,7432,33560
 2024/04/18-14:15,7432,7442,7426,7427,24787
 2024/04/18-14:20,7428,7447,7427,7437,21656
 2024/04/18-14:25,7437,7446,7433,7436,14228
 2024/04/18-14:30,7436,7446,7430,7440,15930
 2024/04/18-14:35,7440,7441,7420,7422,15269
 2024/04/18-14:40,7422,7438,7414,7433,22403
 2024/04/18-14:45,7433,7440,7427,7428,12783
 2024/04/18-14:50,7427,7438,7420,7422,14477
 2024/04/18-14:55,7421,7432,7421,7430,8576
 2024/04/18-15:00,7431,7443,7423,7442,23882
 2024/04/19-21:05,7451,7470,7431,7436,59152
 2024/04/19-21:10,7435,7436,7414,7415,33770
 2024/04/19-21:15,7414,7422,7381,7383,56997
 2024/04/19-21:20,7383,7396,7370,7380,53758
 2024/04/19-21:25,7381,7409,7381,7402,40488
 2024/04/19-21:30,7402,7416,7391,7416,31934
 2024/04/19-21:35,7415,7433,7405,7411,45617
 2024/04/19-21:40,7410,7410,7363,7369,90136
 2024/04/19-21:45,7368,7377,7362,7368,42708
 2024/04/19-21:50,7367,7396,7367,7385,40244
 2024/04/19-21:55,7384,7397,7379,7381,29601
 2024/04/19-22:00,7382,7390,7379,7381,17135
 2024/04/19-22:05,7381,7387,7368,7369,21330
 2024/04/19-22:10,7369,7390,7369,7388,21241
 2024/04/19-22:15,7388,7395,7381,7385,17052
 2024/04/19-22:20,7385,7391,7384,7386,10272
 2024/04/19-22:25,7385,7385,7371,7377,19724
 2024/04/19-22:30,7377,7378,7361,7368,24675
 2024/04/19-22:35,7369,7377,7358,7364,26521
 2024/04/19-22:40,7363,7364,7343,7355,49260
 2024/04/19-22:45,7355,7364,7348,7364,28935
 2024/04/19-22:50,7364,7371,7360,7367,18515
 2024/04/19-22:55,7367,7375,7361,7373,16337
 2024/04/19-23:00,7374,7384,7372,7375,21503
 2024/04/19-23:05,7375,7388,7369,7382,23909
 2024/04/19-23:10,7382,7385,7376,7383,10972
 2024/04/19-23:15,7383,7394,7380,7382,19626
 2024/04/19-23:20,7382,7390,7381,7389,10907
 2024/04/19-23:25,7389,7393,7382,7382,14146
 2024/04/19-23:30,7382,7389,7375,7386,12850
 2024/04/19-23:35,7387,7390,7380,7383,8236
 2024/04/19-23:40,7382,7392,7379,7388,9673
 2024/04/19-23:45,7388,7389,7375,7380,10987
 2024/04/19-23:50,7381,7381,7369,7376,14431
 2024/04/19-23:55,7376,7380,7373,7377,6334
 2024/04/19-00:00,7377,7385,7377,7382,7187
 2024/04/19-00:05,7382,7388,7376,7382,6960
 2024/04/19-00:10,7382,7385,7377,7377,5116
 2024/04/19-00:15,7378,7384,7377,7383,3861
 2024/04/19-00:20,7383,7383,7377,7380,3277
 2024/04/19-00:25,7379,7382,7374,7377,7422
 2024/04/19-00:30,7377,7384,7377,7382,4967
 2024/04/19-00:35,7382,7401,7382,7399,16288
 2024/04/19-00:40,7399,7416,7397,7401,26791
 2024/04/19-00:45,7401,7403,7387,7390,15385
 2024/04/19-00:50,7390,7396,7383,7385,8910
 2024/04/19-00:55,7385,7394,7383,7390,6917
 2024/04/19-01:00,7391,7399,7390,7396,6575
 2024/04/19-01:05,7396,7398,7393,7394,4973
 2024/04/19-01:10,7394,7398,7391,7394,4916
 2024/04/19-01:15,7394,7399,7392,7392,4683
 2024/04/19-01:20,7392,7395,7367,7375,16733
 2024/04/19-01:25,7374,7382,7374,7374,7789
 2024/04/19-01:30,7374,7379,7371,7378,6327
 2024/04/19-01:35,7378,7381,7372,7373,4201
 2024/04/19-01:40,7373,7378,7372,7375,3257
 2024/04/19-01:45,7375,7376,7367,7374,5891
 2024/04/19-01:50,7374,7379,7372,7374,3978
 2024/04/19-01:55,7374,7377,7372,7375,2258
 2024/04/19-02:00,7375,7382,7373,7382,4805
 2024/04/19-02:05,7382,7382,7372,7375,4849
 2024/04/19-02:10,7375,7379,7373,7374,2864
 2024/04/19-02:15,7375,7375,7362,7372,8504
 2024/04/19-02:20,7371,7373,7367,7370,3172
 2024/04/19-02:25,7371,7376,7367,7373,3439
 2024/04/19-02:30,7374,7379,7372,7378,5047
 2024/04/19-09:05,7370,7385,7359,7384,41002
 2024/04/19-09:10,7384,7396,7376,7393,22102
 2024/04/19-09:15,7393,7420,7393,7404,37758
 2024/04/19-09:20,7404,7418,7398,7417,23110
 2024/04/19-09:25,7416,7424,7409,7412,27078
 2024/04/19-09:30,7411,7428,7407,7426,24821
 2024/04/19-09:35,7425,7456,7420,7454,42917
 2024/04/19-09:40,7454,7476,7448,7474,58719
 2024/04/19-09:45,7473,7496,7462,7492,64779
 2024/04/19-09:50,7492,7547,7478,7539,109374
 2024/04/19-09:55,7538,7539,7484,7485,70062
 2024/04/19-10:00,7484,7506,7484,7499,29981
 2024/04/19-10:05,7498,7510,7459,7478,52256
 2024/04/19-10:10,7477,7490,7468,7476,25219
 2024/04/19-10:15,7476,7488,7471,7485,19598
 2024/04/19-10:35,7481,7497,7477,7496,21007
 2024/04/19-10:40,7496,7496,7465,7465,19948
 2024/04/19-10:45,7464,7464,7432,7444,57139
 2024/04/19-10:50,7444,7474,7443,7470,21123
 2024/04/19-10:55,7470,7484,7467,7469,20520
 2024/04/19-11:00,7468,7472,7454,7459,17811
 2024/04/19-11:05,7459,7465,7448,7450,17952
 2024/04/19-11:10,7451,7455,7437,7442,20085
 2024/04/19-11:15,7441,7447,7383,7383,66813
 2024/04/19-11:20,7383,7391,7341,7351,97833
 2024/04/19-11:25,7351,7367,7347,7363,45071
 2024/04/19-11:30,7362,7382,7362,7371,31029
 2024/04/19-13:35,7368,7379,7362,7375,23992
 2024/04/19-13:40,7374,7378,7354,7362,21149
 2024/04/19-13:45,7362,7374,7361,7369,11226
 2024/04/19-13:50,7370,7370,7358,7369,15109
 2024/04/19-13:55,7369,7387,7369,7379,18413
 2024/04/19-14:00,7378,7386,7374,7377,10887
 2024/04/19-14:05,7377,7384,7371,7384,10108
 2024/04/19-14:10,7384,7405,7380,7397,20165
 2024/04/19-14:15,7397,7400,7390,7394,12521
 2024/04/19-14:20,7394,7394,7380,7380,11697
 2024/04/19-14:25,7381,7387,7378,7386,7521
 2024/04/19-14:30,7386,7390,7381,7387,7003
 2024/04/19-14:35,7387,7389,7376,7381,12115
 2024/04/19-14:40,7380,7394,7374,7389,12785
 2024/04/19-14:45,7389,7405,7389,7395,18990
 2024/04/19-14:50,7395,7400,7391,7397,10278
 2024/04/19-14:55,7397,7401,7392,7399,10490
 2024/04/19-15:00,7399,7432,7399,7424,37413
 2024/04/22-21:05,7398,7403,7381,7384,45069
 2024/04/22-21:10,7384,7389,7373,7382,25814
 2024/04/22-21:15,7382,7395,7376,7378,17284
 2024/04/22-21:20,7379,7386,7368,7383,26216
 2024/04/22-21:25,7383,7415,7379,7414,26735
 2024/04/22-21:30,7414,7414,7401,7412,20694
 2024/04/22-21:35,7412,7438,7406,7433,45234
 2024/04/22-21:40,7432,7438,7423,7428,25900
 2024/04/22-21:45,7428,7434,7417,7433,24241
 2024/04/22-21:50,7433,7433,7414,7420,18123
 2024/04/22-21:55,7420,7426,7415,7419,11515
 2024/04/22-22:00,7418,7422,7400,7402,22041
 2024/04/22-22:05,7401,7419,7401,7417,16134
 2024/04/22-22:10,7418,7424,7414,7421,11926
 2024/04/22-22:15,7420,7429,7414,7424,14166
 2024/04/22-22:20,7424,7433,7424,7430,12552
 2024/04/22-22:25,7430,7438,7422,7423,22862
 2024/04/22-22:30,7423,7427,7420,7427,10770
 2024/04/22-22:35,7427,7436,7413,7416,18305
 2024/04/22-22:40,7416,7427,7408,7422,13547
 2024/04/22-22:45,7422,7429,7421,7425,10636
 2024/04/22-22:50,7425,7433,7424,7427,11613
 2024/04/22-22:55,7427,7433,7423,7428,10115
 2024/04/22-23:00,7428,7431,7419,7428,10909
 2024/04/22-23:05,7427,7452,7425,7451,33011
 2024/04/22-23:10,7452,7455,7439,7445,25286
 2024/04/22-23:15,7445,7448,7439,7443,13730
 2024/04/22-23:20,7443,7447,7425,7431,20014
 2024/04/22-23:25,7431,7434,7422,7432,16315
 2024/04/22-23:30,7432,7437,7427,7433,9790
 2024/04/22-23:35,7433,7434,7421,7422,11829
 2024/04/22-23:40,7422,7430,7415,7426,15172
 2024/04/22-23:45,7425,7428,7420,7424,6773
 2024/04/22-23:50,7425,7432,7424,7429,6798
 2024/04/22-23:55,7429,7442,7429,7440,10975
 2024/04/22-00:00,7440,7443,7435,7440,9497
 2024/04/22-00:05,7440,7442,7433,7435,7559
 2024/04/22-00:10,7434,7440,7429,7430,8117
 2024/04/22-00:15,7431,7438,7427,7434,6190
 2024/04/22-00:20,7434,7435,7425,7427,8424
 2024/04/22-00:25,7427,7435,7427,7433,5033
 2024/04/22-00:30,7432,7433,7428,7429,3063
 2024/04/22-00:35,7429,7438,7429,7437,4518
 2024/04/22-00:40,7437,7439,7433,7434,5309
 2024/04/22-00:45,7434,7438,7433,7435,3772
 2024/04/22-00:50,7435,7443,7435,7440,6680
 2024/04/22-00:55,7440,7449,7439,7448,11879
 2024/04/22-01:00,7448,7458,7447,7450,13505
 2024/04/22-01:05,7450,7467,7450,7458,21234
 2024/04/22-01:10,7458,7461,7452,7457,8838
 2024/04/22-01:15,7457,7460,7451,7458,6660
 2024/04/22-01:20,7458,7466,7454,7462,8969
 2024/04/22-01:25,7463,7474,7458,7471,13137
 2024/04/22-01:30,7471,7471,7461,7463,8615
 2024/04/22-01:35,7462,7467,7460,7461,4388
 2024/04/22-01:40,7461,7465,7457,7462,5552
 2024/04/22-01:45,7462,7462,7435,7442,17075
 2024/04/22-01:50,7442,7448,7432,7440,10833
 2024/04/22-01:55,7440,7445,7438,7441,4526
 2024/04/22-02:00,7441,7445,7436,7443,4545
 2024/04/22-02:05,7443,7455,7440,7454,7587
 2024/04/22-02:10,7453,7453,7445,7447,3727
 2024/04/22-02:15,7447,7453,7446,7451,2717
 2024/04/22-02:20,7450,7460,7450,7459,6004
 2024/04/22-02:25,7460,7465,7458,7462,4869
 2024/04/22-02:30,7461,7469,7461,7465,10266
 2024/04/22-09:05,7465,7465,7379,7381,74758
 2024/04/22-09:10,7382,7397,7380,7390,33019
 2024/04/22-09:15,7389,7392,7371,7374,33710
 2024/04/22-09:20,7373,7384,7361,7371,34115
 2024/04/22-09:25,7370,7378,7364,7366,22189
 2024/04/22-09:30,7366,7370,7361,7364,21518
 2024/04/22-09:35,7364,7366,7356,7359,23621
 2024/04/22-09:40,7359,7373,7355,7372,20724
 2024/04/22-09:45,7372,7384,7371,7372,19063
 2024/04/22-09:50,7372,7381,7368,7377,10694
 2024/04/22-09:55,7377,7383,7374,7376,8388
 2024/04/22-10:00,7376,7381,7369,7371,10376
 2024/04/22-10:05,7371,7382,7365,7382,12305
 2024/04/22-10:10,7382,7385,7378,7378,12354
 2024/04/22-10:15,7378,7381,7373,7376,5241
 2024/04/22-10:35,7373,7381,7367,7380,13164
 2024/04/22-10:40,7380,7386,7378,7381,9586
 2024/04/22-10:45,7381,7381,7374,7375,5012
 2024/04/22-10:50,7375,7391,7371,7388,14647
 2024/04/22-10:55,7388,7388,7371,7371,9982
 2024/04/22-11:00,7371,7378,7366,7369,8868
 2024/04/22-11:05,7369,7370,7356,7370,20914
 2024/04/22-11:10,7369,7371,7359,7359,11050
 2024/04/22-11:15,7359,7360,7325,7333,61871
 2024/04/22-11:20,7332,7332,7231,7264,160966
 2024/04/22-11:25,7264,7290,7253,7265,67995
 2024/04/22-11:30,7265,7266,7242,7251,54004
 2024/04/22-13:35,7255,7273,7249,7268,41782
 2024/04/22-13:40,7267,7269,7211,7222,64678
 2024/04/22-13:45,7223,7233,7212,7218,34001
 2024/04/22-13:50,7218,7226,7210,7219,34595
 2024/04/22-13:55,7219,7222,7208,7221,28146
 2024/04/22-14:00,7221,7236,7221,7235,26375
 2024/04/22-14:05,7234,7255,7224,7224,35693
 2024/04/22-14:10,7225,7229,7214,7228,24851
 2024/04/22-14:15,7229,7232,7223,7228,16908
 2024/04/22-14:20,7228,7236,7219,7224,17995
 2024/04/22-14:25,7224,7225,7214,7222,15678
 2024/04/22-14:30,7222,7226,7213,7217,15343
 2024/04/22-14:35,7217,7225,7197,7220,41589
 2024/04/22-14:40,7220,7220,7210,7215,13074
 2024/04/22-14:45,7215,7219,7187,7190,35740
 2024/04/22-14:50,7190,7197,7162,7176,66785
 2024/04/22-14:55,7177,7185,7172,7180,29227
 2024/04/22-15:00,7181,7183,7174,7182,32489
 2024/04/23-21:05,7109,7136,7101,7133,101451
 2024/04/23-21:10,7134,7135,7098,7109,51965
 2024/04/23-21:15,7110,7127,7103,7115,37699
 2024/04/23-21:20,7115,7119,7107,7114,21911
 2024/04/23-21:25,7114,7118,7103,7114,21338
 2024/04/23-21:30,7114,7114,7076,7090,52633
 2024/04/23-21:35,7090,7090,7060,7068,63074
 2024/04/23-21:40,7067,7092,7067,7085,41798
 2024/04/23-21:45,7085,7106,7080,7100,36180
 2024/04/23-21:50,7100,7111,7099,7107,31128
 2024/04/23-21:55,7108,7112,7100,7106,19441
 2024/04/23-22:00,7105,7124,7104,7118,26286
 2024/04/23-22:05,7117,7120,7106,7109,26983
 2024/04/23-22:10,7110,7123,7105,7121,17875
 2024/04/23-22:15,7121,7134,7119,7126,28242
 2024/04/23-22:20,7126,7130,7118,7128,15633
 2024/04/23-22:25,7128,7146,7128,7142,28298
 2024/04/23-22:30,7142,7149,7134,7145,17178
 2024/04/23-22:35,7146,7152,7133,7134,20592
 2024/04/23-22:40,7134,7145,7129,7144,13254
 2024/04/23-22:45,7144,7145,7133,7137,9244
 2024/04/23-22:50,7137,7140,7130,7138,9452
 2024/04/23-22:55,7138,7143,7123,7126,15648
 2024/04/23-23:00,7125,7134,7125,7128,11477
 2024/04/23-23:05,7129,7129,7112,7112,23035
 2024/04/23-23:10,7112,7119,7099,7102,23446
 2024/04/23-23:15,7102,7107,7094,7105,19546
 2024/04/23-23:20,7104,7107,7101,7103,12739
 2024/04/23-23:25,7103,7116,7100,7109,16690
 2024/04/23-23:30,7109,7109,7088,7099,20743
 2024/04/23-23:35,7099,7119,7099,7117,17281
 2024/04/23-23:40,7117,7118,7109,7111,9571
 2024/04/23-23:45,7111,7112,7101,7108,10053
 2024/04/23-23:50,7109,7114,7106,7112,7003
 2024/04/23-23:55,7111,7112,7102,7105,6588
 2024/04/23-00:00,7104,7107,7102,7103,4310
 2024/04/23-00:05,7103,7113,7098,7110,9968
 2024/04/23-00:10,7110,7110,7105,7106,3267
 2024/04/23-00:15,7106,7107,7101,7105,5032
 2024/04/23-00:20,7105,7108,7104,7106,3231
 2024/04/23-00:25,7106,7106,7091,7097,12316
 2024/04/23-00:30,7097,7102,7093,7094,7515
 2024/04/23-00:35,7094,7104,7093,7102,7279
 2024/04/23-00:40,7102,7102,7098,7098,2872
 2024/04/23-00:45,7098,7099,7094,7096,5727
 2024/04/23-00:50,7096,7098,7086,7090,8850
 2024/04/23-00:55,7091,7099,7090,7098,4558
 2024/04/23-01:00,7098,7099,7093,7099,3599
 2024/04/23-01:05,7099,7112,7098,7109,10948
 2024/04/23-01:10,7109,7110,7104,7108,4151
 2024/04/23-01:15,7108,7110,7098,7099,5407
 2024/04/23-01:20,7098,7106,7098,7106,3986
 2024/04/23-01:25,7106,7109,7102,7108,3241
 2024/04/23-01:30,7108,7109,7102,7106,2737
 2024/04/23-01:35,7105,7108,7104,7106,1683
 2024/04/23-01:40,7106,7106,7103,7106,1775
 2024/04/23-01:45,7106,7107,7105,7106,1639
 2024/04/23-01:50,7106,7106,7101,7102,2172
 2024/04/23-01:55,7102,7109,7101,7107,3068
 2024/04/23-02:00,7108,7110,7101,7102,2689
 2024/04/23-02:05,7102,7106,7102,7105,2193
 2024/04/23-02:10,7105,7105,7098,7098,3743
 2024/04/23-02:15,7099,7105,7097,7101,3220
 2024/04/23-02:20,7101,7105,7100,7103,2576
 2024/04/23-02:25,7103,7106,7103,7103,2175
 2024/04/23-02:30,7103,7103,7098,7098,5933
 2024/04/23-09:05,7098,7131,7098,7126,38625
 2024/04/23-09:10,7126,7139,7126,7137,27267
 2024/04/23-09:15,7137,7137,7127,7134,12225
 2024/04/23-09:20,7134,7137,7127,7131,10236
 2024/04/23-09:25,7131,7134,7122,7124,13521
 2024/04/23-09:30,7124,7125,7101,7102,27978
 2024/04/23-09:35,7103,7103,7081,7089,38312
 2024/04/23-09:40,7090,7094,7048,7055,72136
 2024/04/23-09:45,7055,7056,7014,7034,94010
 2024/04/23-09:50,7034,7040,7009,7011,49657
 2024/04/23-09:55,7010,7026,6974,7000,91654
 2024/04/23-10:00,7000,7017,7000,7006,39547
 2024/04/23-10:05,7006,7034,7004,7029,40409
 2024/04/23-10:10,7028,7044,7025,7030,36181
 2024/04/23-10:15,7030,7042,7024,7033,17957
 2024/04/23-10:35,7032,7036,7010,7012,27663
 2024/04/23-10:40,7012,7027,7012,7020,11686
 2024/04/23-10:45,7019,7028,7017,7017,10142
 2024/04/23-10:50,7017,7023,7013,7016,10311
 2024/04/23-10:55,7016,7026,7014,7015,9711
 2024/04/23-11:00,7014,7016,6989,6997,29217
 2024/04/23-11:05,6997,7009,6996,7003,17600
 2024/04/23-11:10,7003,7007,6991,7000,15468
 2024/04/23-11:15,7000,7005,6993,6994,10527
 2024/04/23-11:20,6994,7005,6993,6997,10721
 2024/04/23-11:25,6997,7006,6996,7004,7888
 2024/04/23-11:30,7004,7005,6996,7003,10068
 2024/04/23-13:35,7016,7033,7008,7014,31933
 2024/04/23-13:40,7014,7017,6997,7013,15324
 2024/04/23-13:45,7014,7015,7008,7010,9194
 2024/04/23-13:50,7010,7014,7000,7005,10737
 2024/04/23-13:55,7006,7009,6995,7000,15347
 2024/04/23-14:00,7000,7012,6997,7011,12402
 2024/04/23-14:05,7012,7014,7008,7013,10284
 2024/04/23-14:10,7013,7017,7007,7010,11391
 2024/04/23-14:15,7009,7010,6999,7000,8976
 2024/04/23-14:20,7000,7006,6999,7000,8270
 2024/04/23-14:25,7000,7002,6971,6984,44421
 2024/04/23-14:30,6984,6991,6981,6984,12230
 2024/04/23-14:35,6984,6989,6980,6984,12423
 2024/04/23-14:40,6984,6988,6979,6980,10868
 2024/04/23-14:45,6980,6980,6961,6963,34653
 2024/04/23-14:50,6962,6996,6961,6985,39057
 2024/04/23-14:55,6985,6989,6983,6989,17924
 2024/04/23-15:00,6988,7000,6988,6992,24845
 2024/04/24-21:05,7017,7025,7003,7008,45868
 2024/04/24-21:10,7008,7024,7002,7013,27962
 2024/04/24-21:15,7013,7038,7013,7034,39089
 2024/04/24-21:20,7035,7050,7030,7045,35326
 2024/04/24-21:25,7045,7045,7025,7028,26808
 2024/04/24-21:30,7027,7030,7020,7028,17663
 2024/04/24-21:35,7027,7036,7021,7034,19681
 2024/04/24-21:40,7034,7040,7018,7040,20669
 2024/04/24-21:45,7040,7047,7033,7036,23500
 2024/04/24-21:50,7036,7061,7036,7052,49299
 2024/04/24-21:55,7052,7086,7052,7083,53717
 2024/04/24-22:00,7083,7089,7077,7082,37989
 2024/04/24-22:05,7082,7089,7063,7072,40844
 2024/04/24-22:10,7072,7083,7072,7075,19266
 2024/04/24-22:15,7075,7081,7068,7072,22160
 2024/04/24-22:20,7072,7076,7056,7067,39144
 2024/04/24-22:25,7067,7076,7067,7070,15091
 2024/04/24-22:30,7069,7083,7069,7073,14951
 2024/04/24-22:35,7073,7077,7062,7068,15271
 2024/04/24-22:40,7068,7073,7063,7066,10621
 2024/04/24-22:45,7066,7066,7043,7051,24748
 2024/04/24-22:50,7051,7052,7030,7040,35746
 2024/04/24-22:55,7040,7049,7040,7048,16695
 2024/04/24-23:00,7048,7054,7039,7052,16218
 2024/04/24-23:05,7052,7054,7037,7037,14333
 2024/04/24-23:10,7037,7050,7037,7046,10477
 2024/04/24-23:15,7047,7050,7043,7048,8317
 2024/04/24-23:20,7048,7067,7046,7065,17636
 2024/04/24-23:25,7065,7072,7060,7071,14855
 2024/04/24-23:30,7071,7072,7059,7062,10701
 2024/04/24-23:35,7062,7063,7052,7058,9082
 2024/04/24-23:40,7058,7064,7055,7061,6445
 2024/04/24-23:45,7061,7062,7052,7055,6343
 2024/04/24-23:50,7055,7062,7052,7061,5014
 2024/04/24-23:55,7061,7061,7054,7059,4917
 2024/04/24-00:00,7058,7063,7058,7063,3908
 2024/04/24-00:05,7063,7064,7056,7060,4334
 2024/04/24-00:10,7060,7070,7059,7068,7173
 2024/04/24-00:15,7068,7070,7065,7068,4566
 2024/04/24-00:20,7069,7071,7065,7069,4561
 2024/04/24-00:25,7069,7070,7060,7062,5167
 2024/04/24-00:30,7061,7071,7061,7068,4190
 2024/04/24-00:35,7068,7071,7066,7067,3397
 2024/04/24-00:40,7066,7079,7066,7078,9290
 2024/04/24-00:45,7078,7082,7075,7080,6834
 2024/04/24-00:50,7080,7080,7075,7075,4364
 2024/04/24-00:55,7075,7086,7075,7085,8039
 2024/04/24-01:00,7086,7086,7080,7082,4678
 2024/04/24-01:05,7082,7082,7076,7081,6132
 2024/04/24-01:10,7081,7082,7076,7076,2894
 2024/04/24-01:15,7076,7079,7071,7072,6092
 2024/04/24-01:20,7072,7079,7071,7079,4185
 2024/04/24-01:25,7079,7082,7078,7078,3791
 2024/04/24-01:30,7078,7081,7078,7081,1597
 2024/04/24-01:35,7081,7081,7074,7075,2812
 2024/04/24-01:40,7074,7077,7072,7074,2469
 2024/04/24-01:45,7074,7078,7074,7077,1544
 2024/04/24-01:50,7077,7079,7074,7079,1419
 2024/04/24-01:55,7079,7084,7078,7079,3278
 2024/04/24-02:00,7079,7082,7079,7082,1616
 2024/04/24-02:05,7082,7084,7081,7082,2353
 2024/04/24-02:10,7082,7087,7082,7086,2739
 2024/04/24-02:15,7086,7093,7085,7088,7044
 2024/04/24-02:20,7087,7089,7086,7087,1755
 2024/04/24-02:25,7087,7092,7087,7088,3017
 2024/04/24-02:30,7088,7091,7087,7090,4610
 2024/04/24-09:05,7090,7090,7059,7074,32542
 2024/04/24-09:10,7075,7088,7071,7077,18904
 2024/04/24-09:15,7078,7083,7068,7069,10563
 2024/04/24-09:20,7068,7079,7068,7077,8179
 2024/04/24-09:25,7077,7081,7073,7076,8378
 2024/04/24-09:30,7076,7081,7070,7074,4868
 2024/04/24-09:35,7074,7074,7065,7068,10661
 2024/04/24-09:40,7068,7073,7061,7065,10132
 2024/04/24-09:45,7065,7068,7055,7065,14764
 2024/04/24-09:50,7065,7069,7056,7059,8104
 2024/04/24-09:55,7059,7062,7050,7055,11598
 2024/04/24-10:00,7055,7064,7055,7062,6687
 2024/04/24-10:05,7063,7063,7053,7056,5799
 2024/04/24-10:10,7056,7077,7055,7074,13336
 2024/04/24-10:15,7074,7076,7069,7072,6864
 2024/04/24-10:35,7072,7075,7065,7075,6823
 2024/04/24-10:40,7074,7079,7066,7077,7088
 2024/04/24-10:45,7077,7086,7072,7080,13437
 2024/04/24-10:50,7080,7090,7079,7085,9593
 2024/04/24-10:55,7085,7097,7085,7091,15945
 2024/04/24-11:00,7091,7098,7087,7088,8757
 2024/04/24-11:05,7088,7094,7084,7093,6673
 2024/04/24-11:10,7093,7093,7086,7091,6173
 2024/04/24-11:15,7091,7097,7086,7096,7227
 2024/04/24-11:20,7096,7124,7093,7122,32959
 2024/04/24-11:25,7121,7148,7120,7138,50618
 2024/04/24-11:30,7137,7139,7129,7131,20799
 2024/04/24-13:35,7127,7128,7116,7121,26259
 2024/04/24-13:40,7121,7139,7120,7131,16829
 2024/04/24-13:45,7131,7140,7130,7130,13055
 2024/04/24-13:50,7130,7134,7123,7131,8971
 2024/04/24-13:55,7131,7136,7128,7132,6089
 2024/04/24-14:00,7132,7139,7132,7136,7474
 2024/04/24-14:05,7136,7145,7135,7137,11368
 2024/04/24-14:10,7138,7139,7102,7111,28710
 2024/04/24-14:15,7111,7114,7096,7109,23725
 2024/04/24-14:20,7110,7119,7109,7114,9900
 2024/04/24-14:25,7115,7117,7102,7106,11189
 2024/04/24-14:30,7106,7106,7093,7101,15826
 2024/04/24-14:35,7101,7102,7092,7100,12178
 2024/04/24-14:40,7100,7109,7099,7099,10834
 2024/04/24-14:45,7099,7113,7096,7112,11443
 2024/04/24-14:50,7112,7115,7107,7108,7244
 2024/04/24-14:55,7108,7109,7100,7101,7952
 2024/04/24-15:00,7101,7116,7100,7113,26786
 2024/04/25-21:05,7111,7114,7099,7105,31963
 2024/04/25-21:10,7105,7114,7089,7092,33087
 2024/04/25-21:15,7092,7093,7080,7081,32313
 2024/04/25-21:20,7081,7081,7066,7068,35304
 2024/04/25-21:25,7068,7083,7067,7079,22829
 2024/04/25-21:30,7079,7089,7076,7078,16484
 2024/04/25-21:35,7078,7090,7071,7090,21662
 2024/04/25-21:40,7089,7097,7085,7088,24663
 2024/04/25-21:45,7087,7090,7083,7084,13772
 2024/04/25-21:50,7084,7085,7062,7073,29184
 2024/04/25-21:55,7073,7079,7070,7077,17170
 2024/04/25-22:00,7077,7078,7068,7069,12569
 2024/04/25-22:05,7069,7073,7056,7058,18070
 2024/04/25-22:10,7058,7068,7058,7067,16397
 2024/04/25-22:15,7067,7071,7062,7063,9543
 2024/04/25-22:20,7062,7076,7060,7075,10897
 2024/04/25-22:25,7075,7077,7071,7073,7469
 2024/04/25-22:30,7073,7083,7072,7080,10446
 2024/04/25-22:35,7080,7085,7075,7084,10695
 2024/04/25-22:40,7084,7090,7083,7085,14361
 2024/04/25-22:45,7084,7085,7073,7074,15761
 2024/04/25-22:50,7074,7078,7067,7076,13258
 2024/04/25-22:55,7076,7092,7076,7084,19818
 2024/04/25-23:00,7084,7089,7079,7086,10709
 2024/04/25-23:05,7086,7117,7086,7112,45815
 2024/04/25-23:10,7112,7116,7100,7102,24268
 2024/04/25-23:15,7102,7104,7091,7092,17472
 2024/04/25-23:20,7092,7105,7086,7100,16578
 2024/04/25-23:25,7100,7100,7092,7096,7704
 2024/04/25-23:30,7096,7100,7092,7096,6656
 2024/04/25-23:35,7096,7096,7086,7089,10554
 2024/04/25-23:40,7089,7093,7078,7080,14253
 2024/04/25-23:45,7079,7089,7079,7084,8178
 2024/04/25-23:50,7083,7094,7083,7090,7095
 2024/04/25-23:55,7091,7094,7088,7091,4395
 2024/04/25-00:00,7091,7091,7081,7082,5962
 2024/04/25-00:05,7082,7087,7081,7083,6356
 2024/04/25-00:10,7083,7089,7081,7082,5013
 2024/04/25-00:15,7082,7085,7079,7085,5844
 2024/04/25-00:20,7085,7089,7083,7088,3716
 2024/04/25-00:25,7088,7089,7085,7089,2562
 2024/04/25-00:30,7088,7089,7082,7084,3596
 2024/04/25-00:35,7084,7087,7082,7084,3006
 2024/04/25-00:40,7084,7090,7083,7088,3914
 2024/04/25-00:45,7088,7089,7085,7088,2393
 2024/04/25-00:50,7088,7088,7084,7086,2369
 2024/04/25-00:55,7086,7088,7085,7085,1759
 2024/04/25-01:00,7086,7089,7085,7087,2440
 2024/04/25-01:05,7087,7095,7087,7094,6211
 2024/04/25-01:10,7094,7100,7094,7094,6581
 2024/04/25-01:15,7094,7098,7093,7096,2162
 2024/04/25-01:20,7096,7097,7089,7092,3117
 2024/04/25-01:25,7091,7097,7090,7096,2821
 2024/04/25-01:30,7096,7097,7084,7086,3824
 2024/04/25-01:35,7086,7089,7084,7085,3817
 2024/04/25-01:40,7085,7086,7081,7086,3480
 2024/04/25-01:45,7086,7088,7084,7087,1860
 2024/04/25-01:50,7087,7087,7084,7085,1138
 2024/04/25-01:55,7086,7090,7086,7087,1423
 2024/04/25-02:00,7087,7091,7087,7089,2062
 2024/04/25-02:05,7089,7090,7085,7087,1540
 2024/04/25-02:10,7088,7088,7085,7088,1192
 2024/04/25-02:15,7088,7089,7086,7086,957
 2024/04/25-02:20,7086,7088,7084,7087,1614
 2024/04/25-02:25,7087,7089,7085,7086,946
 2024/04/25-02:30,7085,7086,7081,7081,4520
 2024/04/25-09:05,7081,7087,7072,7078,21349
 2024/04/25-09:10,7078,7087,7072,7072,11961
 2024/04/25-09:15,7072,7072,7062,7065,16082
 2024/04/25-09:20,7065,7071,7062,7070,13051
 2024/04/25-09:25,7070,7072,7058,7069,16228
 2024/04/25-09:30,7069,7079,7065,7076,13905
 2024/04/25-09:35,7077,7079,7069,7074,8132
 2024/04/25-09:40,7073,7084,7068,7082,9595
 2024/04/25-09:45,7083,7085,7075,7077,8045
 2024/04/25-09:50,7077,7078,7070,7077,7491
 2024/04/25-09:55,7077,7079,7070,7072,5904
 2024/04/25-10:00,7072,7073,7067,7072,6007
 2024/04/25-10:05,7072,7079,7071,7077,5361
 2024/04/25-10:10,7078,7084,7074,7083,5971
 2024/04/25-10:15,7083,7083,7077,7078,3568
 2024/04/25-10:35,7079,7100,7079,7100,16334
 2024/04/25-10:40,7100,7100,7090,7094,9516
 2024/04/25-10:45,7094,7095,7088,7090,6105
 2024/04/25-10:50,7090,7093,7084,7085,7598
 2024/04/25-10:55,7085,7090,7080,7083,7304
 2024/04/25-11:00,7083,7088,7082,7087,7323
 2024/04/25-11:05,7087,7091,7083,7084,7497
 2024/04/25-11:10,7084,7084,7071,7071,11898
 2024/04/25-11:15,7070,7073,7032,7035,53241
 2024/04/25-11:20,7036,7043,7011,7020,55268
 2024/04/25-11:25,7019,7025,7010,7014,33372
 2024/04/25-11:30,7014,7025,7008,7020,23233
 2024/04/25-13:35,7031,7053,7031,7052,46499
 2024/04/25-13:40,7052,7069,7050,7057,27412
 2024/04/25-13:45,7057,7061,7050,7051,12866
 2024/04/25-13:50,7051,7059,7051,7058,6741
 2024/04/25-13:55,7059,7076,7057,7072,18848
 2024/04/25-14:00,7072,7073,7063,7064,8630
 2024/04/25-14:05,7063,7064,7056,7062,6721
 2024/04/25-14:10,7062,7067,7056,7059,6409
 2024/04/25-14:15,7059,7064,7058,7061,4311
 2024/04/25-14:20,7061,7061,7049,7055,9640
 2024/04/25-14:25,7055,7065,7052,7064,7140
 2024/04/25-14:30,7064,7068,7058,7061,7230
 2024/04/25-14:35,7060,7067,7057,7062,6920
 2024/04/25-14:40,7062,7070,7062,7067,11675
 2024/04/25-14:45,7067,7072,7059,7061,9855
 2024/04/25-14:50,7060,7069,7060,7068,6834
 2024/04/25-14:55,7068,7078,7065,7076,14341
 2024/04/25-15:00,7076,7093,7076,7092,29701
 2024/04/26-21:05,7132,7144,7105,7112,62331
 2024/04/26-21:10,7112,7113,7089,7102,34763
 2024/04/26-21:15,7102,7105,7081,7084,27229
 2024/04/26-21:20,7084,7084,7060,7076,48006
 2024/04/26-21:25,7076,7088,7075,7087,22945
 2024/04/26-21:30,7087,7087,7071,7079,13355
 2024/04/26-21:35,7079,7084,7073,7079,14982
 2024/04/26-21:40,7079,7090,7076,7083,15172
 2024/04/26-21:45,7083,7097,7080,7095,18158
 2024/04/26-21:50,7095,7095,7076,7076,16832
 2024/04/26-21:55,7077,7077,7069,7072,17441
 2024/04/26-22:00,7072,7079,7066,7076,10871
 2024/04/26-22:05,7076,7081,7068,7072,11962
 2024/04/26-22:10,7071,7075,7067,7073,10184
 2024/04/26-22:15,7073,7085,7071,7084,10791
 2024/04/26-22:20,7084,7088,7081,7088,10966
 2024/04/26-22:25,7088,7093,7081,7093,11516
 2024/04/26-22:30,7092,7096,7086,7089,13274
 2024/04/26-22:35,7088,7114,7087,7113,26384
 2024/04/26-22:40,7114,7136,7114,7131,48740
 2024/04/26-22:45,7132,7151,7120,7128,55446
 2024/04/26-22:50,7128,7137,7124,7127,20361
 2024/04/26-22:55,7127,7132,7105,7110,28800
 2024/04/26-23:00,7110,7118,7110,7114,15375
 2024/04/26-23:05,7114,7118,7101,7110,22977
 2024/04/26-23:10,7109,7120,7106,7116,20793
 2024/04/26-23:15,7116,7122,7113,7114,12652
 2024/04/26-23:20,7114,7114,7104,7108,11990
 2024/04/26-23:25,7109,7109,7093,7094,23996
 2024/04/26-23:30,7093,7103,7092,7098,11885
 2024/04/26-23:35,7098,7106,7092,7096,13725
 2024/04/26-23:40,7096,7101,7093,7099,8670
 2024/04/26-23:45,7099,7100,7093,7094,5657
 2024/04/26-23:50,7094,7094,7085,7092,13166
 2024/04/26-23:55,7093,7096,7092,7092,5374
 2024/04/26-00:00,7092,7098,7091,7098,4558
 2024/04/26-00:05,7097,7097,7094,7094,3264
 2024/04/26-00:10,7094,7104,7093,7103,6078
 2024/04/26-00:15,7104,7109,7101,7103,9760
 2024/04/26-00:20,7103,7104,7099,7100,3520
 2024/04/26-00:25,7100,7100,7090,7093,7875
 2024/04/26-00:30,7093,7099,7093,7097,3209
 2024/04/26-00:35,7096,7097,7094,7095,2460
 2024/04/26-00:40,7095,7100,7095,7098,2644
 2024/04/26-00:45,7098,7103,7097,7103,3677
 2024/04/26-00:50,7103,7105,7100,7105,2747
 2024/04/26-00:55,7105,7105,7098,7099,2046
 2024/04/26-01:00,7099,7101,7093,7095,5565
 2024/04/26-01:05,7094,7098,7093,7095,3094
 2024/04/26-01:10,7095,7101,7095,7098,2295
 2024/04/26-01:15,7098,7098,7093,7096,2446
 2024/04/26-01:20,7097,7101,7096,7098,1775
 2024/04/26-01:25,7098,7099,7095,7095,1667
 2024/04/26-01:30,7095,7100,7095,7098,1638
 2024/04/26-01:35,7098,7101,7096,7099,2313
 2024/04/26-01:40,7099,7102,7098,7102,1185
 2024/04/26-01:45,7102,7102,7098,7100,1022
 2024/04/26-01:50,7100,7101,7099,7099,870
 2024/04/26-01:55,7098,7101,7097,7100,1388
 2024/04/26-02:00,7101,7101,7099,7101,563
 2024/04/26-02:05,7101,7103,7099,7102,1618
 2024/04/26-02:10,7102,7112,7101,7107,4679
 2024/04/26-02:15,7107,7108,7096,7096,4679
 2024/04/26-02:20,7096,7096,7088,7095,4627
 2024/04/26-02:25,7095,7101,7092,7099,2128
 2024/04/26-02:30,7099,7100,7093,7097,3795
 2024/04/26-09:05,7099,7108,7072,7078,31676
 2024/04/26-09:10,7080,7093,7076,7086,13906
 2024/04/26-09:15,7087,7089,7081,7088,7571
 2024/04/26-09:20,7088,7091,7085,7087,4186
 2024/04/26-09:25,7087,7102,7078,7100,14618
 2024/04/26-09:30,7100,7110,7096,7098,14539
 2024/04/26-09:35,7098,7114,7098,7108,14795
 2024/04/26-09:40,7108,7118,7104,7107,13256
 2024/04/26-09:45,7106,7112,7101,7111,6583
 2024/04/26-09:50,7111,7112,7103,7109,6947
 2024/04/26-09:55,7110,7113,7108,7108,4900
 2024/04/26-10:00,7108,7113,7105,7111,9832
 2024/04/26-10:05,7111,7113,7105,7111,7331
 2024/04/26-10:10,7111,7120,7105,7117,7651
 2024/04/26-10:15,7117,7122,7116,7116,8166
 2024/04/26-10:35,7115,7130,7112,7129,13664
 2024/04/26-10:40,7129,7131,7112,7113,12411
 2024/04/26-10:45,7114,7119,7111,7112,6185
 2024/04/26-10:50,7113,7114,7104,7113,7129
 2024/04/26-10:55,7114,7120,7110,7120,4697
 2024/04/26-11:00,7120,7122,7111,7113,4628
 2024/04/26-11:05,7113,7119,7111,7114,3663
 2024/04/26-11:10,7115,7119,7113,7115,2720
 2024/04/26-11:15,7115,7118,7111,7115,3727
 2024/04/26-11:20,7114,7118,7111,7113,4921
 2024/04/26-11:25,7113,7117,7108,7113,5552
 2024/04/26-11:30,7113,7119,7113,7118,4680
 2024/04/26-13:35,7128,7146,7126,7133,37875
 2024/04/26-13:40,7132,7137,7129,7129,11520
 2024/04/26-13:45,7129,7130,7122,7128,8891
 2024/04/26-13:50,7128,7149,7128,7147,15573
 2024/04/26-13:55,7147,7178,7147,7165,57747
 2024/04/26-14:00,7164,7178,7157,7168,27401
 2024/04/26-14:05,7168,7183,7164,7178,23636
 2024/04/26-14:10,7179,7180,7153,7163,32835
 2024/04/26-14:15,7163,7163,7149,7154,18181
 2024/04/26-14:20,7154,7162,7146,7160,18068
 2024/04/26-14:25,7160,7166,7155,7162,9174
 2024/04/26-14:30,7163,7172,7157,7160,9106
 2024/04/26-14:35,7160,7161,7153,7155,7055
 2024/04/26-14:40,7155,7161,7154,7159,6760
 2024/04/26-14:45,7159,7165,7155,7165,8956
 2024/04/26-14:50,7164,7176,7162,7174,14330
 2024/04/26-14:55,7174,7182,7171,7175,16643
 2024/04/26-15:00,7176,7179,7174,7178,18253
 2024/04/29-21:05,7153,7176,7153,7172,29753
 2024/04/29-21:10,7172,7174,7154,7154,22780
 2024/04/29-21:15,7154,7177,7154,7166,16020
 2024/04/29-21:20,7166,7180,7162,7177,15078
 2024/04/29-21:25,7177,7183,7164,7166,19803
 2024/04/29-21:30,7166,7173,7157,7159,13796
 2024/04/29-21:35,7159,7166,7153,7161,19194
 2024/04/29-21:40,7161,7161,7147,7150,24726
 2024/04/29-21:45,7150,7150,7130,7132,37576
 2024/04/29-21:50,7132,7141,7124,7140,26440
 2024/04/29-21:55,7140,7143,7134,7134,13162
 2024/04/29-22:00,7135,7146,7132,7146,10098
 2024/04/29-22:05,7146,7157,7145,7155,14449
 2024/04/29-22:10,7155,7157,7147,7147,11179
 2024/04/29-22:15,7148,7149,7141,7148,10257
 2024/04/29-22:20,7148,7151,7141,7143,6889
 2024/04/29-22:25,7143,7149,7139,7139,8014
 2024/04/29-22:30,7139,7141,7133,7136,11796
 2024/04/29-22:35,7136,7138,7119,7131,23805
 2024/04/29-22:40,7131,7132,7106,7106,27322
 2024/04/29-22:45,7106,7125,7106,7119,26260
 2024/04/29-22:50,7119,7123,7114,7118,11446
 2024/04/29-22:55,7118,7118,7091,7093,37545
 2024/04/29-23:00,7094,7111,7092,7104,21347
 2024/04/29-23:05,7103,7111,7100,7108,18286
 2024/04/29-23:10,7109,7111,7099,7100,13788
 2024/04/29-23:15,7100,7100,7085,7096,24558
 2024/04/29-23:20,7096,7100,7085,7086,19762
 2024/04/29-23:25,7086,7087,7072,7083,30533
 2024/04/29-23:30,7084,7091,7080,7090,13292
 2024/04/29-23:35,7090,7094,7088,7089,11392
 2024/04/29-23:40,7089,7105,7084,7103,18219
 2024/04/29-23:45,7103,7111,7103,7111,15406
 2024/04/29-23:50,7111,7117,7106,7111,13310
 2024/04/29-23:55,7111,7112,7101,7107,10608
 2024/04/29-00:00,7107,7109,7102,7107,5197
 2024/04/29-00:05,7107,7108,7102,7106,4590
 2024/04/29-00:10,7106,7110,7103,7110,5426
 2024/04/29-00:15,7110,7116,7110,7114,8233
 2024/04/29-00:20,7113,7122,7112,7117,10481
 2024/04/29-00:25,7117,7118,7111,7113,5713
 2024/04/29-00:30,7112,7116,7110,7110,4367
 2024/04/29-00:35,7110,7112,7105,7105,6801
 2024/04/29-00:40,7105,7106,7094,7102,10793
 2024/04/29-00:45,7102,7106,7099,7102,4117
 2024/04/29-00:50,7102,7102,7095,7100,4979
 2024/04/29-00:55,7100,7105,7095,7104,5062
 2024/04/29-01:00,7104,7104,7097,7098,3849
 2024/04/29-01:05,7097,7099,7088,7091,11006
 2024/04/29-01:10,7091,7098,7091,7098,5323
 2024/04/29-01:15,7098,7104,7098,7102,6207
 2024/04/29-01:20,7101,7104,7100,7100,3868
 2024/04/29-01:25,7100,7103,7098,7103,3300
 2024/04/29-01:30,7103,7104,7100,7100,2332
 2024/04/29-01:35,7100,7103,7099,7103,2387
 2024/04/29-01:40,7103,7104,7101,7103,1938
 2024/04/29-01:45,7103,7109,7102,7109,4057
 2024/04/29-01:50,7109,7112,7107,7111,3988
 2024/04/29-01:55,7112,7116,7110,7112,5554
 2024/04/29-02:00,7112,7112,7110,7111,2191
 2024/04/29-02:05,7111,7114,7110,7113,2532
 2024/04/29-02:10,7113,7120,7113,7118,5818
 2024/04/29-02:15,7118,7123,7118,7121,5446
 2024/04/29-02:20,7121,7127,7121,7125,6694
 2024/04/29-02:25,7125,7130,7124,7130,5161
 2024/04/29-02:30,7130,7140,7128,7138,13504
 2024/04/29-09:05,7127,7127,7079,7091,50374
 2024/04/29-09:10,7091,7103,7083,7090,26786
 2024/04/29-09:15,7090,7092,7067,7068,27361
 2024/04/29-09:20,7068,7068,7043,7059,50148
 2024/04/29-09:25,7059,7078,7058,7074,22980
 2024/04/29-09:30,7075,7092,7074,7088,25459
 2024/04/29-09:35,7089,7090,7078,7086,15831
 2024/04/29-09:40,7086,7097,7076,7091,21052
 2024/04/29-09:45,7091,7096,7083,7094,10945
 2024/04/29-09:50,7095,7097,7088,7092,8948
 2024/04/29-09:55,7092,7097,7085,7089,6956
 2024/04/29-10:00,7089,7122,7089,7122,24070
 2024/04/29-10:05,7122,7123,7105,7112,14169
 2024/04/29-10:10,7112,7118,7107,7118,7330
 2024/04/29-10:15,7117,7123,7111,7112,7224
 2024/04/29-10:35,7112,7120,7108,7111,5928
 2024/04/29-10:40,7111,7115,7101,7101,7726
 2024/04/29-10:45,7101,7103,7098,7100,7539
 2024/04/29-10:50,7100,7109,7093,7095,8655
 2024/04/29-10:55,7095,7100,7089,7096,8347
 2024/04/29-11:00,7096,7100,7093,7094,5975
 2024/04/29-11:05,7094,7103,7091,7103,7134
 2024/04/29-11:10,7103,7106,7092,7094,5955
 2024/04/29-11:15,7094,7104,7093,7097,7374
 2024/04/29-11:20,7098,7102,7096,7100,4017
 2024/04/29-11:25,7100,7107,7099,7102,5289
 2024/04/29-11:30,7102,7104,7099,7101,3845
 2024/04/29-13:35,7104,7122,7104,7113,17665
 2024/04/29-13:40,7113,7115,7108,7112,6323
 2024/04/29-13:45,7112,7114,7104,7105,4826
 2024/04/29-13:50,7105,7111,7105,7110,2930
 2024/04/29-13:55,7110,7111,7101,7105,4998
 2024/04/29-14:00,7105,7110,7104,7104,4386
 2024/04/29-14:05,7104,7109,7103,7103,3744
 2024/04/29-14:10,7103,7111,7102,7109,4691
 2024/04/29-14:15,7110,7115,7110,7112,5918
 2024/04/29-14:20,7112,7113,7109,7112,2987
 2024/04/29-14:25,7112,7113,7104,7105,7270
 2024/04/29-14:30,7106,7108,7105,7106,4214
 2024/04/29-14:35,7106,7106,7094,7103,9787
 2024/04/29-14:40,7104,7104,7095,7096,5255
 2024/04/29-14:45,7096,7098,7084,7087,12482
 2024/04/29-14:50,7087,7096,7086,7096,8543
 2024/04/29-14:55,7096,7102,7092,7096,7159
 2024/04/29-15:00,7097,7101,7094,7096,9801
 2024/04/30-21:05,7094,7104,7091,7100,25969
 2024/04/30-21:10,7100,7106,7094,7097,11014
 2024/04/30-21:15,7097,7102,7090,7097,9743
 2024/04/30-21:20,7097,7097,7088,7091,11062
 2024/04/30-21:25,7091,7095,7090,7092,7277
 2024/04/30-21:30,7092,7094,7088,7093,7394
 2024/04/30-21:35,7092,7112,7092,7098,26127
 2024/04/30-21:40,7098,7098,7081,7082,21614
 2024/04/30-21:45,7082,7082,7060,7078,45329
 2024/04/30-21:50,7078,7084,7069,7082,16677
 2024/04/30-21:55,7081,7091,7080,7090,12689
 2024/04/30-22:00,7090,7091,7085,7085,8059
 2024/04/30-22:05,7085,7099,7085,7094,13758
 2024/04/30-22:10,7094,7102,7088,7092,10371
 2024/04/30-22:15,7092,7095,7085,7088,7355
 2024/04/30-22:20,7088,7096,7088,7094,4693
 2024/04/30-22:25,7094,7096,7086,7088,5606
 2024/04/30-22:30,7088,7101,7087,7099,7270
 2024/04/30-22:35,7099,7099,7088,7095,6637
 2024/04/30-22:40,7094,7095,7090,7093,3139
 2024/04/30-22:45,7093,7097,7093,7094,3590
 2024/04/30-22:50,7094,7095,7085,7088,7882
 2024/04/30-22:55,7088,7091,7086,7089,4636
 2024/04/30-23:00,7089,7095,7089,7093,5665
 2024/04/30-23:05,7093,7094,7087,7091,6616
 2024/04/30-23:10,7091,7094,7085,7086,6388
 2024/04/30-23:15,7085,7089,7076,7079,10732
 2024/04/30-23:20,7079,7083,7071,7081,13035
 2024/04/30-23:25,7081,7087,7081,7085,6971
 2024/04/30-23:30,7085,7089,7085,7088,4909
 2024/04/30-23:35,7087,7088,7082,7083,3605
 2024/04/30-23:40,7084,7088,7083,7086,3410
 2024/04/30-23:45,7086,7095,7086,7093,7986
 2024/04/30-23:50,7093,7094,7090,7091,3334
 2024/04/30-23:55,7091,7093,7089,7092,2921
 2024/04/30-00:00,7092,7095,7092,7093,3402
 2024/04/30-00:05,7093,7099,7092,7098,5165
 2024/04/30-00:10,7098,7104,7095,7100,7938
 2024/04/30-00:15,7101,7109,7100,7108,7471
 2024/04/30-00:20,7108,7109,7103,7104,5339
 2024/04/30-00:25,7104,7116,7104,7112,10688
 2024/04/30-00:30,7113,7113,7103,7104,6518
 2024/04/30-00:35,7104,7106,7102,7103,3618
 2024/04/30-00:40,7103,7106,7100,7101,4021
 2024/04/30-00:45,7101,7104,7099,7102,4234
 2024/04/30-00:50,7102,7105,7097,7101,4632
 2024/04/30-00:55,7101,7109,7100,7106,3891
 2024/04/30-01:00,7106,7107,7101,7103,4154
 2024/04/30-01:05,7103,7109,7102,7106,4724
 2024/04/30-01:10,7106,7108,7102,7105,2748
 2024/04/30-01:15,7105,7108,7104,7108,2105
 2024/04/30-01:20,7108,7110,7106,7106,2165
 2024/04/30-01:25,7106,7108,7104,7107,1957
 2024/04/30-01:30,7107,7108,7104,7108,1780
 2024/04/30-01:35,7108,7108,7104,7105,1354
 2024/04/30-01:40,7104,7106,7103,7103,1837
 2024/04/30-01:45,7104,7104,7099,7100,2819
 2024/04/30-01:50,7100,7101,7094,7095,4575
 2024/04/30-01:55,7096,7097,7093,7095,2459
 2024/04/30-02:00,7095,7097,7095,7097,1892
 2024/04/30-02:05,7097,7098,7093,7097,2799
 2024/04/30-02:10,7097,7097,7091,7093,3241
 2024/04/30-02:15,7094,7095,7091,7093,1687
 2024/04/30-02:20,7093,7096,7093,7095,1037
 2024/04/30-02:25,7095,7096,7094,7095,1588
 2024/04/30-02:30,7095,7095,7087,7090,7062
 2024/04/30-09:05,7091,7091,7066,7077,42741
 2024/04/30-09:10,7077,7083,7070,7070,14611
 2024/04/30-09:15,7070,7073,7056,7071,27181
 2024/04/30-09:20,7071,7087,7071,7079,13420
 2024/04/30-09:25,7079,7086,7078,7081,7270
 2024/04/30-09:30,7081,7086,7079,7084,5487
 2024/04/30-09:35,7084,7084,7076,7079,6914
 2024/04/30-09:40,7079,7080,7074,7078,3847
 2024/04/30-09:45,7079,7085,7079,7080,4496
 2024/04/30-09:50,7081,7083,7078,7081,2677
 2024/04/30-09:55,7081,7086,7075,7076,6312
 2024/04/30-10:00,7076,7079,7073,7075,4562
 2024/04/30-10:05,7075,7078,7070,7078,6322
 2024/04/30-10:10,7078,7081,7077,7077,4752
 2024/04/30-10:15,7077,7078,7057,7057,17917
 2024/04/30-10:35,7057,7060,7040,7050,40623
 2024/04/30-10:40,7050,7050,7032,7037,26237
 2024/04/30-10:45,7037,7050,7036,7049,17890
 2024/04/30-10:50,7049,7051,7041,7044,8832
 2024/04/30-10:55,7044,7057,7040,7055,10811
 2024/04/30-11:00,7055,7058,7053,7055,5248
 2024/04/30-11:05,7055,7057,7049,7051,4711
 2024/04/30-11:10,7051,7051,7045,7046,5541
 2024/04/30-11:15,7047,7048,7041,7042,4823
 2024/04/30-11:20,7042,7045,7039,7042,7267
 2024/04/30-11:25,7043,7046,7038,7039,6301
 2024/04/30-11:30,7040,7040,7032,7032,10493
 2024/04/30-13:35,7026,7026,6998,7022,51915
 2024/04/30-13:40,7021,7024,7010,7017,12783
 2024/04/30-13:45,7018,7020,7005,7007,12108
 2024/04/30-13:50,7007,7015,7003,7012,12278
 2024/04/30-13:55,7011,7014,7004,7004,12004
 2024/04/30-14:00,7004,7017,7004,7010,9856
 2024/04/30-14:05,7010,7013,6994,7004,17637
 2024/04/30-14:10,7003,7005,6987,6989,23997
 2024/04/30-14:15,6989,6995,6983,6992,17215
 2024/04/30-14:20,6993,7005,6991,7001,14432
 2024/04/30-14:25,7002,7002,6987,6990,12421
 2024/04/30-14:30,6990,6993,6986,6989,7887
 2024/04/30-14:35,6989,6994,6987,6989,8040
 2024/04/30-14:40,6989,6997,6984,6995,12888
 2024/04/30-14:45,6994,7004,6994,7003,12451
 2024/04/30-14:50,7002,7021,7002,7020,21952
 2024/04/30-14:55,7020,7022,7014,7016,10578
 2024/04/30-15:00,7017,7031,7016,7020,24035
 2024/05/06-09:05,6948,6987,6939,6985,84957
 2024/05/06-09:10,6984,6986,6972,6981,25723
 2024/05/06-09:15,6981,6982,6964,6964,20316
 2024/05/06-09:20,6964,6976,6962,6971,13444
 2024/05/06-09:25,6971,6985,6970,6985,10359
 2024/05/06-09:30,6985,7019,6982,7009,33027
 2024/05/06-09:35,7009,7013,6998,7012,13179
 2024/05/06-09:40,7012,7043,7012,7029,26875
 2024/05/06-09:45,7030,7039,7026,7032,14272
 2024/05/06-09:50,7032,7038,7025,7034,10224
 2024/05/06-09:55,7034,7052,7034,7047,15338
 2024/05/06-10:00,7048,7053,7040,7049,11292
 2024/05/06-10:05,7049,7067,7045,7067,21163
 2024/05/06-10:10,7067,7068,7052,7062,11326
 2024/05/06-10:15,7062,7063,7051,7053,7584
 2024/05/06-10:35,7053,7057,7044,7045,8627
 2024/05/06-10:40,7045,7057,7043,7055,7055
 2024/05/06-10:45,7056,7057,7046,7048,5451
 2024/05/06-10:50,7048,7049,7045,7047,4438
 2024/05/06-10:55,7047,7049,7041,7046,5897
 2024/05/06-11:00,7046,7049,7042,7049,3769
 2024/05/06-11:05,7049,7050,7042,7043,3195
 2024/05/06-11:10,7043,7053,7043,7046,5087
 2024/05/06-11:15,7046,7047,7040,7043,5022
 2024/05/06-11:20,7044,7052,7043,7047,4399
 2024/05/06-11:25,7048,7051,7044,7050,3875
 2024/05/06-11:30,7051,7056,7050,7055,5790
 2024/05/06-13:35,7052,7060,7046,7057,9182
 2024/05/06-13:40,7057,7057,7048,7052,6546
 2024/05/06-13:45,7052,7058,7050,7056,4795
 2024/05/06-13:50,7057,7059,7055,7057,5706
 2024/05/06-13:55,7057,7060,7051,7055,5527
 2024/05/06-14:00,7055,7058,7053,7056,3275
 2024/05/06-14:05,7056,7064,7053,7054,7081
 2024/05/06-14:10,7054,7056,7050,7055,4988
 2024/05/06-14:15,7055,7057,7050,7052,3518
 2024/05/06-14:20,7052,7060,7052,7058,4903
 2024/05/06-14:25,7058,7073,7055,7070,11404
 2024/05/06-14:30,7070,7071,7060,7061,7348
 2024/05/06-14:35,7061,7063,7057,7061,5009
 2024/05/06-14:40,7061,7066,7059,7066,4835
 2024/05/06-14:45,7066,7067,7061,7061,3135
 2024/05/06-14:50,7062,7068,7062,7067,4638
 2024/05/06-14:55,7067,7081,7065,7080,13192
 2024/05/06-15:00,7080,7081,7069,7069,18969
 2024/05/07-21:05,7101,7120,7094,7120,46484
 2024/05/07-21:10,7120,7127,7106,7108,35867
 2024/05/07-21:15,7108,7118,7104,7117,17242
 2024/05/07-21:20,7117,7126,7115,7126,17032
 2024/05/07-21:25,7126,7145,7125,7141,29370
 2024/05/07-21:30,7141,7150,7139,7144,24526
 2024/05/07-21:35,7144,7155,7136,7152,26405
 2024/05/07-21:40,7153,7158,7142,7155,24315
 2024/05/07-21:45,7155,7165,7155,7161,27170
 2024/05/07-21:50,7161,7162,7143,7145,22911
 2024/05/07-21:55,7145,7152,7142,7147,13492
 2024/05/07-22:00,7147,7150,7142,7150,15185
 2024/05/07-22:05,7150,7155,7143,7151,9823
 2024/05/07-22:10,7151,7156,7148,7148,7996
 2024/05/07-22:15,7148,7149,7141,7146,8173
 2024/05/07-22:20,7146,7147,7135,7144,11433
 2024/05/07-22:25,7144,7144,7130,7137,11424
 2024/05/07-22:30,7137,7138,7133,7136,5970
 2024/05/07-22:35,7136,7145,7136,7138,7074
 2024/05/07-22:40,7138,7140,7129,7134,8655
 2024/05/07-22:45,7134,7141,7125,7128,15499
 2024/05/07-22:50,7128,7130,7124,7128,9836
 2024/05/07-22:55,7128,7132,7125,7126,7545
 2024/05/07-23:00,7126,7127,7120,7124,8969
 2024/05/07-23:05,7124,7128,7120,7122,13105
 2024/05/07-23:10,7122,7128,7120,7126,8649
 2024/05/07-23:15,7126,7131,7123,7130,6501
 2024/05/07-23:20,7130,7132,7129,7132,4558
 2024/05/07-23:25,7131,7133,7127,7133,3423
 2024/05/07-23:30,7132,7138,7130,7137,6187
 2024/05/07-23:35,7138,7140,7135,7140,5995
 2024/05/07-23:40,7140,7145,7138,7144,7113
 2024/05/07-23:45,7144,7148,7143,7144,5964
 2024/05/07-23:50,7144,7145,7140,7145,4373
 2024/05/07-23:55,7145,7147,7143,7145,3448
 2024/05/07-00:00,7145,7146,7143,7145,2250
 2024/05/07-00:05,7146,7150,7142,7150,4875
 2024/05/07-00:10,7150,7152,7148,7151,5353
 2024/05/07-00:15,7151,7153,7148,7150,3007
 2024/05/07-00:20,7150,7153,7148,7151,3414
 2024/05/07-00:25,7151,7154,7150,7151,3572
 2024/05/07-00:30,7151,7153,7147,7148,3859
 2024/05/07-00:35,7147,7150,7132,7134,14513
 2024/05/07-00:40,7134,7141,7132,7136,7756
 2024/05/07-00:45,7136,7141,7134,7139,3361
 2024/05/07-00:50,7139,7146,7134,7145,5620
 2024/05/07-00:55,7145,7146,7143,7144,2000
 2024/05/07-01:00,7144,7147,7142,7147,2335
 2024/05/07-01:05,7147,7148,7144,7145,2976
 2024/05/07-01:10,7145,7148,7143,7145,1625
 2024/05/07-01:15,7145,7147,7143,7146,1585
 2024/05/07-01:20,7146,7147,7144,7146,1095
 2024/05/07-01:25,7145,7147,7143,7143,1520
 2024/05/07-01:30,7143,7143,7138,7142,2294
 2024/05/07-01:35,7141,7144,7140,7143,1013
 2024/05/07-01:40,7143,7146,7142,7145,856
 2024/05/07-01:45,7145,7146,7144,7145,841
 2024/05/07-01:50,7145,7149,7145,7147,1732
 2024/05/07-01:55,7147,7151,7147,7151,1609
 2024/05/07-02:00,7151,7151,7149,7149,877
 2024/05/07-02:05,7149,7153,7148,7149,1531
 2024/05/07-02:10,7149,7149,7142,7143,1774
 2024/05/07-02:15,7143,7146,7142,7144,1052
 2024/05/07-02:20,7144,7148,7143,7148,1177
 2024/05/07-02:25,7148,7150,7147,7149,1071
 2024/05/07-02:30,7149,7151,7148,7150,3041
 2024/05/07-09:05,7150,7167,7150,7163,29609
 2024/05/07-09:10,7163,7166,7155,7166,11400
 2024/05/07-09:15,7166,7176,7165,7168,21796
 2024/05/07-09:20,7167,7169,7148,7150,15193
 2024/05/07-09:25,7150,7150,7140,7140,13490
 2024/05/07-09:30,7140,7145,7134,7138,16338
 2024/05/07-09:35,7138,7145,7130,7143,13906
 2024/05/07-09:40,7143,7144,7137,7138,5134
 2024/05/07-09:45,7138,7142,7134,7136,6908
 2024/05/07-09:50,7136,7139,7131,7133,7853
 2024/05/07-09:55,7133,7134,7124,7128,11908
 2024/05/07-10:00,7129,7136,7128,7134,6966
 2024/05/07-10:05,7134,7139,7131,7132,5752
 2024/05/07-10:10,7132,7136,7131,7135,3769
 2024/05/07-10:15,7136,7138,7124,7129,6808
 2024/05/07-10:35,7131,7138,7131,7136,6669
 2024/05/07-10:40,7136,7138,7133,7137,2376
 2024/05/07-10:45,7137,7137,7131,7131,2774
 2024/05/07-10:50,7131,7134,7130,7131,2507
 2024/05/07-10:55,7131,7136,7131,7134,3856
 2024/05/07-11:00,7135,7136,7133,7133,2527
 2024/05/07-11:05,7133,7142,7132,7139,5682
 2024/05/07-11:10,7139,7146,7139,7145,7293
 2024/05/07-11:15,7145,7145,7139,7142,4945
 2024/05/07-11:20,7142,7147,7141,7147,5732
 2024/05/07-11:25,7147,7150,7141,7142,5362
 2024/05/07-11:30,7142,7143,7136,7138,5108
 2024/05/07-13:35,7137,7137,7118,7122,18048
 2024/05/07-13:40,7123,7123,7101,7108,27824
 2024/05/07-13:45,7108,7112,7105,7110,12923
 2024/05/07-13:50,7109,7118,7107,7116,11749
 2024/05/07-13:55,7116,7123,7116,7121,9791
 2024/05/07-14:00,7121,7121,7118,7119,5441
 2024/05/07-14:05,7118,7119,7112,7116,6827
 2024/05/07-14:10,7116,7118,7108,7109,6270
 2024/05/07-14:15,7109,7113,7103,7112,10661
 2024/05/07-14:20,7111,7113,7101,7102,8041
 2024/05/07-14:25,7101,7109,7099,7107,11532
 2024/05/07-14:30,7107,7109,7101,7103,9158
 2024/05/07-14:35,7102,7110,7100,7110,7199
 2024/05/07-14:40,7110,7117,7108,7116,9374
 2024/05/07-14:45,7116,7117,7114,7114,4854
 2024/05/07-14:50,7114,7115,7109,7110,3391
 2024/05/07-14:55,7110,7114,7107,7112,4647
 2024/05/07-15:00,7112,7113,7110,7110,9531
 2024/05/08-21:05,7128,7134,7127,7134,23275
 2024/05/08-21:10,7134,7135,7127,7133,13576
 2024/05/08-21:15,7133,7148,7131,7144,17215
 2024/05/08-21:20,7144,7161,7143,7158,24223
 2024/05/08-21:25,7158,7158,7145,7148,12537
 2024/05/08-21:30,7148,7149,7142,7142,9283
 2024/05/08-21:35,7142,7144,7137,7143,11609
 2024/05/08-21:40,7142,7148,7139,7141,9489
 2024/05/08-21:45,7141,7151,7141,7151,8749
 2024/05/08-21:50,7150,7151,7143,7144,6005
 2024/05/08-21:55,7144,7150,7143,7148,4703
 2024/05/08-22:00,7148,7149,7143,7144,5043
 2024/05/08-22:05,7143,7146,7140,7144,5764
 2024/05/08-22:10,7144,7148,7141,7144,3988
 2024/05/08-22:15,7144,7147,7140,7143,4244
 2024/05/08-22:20,7143,7150,7140,7148,6626
 2024/05/08-22:25,7148,7150,7142,7145,4138
 2024/05/08-22:30,7144,7145,7141,7142,3296
 2024/05/08-22:35,7141,7146,7139,7145,4202
 2024/05/08-22:40,7145,7145,7140,7141,3240
 2024/05/08-22:45,7141,7146,7140,7144,3228
 2024/05/08-22:50,7144,7148,7143,7146,4323
 2024/05/08-22:55,7145,7148,7144,7147,3914
 2024/05/08-23:00,7147,7148,7111,7112,33831
 2024/05/08-23:05,7112,7126,7110,7125,23852
 2024/05/08-23:10,7125,7128,7121,7128,8512
 2024/05/08-23:15,7127,7130,7119,7120,11020
 2024/05/08-23:20,7120,7126,7120,7124,4722
 2024/05/08-23:25,7124,7130,7123,7129,4479
 2024/05/08-23:30,7129,7129,7124,7125,4354
 2024/05/08-23:35,7125,7127,7124,7124,2262
 2024/05/08-23:40,7124,7128,7124,7125,2559
 2024/05/08-23:45,7125,7127,7124,7125,2428
 2024/05/08-23:50,7125,7126,7121,7124,3132
 2024/05/08-23:55,7124,7124,7115,7118,8857
 2024/05/08-00:00,7118,7123,7118,7122,3231
 2024/05/08-00:05,7122,7123,7119,7121,2710
 2024/05/08-00:10,7121,7124,7121,7122,2298
 2024/05/08-00:15,7122,7122,7119,7122,3021
 2024/05/08-00:20,7122,7122,7119,7121,1946
 2024/05/08-00:25,7121,7126,7120,7126,2605
 2024/05/08-00:30,7126,7127,7124,7126,2473
 2024/05/08-00:35,7126,7128,7124,7125,1682
 2024/05/08-00:40,7125,7126,7123,7125,1208
 2024/05/08-00:45,7125,7129,7124,7128,1450
 2024/05/08-00:50,7128,7128,7123,7125,1295
 2024/05/08-00:55,7125,7125,7121,7123,1942
 2024/05/08-01:00,7123,7124,7122,7122,1200
 2024/05/08-01:05,7122,7125,7121,7122,1568
 2024/05/08-01:10,7123,7123,7118,7122,2887
 2024/05/08-01:15,7122,7125,7121,7125,1689
 2024/05/08-01:20,7125,7125,7120,7121,1921
 2024/05/08-01:25,7121,7125,7121,7124,1669
 2024/05/08-01:30,7124,7130,7124,7130,3001
 2024/05/08-01:35,7129,7130,7128,7130,1912
 2024/05/08-01:40,7129,7136,7129,7133,5889
 2024/05/08-01:45,7133,7134,7130,7133,1964
 2024/05/08-01:50,7133,7134,7132,7132,1476
 2024/05/08-01:55,7132,7132,7127,7129,2573
 2024/05/08-02:00,7129,7129,7123,7124,2126
 2024/05/08-02:05,7124,7126,7122,7126,1271
 2024/05/08-02:10,7126,7126,7123,7123,1138
 2024/05/08-02:15,7123,7124,7109,7109,7412
 2024/05/08-02:20,7108,7115,7107,7110,6134
 2024/05/08-02:25,7110,7114,7104,7105,4046
 2024/05/08-02:30,7105,7109,7102,7105,5501
 2024/05/08-09:05,7104,7118,7092,7092,30909
 2024/05/08-09:10,7092,7108,7092,7105,13762
 2024/05/08-09:15,7105,7110,7101,7102,7314
 2024/05/08-09:20,7102,7105,7087,7091,17371
 2024/05/08-09:25,7091,7100,7090,7098,7858
 2024/05/08-09:30,7098,7101,7096,7098,4800
 2024/05/08-09:35,7099,7099,7078,7080,21592
 2024/05/08-09:40,7079,7081,7065,7076,26153
 2024/05/08-09:45,7076,7088,7075,7083,12361
 2024/05/08-09:50,7083,7083,7074,7077,8350
 2024/05/08-09:55,7078,7080,7072,7075,10013
 2024/05/08-10:00,7075,7078,7071,7071,5850
 2024/05/08-10:05,7071,7081,7069,7080,6118
 2024/05/08-10:10,7080,7083,7077,7079,4604
 2024/05/08-10:15,7078,7083,7076,7081,3913
 2024/05/08-10:35,7081,7106,7081,7105,22489
 2024/05/08-10:40,7104,7121,7104,7114,25897
 2024/05/08-10:45,7114,7140,7111,7131,30664
 2024/05/08-10:50,7131,7140,7128,7131,15610
 2024/05/08-10:55,7131,7144,7128,7141,16593
 2024/05/08-11:00,7141,7148,7137,7139,14569
 2024/05/08-11:05,7139,7141,7132,7134,9052
 2024/05/08-11:10,7135,7137,7131,7131,7829
 2024/05/08-11:15,7131,7132,7127,7128,6643
 2024/05/08-11:20,7128,7135,7127,7132,3968
 2024/05/08-11:25,7131,7135,7129,7130,3449
 2024/05/08-11:30,7130,7131,7126,7130,6551
 2024/05/08-13:35,7131,7149,7131,7143,18506
 2024/05/08-13:40,7144,7149,7136,7138,10267
 2024/05/08-13:45,7138,7142,7135,7137,5605
 2024/05/08-13:50,7137,7139,7127,7134,8997
 2024/05/08-13:55,7134,7137,7133,7134,3425
 2024/05/08-14:00,7134,7137,7133,7133,3207
 2024/05/08-14:05,7134,7139,7132,7137,4324
 2024/05/08-14:10,7137,7137,7130,7133,5347
 2024/05/08-14:15,7133,7136,7127,7127,4726
 2024/05/08-14:20,7127,7130,7122,7126,8478
 2024/05/08-14:25,7126,7128,7122,7127,5533
 2024/05/08-14:30,7128,7128,7113,7113,13035
 2024/05/08-14:35,7113,7120,7109,7119,12032
 2024/05/08-14:40,7119,7122,7116,7119,5399
 2024/05/08-14:45,7119,7126,7118,7125,5855
 2024/05/08-14:50,7125,7131,7121,7122,7233
 2024/05/08-14:55,7122,7123,7119,7119,5064
 2024/05/08-15:00,7119,7123,7118,7122,9509
 2024/05/09-21:05,7124,7138,7124,7132,20242
 2024/05/09-21:10,7131,7132,7123,7129,11854
 2024/05/09-21:15,7129,7130,7116,7116,12281
 2024/05/09-21:20,7116,7121,7101,7104,22225
 2024/05/09-21:25,7103,7116,7103,7108,17386
 2024/05/09-21:30,7108,7115,7107,7108,7688
 2024/05/09-21:35,7108,7116,7103,7114,9333
 2024/05/09-21:40,7114,7114,7104,7104,8469
 2024/05/09-21:45,7104,7114,7104,7113,8038
 2024/05/09-21:50,7113,7114,7108,7109,6369
 2024/05/09-21:55,7109,7109,7102,7104,10528
 2024/05/09-22:00,7105,7105,7096,7099,12576
 2024/05/09-22:05,7099,7114,7097,7109,12777
 2024/05/09-22:10,7109,7113,7105,7112,6184
 2024/05/09-22:15,7112,7121,7111,7120,12371
 2024/05/09-22:20,7120,7128,7118,7127,12931
 2024/05/09-22:25,7127,7147,7125,7146,22029
 2024/05/09-22:30,7146,7146,7135,7137,18491
 2024/05/09-22:35,7137,7142,7135,7139,8653
 2024/05/09-22:40,7139,7139,7132,7137,8799
 2024/05/09-22:45,7137,7141,7133,7133,6177
 2024/05/09-22:50,7133,7137,7131,7134,5973
 2024/05/09-22:55,7134,7139,7133,7137,4695
 2024/05/09-23:00,7136,7142,7134,7134,7385
 2024/05/09-23:05,7133,7135,7128,7131,10673
 2024/05/09-23:10,7131,7132,7125,7127,7005
 2024/05/09-23:15,7127,7130,7121,7128,9071
 2024/05/09-23:20,7128,7131,7128,7130,3884
 2024/05/09-23:25,7130,7134,7130,7134,4342
 2024/05/09-23:30,7134,7138,7133,7136,5580
 2024/05/09-23:35,7136,7136,7133,7135,2737
 2024/05/09-23:40,7136,7141,7133,7135,5811
 2024/05/09-23:45,7135,7136,7131,7132,3317
 2024/05/09-23:50,7132,7137,7129,7135,3581
 2024/05/09-23:55,7134,7138,7134,7136,3386
 2024/05/09-00:00,7136,7138,7134,7138,2837
 2024/05/09-00:05,7138,7138,7134,7134,2982
 2024/05/09-00:10,7134,7138,7133,7138,2371
 2024/05/09-00:15,7138,7141,7136,7137,3574
 2024/05/09-00:20,7137,7138,7134,7136,1737
 2024/05/09-00:25,7136,7136,7131,7134,3108
 2024/05/09-00:30,7134,7137,7133,7137,1840
 2024/05/09-00:35,7137,7137,7134,7137,1422
 2024/05/09-00:40,7137,7138,7132,7133,2804
 2024/05/09-00:45,7132,7134,7132,7134,1482
 2024/05/09-00:50,7134,7134,7130,7134,1714
 2024/05/09-00:55,7134,7134,7133,7134,808
 2024/05/09-01:00,7135,7135,7132,7133,1241
 2024/05/09-01:05,7133,7135,7127,7130,4211
 2024/05/09-01:10,7130,7131,7127,7131,1771
 2024/05/09-01:15,7130,7131,7127,7128,1687
 2024/05/09-01:20,7128,7128,7126,7127,2261
 2024/05/09-01:25,7127,7128,7124,7125,2069
 2024/05/09-01:30,7125,7128,7123,7128,1936
 2024/05/09-01:35,7128,7130,7127,7129,1348
 2024/05/09-01:40,7129,7130,7128,7129,458
 2024/05/09-01:45,7128,7130,7128,7129,832
 2024/05/09-01:50,7129,7130,7128,7129,695
 2024/05/09-01:55,7129,7130,7129,7129,355
 2024/05/09-02:00,7129,7129,7120,7120,3767
 2024/05/09-02:05,7120,7120,7118,7118,3142
 2024/05/09-02:10,7118,7120,7111,7115,6640
 2024/05/09-02:15,7115,7117,7112,7113,3075
 2024/05/09-02:20,7113,7115,7112,7114,2525
 2024/05/09-02:25,7114,7115,7106,7108,5364
 2024/05/09-02:30,7108,7111,7106,7108,6259
 2024/05/09-09:05,7108,7123,7108,7117,21721
 2024/05/09-09:10,7117,7126,7109,7110,17720
 2024/05/09-09:15,7109,7117,7109,7114,9380
 2024/05/09-09:20,7114,7121,7111,7121,4681
 2024/05/09-09:25,7121,7125,7119,7124,6473
 2024/05/09-09:30,7124,7127,7120,7123,5561
 2024/05/09-09:35,7123,7136,7121,7133,11138
 2024/05/09-09:40,7133,7134,7128,7132,9205
 2024/05/09-09:45,7132,7135,7130,7130,7570
 2024/05/09-09:50,7130,7132,7126,7128,6875
 2024/05/09-09:55,7128,7130,7123,7124,3735
 2024/05/09-10:00,7124,7124,7115,7118,8990
 2024/05/09-10:05,7117,7123,7116,7121,4821
 2024/05/09-10:10,7121,7122,7114,7116,6229
 2024/05/09-10:15,7116,7119,7114,7118,4482
 2024/05/09-10:35,7118,7121,7115,7120,4728
 2024/05/09-10:40,7120,7121,7116,7118,3022
 2024/05/09-10:45,7118,7118,7113,7118,3958
 2024/05/09-10:50,7118,7125,7117,7125,5053
 2024/05/09-10:55,7124,7132,7123,7132,8252
 2024/05/09-11:00,7131,7131,7127,7129,4564
 2024/05/09-11:05,7129,7138,7127,7134,13120
 2024/05/09-11:10,7134,7137,7133,7137,4892
 2024/05/09-11:15,7138,7143,7135,7136,11647
 2024/05/09-11:20,7136,7137,7132,7134,4679
 2024/05/09-11:25,7134,7138,7132,7134,3688
 2024/05/09-11:30,7134,7134,7131,7134,3286
 2024/05/09-13:35,7140,7179,7140,7177,66093
 2024/05/09-13:40,7178,7198,7177,7195,48756
 2024/05/09-13:45,7195,7206,7173,7178,50105
 2024/05/09-13:50,7178,7184,7169,7170,23704
 2024/05/09-13:55,7170,7177,7167,7176,16204
 2024/05/09-14:00,7176,7180,7174,7179,9881
 2024/05/09-14:05,7179,7180,7171,7175,9631
 2024/05/09-14:10,7175,7182,7171,7177,8527
 2024/05/09-14:15,7177,7190,7177,7190,11562
 2024/05/09-14:20,7189,7189,7176,7177,10427
 2024/05/09-14:25,7177,7180,7174,7180,6760
 2024/05/09-14:30,7180,7180,7174,7175,5403
 2024/05/09-14:35,7175,7178,7163,7165,12531
 2024/05/09-14:40,7165,7174,7164,7174,7307
 2024/05/09-14:45,7174,7174,7166,7169,6412
 2024/05/09-14:50,7169,7171,7167,7169,4323
 2024/05/09-14:55,7169,7174,7169,7171,6141
 2024/05/09-15:00,7171,7173,7167,7173,10682
 2024/05/10-21:05,7225,7237,7219,7226,56224
 2024/05/10-21:10,7226,7226,7208,7214,30654
 2024/05/10-21:15,7214,7214,7184,7189,44529
 2024/05/10-21:20,7190,7190,7174,7179,36299
 2024/05/10-21:25,7179,7188,7175,7175,21305
 2024/05/10-21:30,7175,7181,7164,7178,23786
 2024/05/10-21:35,7178,7186,7177,7183,20814
 2024/05/10-21:40,7183,7190,7182,7186,15520
 2024/05/10-21:45,7186,7188,7176,7181,12503
 2024/05/10-21:50,7181,7193,7179,7190,15354
 2024/05/10-21:55,7190,7200,7189,7195,14809
 2024/05/10-22:00,7195,7206,7194,7205,14474
 2024/05/10-22:05,7204,7215,7201,7215,19447
 2024/05/10-22:10,7215,7238,7207,7235,43528
 2024/05/10-22:15,7235,7247,7232,7244,42802
 2024/05/10-22:20,7244,7248,7232,7244,31607
 2024/05/10-22:25,7244,7255,7244,7247,30873
 2024/05/10-22:30,7247,7256,7239,7240,24463
 2024/05/10-22:35,7239,7241,7223,7228,23535
 2024/05/10-22:40,7228,7236,7225,7234,17365
 2024/05/10-22:45,7234,7238,7226,7226,15991
 2024/05/10-22:50,7226,7233,7223,7226,12840
 2024/05/10-22:55,7225,7235,7225,7234,9578
 2024/05/10-23:00,7234,7243,7231,7242,14057
 2024/05/10-23:05,7242,7244,7237,7243,14321
 2024/05/10-23:10,7243,7249,7242,7248,14064
 2024/05/10-23:15,7248,7252,7239,7239,15141
 2024/05/10-23:20,7240,7242,7236,7241,12321
 2024/05/10-23:25,7240,7241,7232,7233,11415
 2024/05/10-23:30,7233,7238,7233,7237,4211
 2024/05/10-23:35,7237,7238,7234,7237,3801
 2024/05/10-23:40,7237,7238,7233,7235,5357
 2024/05/10-23:45,7234,7239,7234,7238,3956
 2024/05/10-23:50,7238,7244,7235,7236,6421
 2024/05/10-23:55,7236,7238,7232,7236,5523
 2024/05/10-00:00,7236,7240,7234,7240,3374
 2024/05/10-00:05,7239,7245,7237,7244,5020
 2024/05/10-00:10,7244,7247,7243,7243,5728
 2024/05/10-00:15,7243,7245,7240,7241,3146
 2024/05/10-00:20,7241,7244,7239,7244,3374
 2024/05/10-00:25,7244,7244,7242,7243,1820
 2024/05/10-00:30,7243,7256,7242,7255,7225
 2024/05/10-00:35,7255,7259,7251,7255,10292
 2024/05/10-00:40,7255,7258,7250,7250,4958
 2024/05/10-00:45,7250,7254,7248,7249,3326
 2024/05/10-00:50,7249,7250,7242,7246,6370
 2024/05/10-00:55,7246,7247,7243,7244,2413
 2024/05/10-01:00,7244,7247,7242,7245,3203
 2024/05/10-01:05,7245,7252,7243,7251,5223
 2024/05/10-01:10,7251,7252,7248,7251,3044
 2024/05/10-01:15,7251,7252,7248,7249,1670
 2024/05/10-01:20,7249,7252,7248,7248,1905
 2024/05/10-01:25,7249,7252,7248,7249,1782
 2024/05/10-01:30,7249,7256,7248,7254,3148
 2024/05/10-01:35,7254,7255,7250,7250,1821
 2024/05/10-01:40,7250,7252,7250,7252,1353
 2024/05/10-01:45,7252,7254,7252,7253,1446
 2024/05/10-01:50,7252,7254,7252,7253,1445
 2024/05/10-01:55,7254,7254,7251,7254,861
 2024/05/10-02:00,7254,7262,7253,7260,4947
 2024/05/10-02:05,7261,7262,7258,7260,2780
 2024/05/10-02:10,7260,7260,7255,7256,2026
 2024/05/10-02:15,7256,7256,7253,7255,1409
 2024/05/10-02:20,7254,7256,7253,7255,1538
 2024/05/10-02:25,7255,7259,7255,7257,2059
 2024/05/10-02:30,7256,7261,7256,7261,5550
 2024/05/10-09:05,7266,7313,7266,7312,65280
 2024/05/10-09:10,7312,7324,7302,7304,41683
 2024/05/10-09:15,7304,7317,7294,7316,26141
 2024/05/10-09:20,7316,7352,7312,7339,50981
 2024/05/10-09:25,7339,7376,7337,7364,53066
 2024/05/10-09:30,7363,7374,7353,7363,31466
 2024/05/10-09:35,7363,7384,7361,7372,35649
 2024/05/10-09:40,7372,7374,7360,7366,23381
 2024/05/10-09:45,7367,7375,7362,7369,13973
 2024/05/10-09:50,7369,7371,7363,7370,11253
 2024/05/10-09:55,7370,7370,7354,7363,16730
 2024/05/10-10:00,7362,7381,7362,7366,16837
 2024/05/10-10:05,7366,7369,7358,7368,11556
 2024/05/10-10:10,7368,7372,7359,7368,11507
 2024/05/10-10:15,7368,7370,7360,7364,11743
 2024/05/10-10:35,7360,7360,7328,7331,46828
 2024/05/10-10:40,7331,7341,7320,7339,30521
 2024/05/10-10:45,7339,7347,7335,7338,15834
 2024/05/10-10:50,7339,7346,7337,7344,7045
 2024/05/10-10:55,7344,7354,7340,7347,11377
 2024/05/10-11:00,7347,7352,7344,7345,9725
 2024/05/10-11:05,7344,7350,7339,7348,7801
 2024/05/10-11:10,7348,7353,7342,7351,8515
 2024/05/10-11:15,7352,7359,7348,7359,7630
 2024/05/10-11:20,7359,7360,7354,7357,7784
 2024/05/10-11:25,7357,7357,7349,7353,6242
 2024/05/10-11:30,7353,7365,7353,7361,12782
 2024/05/10-13:35,7365,7383,7365,7366,32939
 2024/05/10-13:40,7366,7374,7364,7370,9800
 2024/05/10-13:45,7370,7385,7370,7377,17313
 2024/05/10-13:50,7378,7387,7376,7382,12731
 2024/05/10-13:55,7382,7383,7377,7382,8708
 2024/05/10-14:00,7382,7386,7379,7385,10053
 2024/05/10-14:05,7384,7395,7379,7390,23142
 2024/05/10-14:10,7390,7399,7385,7398,18830
 2024/05/10-14:15,7397,7412,7397,7404,24881
 2024/05/10-14:20,7403,7415,7403,7410,20648
 2024/05/10-14:25,7409,7415,7406,7410,17815
 2024/05/10-14:30,7410,7413,7404,7411,13877
 2024/05/10-14:35,7411,7416,7406,7406,13187
 2024/05/10-14:40,7407,7414,7404,7410,13719
 2024/05/10-14:45,7410,7422,7409,7417,17634
 2024/05/10-14:50,7417,7418,7411,7414,11331
 2024/05/10-14:55,7414,7423,7414,7422,21905
 2024/05/10-15:00,7422,7424,7417,7424,26379
 2024/05/13-21:05,7375,7376,7353,7365,70401
 2024/05/13-21:10,7364,7384,7355,7384,39220
 2024/05/13-21:15,7384,7388,7373,7376,27043
 2024/05/13-21:20,7376,7382,7366,7379,19033
 2024/05/13-21:25,7379,7392,7378,7387,20108
 2024/05/13-21:30,7387,7397,7382,7385,18383
 2024/05/13-21:35,7385,7387,7365,7371,26707
 2024/05/13-21:40,7371,7377,7363,7371,18901
 2024/05/13-21:45,7371,7380,7369,7377,13587
 2024/05/13-21:50,7378,7388,7376,7383,16486
 2024/05/13-21:55,7383,7393,7383,7384,15120
 2024/05/13-22:00,7384,7386,7375,7378,13473
 2024/05/13-22:05,7378,7387,7372,7387,21600
 2024/05/13-22:10,7387,7393,7376,7376,16910
 2024/05/13-22:15,7376,7379,7367,7374,20868
 2024/05/13-22:20,7374,7376,7364,7372,12065
 2024/05/13-22:25,7371,7373,7336,7338,47804
 2024/05/13-22:30,7338,7347,7314,7317,43414
 2024/05/13-22:35,7316,7339,7313,7334,37707
 2024/05/13-22:40,7334,7338,7329,7332,19190
 2024/05/13-22:45,7332,7343,7332,7340,15584
 2024/05/13-22:50,7339,7339,7321,7322,17207
 2024/05/13-22:55,7322,7332,7321,7331,12513
 2024/05/13-23:00,7331,7331,7298,7319,44550
 2024/05/13-23:05,7319,7319,7305,7306,26990
 2024/05/13-23:10,7305,7317,7305,7315,15876
 2024/05/13-23:15,7315,7331,7314,7330,21737
 2024/05/13-23:20,7331,7339,7327,7331,19774
 2024/05/13-23:25,7331,7335,7328,7333,9944
 2024/05/13-23:30,7333,7337,7332,7335,6959
 2024/05/13-23:35,7335,7337,7331,7331,7185
 2024/05/13-23:40,7331,7335,7329,7333,6645
 2024/05/13-23:45,7333,7342,7331,7339,10946
 2024/05/13-23:50,7339,7340,7335,7335,5812
 2024/05/13-23:55,7335,7337,7324,7324,9666
 2024/05/13-00:00,7324,7333,7324,7332,6316
 2024/05/13-00:05,7332,7334,7324,7326,7082
 2024/05/13-00:10,7326,7329,7323,7327,4955
 2024/05/13-00:15,7327,7337,7326,7336,6813
 2024/05/13-00:20,7335,7335,7331,7333,3318
 2024/05/13-00:25,7333,7336,7332,7336,2959
 2024/05/13-00:30,7336,7340,7335,7337,6022
 2024/05/13-00:35,7337,7338,7333,7333,3897
 2024/05/13-00:40,7333,7336,7331,7334,3430
 2024/05/13-00:45,7334,7336,7334,7335,1395
 2024/05/13-00:50,7335,7349,7335,7346,9715
 2024/05/13-00:55,7346,7347,7344,7346,3982
 2024/05/13-01:00,7346,7346,7340,7341,3825
 2024/05/13-01:05,7341,7342,7338,7341,3104
 2024/05/13-01:10,7341,7342,7334,7338,4928
 2024/05/13-01:15,7338,7340,7336,7339,2162
 2024/05/13-01:20,7339,7340,7336,7337,1731
 2024/05/13-01:25,7337,7340,7337,7338,2219
 2024/05/13-01:30,7338,7344,7337,7343,2431
 2024/05/13-01:35,7343,7346,7342,7344,2957
 2024/05/13-01:40,7344,7348,7343,7346,2861
 2024/05/13-01:45,7345,7347,7341,7345,2216
 2024/05/13-01:50,7345,7347,7343,7343,1712
 2024/05/13-01:55,7344,7345,7343,7344,900
 2024/05/13-02:00,7344,7345,7343,7345,1407
 2024/05/13-02:05,7345,7347,7343,7343,2701
 2024/05/13-02:10,7343,7344,7342,7342,1437
 2024/05/13-02:15,7342,7344,7342,7342,1457
 2024/05/13-02:20,7342,7343,7335,7336,3615
 2024/05/13-02:25,7336,7340,7335,7339,1674
 2024/05/13-02:30,7339,7341,7338,7340,4943
 2024/05/13-09:05,7340,7340,7301,7316,51101
 2024/05/13-09:10,7316,7327,7314,7320,19087
 2024/05/13-09:15,7319,7321,7279,7286,49666
 2024/05/13-09:20,7287,7291,7268,7283,39795
 2024/05/13-09:25,7283,7294,7276,7276,17260
 2024/05/13-09:30,7276,7279,7265,7270,24978
 2024/05/13-09:35,7270,7283,7268,7283,14925
 2024/05/13-09:40,7283,7287,7278,7284,7835
 2024/05/13-09:45,7284,7289,7271,7279,10157
 2024/05/13-09:50,7279,7300,7275,7299,15471
 2024/05/13-09:55,7299,7312,7296,7307,17253
 2024/05/13-10:00,7307,7322,7305,7316,15046
 2024/05/13-10:05,7316,7322,7311,7314,11607
 2024/05/13-10:10,7314,7315,7307,7312,7202
 2024/05/13-10:15,7312,7325,7311,7322,9187
 2024/05/13-10:35,7321,7337,7314,7335,15651
 2024/05/13-10:40,7335,7335,7319,7319,10261
 2024/05/13-10:45,7318,7324,7315,7316,5782
 2024/05/13-10:50,7316,7332,7316,7331,8117
 2024/05/13-10:55,7331,7331,7318,7325,5718
 2024/05/13-11:00,7325,7332,7324,7328,6603
 2024/05/13-11:05,7328,7335,7321,7334,7860
 2024/05/13-11:10,7334,7337,7323,7324,8819
 2024/05/13-11:15,7324,7325,7315,7319,6519
 2024/05/13-11:20,7319,7320,7307,7313,8491
 2024/05/13-11:25,7313,7317,7311,7317,3562
 2024/05/13-11:30,7316,7325,7315,7317,6897
 2024/05/13-13:35,7313,7313,7295,7306,18175
 2024/05/13-13:40,7307,7309,7301,7309,6856
 2024/05/13-13:45,7309,7318,7307,7308,8510
 2024/05/13-13:50,7308,7316,7306,7315,4546
 2024/05/13-13:55,7315,7317,7309,7311,3572
 2024/05/13-14:00,7311,7315,7310,7313,3340
 2024/05/13-14:05,7313,7321,7313,7318,4897
 2024/05/13-14:10,7318,7320,7313,7317,4329
 2024/05/13-14:15,7317,7317,7308,7309,5175
 2024/05/13-14:20,7309,7315,7305,7313,6131
 2024/05/13-14:25,7313,7316,7305,7311,6045
 2024/05/13-14:30,7311,7314,7305,7307,4631
 2024/05/13-14:35,7307,7311,7302,7304,7724
 2024/05/13-14:40,7304,7309,7301,7305,7023
 2024/05/13-14:45,7305,7310,7303,7305,4887
 2024/05/13-14:50,7305,7309,7297,7303,9849
 2024/05/13-14:55,7303,7313,7303,7311,8959
 2024/05/13-15:00,7311,7318,7309,7317,12538
 2024/05/14-21:05,7353,7355,7337,7337,49682
 2024/05/14-21:10,7337,7338,7327,7330,20771
 2024/05/14-21:15,7330,7342,7328,7342,15704
 2024/05/14-21:20,7342,7351,7339,7339,18026
 2024/05/14-21:25,7339,7340,7323,7328,16223
 2024/05/14-21:30,7328,7334,7325,7326,8355
 2024/05/14-21:35,7326,7337,7326,7337,12210
 2024/05/14-21:40,7337,7339,7320,7324,15299
 2024/05/14-21:45,7324,7328,7314,7315,17520
 2024/05/14-21:50,7315,7330,7315,7322,11602
 2024/05/14-21:55,7322,7329,7320,7327,7238
 2024/05/14-22:00,7327,7334,7325,7331,8298
 2024/05/14-22:05,7331,7340,7328,7335,13389
 2024/05/14-22:10,7335,7340,7329,7330,10815
 2024/05/14-22:15,7329,7330,7324,7328,8704
 2024/05/14-22:20,7328,7329,7319,7323,9994
 2024/05/14-22:25,7323,7330,7318,7329,8845
 2024/05/14-22:30,7329,7332,7324,7332,5896
 2024/05/14-22:35,7333,7335,7328,7329,7558
 2024/05/14-22:40,7329,7336,7329,7331,5621
 2024/05/14-22:45,7331,7336,7329,7332,4368
 2024/05/14-22:50,7333,7338,7331,7337,7831
 2024/05/14-22:55,7337,7338,7334,7335,4932
 2024/05/14-23:00,7335,7340,7334,7340,7688
 2024/05/14-23:05,7340,7340,7300,7308,29974
 2024/05/14-23:10,7309,7322,7308,7314,20886
 2024/05/14-23:15,7314,7317,7311,7314,7792
 2024/05/14-23:20,7314,7314,7306,7312,9097
 2024/05/14-23:25,7312,7312,7306,7309,8213
 2024/05/14-23:30,7309,7309,7281,7282,27198
 2024/05/14-23:35,7282,7291,7280,7290,16420
 2024/05/14-23:40,7290,7295,7287,7293,9608
 2024/05/14-23:45,7293,7299,7291,7295,7542
 2024/05/14-23:50,7295,7304,7294,7301,7553
 2024/05/14-23:55,7301,7306,7297,7305,6627
 2024/05/14-00:00,7305,7308,7304,7308,5800
 2024/05/14-00:05,7307,7313,7307,7310,7656
 2024/05/14-00:10,7309,7313,7309,7311,4187
 2024/05/14-00:15,7311,7315,7308,7312,7180
 2024/05/14-00:20,7312,7313,7310,7311,2661
 2024/05/14-00:25,7311,7311,7307,7309,3641
 2024/05/14-00:30,7309,7310,7306,7309,2158
 2024/05/14-00:35,7309,7312,7307,7311,2430
 2024/05/14-00:40,7311,7313,7310,7311,2013
 2024/05/14-00:45,7311,7319,7311,7318,5944
 2024/05/14-00:50,7318,7324,7317,7317,5548
 2024/05/14-00:55,7317,7318,7314,7317,3614
 2024/05/14-01:00,7317,7318,7314,7314,2093
 2024/05/14-01:05,7314,7314,7309,7310,4162
 2024/05/14-01:10,7310,7313,7309,7312,1526
 2024/05/14-01:15,7312,7316,7311,7311,2023
 2024/05/14-01:20,7311,7313,7309,7312,1852
 2024/05/14-01:25,7313,7315,7310,7310,1735
 2024/05/14-01:30,7310,7315,7309,7314,1920
 2024/05/14-01:35,7314,7315,7312,7314,911
 2024/05/14-01:40,7314,7317,7313,7316,1253
 2024/05/14-01:45,7316,7319,7315,7316,1817
 2024/05/14-01:50,7316,7317,7315,7317,612
 2024/05/14-01:55,7317,7317,7313,7314,864
 2024/05/14-02:00,7313,7314,7313,7313,668
 2024/05/14-02:05,7313,7316,7312,7313,927
 2024/05/14-02:10,7313,7314,7313,7313,684
 2024/05/14-02:15,7313,7314,7311,7314,984
 2024/05/14-02:20,7314,7315,7314,7315,611
 2024/05/14-02:25,7315,7317,7314,7314,1114
 2024/05/14-02:30,7314,7318,7313,7318,3146
 2024/05/14-09:05,7318,7335,7318,7329,26334
 2024/05/14-09:10,7329,7331,7321,7330,10649
 2024/05/14-09:15,7329,7336,7328,7334,7159
 2024/05/14-09:20,7334,7340,7330,7339,10501
 2024/05/14-09:25,7340,7342,7328,7329,11983
 2024/05/14-09:30,7329,7332,7322,7323,9431
 2024/05/14-09:35,7323,7330,7318,7325,8150
 2024/05/14-09:40,7325,7328,7322,7323,4176
 2024/05/14-09:45,7323,7324,7315,7322,8532
 2024/05/14-09:50,7322,7324,7316,7319,3953
 2024/05/14-09:55,7318,7328,7318,7326,3748
 2024/05/14-10:00,7326,7331,7326,7330,5994
 2024/05/14-10:05,7330,7334,7325,7327,6190
 2024/05/14-10:10,7327,7331,7326,7331,3907
 2024/05/14-10:15,7331,7342,7329,7339,11253
 2024/05/14-10:35,7339,7354,7335,7348,19765
 2024/05/14-10:40,7349,7350,7333,7335,9089
 2024/05/14-10:45,7334,7337,7330,7334,5601
 2024/05/14-10:50,7334,7340,7334,7338,4800
 2024/05/14-10:55,7338,7338,7330,7332,5495
 2024/05/14-11:00,7332,7335,7328,7330,4771
 2024/05/14-11:05,7330,7335,7329,7329,3937
 2024/05/14-11:10,7329,7335,7327,7335,3272
 2024/05/14-11:15,7335,7339,7335,7338,3516
 2024/05/14-11:20,7338,7347,7337,7339,8164
 2024/05/14-11:25,7339,7342,7338,7341,3068
 2024/05/14-11:30,7341,7347,7340,7347,4765
 2024/05/14-13:35,7351,7370,7351,7359,36110
 2024/05/14-13:40,7359,7369,7350,7368,16934
 2024/05/14-13:45,7368,7381,7364,7381,21494
 2024/05/14-13:50,7381,7383,7365,7366,14139
 2024/05/14-13:55,7366,7369,7361,7366,7997
 2024/05/14-14:00,7365,7366,7360,7362,6366
 2024/05/14-14:05,7362,7376,7361,7376,8941
 2024/05/14-14:10,7376,7376,7364,7364,11197
 2024/05/14-14:15,7365,7365,7357,7359,9630
 2024/05/14-14:20,7359,7365,7358,7361,4794
 2024/05/14-14:25,7361,7362,7351,7353,9906
 2024/05/14-14:30,7353,7359,7343,7346,10621
 2024/05/14-14:35,7346,7347,7335,7340,15210
 2024/05/14-14:40,7340,7343,7325,7330,18978
 2024/05/14-14:45,7330,7331,7317,7329,18457
 2024/05/14-14:50,7328,7331,7321,7324,8008
 2024/05/14-14:55,7324,7328,7321,7324,7328
 2024/05/14-15:00,7324,7330,7322,7328,10005
 2024/05/15-21:05,7362,7365,7348,7350,42092
 2024/05/15-21:10,7350,7360,7346,7360,21451
 2024/05/15-21:15,7359,7374,7357,7361,30103
 2024/05/15-21:20,7361,7368,7355,7356,23779
 2024/05/15-21:25,7356,7359,7350,7351,16496
 2024/05/15-21:30,7351,7357,7347,7348,9664
 2024/05/15-21:35,7348,7352,7342,7344,18383
 2024/05/15-21:40,7344,7363,7340,7362,21252
 2024/05/15-21:45,7362,7367,7357,7359,18744
 2024/05/15-21:50,7360,7376,7360,7373,20810
 2024/05/15-21:55,7372,7386,7371,7376,28074
 2024/05/15-22:00,7376,7395,7372,7395,24769
 2024/05/15-22:05,7395,7411,7387,7388,51103
 2024/05/15-22:10,7387,7392,7363,7366,43698
 2024/05/15-22:15,7366,7369,7354,7357,34078
 2024/05/15-22:20,7357,7358,7342,7351,34916
 2024/05/15-22:25,7350,7362,7350,7360,19921
 2024/05/15-22:30,7360,7368,7360,7367,16385
 2024/05/15-22:35,7368,7371,7360,7370,13420
 2024/05/15-22:40,7370,7376,7361,7366,24865
 2024/05/15-22:45,7365,7370,7361,7368,9175
 2024/05/15-22:50,7368,7368,7359,7364,8061
 2024/05/15-22:55,7363,7369,7360,7360,7067
 2024/05/15-23:00,7361,7366,7359,7366,7490
 2024/05/15-23:05,7365,7365,7355,7362,11867
 2024/05/15-23:10,7363,7374,7362,7372,11599
 2024/05/15-23:15,7372,7380,7367,7368,16338
 2024/05/15-23:20,7368,7376,7368,7375,9289
 2024/05/15-23:25,7375,7376,7366,7371,7392
 2024/05/15-23:30,7371,7372,7367,7367,3857
 2024/05/15-23:35,7368,7377,7366,7376,7001
 2024/05/15-23:40,7376,7381,7372,7372,10170
 2024/05/15-23:45,7372,7373,7368,7370,4156
 2024/05/15-23:50,7370,7371,7367,7370,3183
 2024/05/15-23:55,7370,7370,7366,7369,4489
 2024/05/15-00:00,7368,7368,7351,7352,14488
 2024/05/15-00:05,7352,7352,7343,7349,16338
 2024/05/15-00:10,7349,7356,7349,7354,10120
 2024/05/15-00:15,7354,7359,7350,7354,4571
 2024/05/15-00:20,7354,7356,7350,7356,5099
 2024/05/15-00:25,7356,7358,7353,7353,2882
 2024/05/15-00:30,7353,7357,7353,7356,2154
 2024/05/15-00:35,7356,7363,7355,7362,7031
 2024/05/15-00:40,7362,7365,7361,7361,3692
 2024/05/15-00:45,7361,7368,7360,7366,4185
 2024/05/15-00:50,7366,7372,7366,7372,3927
 2024/05/15-00:55,7372,7374,7365,7373,4961
 2024/05/15-01:00,7374,7375,7371,7372,4292
 2024/05/15-01:05,7372,7375,7369,7371,4617
 2024/05/15-01:10,7371,7374,7370,7370,2424
 2024/05/15-01:15,7371,7372,7367,7368,2975
 2024/05/15-01:20,7368,7370,7367,7368,1110
 2024/05/15-01:25,7369,7370,7366,7370,1741
 2024/05/15-01:30,7370,7376,7368,7373,3757
 2024/05/15-01:35,7373,7375,7373,7375,1203
 2024/05/15-01:40,7374,7375,7372,7372,1600
 2024/05/15-01:45,7372,7375,7372,7374,2683
 2024/05/15-01:50,7374,7376,7374,7375,2901
 2024/05/15-01:55,7375,7375,7372,7372,2652
 2024/05/15-02:00,7372,7373,7369,7370,1494
 2024/05/15-02:05,7370,7376,7370,7373,2679
 2024/05/15-02:10,7374,7377,7373,7375,1918
 2024/05/15-02:15,7375,7378,7375,7378,1232
 2024/05/15-02:20,7378,7380,7376,7376,2712
 2024/05/15-02:25,7376,7377,7374,7376,2168
 2024/05/15-02:30,7376,7378,7374,7375,6220
 2024/05/15-09:05,7379,7380,7350,7350,41263
 2024/05/15-09:10,7349,7366,7346,7362,29940
 2024/05/15-09:15,7362,7367,7356,7356,9703
 2024/05/15-09:20,7356,7362,7352,7359,14268
 2024/05/15-09:25,7359,7364,7355,7358,6655
 2024/05/15-09:30,7358,7366,7353,7364,7747
 2024/05/15-09:35,7364,7376,7362,7372,13855
 2024/05/15-09:40,7372,7372,7363,7364,8323
 2024/05/15-09:45,7364,7370,7360,7361,5435
 2024/05/15-09:50,7360,7363,7356,7361,8014
 2024/05/15-09:55,7361,7373,7360,7368,12276
 2024/05/15-10:00,7369,7371,7365,7366,7266
 2024/05/15-10:05,7366,7372,7365,7370,4334
 2024/05/15-10:10,7370,7381,7369,7375,16638
 2024/05/15-10:15,7375,7377,7370,7371,6625
 2024/05/15-10:35,7371,7374,7368,7373,5305
 2024/05/15-10:40,7373,7376,7372,7374,5024
 2024/05/15-10:45,7374,7378,7368,7369,6554
 2024/05/15-10:50,7369,7370,7364,7365,5422
 2024/05/15-10:55,7365,7365,7360,7362,6234
 2024/05/15-11:00,7362,7369,7360,7369,5370
 2024/05/15-11:05,7369,7375,7366,7374,8277
 2024/05/15-11:10,7374,7375,7369,7370,4562
 2024/05/15-11:15,7370,7374,7370,7373,2512
 2024/05/15-11:20,7373,7376,7368,7369,6171
 2024/05/15-11:25,7368,7369,7361,7366,7628
 2024/05/15-11:30,7366,7369,7363,7364,5123
 2024/05/15-13:35,7364,7366,7353,7364,16488
 2024/05/15-13:40,7364,7368,7361,7364,5678
 2024/05/15-13:45,7364,7365,7361,7363,3304
 2024/05/15-13:50,7363,7372,7360,7372,6520
 2024/05/15-13:55,7372,7372,7367,7369,4079
 2024/05/15-14:00,7369,7372,7367,7370,4486
 2024/05/15-14:05,7370,7375,7367,7368,5949
 2024/05/15-14:10,7368,7372,7366,7367,4499
 2024/05/15-14:15,7367,7367,7361,7365,5328
 2024/05/15-14:20,7365,7370,7360,7369,6025
 2024/05/15-14:25,7369,7373,7368,7372,6181
 2024/05/15-14:30,7372,7372,7368,7371,4342
 2024/05/15-14:35,7370,7370,7362,7363,6636
 2024/05/15-14:40,7364,7369,7363,7369,3538
 2024/05/15-14:45,7369,7373,7366,7369,9530
 2024/05/15-14:50,7369,7371,7367,7368,5392
 2024/05/15-14:55,7368,7371,7366,7368,8144
 2024/05/15-15:00,7368,7379,7367,7379,19446
 2024/05/16-21:05,7467,7470,7444,7461,94601
 2024/05/16-21:10,7460,7512,7460,7484,95856
 2024/05/16-21:15,7484,7510,7484,7499,46700
 2024/05/16-21:20,7500,7504,7480,7488,37721
 2024/05/16-21:25,7489,7492,7464,7477,34146
 2024/05/16-21:30,7478,7498,7477,7486,24391
 2024/05/16-21:35,7486,7491,7476,7479,25082
 2024/05/16-21:40,7479,7485,7473,7476,18221
 2024/05/16-21:45,7476,7478,7452,7452,32725
 2024/05/16-21:50,7452,7461,7418,7424,67667
 2024/05/16-21:55,7425,7426,7369,7384,88816
 2024/05/16-22:00,7385,7398,7380,7395,53892
 2024/05/16-22:05,7395,7399,7370,7389,48116
 2024/05/16-22:10,7389,7405,7385,7402,32109
 2024/05/16-22:15,7402,7413,7400,7410,27961
 2024/05/16-22:20,7410,7412,7403,7410,16700
 2024/05/16-22:25,7410,7412,7401,7403,15057
 2024/05/16-22:30,7403,7421,7402,7418,19792
 2024/05/16-22:35,7418,7432,7418,7431,23149
 2024/05/16-22:40,7431,7438,7430,7430,20447
 2024/05/16-22:45,7430,7440,7426,7437,18620
 2024/05/16-22:50,7437,7437,7424,7432,16088
 2024/05/16-22:55,7432,7439,7431,7437,12758
 2024/05/16-23:00,7437,7456,7437,7455,28749
 2024/05/16-23:05,7456,7473,7456,7472,42855
 2024/05/16-23:10,7472,7505,7471,7504,64818
 2024/05/16-23:15,7505,7523,7495,7515,58292
 2024/05/16-23:20,7516,7530,7504,7507,48134
 2024/05/16-23:25,7507,7520,7506,7519,28592
 2024/05/16-23:30,7519,7519,7504,7511,19419
 2024/05/16-23:35,7511,7519,7495,7498,25050
 2024/05/16-23:40,7498,7498,7488,7492,24136
 2024/05/16-23:45,7492,7517,7491,7513,29977
 2024/05/16-23:50,7512,7512,7500,7500,13749
 2024/05/16-23:55,7500,7501,7491,7499,14574
 2024/05/16-00:00,7499,7504,7496,7502,9275
 2024/05/16-00:05,7501,7511,7499,7506,10218
 2024/05/16-00:10,7506,7511,7503,7510,7656
 2024/05/16-00:15,7510,7530,7508,7522,23328
 2024/05/16-00:20,7522,7528,7517,7528,14327
 2024/05/16-00:25,7528,7529,7519,7521,8785
 2024/05/16-00:30,7521,7530,7519,7524,11570
 2024/05/16-00:35,7524,7535,7521,7529,15231
 2024/05/16-00:40,7529,7533,7524,7525,8973
 2024/05/16-00:45,7525,7529,7517,7521,9065
 2024/05/16-00:50,7522,7528,7519,7521,7824
 2024/05/16-00:55,7521,7526,7521,7525,4665
 2024/05/16-01:00,7525,7525,7512,7518,10137
 2024/05/16-01:05,7518,7520,7516,7520,5226
 2024/05/16-01:10,7520,7526,7520,7525,6287
 2024/05/16-01:15,7525,7532,7525,7530,6536
 2024/05/16-01:20,7531,7549,7529,7542,23193
 2024/05/16-01:25,7542,7548,7537,7542,7726
 2024/05/16-01:30,7542,7552,7542,7550,7759
 2024/05/16-01:35,7550,7558,7543,7558,10161
 2024/05/16-01:40,7557,7563,7553,7563,9704
 2024/05/16-01:45,7564,7569,7558,7562,14205
 2024/05/16-01:50,7562,7568,7559,7567,5097
 2024/05/16-01:55,7567,7586,7566,7581,15715
 2024/05/16-02:00,7581,7583,7574,7576,6896
 2024/05/16-02:05,7576,7579,7562,7567,10540
 2024/05/16-02:10,7567,7575,7566,7571,6649
 2024/05/16-02:15,7571,7575,7569,7571,4078
 2024/05/16-02:20,7571,7584,7571,7579,6900
 2024/05/16-02:25,7579,7585,7575,7585,6262
 2024/05/16-02:30,7585,7596,7584,7595,16076
 2024/05/16-09:05,7595,7646,7595,7619,81223
 2024/05/16-09:10,7619,7622,7595,7608,51853
 2024/05/16-09:15,7608,7626,7598,7624,26449
 2024/05/16-09:20,7624,7657,7624,7639,44991
 2024/05/16-09:25,7640,7651,7631,7641,26279
 2024/05/16-09:30,7642,7644,7619,7631,27790
 2024/05/16-09:35,7631,7639,7622,7639,17579
 2024/05/16-09:40,7639,7652,7639,7648,20294
 2024/05/16-09:45,7648,7651,7639,7640,13322
 2024/05/16-09:50,7640,7641,7612,7614,26100
 2024/05/16-09:55,7614,7630,7613,7620,18849
 2024/05/16-10:00,7620,7624,7604,7616,22988
 2024/05/16-10:05,7616,7616,7593,7605,28223
 2024/05/16-10:10,7605,7610,7593,7602,16955
 2024/05/16-10:15,7602,7607,7593,7604,12832
 2024/05/16-10:35,7604,7621,7596,7610,21440
 2024/05/16-10:40,7610,7620,7607,7619,9413
 2024/05/16-10:45,7619,7619,7611,7614,9313
 2024/05/16-10:50,7614,7619,7607,7617,8079
 2024/05/16-10:55,7617,7624,7611,7613,10729
 2024/05/16-11:00,7613,7614,7599,7601,11353
 2024/05/16-11:05,7600,7608,7597,7602,8993
 2024/05/16-11:10,7602,7609,7598,7606,8604
 2024/05/16-11:15,7606,7611,7604,7604,7588
 2024/05/16-11:20,7604,7605,7596,7602,7559
 2024/05/16-11:25,7602,7617,7601,7616,7309
 2024/05/16-11:30,7616,7617,7613,7616,6490
 2024/05/16-13:35,7615,7622,7613,7616,12115
 2024/05/16-13:40,7616,7629,7613,7615,13463
 2024/05/16-13:45,7615,7619,7613,7613,5568
 2024/05/16-13:50,7613,7617,7606,7607,8080
 2024/05/16-13:55,7608,7613,7603,7612,7372
 2024/05/16-14:00,7612,7613,7601,7602,7653
 2024/05/16-14:05,7603,7609,7596,7600,15214
 2024/05/16-14:10,7600,7606,7600,7600,6881
 2024/05/16-14:15,7600,7602,7573,7584,32385
 2024/05/16-14:20,7584,7601,7583,7598,11205
 2024/05/16-14:25,7598,7599,7575,7579,14817
 2024/05/16-14:30,7578,7587,7567,7570,22262
 2024/05/16-14:35,7570,7579,7569,7575,11159
 2024/05/16-14:40,7574,7582,7568,7575,9709
 2024/05/16-14:45,7574,7577,7568,7576,10682
 2024/05/16-14:50,7575,7577,7570,7576,9032
 2024/05/16-14:55,7576,7592,7574,7589,15763
 2024/05/16-15:00,7589,7591,7578,7580,18108
 2024/05/17-21:05,7583,7585,7566,7579,44564
 2024/05/17-21:10,7579,7594,7576,7581,26785
 2024/05/17-21:15,7580,7602,7580,7596,25448
 2024/05/17-21:20,7596,7600,7562,7564,42643
 2024/05/17-21:25,7565,7593,7559,7585,40725
 2024/05/17-21:30,7585,7593,7582,7592,13942
 2024/05/17-21:35,7591,7592,7567,7571,23056
 2024/05/17-21:40,7570,7576,7563,7565,23058
 2024/05/17-21:45,7565,7573,7558,7572,28282
 2024/05/17-21:50,7572,7585,7572,7584,20371
 2024/05/17-21:55,7584,7590,7579,7582,13534
 2024/05/17-22:00,7582,7582,7574,7581,9171
 2024/05/17-22:05,7581,7593,7579,7591,12855
 2024/05/17-22:10,7591,7597,7580,7583,16232
 2024/05/17-22:15,7583,7591,7581,7586,7910
 2024/05/17-22:20,7586,7589,7573,7574,15142
 2024/05/17-22:25,7575,7581,7569,7572,10173
 2024/05/17-22:30,7572,7578,7564,7577,15532
 2024/05/17-22:35,7577,7594,7577,7591,19058
 2024/05/17-22:40,7591,7594,7584,7585,12278
 2024/05/17-22:45,7585,7593,7584,7589,7865
 2024/05/17-22:50,7589,7591,7578,7581,10791
 2024/05/17-22:55,7581,7583,7575,7577,11449
 2024/05/17-23:00,7577,7581,7569,7580,16189
 2024/05/17-23:05,7580,7585,7580,7583,9989
 2024/05/17-23:10,7582,7589,7575,7588,11934
 2024/05/17-23:15,7587,7591,7586,7588,8808
 2024/05/17-23:20,7588,7593,7587,7592,9446
 2024/05/17-23:25,7592,7616,7592,7614,32566
 2024/05/17-23:30,7615,7626,7614,7616,21839
 2024/05/17-23:35,7616,7625,7615,7625,10482
 2024/05/17-23:40,7624,7625,7612,7618,11627
 2024/05/17-23:45,7618,7641,7618,7636,24756
 2024/05/17-23:50,7636,7639,7631,7638,11834
 2024/05/17-23:55,7638,7638,7631,7636,8643
 2024/05/17-00:00,7636,7639,7633,7635,7571
 2024/05/17-00:05,7634,7635,7617,7620,16611
 2024/05/17-00:10,7620,7624,7617,7624,8559
 2024/05/17-00:15,7624,7637,7623,7632,9949
 2024/05/17-00:20,7632,7633,7625,7626,6205
 2024/05/17-00:25,7626,7628,7623,7626,4939
 2024/05/17-00:30,7626,7631,7626,7628,4386
 2024/05/17-00:35,7627,7629,7620,7627,6208
 2024/05/17-00:40,7627,7634,7626,7631,4634
 2024/05/17-00:45,7631,7637,7631,7637,6315
 2024/05/17-00:50,7637,7637,7629,7631,5044
 2024/05/17-00:55,7631,7634,7629,7630,3376
 2024/05/17-01:00,7630,7631,7626,7629,4283
 2024/05/17-01:05,7629,7630,7625,7630,4452
 2024/05/17-01:10,7629,7631,7626,7630,2502
 2024/05/17-01:15,7629,7630,7622,7622,2749
 2024/05/17-01:20,7622,7626,7622,7625,2574
 2024/05/17-01:25,7625,7628,7622,7625,3361
 2024/05/17-01:30,7625,7626,7617,7619,4843
 2024/05/17-01:35,7618,7622,7616,7620,3983
 2024/05/17-01:40,7620,7622,7609,7611,5983
 2024/05/17-01:45,7611,7618,7611,7617,2981
 2024/05/17-01:50,7616,7619,7614,7619,1860
 2024/05/17-01:55,7619,7625,7619,7624,2733
 2024/05/17-02:00,7624,7627,7622,7626,2374
 2024/05/17-02:05,7626,7627,7624,7624,1671
 2024/05/17-02:10,7625,7626,7622,7622,1728
 2024/05/17-02:15,7622,7625,7620,7620,1521
 2024/05/17-02:20,7620,7620,7617,7618,1813
 2024/05/17-02:25,7618,7619,7613,7617,3225
 2024/05/17-02:30,7617,7619,7615,7616,4346
 2024/05/17-09:05,7617,7623,7596,7597,34649
 2024/05/17-09:10,7597,7609,7593,7606,17260
 2024/05/17-09:15,7606,7610,7597,7604,15022
 2024/05/17-09:20,7604,7607,7594,7596,9149
 2024/05/17-09:25,7596,7596,7584,7585,17773
 2024/05/17-09:30,7586,7594,7583,7586,16414
 2024/05/17-09:35,7587,7593,7578,7587,18039
 2024/05/17-09:40,7587,7590,7581,7585,11213
 2024/05/17-09:45,7585,7591,7583,7587,12169
 2024/05/17-09:50,7587,7598,7586,7596,13826
 2024/05/17-09:55,7597,7612,7594,7611,18115
 2024/05/17-10:00,7611,7620,7608,7611,13954
 2024/05/17-10:05,7611,7615,7599,7605,9047
 2024/05/17-10:10,7605,7610,7603,7603,4699
 2024/05/17-10:15,7603,7610,7599,7610,6247
 2024/05/17-10:35,7612,7619,7608,7610,12205
 2024/05/17-10:40,7610,7613,7604,7610,7334
 2024/05/17-10:45,7610,7613,7602,7603,7464
 2024/05/17-10:50,7603,7607,7595,7595,10582
 2024/05/17-10:55,7595,7597,7589,7592,12006
 2024/05/17-11:00,7592,7597,7589,7593,10594
 2024/05/17-11:05,7593,7597,7591,7597,4410
 2024/05/17-11:10,7597,7597,7589,7596,4016
 2024/05/17-11:15,7596,7601,7594,7597,4988
 2024/05/17-11:20,7597,7604,7595,7600,4895
 2024/05/17-11:25,7600,7601,7589,7594,9790
 2024/05/17-11:30,7594,7603,7592,7597,6030
 2024/05/17-13:35,7608,7623,7608,7617,27728
 2024/05/17-13:40,7616,7617,7611,7614,8153
 2024/05/17-13:45,7614,7620,7609,7614,8739
 2024/05/17-13:50,7614,7628,7614,7624,12643
 2024/05/17-13:55,7624,7626,7618,7623,8075
 2024/05/17-14:00,7623,7625,7620,7621,4090
 2024/05/17-14:05,7621,7628,7615,7627,8354
 2024/05/17-14:10,7628,7637,7625,7632,15364
 2024/05/17-14:15,7632,7636,7629,7633,13592
 2024/05/17-14:20,7633,7635,7629,7635,8619
 2024/05/17-14:25,7634,7643,7631,7632,16207
 2024/05/17-14:30,7632,7632,7622,7627,12975
 2024/05/17-14:35,7626,7628,7620,7623,10440
 2024/05/17-14:40,7624,7631,7623,7630,7716
 2024/05/17-14:45,7630,7631,7626,7626,7188
 2024/05/17-14:50,7626,7631,7623,7631,5229
 2024/05/17-14:55,7631,7642,7629,7641,12437
 2024/05/17-15:00,7641,7648,7639,7648,21804
 2024/05/20-21:05,7749,7805,7749,7771,138732
 2024/05/20-21:10,7770,7781,7748,7771,69507
 2024/05/20-21:15,7771,7818,7771,7818,70659
 2024/05/20-21:20,7819,7836,7793,7817,75500
 2024/05/20-21:25,7815,7830,7807,7811,48929
 2024/05/20-21:30,7810,7823,7809,7822,29736
 2024/05/20-21:35,7822,7827,7810,7817,36108
 2024/05/20-21:40,7817,7817,7774,7779,57770
 2024/05/20-21:45,7779,7791,7756,7785,68182
 2024/05/20-21:50,7785,7796,7782,7790,30598
 2024/05/20-21:55,7790,7795,7776,7790,26360
 2024/05/20-22:00,7791,7817,7791,7812,37075
 2024/05/20-22:05,7812,7818,7805,7811,22689
 2024/05/20-22:10,7811,7818,7794,7816,30004
 2024/05/20-22:15,7816,7817,7803,7814,14435
 2024/05/20-22:20,7814,7819,7811,7814,14009
 2024/05/20-22:25,7815,7821,7810,7820,18034
 2024/05/20-22:30,7819,7841,7818,7831,46479
 2024/05/20-22:35,7831,7846,7822,7832,35787
 2024/05/20-22:40,7832,7850,7827,7849,26950
 2024/05/20-22:45,7849,7873,7849,7869,48905
 2024/05/20-22:50,7869,7880,7862,7870,34165
 2024/05/20-22:55,7870,7879,7862,7876,33784
 2024/05/20-23:00,7876,7877,7855,7855,28489
 2024/05/20-23:05,7855,7888,7854,7881,48880
 2024/05/20-23:10,7880,7884,7858,7864,34794
 2024/05/20-23:15,7864,7864,7851,7854,34008
 2024/05/20-23:20,7854,7869,7844,7869,36963
 2024/05/20-23:25,7869,7871,7860,7862,16879
 2024/05/20-23:30,7861,7863,7849,7860,17739
 2024/05/20-23:35,7860,7868,7854,7867,14727
 2024/05/20-23:40,7867,7875,7864,7874,14550
 2024/05/20-23:45,7873,7874,7858,7862,13031
 2024/05/20-23:50,7861,7872,7858,7867,9696
 2024/05/20-23:55,7867,7870,7863,7865,6924
 2024/05/20-00:00,7865,7867,7862,7865,5467
 2024/05/20-00:05,7865,7875,7865,7873,9746
 2024/05/20-00:10,7873,7883,7873,7883,16036
 2024/05/20-00:15,7882,7883,7874,7878,9998
 2024/05/20-00:20,7878,7893,7878,7882,16981
 2024/05/20-00:25,7882,7890,7882,7886,7954
 2024/05/20-00:30,7886,7908,7878,7881,34120
 2024/05/20-00:35,7881,7888,7877,7885,12893
 2024/05/20-00:40,7886,7892,7886,7890,7993
 2024/05/20-00:45,7890,7901,7889,7895,14651
 2024/05/20-00:50,7895,7908,7895,7906,15326
 2024/05/20-00:55,7906,7920,7903,7915,21833
 2024/05/20-01:00,7915,7916,7904,7909,14896
 2024/05/20-01:05,7909,7909,7898,7902,17764
 2024/05/20-01:10,7902,7923,7901,7915,18635
 2024/05/20-01:15,7915,7936,7913,7936,22540
 2024/05/20-01:20,7938,7951,7931,7945,28046
 2024/05/20-01:25,7945,7979,7944,7961,48393
 2024/05/20-01:30,7961,7973,7960,7965,18231
 2024/05/20-01:35,7965,7977,7956,7967,25758
 2024/05/20-01:40,7967,7972,7964,7969,11797
 2024/05/20-01:45,7969,7973,7967,7970,9061
 2024/05/20-01:50,7970,7985,7958,7966,26931
 2024/05/20-01:55,7966,7983,7966,7978,18989
 2024/05/20-02:00,7978,7993,7977,7989,22322
 2024/05/20-02:05,7990,8001,7987,7995,31721
 2024/05/20-02:10,7995,7999,7991,7997,13092
 2024/05/20-02:15,7997,8009,7996,8005,20197
 2024/05/20-02:20,8005,8021,7999,8021,25075
 2024/05/20-02:25,8020,8044,8018,8040,38668
 2024/05/20-02:30,8040,8072,8038,8058,50089
 2024/05/20-09:05,8059,8209,8059,8209,77372
 2024/05/20-09:10,8209,8209,8209,8209,4162
 2024/05/20-09:15,8209,8209,8209,8209,1940
 2024/05/20-09:20,8209,8209,8206,8208,69550
 2024/05/20-09:25,8207,8209,8202,8209,55919
 2024/05/20-09:30,8209,8209,8209,8209,5000
 2024/05/20-09:35,8209,8209,8209,8209,4653
 2024/05/20-09:40,8209,8209,8209,8209,4657
 2024/05/20-09:45,8209,8209,8209,8209,748
 2024/05/20-09:50,8209,8209,8209,8209,933
 2024/05/20-09:55,8209,8209,8209,8209,760
 2024/05/20-10:00,8209,8209,8209,8209,269
 2024/05/20-10:05,8209,8209,8209,8209,223
 2024/05/20-10:10,8209,8209,8209,8209,125
 2024/05/20-10:15,8209,8209,8209,8209,411
 2024/05/20-10:35,8209,8209,8209,8209,522
 2024/05/20-10:40,8209,8209,8209,8209,304
 2024/05/20-10:45,8209,8209,8209,8209,285
 2024/05/20-10:50,8209,8209,8209,8209,318
 2024/05/20-10:55,8209,8209,8209,8209,871
 2024/05/20-11:00,8209,8209,8209,8209,222
 2024/05/20-11:05,8209,8209,8209,8209,265
 2024/05/20-11:10,8209,8209,8209,8209,85
 2024/05/20-11:15,8209,8209,8209,8209,128
 2024/05/20-11:20,8209,8209,8209,8209,91
 2024/05/20-11:25,8209,8209,8209,8209,71
 2024/05/20-11:30,8209,8209,8209,8209,166
 2024/05/20-13:35,8209,8209,8209,8209,468
 2024/05/20-13:40,8209,8209,8209,8209,245
 2024/05/20-13:45,8209,8209,8209,8209,277
 2024/05/20-13:50,8209,8209,8209,8209,70
 2024/05/20-13:55,8209,8209,8209,8209,71
 2024/05/20-14:00,8209,8209,8209,8209,56
 2024/05/20-14:05,8209,8209,8209,8209,177
 2024/05/20-14:10,8209,8209,8209,8209,234
 2024/05/20-14:15,8209,8209,8209,8209,210
 2024/05/20-14:20,8209,8209,8209,8209,472
 2024/05/20-14:25,8209,8209,8208,8209,32533
 2024/05/20-14:30,8209,8209,8209,8209,12784
 2024/05/20-14:35,8209,8209,8209,8209,2422
 2024/05/20-14:40,8209,8209,8207,8209,41858
 2024/05/20-14:45,8209,8209,8209,8209,10799
 2024/05/20-14:50,8209,8209,8209,8209,3496
 2024/05/20-14:55,8209,8209,8209,8209,3027
 2024/05/20-15:00,8209,8209,8209,8209,8898
 2024/05/21-21:05,8113,8156,8097,8154,169545
 2024/05/21-21:10,8154,8214,8151,8206,131534
 2024/05/21-21:15,8206,8226,8197,8204,93008
 2024/05/21-21:20,8204,8249,8193,8237,83585
 2024/05/21-21:25,8238,8287,8235,8277,101280
 2024/05/21-21:30,8277,8294,8250,8273,74183
 2024/05/21-21:35,8272,8273,8182,8195,97307
 2024/05/21-21:40,8195,8208,8153,8204,115816
 2024/05/21-21:45,8205,8210,8190,8203,44999
 2024/05/21-21:50,8203,8203,8174,8196,43949
 2024/05/21-21:55,8196,8225,8196,8220,44953
 2024/05/21-22:00,8220,8250,8213,8245,38285
 2024/05/21-22:05,8244,8244,8218,8220,34270
 2024/05/21-22:10,8219,8230,8207,8225,27315
 2024/05/21-22:15,8225,8235,8220,8229,17877
 2024/05/21-22:20,8230,8233,8209,8219,19011
 2024/05/21-22:25,8219,8249,8210,8249,24574
 2024/05/21-22:30,8249,8265,8233,8239,36184
 2024/05/21-22:35,8238,8264,8232,8264,24704
 2024/05/21-22:40,8264,8273,8249,8259,26879
 2024/05/21-22:45,8260,8312,8256,8309,56098
 2024/05/21-22:50,8309,8335,8269,8277,75732
 2024/05/21-22:55,8277,8310,8264,8301,47668
 2024/05/21-23:00,8302,8338,8299,8316,51738
 2024/05/21-23:05,8316,8344,8316,8335,48337
 2024/05/21-23:10,8336,8349,8325,8338,43238
 2024/05/21-23:15,8338,8356,8337,8353,32438
 2024/05/21-23:20,8354,8385,8354,8362,58883
 2024/05/21-23:25,8362,8393,8358,8388,41375
 2024/05/21-23:30,8388,8388,8361,8366,34099
 2024/05/21-23:35,8366,8396,8366,8383,34457
 2024/05/21-23:40,8383,8384,8319,8361,75760
 2024/05/21-23:45,8360,8369,8349,8367,25104
 2024/05/21-23:50,8368,8385,8364,8381,22477
 2024/05/21-23:55,8381,8383,8365,8373,21545
 2024/05/21-00:00,8373,8381,8359,8374,16521
 2024/05/21-00:05,8374,8374,8366,8370,9978
 2024/05/21-00:10,8370,8373,8351,8369,18523
 2024/05/21-00:15,8369,8376,8366,8368,9688
 2024/05/21-00:20,8368,8369,8356,8358,13277
 2024/05/21-00:25,8358,8362,8341,8360,20777
 2024/05/21-00:30,8359,8373,8347,8371,16125
 2024/05/21-00:35,8371,8376,8370,8375,10219
 2024/05/21-00:40,8375,8383,8366,8377,13118
 2024/05/21-00:45,8376,8383,8374,8377,7562
 2024/05/21-00:50,8377,8377,8369,8374,7076
 2024/05/21-00:55,8373,8376,8368,8369,5639
 2024/05/21-01:00,8369,8380,8367,8378,6566
 2024/05/21-01:05,8378,8379,8370,8376,5975
 2024/05/21-01:10,8376,8410,8374,8404,21446
 2024/05/21-01:15,8404,8440,8404,8420,40512
 2024/05/21-01:20,8421,8454,8420,8450,31734
 2024/05/21-01:25,8450,8498,8450,8493,47101
 2024/05/21-01:30,8493,8586,8491,8578,68250
 2024/05/21-01:35,8578,8578,8502,8525,58401
 2024/05/21-01:40,8525,8536,8517,8528,22434
 2024/05/21-01:45,8528,8550,8526,8540,18354
 2024/05/21-01:50,8541,8574,8538,8552,27226
 2024/05/21-01:55,8553,8557,8538,8556,14518
 2024/05/21-02:00,8556,8632,8554,8632,30191
 2024/05/21-02:05,8633,8730,8566,8566,93634
 2024/05/21-02:10,8564,8587,8475,8510,87986
 2024/05/21-02:15,8508,8556,8461,8542,56372
 2024/05/21-02:20,8543,8573,8531,8553,27031
 2024/05/21-02:25,8553,8554,8519,8542,23805
 2024/05/21-02:30,8542,8569,8534,8541,26410
 2024/05/21-09:05,8542,8542,8452,8521,124698
 2024/05/21-09:10,8523,8523,8472,8477,56828
 2024/05/21-09:15,8477,8517,8477,8496,38150
 2024/05/21-09:20,8496,8513,8488,8505,22367
 2024/05/21-09:25,8505,8555,8505,8540,40970
 2024/05/21-09:30,8541,8562,8534,8537,31282
 2024/05/21-09:35,8537,8537,8397,8397,78372
 2024/05/21-09:40,8398,8459,8370,8457,79378
 2024/05/21-09:45,8456,8471,8372,8417,71695
 2024/05/21-09:50,8416,8424,8360,8381,68800
 2024/05/21-09:55,8382,8397,8321,8344,85524
 2024/05/21-10:00,8343,8343,8162,8228,189308
 2024/05/21-10:05,8229,8283,8220,8264,87071
 2024/05/21-10:10,8262,8297,8231,8293,59267
 2024/05/21-10:15,8293,8299,8169,8199,79215
 2024/05/21-10:35,8209,8239,8155,8232,81990
 2024/05/21-10:40,8234,8236,8170,8183,57967
 2024/05/21-10:45,8184,8205,8169,8184,42031
 2024/05/21-10:50,8184,8215,8182,8202,37014
 2024/05/21-10:55,8203,8206,8159,8179,45070
 2024/05/21-11:00,8179,8179,8129,8176,76417
 2024/05/21-11:05,8177,8213,8177,8208,38572
 2024/05/21-11:10,8207,8221,8198,8201,28805
 2024/05/21-11:15,8201,8215,8189,8212,19300
 2024/05/21-11:20,8212,8222,8182,8183,23410
 2024/05/21-11:25,8186,8218,8181,8185,29357
 2024/05/21-11:30,8185,8191,8169,8189,26896
 2024/05/21-13:35,8214,8257,8214,8226,48100
 2024/05/21-13:40,8226,8226,8201,8204,20107
 2024/05/21-13:45,8203,8227,8203,8219,15793
 2024/05/21-13:50,8220,8238,8214,8236,18478
 2024/05/21-13:55,8237,8257,8224,8254,20224
 2024/05/21-14:00,8252,8296,8246,8276,57684
 2024/05/21-14:05,8276,8305,8270,8285,38190
 2024/05/21-14:10,8284,8286,8229,8246,40877
 2024/05/21-14:15,8246,8253,8218,8247,28311
 2024/05/21-14:20,8247,8251,8232,8247,17273
 2024/05/21-14:25,8247,8247,8226,8242,14048
 2024/05/21-14:30,8242,8265,8237,8248,19792
 2024/05/21-14:35,8248,8262,8240,8260,13550
 2024/05/21-14:40,8261,8266,8250,8256,14610
 2024/05/21-14:45,8255,8268,8251,8252,12227
 2024/05/21-14:50,8252,8255,8237,8237,17065
 2024/05/21-14:55,8237,8241,8218,8226,27785
 2024/05/21-15:00,8226,8243,8224,8235,23124
 2024/05/22-21:05,8305,8314,8275,8314,104082
 2024/05/22-21:10,8313,8378,8310,8365,103783
 2024/05/22-21:15,8365,8386,8348,8375,81696
 2024/05/22-21:20,8376,8383,8339,8344,69253
 2024/05/22-21:25,8344,8368,8336,8354,44156
 2024/05/22-21:30,8355,8391,8354,8377,49154
 2024/05/22-21:35,8378,8426,8369,8414,77674
 2024/05/22-21:40,8414,8465,8414,8440,84826
 2024/05/22-21:45,8440,8448,8368,8389,106635
 2024/05/22-21:50,8390,8439,8390,8431,65903
 2024/05/22-21:55,8431,8435,8408,8429,45621
 2024/05/22-22:00,8428,8447,8424,8430,45898
 2024/05/22-22:05,8431,8469,8414,8462,62666
 2024/05/22-22:10,8462,8474,8451,8471,54806
 2024/05/22-22:15,8472,8472,8440,8453,36130
 2024/05/22-22:20,8454,8459,8426,8445,46411
 2024/05/22-22:25,8445,8448,8417,8423,38305
 2024/05/22-22:30,8422,8439,8419,8437,31808
 2024/05/22-22:35,8437,8450,8434,8448,28415
 2024/05/22-22:40,8448,8464,8440,8460,26232
 2024/05/22-22:45,8459,8472,8447,8453,30693
 2024/05/22-22:50,8453,8468,8448,8461,22809
 2024/05/22-22:55,8461,8461,8450,8458,18184
 2024/05/22-23:00,8458,8462,8427,8441,35842
 2024/05/22-23:05,8441,8506,8440,8488,64418
 2024/05/22-23:10,8489,8501,8479,8488,43517
 2024/05/22-23:15,8489,8491,8444,8475,49312
 2024/05/22-23:20,8475,8484,8472,8479,20425
 2024/05/22-23:25,8479,8482,8462,8468,21338
 2024/05/22-23:30,8468,8473,8457,8463,22425
 2024/05/22-23:35,8464,8472,8460,8460,12632
 2024/05/22-23:40,8460,8462,8419,8427,53064
 2024/05/22-23:45,8428,8447,8373,8383,64193
 2024/05/22-23:50,8384,8384,8250,8281,167202
 2024/05/22-23:55,8285,8315,8271,8313,85633
 2024/05/22-00:00,8312,8330,8295,8320,55608
 2024/05/22-00:05,8321,8322,8257,8258,74306
 2024/05/22-00:10,8257,8297,8249,8292,58993
 2024/05/22-00:15,8292,8304,8292,8299,28284
 2024/05/22-00:20,8300,8333,8296,8326,42696
 2024/05/22-00:25,8325,8343,8313,8342,30237
 2024/05/22-00:30,8342,8357,8334,8339,40691
 2024/05/22-00:35,8340,8355,8339,8349,19530
 2024/05/22-00:40,8350,8355,8339,8344,16536
 2024/05/22-00:45,8345,8355,8327,8350,26024
 2024/05/22-00:50,8349,8353,8342,8344,9260
 2024/05/22-00:55,8344,8376,8342,8374,27612
 2024/05/22-01:00,8375,8379,8362,8364,18038
 2024/05/22-01:05,8364,8379,8364,8369,12940
 2024/05/22-01:10,8370,8370,8296,8302,48334
 2024/05/22-01:15,8303,8318,8289,8309,33262
 2024/05/22-01:20,8309,8334,8306,8332,23426
 2024/05/22-01:25,8332,8343,8326,8339,15136
 2024/05/22-01:30,8339,8355,8326,8354,21663
 2024/05/22-01:35,8353,8365,8339,8347,20814
 2024/05/22-01:40,8347,8354,8338,8344,12789
 2024/05/22-01:45,8344,8350,8334,8343,8854
 2024/05/22-01:50,8343,8348,8328,8335,10456
 2024/05/22-01:55,8335,8349,8332,8347,9714
 2024/05/22-02:00,8347,8355,8347,8349,6074
 2024/05/22-02:05,8349,8349,8313,8331,22639
 2024/05/22-02:10,8331,8345,8330,8341,9614
 2024/05/22-02:15,8340,8342,8331,8331,6009
 2024/05/22-02:20,8330,8340,8328,8336,7592
 2024/05/22-02:25,8336,8349,8328,8340,9615
 2024/05/22-02:30,8341,8344,8332,8344,13422
 2024/05/22-09:05,8344,8413,8344,8399,74483
 2024/05/22-09:10,8398,8406,8382,8386,26353
 2024/05/22-09:15,8386,8422,8386,8416,37733
 2024/05/22-09:20,8416,8431,8409,8414,30187
 2024/05/22-09:25,8413,8413,8394,8396,25935
 2024/05/22-09:30,8397,8407,8385,8402,17465
 2024/05/22-09:35,8402,8403,8368,8373,33177
 2024/05/22-09:40,8372,8390,8365,8368,23669
 2024/05/22-09:45,8368,8385,8368,8372,16644
 2024/05/22-09:50,8372,8405,8372,8401,20941
 2024/05/22-09:55,8402,8413,8397,8413,16253
 2024/05/22-10:00,8413,8413,8397,8402,13319
 2024/05/22-10:05,8402,8412,8400,8407,10407
 2024/05/22-10:10,8407,8422,8405,8417,18268
 2024/05/22-10:15,8417,8440,8416,8418,30242
 2024/05/22-10:35,8415,8424,8400,8402,21162
 2024/05/22-10:40,8402,8403,8393,8398,14704
 2024/05/22-10:45,8398,8398,8375,8382,24994
 2024/05/22-10:50,8382,8382,8332,8338,60869
 2024/05/22-10:55,8338,8351,8328,8347,32057
 2024/05/22-11:00,8345,8353,8309,8331,41539
 2024/05/22-11:05,8331,8357,8327,8350,25020
 2024/05/22-11:10,8349,8361,8344,8359,15654
 2024/05/22-11:15,8359,8366,8349,8352,13639
 2024/05/22-11:20,8352,8358,8346,8349,8304
 2024/05/22-11:25,8349,8355,8329,8337,14918
 2024/05/22-11:30,8337,8358,8337,8341,14150
 2024/05/22-13:35,8333,8333,8286,8313,61795
 2024/05/22-13:40,8313,8318,8295,8297,23374
 2024/05/22-13:45,8297,8312,8291,8308,17329
 2024/05/22-13:50,8307,8309,8284,8293,25719
 2024/05/22-13:55,8292,8328,8287,8326,33926
 2024/05/22-14:00,8326,8339,8322,8330,23502
 2024/05/22-14:05,8330,8336,8327,8328,13021
 2024/05/22-14:10,8328,8333,8321,8327,11366
 2024/05/22-14:15,8327,8337,8323,8326,11595
 2024/05/22-14:20,8325,8330,8309,8329,18724
 2024/05/22-14:25,8329,8333,8326,8329,8640
 2024/05/22-14:30,8329,8329,8319,8319,9192
 2024/05/22-14:35,8319,8329,8316,8322,9624
 2024/05/22-14:40,8322,8348,8315,8348,18484
 2024/05/22-14:45,8347,8347,8336,8336,13446
 2024/05/22-14:50,8335,8336,8326,8335,10886
 2024/05/22-14:55,8336,8342,8336,8336,10468
 2024/05/22-15:00,8336,8346,8332,8345,21692
 2024/05/23-21:05,8323,8323,8287,8308,90985
 2024/05/23-21:10,8309,8316,8291,8298,45706
 2024/05/23-21:15,8299,8328,8285,8319,52342
 2024/05/23-21:20,8319,8330,8313,8326,25103
 2024/05/23-21:25,8326,8327,8304,8310,21808
 2024/05/23-21:30,8310,8318,8303,8313,16969
 2024/05/23-21:35,8313,8314,8276,8287,53598
 2024/05/23-21:40,8287,8288,8230,8247,98161
 2024/05/23-21:45,8246,8276,8242,8260,45957
 2024/05/23-21:50,8260,8273,8246,8255,30505
 2024/05/23-21:55,8255,8265,8243,8254,34547
 2024/05/23-22:00,8254,8269,8252,8267,18868
 2024/05/23-22:05,8268,8268,8244,8246,29475
 2024/05/23-22:10,8246,8248,8183,8184,110051
 2024/05/23-22:15,8186,8200,8169,8178,89126
 2024/05/23-22:20,8177,8190,8151,8154,82278
 2024/05/23-22:25,8152,8181,8152,8159,65394
 2024/05/23-22:30,8159,8168,8148,8163,52728
 2024/05/23-22:35,8163,8190,8157,8189,54177
 2024/05/23-22:40,8189,8216,8183,8214,67227
 2024/05/23-22:45,8214,8222,8200,8206,42646
 2024/05/23-22:50,8206,8213,8202,8206,25577
 2024/05/23-22:55,8206,8209,8188,8195,28833
 2024/05/23-23:00,8195,8195,8176,8192,33113
 2024/05/23-23:05,8192,8216,8187,8207,38153
 2024/05/23-23:10,8208,8227,8207,8219,39457
 2024/05/23-23:15,8218,8218,8207,8216,21840
 2024/05/23-23:20,8216,8216,8201,8209,16487
 2024/05/23-23:25,8208,8216,8191,8197,27364
 2024/05/23-23:30,8198,8211,8197,8208,16851
 2024/05/23-23:35,8208,8209,8194,8200,14437
 2024/05/23-23:40,8200,8203,8194,8198,10023
 2024/05/23-23:45,8197,8206,8197,8199,9727
 2024/05/23-23:50,8199,8204,8193,8203,11759
 2024/05/23-23:55,8203,8213,8198,8211,12373
 2024/05/23-00:00,8211,8211,8201,8202,9060
 2024/05/23-00:05,8202,8209,8199,8199,9176
 2024/05/23-00:10,8199,8211,8191,8209,16604
 2024/05/23-00:15,8209,8212,8203,8206,8149
 2024/05/23-00:20,8205,8206,8197,8201,8995
 2024/05/23-00:25,8201,8203,8198,8198,6341
 2024/05/23-00:30,8198,8201,8196,8200,6251
 2024/05/23-00:35,8200,8201,8192,8200,8423
 2024/05/23-00:40,8200,8205,8199,8203,5860
 2024/05/23-00:45,8203,8203,8200,8201,3805
 2024/05/23-00:50,8201,8204,8198,8202,4005
 2024/05/23-00:55,8202,8215,8200,8211,9120
 2024/05/23-01:00,8211,8212,8197,8199,9559
 2024/05/23-01:05,8199,8203,8196,8200,6242
 2024/05/23-01:10,8200,8204,8200,8201,2965
 2024/05/23-01:15,8200,8202,8198,8198,3190
 2024/05/23-01:20,8198,8200,8194,8195,5292
 2024/05/23-01:25,8195,8199,8165,8183,19347
 2024/05/23-01:30,8184,8197,8174,8176,13062
 2024/05/23-01:35,8176,8182,8171,8176,10886
 2024/05/23-01:40,8176,8176,8154,8168,19966
 2024/05/23-01:45,8168,8172,8158,8162,9684
 2024/05/23-01:50,8162,8178,8160,8171,8591
 2024/05/23-01:55,8170,8170,8158,8164,6745
 2024/05/23-02:00,8164,8168,8160,8165,4965
 2024/05/23-02:05,8165,8171,8141,8166,27176
 2024/05/23-02:10,8165,8197,8164,8181,21976
 2024/05/23-02:15,8180,8182,8160,8165,12609
 2024/05/23-02:20,8165,8169,8156,8156,9369
 2024/05/23-02:25,8157,8160,8124,8145,31918
 2024/05/23-02:30,8145,8146,8086,8086,35330
 2024/05/23-09:05,8086,8086,8034,8066,107625
 2024/05/23-09:10,8066,8068,8021,8035,63992
 2024/05/23-09:15,8034,8035,7976,7983,109006
 2024/05/23-09:20,7984,8007,7971,7975,76483
 2024/05/23-09:25,7976,7987,7971,7982,44522
 2024/05/23-09:30,7981,7982,7930,7954,90816
 2024/05/23-09:35,7952,7952,7883,7922,117673
 2024/05/23-09:40,7922,7950,7919,7938,72200
 2024/05/23-09:45,7938,7950,7936,7941,36622
 2024/05/23-09:50,7941,7950,7920,7930,35042
 2024/05/23-09:55,7930,7964,7929,7964,37470
 2024/05/23-10:00,7965,7972,7958,7965,35662
 2024/05/23-10:05,7965,7986,7964,7979,39186
 2024/05/23-10:10,7980,7980,7957,7959,25392
 2024/05/23-10:15,7960,7969,7957,7960,17555
 2024/05/23-10:35,7963,7973,7959,7961,18831
 2024/05/23-10:40,7961,7961,7927,7938,40654
 2024/05/23-10:45,7938,7946,7931,7942,15239
 2024/05/23-10:50,7942,7947,7935,7942,14881
 2024/05/23-10:55,7942,7943,7932,7939,13456
 2024/05/23-11:00,7939,7946,7928,7945,13148
 2024/05/23-11:05,7946,7956,7939,7954,13182
 2024/05/23-11:10,7954,7975,7951,7962,25045
 2024/05/23-11:15,7961,7964,7953,7954,12822
 2024/05/23-11:20,7954,7955,7940,7952,13325
 2024/05/23-11:25,7952,7963,7947,7959,10403
 2024/05/23-11:30,7959,7963,7955,7956,8641
 2024/05/23-13:35,7961,7968,7931,7941,29095
 2024/05/23-13:40,7941,7946,7921,7925,23595
 2024/05/23-13:45,7925,7925,7901,7912,47171
 2024/05/23-13:50,7912,7927,7908,7909,23211
 2024/05/23-13:55,7909,7914,7888,7895,46647
 2024/05/23-14:00,7896,7903,7881,7891,42591
 2024/05/23-14:05,7891,7908,7869,7906,56673
 2024/05/23-14:10,7906,7919,7903,7910,33731
 2024/05/23-14:15,7910,7913,7903,7906,15689
 2024/05/23-14:20,7906,7924,7897,7923,23624
 2024/05/23-14:25,7924,7930,7918,7923,23657
 2024/05/23-14:30,7922,7958,7922,7954,38706
 2024/05/23-14:35,7954,7965,7941,7941,30586
 2024/05/23-14:40,7941,7949,7936,7943,20140
 2024/05/23-14:45,7943,7960,7943,7953,18360
 2024/05/23-14:50,7953,7958,7946,7949,12131
 2024/05/23-14:55,7950,7952,7935,7947,20158
 2024/05/23-15:00,7947,7957,7946,7957,25513
 2024/05/24-21:05,7991,8003,7975,8003,73913
 2024/05/24-21:10,8002,8039,7997,8025,77876
 2024/05/24-21:15,8026,8049,8026,8035,51844
 2024/05/24-21:20,8035,8043,8018,8024,37009
 2024/05/24-21:25,8024,8058,8023,8058,33999
 2024/05/24-21:30,8058,8068,8038,8042,35809
 2024/05/24-21:35,8042,8066,8034,8065,30871
 2024/05/24-21:40,8065,8078,8050,8054,49637
 2024/05/24-21:45,8053,8057,8043,8054,27230
 2024/05/24-21:50,8054,8054,7998,8001,85635
 2024/05/24-21:55,8001,8002,7964,7982,82132
 2024/05/24-22:00,7983,8001,7976,7998,42206
 2024/05/24-22:05,7999,8031,7993,8004,74006
 2024/05/24-22:10,8004,8010,7992,7996,32545
 2024/05/24-22:15,7996,7996,7978,7982,44397
 2024/05/24-22:20,7982,7989,7953,7967,65012
 2024/05/24-22:25,7967,7988,7967,7976,35892
 2024/05/24-22:30,7976,7979,7958,7960,25231
 2024/05/24-22:35,7960,7970,7915,7915,70931
 2024/05/24-22:40,7915,7942,7915,7940,42642
 2024/05/24-22:45,7940,7943,7923,7923,25473
 2024/05/24-22:50,7923,7959,7923,7940,35756
 2024/05/24-22:55,7940,7940,7918,7932,28220
 2024/05/24-23:00,7932,7940,7922,7932,21836
 2024/05/24-23:05,7931,7947,7916,7940,36750
 2024/05/24-23:10,7940,7942,7929,7937,17901
 2024/05/24-23:15,7937,7941,7920,7925,18169
 2024/05/24-23:20,7925,7933,7907,7925,32500
 2024/05/24-23:25,7925,7930,7911,7915,23354
 2024/05/24-23:30,7915,7927,7901,7924,34310
 2024/05/24-23:35,7924,7944,7924,7942,31280
 2024/05/24-23:40,7942,7959,7933,7951,30263
 2024/05/24-23:45,7951,7955,7942,7950,20020
 2024/05/24-23:50,7949,7956,7944,7948,12145
 2024/05/24-23:55,7948,7968,7948,7963,24077
 2024/05/24-00:00,7962,7963,7951,7953,12919
 2024/05/24-00:05,7953,7966,7949,7962,11340
 2024/05/24-00:10,7961,7962,7948,7949,10704
 2024/05/24-00:15,7950,7950,7937,7943,14980
 2024/05/24-00:20,7943,7943,7920,7926,20809
 2024/05/24-00:25,7926,7932,7923,7930,10194
 2024/05/24-00:30,7930,7937,7928,7932,7951
 2024/05/24-00:35,7933,7940,7932,7933,6842
 2024/05/24-00:40,7932,7946,7926,7942,10810
 2024/05/24-00:45,7942,7942,7928,7928,7118
 2024/05/24-00:50,7928,7937,7927,7937,6793
 2024/05/24-00:55,7936,7937,7931,7934,4820
 2024/05/24-01:00,7935,7935,7924,7933,7804
 2024/05/24-01:05,7933,7940,7925,7929,12198
 2024/05/24-01:10,7929,7931,7908,7909,16873
 2024/05/24-01:15,7909,7915,7898,7908,21921
 2024/05/24-01:20,7908,7917,7893,7899,19619
 2024/05/24-01:25,7899,7907,7886,7903,17663
 2024/05/24-01:30,7903,7904,7882,7890,15627
 2024/05/24-01:35,7891,7902,7891,7899,9718
 2024/05/24-01:40,7899,7899,7872,7876,16467
 2024/05/24-01:45,7877,7884,7873,7876,11901
 2024/05/24-01:50,7876,7877,7858,7875,18086
 2024/05/24-01:55,7875,7878,7850,7861,18778
 2024/05/24-02:00,7861,7866,7842,7843,21843
 2024/05/24-02:05,7843,7852,7843,7847,9615
 2024/05/24-02:10,7847,7869,7841,7866,16407
 2024/05/24-02:15,7866,7877,7857,7872,12994
 2024/05/24-02:20,7872,7891,7868,7869,18684
 2024/05/24-02:25,7869,7889,7869,7885,9525
 2024/05/24-02:30,7886,7904,7883,7894,16999
 2024/05/24-09:05,7894,7894,7849,7876,50169
 2024/05/24-09:10,7877,7881,7860,7866,22323
 2024/05/24-09:15,7866,7871,7852,7865,25669
 2024/05/24-09:20,7865,7919,7864,7919,42522
 2024/05/24-09:25,7919,7920,7907,7913,29768
 2024/05/24-09:30,7913,7934,7913,7927,29831
 2024/05/24-09:35,7927,7948,7923,7947,36213
 2024/05/24-09:40,7946,7949,7936,7943,20323
 2024/05/24-09:45,7944,7948,7935,7941,15176
 2024/05/24-09:50,7940,7955,7939,7944,19033
 2024/05/24-09:55,7944,7948,7937,7939,14127
 2024/05/24-10:00,7939,7956,7938,7950,13426
 2024/05/24-10:05,7950,7964,7938,7954,18007
 2024/05/24-10:10,7953,7955,7941,7951,11707
 2024/05/24-10:15,7951,7963,7949,7963,13829
 2024/05/24-10:35,7951,7951,7918,7927,41927
 2024/05/24-10:40,7927,7951,7926,7947,18751
 2024/05/24-10:45,7947,7959,7946,7949,13021
 2024/05/24-10:50,7950,7951,7934,7948,14100
 2024/05/24-10:55,7948,7955,7941,7954,8163
 2024/05/24-11:00,7954,7955,7944,7945,7098
 2024/05/24-11:05,7946,7957,7939,7952,8934
 2024/05/24-11:10,7952,7953,7939,7941,8372
 2024/05/24-11:15,7941,7941,7922,7929,18028
 2024/05/24-11:20,7929,7936,7922,7932,10422
 2024/05/24-11:25,7932,7932,7922,7928,10069
 2024/05/24-11:30,7928,7939,7928,7928,10401
 2024/05/24-13:35,7943,7997,7943,7994,59405
 2024/05/24-13:40,7994,8003,7985,7998,22913
 2024/05/24-13:45,7998,8015,7990,8007,26627
 2024/05/24-13:50,8007,8025,8003,8022,26017
 2024/05/24-13:55,8022,8035,8017,8029,29744
 2024/05/24-14:00,8029,8034,8021,8023,18912
 2024/05/24-14:05,8024,8025,8009,8014,19206
 2024/05/24-14:10,8014,8027,8009,8020,15594
 2024/05/24-14:15,8020,8032,8018,8028,13468
 2024/05/24-14:20,8028,8030,8019,8025,10622
 2024/05/24-14:25,8025,8028,8003,8003,15551
 2024/05/24-14:30,8002,8004,7984,8002,32683
 2024/05/24-14:35,8002,8012,7998,8004,15679
 2024/05/24-14:40,8004,8004,7988,7997,17321
 2024/05/24-14:45,7997,8001,7985,7989,13835
 2024/05/24-14:50,7989,7994,7981,7986,14526
 2024/05/24-14:55,7986,7987,7966,7971,21108
 2024/05/24-15:00,7971,8001,7970,7999,27028
 2024/05/27-21:05,7999,8026,7999,8019,44054
 2024/05/27-21:10,8020,8041,8016,8036,35561
 2024/05/27-21:15,8036,8046,8030,8032,30135
 2024/05/27-21:20,8033,8037,8009,8022,30159
 2024/05/27-21:25,8023,8027,8011,8012,19408
 2024/05/27-21:30,8012,8028,8006,8027,17468
 2024/05/27-21:35,8027,8044,8020,8023,31633
 2024/05/27-21:40,8022,8029,8010,8013,25364
 2024/05/27-21:45,8013,8020,8000,8014,28878
 2024/05/27-21:50,8013,8013,8001,8005,17610
 2024/05/27-21:55,8005,8014,7999,8002,18303
 2024/05/27-22:00,8002,8003,7989,7997,22397
 2024/05/27-22:05,7997,8015,7997,8008,27304
 2024/05/27-22:10,8007,8017,8001,8005,20032
 2024/05/27-22:15,8005,8013,8002,8003,12364
 2024/05/27-22:20,8003,8015,7992,8013,18413
 2024/05/27-22:25,8013,8014,8006,8009,11401
 2024/05/27-22:30,8009,8013,7999,8007,12455
 2024/05/27-22:35,8007,8023,8007,8014,19242
 2024/05/27-22:40,8014,8028,8009,8010,19655
 2024/05/27-22:45,8010,8016,8008,8009,9298
 2024/05/27-22:50,8009,8014,8001,8007,12155
 2024/05/27-22:55,8007,8013,8004,8011,7969
 2024/05/27-23:00,8011,8016,8008,8014,9073
 2024/05/27-23:05,8013,8025,8011,8025,17149
 2024/05/27-23:10,8024,8028,8020,8023,15250
 2024/05/27-23:15,8023,8024,8017,8023,8269
 2024/05/27-23:20,8023,8032,8022,8022,16500
 2024/05/27-23:25,8022,8022,8005,8013,22902
 2024/05/27-23:30,8013,8016,8002,8006,14931
 2024/05/27-23:35,8006,8011,8003,8007,8979
 2024/05/27-23:40,8007,8007,7972,7980,44804
 2024/05/27-23:45,7980,7993,7980,7989,13971
 2024/05/27-23:50,7989,7989,7970,7980,21792
 2024/05/27-23:55,7980,7983,7970,7975,14150
 2024/05/27-00:00,7975,7981,7968,7976,16513
 2024/05/27-00:05,7976,7977,7966,7967,15176
 2024/05/27-00:10,7967,7972,7949,7949,30170
 2024/05/27-00:15,7950,7965,7948,7965,20627
 2024/05/27-00:20,7965,7980,7965,7980,17808
 2024/05/27-00:25,7979,7987,7979,7983,15295
 2024/05/27-00:30,7984,7984,7974,7977,8593
 2024/05/27-00:35,7978,7985,7974,7979,8851
 2024/05/27-00:40,7979,7983,7975,7977,6433
 2024/05/27-00:45,7977,7978,7966,7967,8582
 2024/05/27-00:50,7968,7973,7960,7966,10606
 2024/05/27-00:55,7966,7972,7960,7972,10005
 2024/05/27-01:00,7971,7977,7965,7965,8663
 2024/05/27-01:05,7965,7976,7964,7973,6390
 2024/05/27-01:10,7973,7981,7969,7971,7563
 2024/05/27-01:15,7971,7980,7971,7976,5111
 2024/05/27-01:20,7976,7982,7975,7978,6593
 2024/05/27-01:25,7978,7981,7975,7980,6334
 2024/05/27-01:30,7980,7984,7978,7979,7245
 2024/05/27-01:35,7979,7980,7967,7969,8752
 2024/05/27-01:40,7969,7971,7961,7967,8894
 2024/05/27-01:45,7967,7967,7946,7955,18206
 2024/05/27-01:50,7954,7956,7948,7954,10406
 2024/05/27-01:55,7954,7955,7948,7948,4884
 2024/05/27-02:00,7948,7949,7933,7943,16834
 2024/05/27-02:05,7943,7969,7941,7965,14575
 2024/05/27-02:10,7965,7968,7961,7967,6995
 2024/05/27-02:15,7967,7976,7965,7974,8675
 2024/05/27-02:20,7974,8001,7974,8001,16663
 2024/05/27-02:25,8001,8007,7990,7994,14531
 2024/05/27-02:30,7995,8005,7992,8002,11878
 2024/05/27-09:05,8009,8029,8000,8015,42150
 2024/05/27-09:10,8015,8033,8012,8029,22640
 2024/05/27-09:15,8029,8047,8027,8045,28239
 2024/05/27-09:20,8045,8051,8020,8026,29294
 2024/05/27-09:25,8026,8031,8019,8031,11861
 2024/05/27-09:30,8032,8037,8025,8036,10982
 2024/05/27-09:35,8036,8041,8031,8031,11868
 2024/05/27-09:40,8031,8051,8027,8051,20334
 2024/05/27-09:45,8051,8053,8041,8043,15196
 2024/05/27-09:50,8043,8059,8042,8043,15912
 2024/05/27-09:55,8043,8051,8033,8048,11602
 2024/05/27-10:00,8048,8053,8045,8046,6998
 2024/05/27-10:05,8046,8052,8037,8052,8870
 2024/05/27-10:10,8052,8055,8048,8051,8335
 2024/05/27-10:15,8051,8052,8043,8045,7745
 2024/05/27-10:35,8044,8045,8029,8040,13688
 2024/05/27-10:40,8040,8047,8029,8044,9326
 2024/05/27-10:45,8044,8047,8030,8038,10048
 2024/05/27-10:50,8038,8058,8038,8058,13231
 2024/05/27-10:55,8058,8088,8052,8085,41895
 2024/05/27-11:00,8085,8099,8084,8096,36841
 2024/05/27-11:05,8096,8109,8094,8095,38124
 2024/05/27-11:10,8095,8105,8092,8104,20060
 2024/05/27-11:15,8104,8122,8103,8111,31980
 2024/05/27-11:20,8111,8125,8109,8119,19009
 2024/05/27-11:25,8119,8144,8119,8140,32133
 2024/05/27-11:30,8140,8148,8137,8145,28211
 2024/05/27-13:35,8139,8160,8122,8134,55764
 2024/05/27-13:40,8134,8138,8108,8130,35413
 2024/05/27-13:45,8130,8134,8123,8124,13734
 2024/05/27-13:50,8124,8127,8103,8111,35412
 2024/05/27-13:55,8112,8120,8105,8109,20202
 2024/05/27-14:00,8109,8125,8107,8115,15625
 2024/05/27-14:05,8116,8120,8109,8113,11871
 2024/05/27-14:10,8112,8133,8112,8133,14365
 2024/05/27-14:15,8132,8135,8119,8119,15844
 2024/05/27-14:20,8119,8121,8113,8116,9289
 2024/05/27-14:25,8117,8126,8116,8123,9674
 2024/05/27-14:30,8123,8127,8118,8123,9435
 2024/05/27-14:35,8123,8127,8111,8120,11877
 2024/05/27-14:40,8120,8122,8113,8118,7951
 2024/05/27-14:45,8118,8119,8108,8114,12421
 2024/05/27-14:50,8114,8117,8106,8109,10162
 2024/05/27-14:55,8109,8117,8081,8093,38316
 2024/05/27-15:00,8093,8093,8077,8085,53544
 2024/05/28-21:05,8123,8148,8123,8142,55048
 2024/05/28-21:10,8141,8165,8141,8162,39903
 2024/05/28-21:15,8162,8189,8161,8184,48458
 2024/05/28-21:20,8184,8217,8180,8216,57685
 2024/05/28-21:25,8216,8261,8216,8242,95199
 2024/05/28-21:30,8243,8243,8228,8243,45284
 2024/05/28-21:35,8243,8279,8235,8275,70893
 2024/05/28-21:40,8275,8302,8273,8280,84998
 2024/05/28-21:45,8280,8291,8274,8277,42836
 2024/05/28-21:50,8277,8329,8273,8316,83335
 2024/05/28-21:55,8316,8324,8298,8312,48045
 2024/05/28-22:00,8313,8316,8300,8310,29069
 2024/05/28-22:05,8310,8331,8283,8286,67330
 2024/05/28-22:10,8285,8310,8281,8307,40765
 2024/05/28-22:15,8307,8316,8301,8314,20321
 2024/05/28-22:20,8314,8325,8307,8313,31755
 2024/05/28-22:25,8312,8316,8303,8314,21603
 2024/05/28-22:30,8314,8341,8314,8326,42838
 2024/05/28-22:35,8326,8327,8316,8320,23586
 2024/05/28-22:40,8320,8326,8313,8313,19940
 2024/05/28-22:45,8313,8326,8311,8319,16584
 2024/05/28-22:50,8319,8326,8313,8323,14439
 2024/05/28-22:55,8322,8336,8322,8327,24914
 2024/05/28-23:00,8327,8336,8322,8323,19893
 2024/05/28-23:05,8324,8335,8316,8327,27136
 2024/05/28-23:10,8327,8331,8321,8321,13760
 2024/05/28-23:15,8321,8326,8317,8321,15003
 2024/05/28-23:20,8321,8326,8321,8324,8352
 2024/05/28-23:25,8324,8367,8324,8359,50392
 2024/05/28-23:30,8360,8388,8359,8384,46118
 2024/05/28-23:35,8384,8399,8371,8395,44642
 2024/05/28-23:40,8395,8426,8395,8417,63800
 2024/05/28-23:45,8418,8445,8370,8378,91874
 2024/05/28-23:50,8377,8386,8348,8379,90322
 2024/05/28-23:55,8379,8386,8365,8375,33920
 2024/05/28-00:00,8375,8387,8371,8379,20158
 2024/05/28-00:05,8379,8391,8375,8385,21540
 2024/05/28-00:10,8385,8426,8385,8407,55487
 2024/05/28-00:15,8407,8413,8386,8408,31759
 2024/05/28-00:20,8407,8411,8396,8408,15697
 2024/05/28-00:25,8408,8417,8408,8415,13952
 2024/05/28-00:30,8414,8419,8408,8414,13689
 2024/05/28-00:35,8415,8418,8409,8415,9446
 2024/05/28-00:40,8415,8439,8414,8438,29564
 2024/05/28-00:45,8437,8445,8406,8425,35127
 2024/05/28-00:50,8425,8444,8423,8438,21959
 2024/05/28-00:55,8438,8446,8432,8437,20425
 2024/05/28-01:00,8437,8437,8428,8434,9652
 2024/05/28-01:05,8434,8439,8402,8431,34243
 2024/05/28-01:10,8432,8434,8425,8428,9722
 2024/05/28-01:15,8428,8433,8420,8420,11984
 2024/05/28-01:20,8420,8423,8397,8409,27703
 2024/05/28-01:25,8409,8410,8387,8403,29196
 2024/05/28-01:30,8403,8425,8403,8422,18654
 2024/05/28-01:35,8422,8423,8412,8420,8936
 2024/05/28-01:40,8420,8421,8407,8415,11577
 2024/05/28-01:45,8415,8417,8409,8414,5345
 2024/05/28-01:50,8414,8427,8408,8420,9895
 2024/05/28-01:55,8421,8426,8419,8422,7413
 2024/05/28-02:00,8422,8430,8410,8417,9890
 2024/05/28-02:05,8417,8420,8399,8404,11244
 2024/05/28-02:10,8403,8410,8392,8409,12663
 2024/05/28-02:15,8409,8409,8389,8406,11998
 2024/05/28-02:20,8406,8407,8393,8398,8924
 2024/05/28-02:25,8397,8404,8392,8399,9147
 2024/05/28-02:30,8400,8414,8393,8393,18174
 2024/05/28-09:05,8394,8428,8394,8419,62818
 2024/05/28-09:10,8419,8426,8410,8420,27339
 2024/05/28-09:15,8419,8421,8380,8384,29132
 2024/05/28-09:20,8384,8410,8370,8399,46097
 2024/05/28-09:25,8399,8399,8378,8384,22379
 2024/05/28-09:30,8384,8396,8379,8386,14822
 2024/05/28-09:35,8385,8417,8381,8417,24262
 2024/05/28-09:40,8417,8428,8412,8419,28784
 2024/05/28-09:45,8419,8419,8407,8416,11710
 2024/05/28-09:50,8416,8425,8416,8422,13272
 2024/05/28-09:55,8422,8425,8414,8417,10576
 2024/05/28-10:00,8416,8417,8384,8395,26482
 2024/05/28-10:05,8395,8404,8389,8399,14034
 2024/05/28-10:10,8400,8419,8396,8414,12023
 2024/05/28-10:15,8414,8416,8402,8408,10348
 2024/05/28-10:35,8408,8414,8392,8393,13234
 2024/05/28-10:40,8392,8401,8388,8391,12827
 2024/05/28-10:45,8391,8399,8384,8397,9979
 2024/05/28-10:50,8397,8400,8382,8399,10803
 2024/05/28-10:55,8399,8412,8396,8405,12730
 2024/05/28-11:00,8403,8405,8399,8403,5407
 2024/05/28-11:05,8403,8406,8390,8396,9894
 2024/05/28-11:10,8396,8411,8396,8405,8199
 2024/05/28-11:15,8405,8409,8400,8407,7099
 2024/05/28-11:20,8407,8409,8402,8406,5007
 2024/05/28-11:25,8406,8406,8393,8404,9306
 2024/05/28-11:30,8404,8408,8403,8407,6271
 2024/05/28-13:35,8400,8409,8386,8400,23660
 2024/05/28-13:40,8401,8401,8386,8399,15945
 2024/05/28-13:45,8399,8399,8389,8391,8867
 2024/05/28-13:50,8391,8393,8382,8390,15214
 2024/05/28-13:55,8390,8393,8384,8391,9049
 2024/05/28-14:00,8391,8391,8364,8386,31551
 2024/05/28-14:05,8386,8386,8333,8360,47436
 2024/05/28-14:10,8360,8361,8338,8338,35958
 2024/05/28-14:15,8337,8341,8292,8293,75011
 2024/05/28-14:20,8293,8300,8250,8294,104671
 2024/05/28-14:25,8295,8314,8240,8268,90370
 2024/05/28-14:30,8268,8276,8248,8266,50620
 2024/05/28-14:35,8265,8280,8261,8278,37410
 2024/05/28-14:40,8278,8308,8277,8300,39912
 2024/05/28-14:45,8301,8304,8279,8303,26694
 2024/05/28-14:50,8304,8304,8289,8297,14829
 2024/05/28-14:55,8297,8300,8284,8290,15416
 2024/05/28-15:00,8290,8298,8274,8291,30352
 2024/05/29-21:05,8356,8409,8353,8408,112622
 2024/05/29-21:10,8408,8467,8399,8456,104905
 2024/05/29-21:15,8456,8491,8450,8480,98866
 2024/05/29-21:20,8480,8502,8468,8497,83870
 2024/05/29-21:25,8496,8544,8494,8524,105901
 2024/05/29-21:30,8524,8525,8491,8491,82114
 2024/05/29-21:35,8491,8500,8462,8473,91770
 2024/05/29-21:40,8473,8494,8399,8422,120664
 2024/05/29-21:45,8423,8459,8420,8441,86544
 2024/05/29-21:50,8441,8441,8401,8419,104430
 2024/05/29-21:55,8421,8447,8416,8446,46370
 2024/05/29-22:00,8447,8449,8376,8384,103378
 2024/05/29-22:05,8384,8384,8315,8326,147595
 2024/05/29-22:10,8327,8349,8297,8346,122361
 2024/05/29-22:15,8346,8360,8343,8354,59882
 2024/05/29-22:20,8354,8376,8352,8374,65137
 2024/05/29-22:25,8374,8394,8369,8383,47712
 2024/05/29-22:30,8382,8392,8381,8388,29020
 2024/05/29-22:35,8388,8412,8362,8407,77133
 2024/05/29-22:40,8406,8409,8371,8371,39198
 2024/05/29-22:45,8371,8396,8371,8389,28393
 2024/05/29-22:50,8388,8405,8375,8396,25898
 2024/05/29-22:55,8396,8414,8395,8400,29430
 2024/05/29-23:00,8400,8410,8386,8394,25393
 2024/05/29-23:05,8394,8395,8374,8374,35890
 2024/05/29-23:10,8374,8379,8354,8373,42280
 2024/05/29-23:15,8373,8381,8353,8379,34868
 2024/05/29-23:20,8378,8398,8372,8395,28541
 2024/05/29-23:25,8396,8405,8388,8399,26971
 2024/05/29-23:30,8399,8400,8384,8387,18556
 2024/05/29-23:35,8387,8395,8384,8393,14315
 2024/05/29-23:40,8393,8419,8393,8414,30000
 2024/05/29-23:45,8414,8448,8412,8432,48166
 2024/05/29-23:50,8432,8446,8421,8439,28336
 2024/05/29-23:55,8439,8443,8428,8433,15584
 2024/05/29-00:00,8433,8435,8422,8430,19760
 2024/05/29-00:05,8430,8441,8423,8434,15893
 2024/05/29-00:10,8434,8434,8426,8429,9432
 2024/05/29-00:15,8429,8447,8429,8445,17602
 2024/05/29-00:20,8445,8447,8436,8439,13115
 2024/05/29-00:25,8439,8441,8429,8437,12284
 2024/05/29-00:30,8437,8440,8393,8401,29812
 2024/05/29-00:35,8402,8408,8390,8407,28635
 2024/05/29-00:40,8408,8414,8396,8403,14336
 2024/05/29-00:45,8402,8408,8378,8382,21308
 2024/05/29-00:50,8381,8391,8380,8389,16864
 2024/05/29-00:55,8389,8401,8382,8398,13018
 2024/05/29-01:00,8398,8408,8394,8404,11213
 2024/05/29-01:05,8404,8405,8374,8377,18953
 2024/05/29-01:10,8377,8386,8374,8381,11069
 2024/05/29-01:15,8381,8387,8370,8378,11836
 2024/05/29-01:20,8378,8384,8375,8380,7262
 2024/05/29-01:25,8380,8395,8379,8390,10168
 2024/05/29-01:30,8390,8404,8387,8400,9914
 2024/05/29-01:35,8400,8402,8397,8399,5387
 2024/05/29-01:40,8399,8430,8396,8427,18192
 2024/05/29-01:45,8426,8426,8412,8418,10532
 2024/05/29-01:50,8418,8418,8399,8400,9724
 2024/05/29-01:55,8400,8411,8399,8406,8186
 2024/05/29-02:00,8406,8421,8406,8414,9675
 2024/05/29-02:05,8414,8414,8401,8410,6984
 2024/05/29-02:10,8410,8410,8401,8405,4227
 2024/05/29-02:15,8405,8405,8392,8402,6273
 2024/05/29-02:20,8402,8413,8402,8404,5200
 2024/05/29-02:25,8404,8404,8393,8397,5904
 2024/05/29-02:30,8397,8403,8395,8401,7253
 2024/05/29-09:05,8401,8438,8382,8419,69439
 2024/05/29-09:10,8419,8424,8375,8397,35672
 2024/05/29-09:15,8398,8402,8390,8395,16053
 2024/05/29-09:20,8396,8402,8390,8394,11977
 2024/05/29-09:25,8394,8413,8387,8404,17452
 2024/05/29-09:30,8404,8410,8395,8399,10310
 2024/05/29-09:35,8399,8411,8397,8401,13903
 2024/05/29-09:40,8401,8402,8390,8396,12098
 2024/05/29-09:45,8395,8399,8377,8386,16422
 2024/05/29-09:50,8386,8398,8383,8394,9142
 2024/05/29-09:55,8395,8408,8393,8401,9133
 2024/05/29-10:00,8401,8412,8398,8408,12435
 2024/05/29-10:05,8408,8411,8403,8405,7087
 2024/05/29-10:10,8405,8427,8404,8426,15970
 2024/05/29-10:15,8425,8441,8418,8428,25883
 2024/05/29-10:35,8434,8478,8434,8474,59511
 2024/05/29-10:40,8473,8478,8443,8444,29873
 2024/05/29-10:45,8444,8457,8441,8452,19936
 2024/05/29-10:50,8452,8455,8433,8434,15826
 2024/05/29-10:55,8434,8441,8425,8428,18739
 2024/05/29-11:00,8428,8438,8423,8428,14493
 2024/05/29-11:05,8428,8440,8427,8432,8311
 2024/05/29-11:10,8431,8452,8431,8450,12081
 2024/05/29-11:15,8450,8452,8432,8433,12247
 2024/05/29-11:20,8433,8441,8426,8429,10210
 2024/05/29-11:25,8429,8443,8427,8437,7144
 2024/05/29-11:30,8437,8448,8433,8448,7354
 2024/05/29-13:35,8463,8520,8463,8497,92427
 2024/05/29-13:40,8496,8542,8491,8531,67400
 2024/05/29-13:45,8532,8539,8494,8499,60365
 2024/05/29-13:50,8500,8500,8450,8489,76650
 2024/05/29-13:55,8490,8510,8489,8494,35681
 2024/05/29-14:00,8494,8498,8480,8481,24674
 2024/05/29-14:05,8482,8486,8465,8478,30367
 2024/05/29-14:10,8478,8481,8461,8473,28919
 2024/05/29-14:15,8473,8480,8459,8463,18434
 2024/05/29-14:20,8463,8471,8459,8467,18909
 2024/05/29-14:25,8467,8485,8466,8471,17987
 2024/05/29-14:30,8472,8482,8468,8473,15611
 2024/05/29-14:35,8473,8495,8469,8489,16243
 2024/05/29-14:40,8488,8491,8471,8489,18432
 2024/05/29-14:45,8489,8509,8487,8503,24617
 2024/05/29-14:50,8503,8525,8502,8524,34764
 2024/05/29-14:55,8524,8548,8522,8527,55908
 2024/05/29-15:00,8527,8545,8527,8545,32211
 2024/05/30-21:05,8419,8420,8380,8405,153054
 2024/05/30-21:10,8406,8460,8406,8447,99858
 2024/05/30-21:15,8447,8458,8419,8423,64671
 2024/05/30-21:20,8422,8452,8413,8433,54914
 2024/05/30-21:25,8434,8449,8431,8443,32218
 2024/05/30-21:30,8442,8450,8416,8417,46782
 2024/05/30-21:35,8418,8437,8406,8414,58355
 2024/05/30-21:40,8413,8433,8402,8431,43479
 2024/05/30-21:45,8431,8434,8412,8414,35784
 2024/05/30-21:50,8414,8431,8411,8426,26128
 2024/05/30-21:55,8426,8449,8424,8445,39009
 2024/05/30-22:00,8445,8470,8444,8465,50068
 2024/05/30-22:05,8465,8476,8455,8463,42823
 2024/05/30-22:10,8462,8469,8452,8466,29012
 2024/05/30-22:15,8467,8480,8458,8480,29279
 2024/05/30-22:20,8480,8497,8480,8484,46464
 2024/05/30-22:25,8484,8485,8464,8472,32295
 2024/05/30-22:30,8472,8482,8462,8477,21034
 2024/05/30-22:35,8475,8482,8471,8481,14568
 2024/05/30-22:40,8481,8490,8470,8477,22263
 2024/05/30-22:45,8477,8488,8465,8467,18853
 2024/05/30-22:50,8467,8472,8447,8472,33627
 2024/05/30-22:55,8471,8480,8467,8476,17359
 2024/05/30-23:00,8476,8481,8467,8481,13516
 2024/05/30-23:05,8481,8482,8456,8458,27801
 2024/05/30-23:10,8458,8464,8452,8460,22963
 2024/05/30-23:15,8460,8463,8451,8457,14027
 2024/05/30-23:20,8457,8469,8457,8465,17276
 2024/05/30-23:25,8465,8467,8456,8464,16865
 2024/05/30-23:30,8464,8469,8459,8465,11289
 2024/05/30-23:35,8465,8477,8453,8457,20283
 2024/05/30-23:40,8457,8469,8447,8464,22061
 2024/05/30-23:45,8464,8467,8461,8463,8562
 2024/05/30-23:50,8463,8477,8462,8474,19638
 2024/05/30-23:55,8473,8484,8471,8476,17431
 2024/05/30-00:00,8476,8478,8469,8473,9082
 2024/05/30-00:05,8473,8480,8468,8478,9071
 2024/05/30-00:10,8478,8480,8472,8475,5713
 2024/05/30-00:15,8475,8475,8443,8447,25450
 2024/05/30-00:20,8446,8449,8428,8440,37055
 2024/05/30-00:25,8440,8453,8438,8450,16858
 2024/05/30-00:30,8450,8455,8447,8451,9258
 2024/05/30-00:35,8451,8460,8445,8458,11537
 2024/05/30-00:40,8458,8476,8457,8473,18528
 2024/05/30-00:45,8472,8477,8468,8469,13040
 2024/05/30-00:50,8468,8479,8468,8479,8876
 2024/05/30-00:55,8479,8490,8477,8480,20595
 2024/05/30-01:00,8480,8487,8480,8486,10622
 2024/05/30-01:05,8485,8491,8477,8486,12223
 2024/05/30-01:10,8486,8487,8475,8477,8159
 2024/05/30-01:15,8477,8484,8475,8482,5634
 2024/05/30-01:20,8482,8490,8477,8487,8259
 2024/05/30-01:25,8488,8491,8485,8486,7568
 2024/05/30-01:30,8486,8490,8483,8488,4404
 2024/05/30-01:35,8488,8490,8482,8490,4462
 2024/05/30-01:40,8489,8490,8483,8485,3735
 2024/05/30-01:45,8485,8486,8479,8482,4170
 2024/05/30-01:50,8482,8501,8480,8498,10220
 2024/05/30-01:55,8498,8523,8498,8521,22342
 2024/05/30-02:00,8520,8520,8512,8514,5832
 2024/05/30-02:05,8514,8526,8497,8504,16382
 2024/05/30-02:10,8504,8520,8504,8520,8275
 2024/05/30-02:15,8521,8524,8511,8515,7561
 2024/05/30-02:20,8515,8516,8500,8507,6945
 2024/05/30-02:25,8507,8507,8492,8495,7070
 2024/05/30-02:30,8495,8506,8493,8504,9284
 2024/05/30-09:05,8488,8488,8452,8456,62035
 2024/05/30-09:10,8457,8463,8446,8452,31171
 2024/05/30-09:15,8452,8470,8452,8469,15115
 2024/05/30-09:20,8470,8478,8460,8469,15084
 2024/05/30-09:25,8470,8472,8453,8461,13327
 2024/05/30-09:30,8461,8466,8454,8458,9291
 2024/05/30-09:35,8459,8459,8440,8440,26561
 2024/05/30-09:40,8439,8443,8415,8417,45741
 2024/05/30-09:45,8416,8423,8399,8403,43382
 2024/05/30-09:50,8403,8423,8386,8419,43785
 2024/05/30-09:55,8419,8423,8392,8406,25544
 2024/05/30-10:00,8406,8406,8376,8398,44242
 2024/05/30-10:05,8398,8415,8390,8410,21756
 2024/05/30-10:10,8410,8422,8408,8419,15080
 2024/05/30-10:15,8418,8425,8413,8418,11570
 2024/05/30-10:35,8416,8416,8376,8389,31671
 2024/05/30-10:40,8389,8392,8345,8349,55945
 2024/05/30-10:45,8349,8360,8283,8306,113237
 2024/05/30-10:50,8305,8317,8294,8294,53519
 2024/05/30-10:55,8294,8297,8263,8297,73206
 2024/05/30-11:00,8297,8321,8297,8312,39616
 2024/05/30-11:05,8312,8319,8298,8303,26138
 2024/05/30-11:10,8304,8310,8283,8291,34148
 2024/05/30-11:15,8292,8305,8289,8296,15977
 2024/05/30-11:20,8296,8330,8296,8324,30348
 2024/05/30-11:25,8325,8331,8313,8320,18866
 2024/05/30-11:30,8320,8324,8306,8306,15182
 2024/05/30-13:35,8313,8313,8245,8263,100768
 2024/05/30-13:40,8262,8275,8255,8271,34002
 2024/05/30-13:45,8271,8272,8251,8263,28895
 2024/05/30-13:50,8263,8269,8242,8244,28573
 2024/05/30-13:55,8244,8244,8198,8218,88790
 2024/05/30-14:00,8218,8232,8208,8223,36239
 2024/05/30-14:05,8224,8240,8218,8236,25299
 2024/05/30-14:10,8235,8260,8232,8247,32504
 2024/05/30-14:15,8246,8258,8246,8251,18875
 2024/05/30-14:20,8252,8259,8243,8252,18529
 2024/05/30-14:25,8252,8275,8248,8275,22379
 2024/05/30-14:30,8274,8285,8268,8272,24653
 2024/05/30-14:35,8272,8280,8271,8274,11174
 2024/05/30-14:40,8274,8280,8270,8273,12862
 2024/05/30-14:45,8273,8276,8256,8268,17810
 2024/05/30-14:50,8269,8269,8258,8266,12414
 2024/05/30-14:55,8266,8275,8257,8272,14319
 2024/05/30-15:00,8272,8279,8269,8278,19581
 2024/05/31-21:05,8248,8295,8248,8289,82624
 2024/05/31-21:10,8289,8292,8265,8265,48144
 2024/05/31-21:15,8266,8303,8254,8297,51102
 2024/05/31-21:20,8297,8299,8282,8283,28114
 2024/05/31-21:25,8285,8325,8285,8320,39259
 2024/05/31-21:30,8320,8343,8320,8337,50751
 2024/05/31-21:35,8336,8356,8332,8351,49535
 2024/05/31-21:40,8352,8368,8341,8348,54697
 2024/05/31-21:45,8349,8380,8349,8375,52312
 2024/05/31-21:50,8375,8386,8370,8374,41930
 2024/05/31-21:55,8374,8376,8362,8366,31620
 2024/05/31-22:00,8367,8369,8352,8363,30086
 2024/05/31-22:05,8363,8370,8347,8354,29964
 2024/05/31-22:10,8354,8361,8345,8349,27403
 2024/05/31-22:15,8348,8348,8318,8327,48367
 2024/05/31-22:20,8327,8352,8326,8352,27932
 2024/05/31-22:25,8352,8367,8345,8345,28990
 2024/05/31-22:30,8345,8347,8336,8340,19174
 2024/05/31-22:35,8339,8347,8330,8338,19334
 2024/05/31-22:40,8338,8338,8318,8335,27276
 2024/05/31-22:45,8336,8336,8291,8300,48578
 2024/05/31-22:50,8300,8314,8291,8292,34648
 2024/05/31-22:55,8292,8292,8275,8285,40807
 2024/05/31-23:00,8285,8303,8282,8303,28159
 2024/05/31-23:05,8303,8317,8293,8297,30654
 2024/05/31-23:10,8298,8301,8283,8293,22017
 2024/05/31-23:15,8293,8304,8289,8298,18317
 2024/05/31-23:20,8298,8306,8289,8294,17097
 2024/05/31-23:25,8294,8295,8265,8287,35293
 2024/05/31-23:30,8288,8295,8282,8283,15767
 2024/05/31-23:35,8284,8293,8278,8288,14970
 2024/05/31-23:40,8288,8288,8271,8282,16293
 2024/05/31-23:45,8283,8283,8270,8276,14394
 2024/05/31-23:50,8276,8292,8276,8284,15700
 2024/05/31-23:55,8284,8302,8281,8294,18243
 2024/05/31-00:00,8294,8301,8289,8290,11060
 2024/05/31-00:05,8289,8297,8256,8261,23093
 2024/05/31-00:10,8261,8276,8245,8247,33014
 2024/05/31-00:15,8247,8261,8246,8252,21326
 2024/05/31-00:20,8252,8271,8251,8268,17648
 2024/05/31-00:25,8268,8274,8260,8264,14650
 2024/05/31-00:30,8264,8271,8261,8268,8100
 2024/05/31-00:35,8268,8293,8265,8288,25284
 2024/05/31-00:40,8288,8290,8277,8285,11413
 2024/05/31-00:45,8285,8292,8281,8292,7701
 2024/05/31-00:50,8291,8291,8281,8286,7357
 2024/05/31-00:55,8286,8299,8285,8292,12093
 2024/05/31-01:00,8292,8294,8281,8288,8083
 2024/05/31-01:05,8288,8303,8288,8292,12873
 2024/05/31-01:10,8292,8296,8274,8274,9607
 2024/05/31-01:15,8275,8285,8275,8281,8761
 2024/05/31-01:20,8281,8284,8269,8284,10799
 2024/05/31-01:25,8284,8289,8281,8288,6436
 2024/05/31-01:30,8288,8288,8271,8273,7827
 2024/05/31-01:35,8273,8279,8270,8272,5737
 2024/05/31-01:40,8272,8277,8268,8276,4983
 2024/05/31-01:45,8276,8277,8271,8276,4049
 2024/05/31-01:50,8276,8277,8271,8272,2903
 2024/05/31-01:55,8272,8287,8270,8281,5730
 2024/05/31-02:00,8281,8286,8278,8278,3344
 2024/05/31-02:05,8278,8278,8272,8273,4133
 2024/05/31-02:10,8273,8278,8263,8264,7370
 2024/05/31-02:15,8262,8266,8255,8262,8598
 2024/05/31-02:20,8262,8265,8258,8261,4201
 2024/05/31-02:25,8261,8271,8255,8269,6498
 2024/05/31-02:30,8270,8270,8256,8261,7478
 2024/05/31-09:05,8254,8254,8216,8238,63684
 2024/05/31-09:10,8237,8245,8193,8202,51350
 2024/05/31-09:15,8202,8211,8160,8173,64953
 2024/05/31-09:20,8174,8174,8136,8156,67340
 2024/05/31-09:25,8155,8174,8150,8164,29030
 2024/05/31-09:30,8163,8207,8161,8200,40477
 2024/05/31-09:35,8199,8214,8180,8205,32438
 2024/05/31-09:40,8205,8229,8204,8223,32658
 2024/05/31-09:45,8222,8223,8201,8220,24437
 2024/05/31-09:50,8221,8224,8197,8199,18167
 2024/05/31-09:55,8199,8210,8198,8204,10588
 2024/05/31-10:00,8204,8218,8203,8213,12468
 2024/05/31-10:05,8213,8222,8205,8221,11399
 2024/05/31-10:10,8220,8235,8220,8225,17938
 2024/05/31-10:15,8225,8228,8208,8215,15140
 2024/05/31-10:35,8216,8216,8201,8202,16968
 2024/05/31-10:40,8202,8210,8189,8191,15273
 2024/05/31-10:45,8192,8197,8167,8174,24807
 2024/05/31-10:50,8174,8189,8172,8187,19510
 2024/05/31-10:55,8186,8204,8179,8179,18016
 2024/05/31-11:00,8179,8185,8158,8172,21884
 2024/05/31-11:05,8172,8172,8125,8138,66187
 2024/05/31-11:10,8138,8152,8127,8136,26912
 2024/05/31-11:15,8136,8151,8135,8142,17739
 2024/05/31-11:20,8143,8145,8122,8133,25191
 2024/05/31-11:25,8133,8158,8132,8151,21355
 2024/05/31-11:30,8151,8160,8148,8156,12393
 2024/05/31-13:35,8156,8198,8156,8191,37002
 2024/05/31-13:40,8191,8208,8187,8190,23706
 2024/05/31-13:45,8190,8200,8185,8186,13725
 2024/05/31-13:50,8185,8207,8185,8201,14049
 2024/05/31-13:55,8201,8206,8197,8206,12600
 2024/05/31-14:00,8206,8221,8201,8207,22141
 2024/05/31-14:05,8207,8217,8205,8216,12041
 2024/05/31-14:10,8216,8240,8208,8232,30136
 2024/05/31-14:15,8232,8234,8212,8213,19193
 2024/05/31-14:20,8213,8223,8203,8208,14300
 2024/05/31-14:25,8208,8218,8204,8212,11854
 2024/05/31-14:30,8212,8213,8206,8206,8010
 2024/05/31-14:35,8207,8229,8205,8221,17014
 2024/05/31-14:40,8222,8244,8219,8242,20929
 2024/05/31-14:45,8242,8256,8242,8248,27042
 2024/05/31-14:50,8248,8264,8244,8262,21796
 2024/05/31-14:55,8262,8264,8238,8239,20500
 2024/05/31-15:00,8240,8250,8240,8246,19798
 2024/06/03-21:05,8339,8398,8339,8371,121204
 2024/06/03-21:10,8372,8382,8340,8342,65693
 2024/06/03-21:15,8342,8356,8326,8341,46273
 2024/06/03-21:20,8341,8355,8326,8327,33101
 2024/06/03-21:25,8326,8332,8307,8321,45368
 2024/06/03-21:30,8321,8321,8302,8311,32414
 2024/06/03-21:35,8312,8314,8287,8308,47625
 2024/06/03-21:40,8308,8318,8292,8303,29952
 2024/06/03-21:45,8303,8319,8296,8311,26248
 2024/06/03-21:50,8311,8338,8310,8325,39450
 2024/06/03-21:55,8325,8325,8278,8282,53595
 2024/06/03-22:00,8281,8287,8257,8287,62748
 2024/06/03-22:05,8287,8298,8271,8288,39343
 2024/06/03-22:10,8288,8300,8281,8300,25608
 2024/06/03-22:15,8299,8299,8257,8265,42758
 2024/06/03-22:20,8265,8281,8265,8277,23838
 2024/06/03-22:25,8277,8282,8256,8258,24338
 2024/06/03-22:30,8258,8274,8257,8267,22304
 2024/06/03-22:35,8267,8267,8239,8256,39699
 2024/06/03-22:40,8257,8263,8245,8254,25665
 2024/06/03-22:45,8254,8254,8205,8210,62533
 2024/06/03-22:50,8210,8222,8193,8216,55034
 2024/06/03-22:55,8217,8227,8198,8203,38157
 2024/06/03-23:00,8203,8219,8199,8206,30101
 2024/06/03-23:05,8205,8206,8161,8171,72362
 2024/06/03-23:10,8171,8177,8147,8159,59995
 2024/06/03-23:15,8159,8161,8073,8085,109147
 2024/06/03-23:20,8086,8102,8060,8081,89901
 2024/06/03-23:25,8081,8081,8029,8030,96827
 2024/06/03-23:30,8029,8047,8008,8035,97184
 2024/06/03-23:35,8036,8044,7975,7984,90883
 2024/06/03-23:40,7983,8014,7959,7991,112950
 2024/06/03-23:45,7991,8033,7989,8014,67560
 2024/06/03-23:50,8014,8040,8012,8020,44030
 2024/06/03-23:55,8020,8043,8020,8027,39944
 2024/06/03-00:00,8028,8028,7989,7998,58634
 2024/06/03-00:05,7997,8027,7993,8021,37212
 2024/06/03-00:10,8021,8025,8009,8015,20846
 2024/06/03-00:15,8015,8028,8012,8027,18516
 2024/06/03-00:20,8026,8046,8023,8036,34691
 2024/06/03-00:25,8036,8036,8010,8017,25318
 2024/06/03-00:30,8017,8026,8012,8022,15750
 2024/06/03-00:35,8023,8026,8017,8018,10032
 2024/06/03-00:40,8019,8024,8010,8021,11729
 2024/06/03-00:45,8022,8033,8022,8027,13215
 2024/06/03-00:50,8027,8032,8019,8021,12040
 2024/06/03-00:55,8021,8025,8017,8018,7383
 2024/06/03-01:00,8018,8018,8000,8016,22094
 2024/06/03-01:05,8016,8019,8006,8008,13405
 2024/06/03-01:10,8009,8015,8006,8010,9745
 2024/06/03-01:15,8010,8013,8001,8011,11864
 2024/06/03-01:20,8011,8011,8003,8004,6094
 2024/06/03-01:25,8003,8005,7970,7978,35572
 2024/06/03-01:30,7977,7980,7947,7967,38984
 2024/06/03-01:35,7967,7979,7965,7969,21086
 2024/06/03-01:40,7970,7978,7969,7976,8891
 2024/06/03-01:45,7976,7978,7970,7976,8108
 2024/06/03-01:50,7976,8017,7974,8009,30440
 2024/06/03-01:55,8009,8017,8001,8006,15052
 2024/06/03-02:00,8006,8008,8002,8004,6072
 2024/06/03-02:05,8004,8007,7978,7995,20794
 2024/06/03-02:10,7995,7996,7985,7996,7455
 2024/06/03-02:15,7995,8007,7990,7995,12717
 2024/06/03-02:20,7995,7996,7981,7986,10167
 2024/06/03-02:25,7986,7997,7984,7991,9381
 2024/06/03-02:30,7991,8016,7990,8002,23103
 2024/06/03-09:05,8002,8045,8002,8011,68003
 2024/06/03-09:10,8011,8011,7974,7999,59255
 2024/06/03-09:15,7999,8021,7998,8020,22548
 2024/06/03-09:20,8019,8033,8016,8029,19157
 2024/06/03-09:25,8028,8053,8021,8041,30103
 2024/06/03-09:30,8041,8047,8022,8028,19308
 2024/06/03-09:35,8028,8038,8024,8032,12101
 2024/06/03-09:40,8032,8051,8027,8038,10947
 2024/06/03-09:45,8038,8055,8037,8053,14282
 2024/06/03-09:50,8053,8083,8053,8075,34906
 2024/06/03-09:55,8076,8089,8067,8068,24536
 2024/06/03-10:00,8067,8084,8067,8083,12885
 2024/06/03-10:05,8083,8092,8057,8058,22250
 2024/06/03-10:10,8057,8061,8042,8056,20832
 2024/06/03-10:15,8057,8075,8056,8069,10612
 2024/06/03-10:35,8066,8068,8047,8055,13329
 2024/06/03-10:40,8056,8056,8034,8034,14352
 2024/06/03-10:45,8033,8047,8033,8044,9642
 2024/06/03-10:50,8044,8044,8017,8030,21710
 2024/06/03-10:55,8030,8038,8020,8031,11088
 2024/06/03-11:00,8031,8032,8022,8027,8420
 2024/06/03-11:05,8026,8028,8009,8019,18959
 2024/06/03-11:10,8018,8033,8000,8020,21709
 2024/06/03-11:15,8020,8026,7992,8012,25951
 2024/06/03-11:20,8012,8013,7999,7999,12271
 2024/06/03-11:25,8001,8003,7979,7987,26414
 2024/06/03-11:30,7988,7996,7973,7979,22134
 2024/06/03-13:35,7982,8001,7936,7983,75411
 2024/06/03-13:40,7983,7993,7926,7926,42808
 2024/06/03-13:45,7925,7937,7872,7876,101348
 2024/06/03-13:50,7875,7888,7839,7865,85302
 2024/06/03-13:55,7866,7910,7865,7901,57334
 2024/06/03-14:00,7901,7921,7899,7911,36382
 2024/06/03-14:05,7911,7925,7882,7886,37195
 2024/06/03-14:10,7886,7906,7881,7899,27575
 2024/06/03-14:15,7899,7914,7886,7913,21907
 2024/06/03-14:20,7913,7920,7897,7902,21269
 2024/06/03-14:25,7902,7909,7894,7903,15621
 2024/06/03-14:30,7903,7905,7886,7893,19449
 2024/06/03-14:35,7893,7906,7891,7897,13754
 2024/06/03-14:40,7897,7948,7897,7945,48466
 2024/06/03-14:45,7944,7957,7932,7937,28503
 2024/06/03-14:50,7937,7954,7935,7946,17799
 2024/06/03-14:55,7946,7947,7930,7942,17321
 2024/06/03-15:00,7942,7973,7939,7969,35203
 2024/06/04-21:05,8052,8066,8004,8009,94309
 2024/06/04-21:10,8008,8025,7994,8007,47996
 2024/06/04-21:15,8006,8038,7997,8038,32250
 2024/06/04-21:20,8038,8043,8026,8035,35274
 2024/06/04-21:25,8036,8037,8007,8014,27943
 2024/06/04-21:30,8014,8018,7999,8005,20943
 2024/06/04-21:35,8005,8010,7980,7992,52327
 2024/06/04-21:40,7992,7998,7971,7981,40358
 2024/06/04-21:45,7982,7996,7975,7987,22913
 2024/06/04-21:50,7986,7987,7962,7967,36538
 2024/06/04-21:55,7966,7991,7951,7984,49574
 2024/06/04-22:00,7984,7988,7969,7980,25045
 2024/06/04-22:05,7979,8037,7979,8019,84477
 2024/06/04-22:10,8019,8026,7986,8017,45785
 2024/06/04-22:15,8017,8034,8015,8015,31544
 2024/06/04-22:20,8015,8029,8007,8018,32762
 2024/06/04-22:25,8018,8022,7996,8001,28348
 2024/06/04-22:30,8002,8006,7990,7995,23179
 2024/06/04-22:35,7994,8010,7992,8006,19961
 2024/06/04-22:40,8007,8022,7998,8020,24589
 2024/06/04-22:45,8020,8025,8010,8014,19608
 2024/06/04-22:50,8014,8027,8010,8014,18647
 2024/06/04-22:55,8014,8019,8003,8009,14231
 2024/06/04-23:00,8009,8012,7997,7999,16275
 2024/06/04-23:05,8000,8000,7974,7977,35029
 2024/06/04-23:10,7977,7999,7972,7989,24372
 2024/06/04-23:15,7989,8005,7988,8002,13933
 2024/06/04-23:20,8003,8017,7999,8012,21912
 2024/06/04-23:25,8013,8016,8005,8008,14579
 2024/06/04-23:30,8008,8012,8002,8008,10148
 2024/06/04-23:35,8007,8014,7995,7998,11232
 2024/06/04-23:40,7998,8017,7996,8013,11983
 2024/06/04-23:45,8014,8015,8007,8009,6545
 2024/06/04-23:50,8009,8009,7999,8004,10083
 2024/06/04-23:55,8005,8014,8003,8011,8399
 2024/06/04-00:00,8011,8024,8007,8012,13546
 2024/06/04-00:05,8013,8014,8003,8011,8714
 2024/06/04-00:10,8012,8016,8005,8013,6360
 2024/06/04-00:15,8013,8022,8012,8014,9593
 2024/06/04-00:20,8014,8015,8004,8005,8898
 2024/06/04-00:25,8004,8009,7996,8002,11867
 2024/06/04-00:30,8002,8009,7997,8003,5775
 2024/06/04-00:35,8002,8010,8001,8007,6612
 2024/06/04-00:40,8006,8023,8006,8021,12499
 2024/06/04-00:45,8021,8044,8016,8035,25910
 2024/06/04-00:50,8035,8055,8031,8042,19859
 2024/06/04-00:55,8042,8055,8040,8048,11138
 2024/06/04-01:00,8048,8055,8042,8050,10165
 2024/06/04-01:05,8050,8075,8047,8074,29718
 2024/06/04-01:10,8074,8087,8066,8067,27482
 2024/06/04-01:15,8066,8067,8050,8058,19870
 2024/06/04-01:20,8058,8058,8046,8049,11907
 2024/06/04-01:25,8048,8049,8029,8031,20299
 2024/06/04-01:30,8031,8034,8022,8029,12674
 2024/06/04-01:35,8029,8038,8025,8028,8253
 2024/06/04-01:40,8029,8045,8028,8045,8239
 2024/06/04-01:45,8044,8044,8029,8032,6748
 2024/06/04-01:50,8032,8034,8024,8031,5706
 2024/06/04-01:55,8031,8033,8024,8031,5250
 2024/06/04-02:00,8032,8036,8028,8031,4339
 2024/06/04-02:05,8031,8035,8029,8032,3498
 2024/06/04-02:10,8032,8034,8027,8030,3565
 2024/06/04-02:15,8030,8031,8024,8026,3369
 2024/06/04-02:20,8026,8041,8025,8041,5574
 2024/06/04-02:25,8041,8043,8036,8039,3896
 2024/06/04-02:30,8039,8040,8035,8038,6478
 2024/06/04-09:05,8052,8107,8052,8100,69728
 2024/06/04-09:10,8100,8104,8065,8067,35479
 2024/06/04-09:15,8067,8069,8051,8066,24936
 2024/06/04-09:20,8065,8066,8047,8062,16509
 2024/06/04-09:25,8062,8062,8043,8044,13202
 2024/06/04-09:30,8044,8051,8029,8048,21910
 2024/06/04-09:35,8048,8060,8041,8060,13226
 2024/06/04-09:40,8061,8064,8035,8044,14233
 2024/06/04-09:45,8044,8048,8019,8032,20884
 2024/06/04-09:50,8032,8038,8023,8032,12956
 2024/06/04-09:55,8033,8053,8032,8047,15580
 2024/06/04-10:00,8047,8060,8041,8058,11931
 2024/06/04-10:05,8059,8072,8051,8068,16117
 2024/06/04-10:10,8069,8087,8054,8086,18769
 2024/06/04-10:15,8086,8104,8078,8086,26470
 2024/06/04-10:35,8082,8090,8066,8068,18683
 2024/06/04-10:40,8069,8079,8061,8072,13398
 2024/06/04-10:45,8071,8076,8062,8068,7463
 2024/06/04-10:50,8070,8083,8066,8081,7665
 2024/06/04-10:55,8081,8089,8077,8088,8865
 2024/06/04-11:00,8088,8090,8075,8077,8709
 2024/06/04-11:05,8076,8082,8069,8069,8408
 2024/06/04-11:10,8070,8075,8058,8061,12192
 2024/06/04-11:15,8060,8064,8053,8059,11240
 2024/06/04-11:20,8059,8066,8051,8057,10411
 2024/06/04-11:25,8058,8072,8050,8069,9659
 2024/06/04-11:30,8069,8070,8056,8063,8347
 2024/06/04-13:35,8057,8057,8038,8051,24712
 2024/06/04-13:40,8051,8068,8051,8056,14886
 2024/06/04-13:45,8056,8066,8046,8048,11898
 2024/06/04-13:50,8047,8055,8038,8054,12554
 2024/06/04-13:55,8054,8058,8042,8042,8845
 2024/06/04-14:00,8042,8054,8042,8054,6719
 2024/06/04-14:05,8054,8110,8049,8106,41323
 2024/06/04-14:10,8105,8123,8078,8081,46190
 2024/06/04-14:15,8081,8100,8081,8096,17974
 2024/06/04-14:20,8095,8125,8095,8113,32685
 2024/06/04-14:25,8112,8130,8107,8107,28343
 2024/06/04-14:30,8107,8115,8097,8105,20288
 2024/06/04-14:35,8106,8107,8087,8092,19116
 2024/06/04-14:40,8092,8099,8080,8095,16625
 2024/06/04-14:45,8095,8103,8088,8091,13834
 2024/06/04-14:50,8091,8108,8089,8104,14876
 2024/06/04-14:55,8104,8108,8094,8098,9953
 2024/06/04-15:00,8099,8102,8086,8098,18331
 2024/06/05-21:05,7922,7936,7878,7900,168983
 2024/06/05-21:10,7900,7900,7828,7845,123506
 2024/06/05-21:15,7845,7865,7838,7858,57599
 2024/06/05-21:20,7857,7906,7857,7902,61509
 2024/06/05-21:25,7903,7904,7871,7891,49645
 2024/06/05-21:30,7890,7890,7868,7869,23205
 2024/06/05-21:35,7869,7870,7834,7834,54921
 2024/06/05-21:40,7834,7859,7815,7820,69482
 2024/06/05-21:45,7819,7820,7782,7785,111109
 2024/06/05-21:50,7785,7807,7770,7770,62940
 2024/06/05-21:55,7770,7790,7770,7783,53661
 2024/06/05-22:00,7783,7800,7758,7775,63102
 2024/06/05-22:05,7774,7820,7774,7800,82772
 2024/06/05-22:10,7800,7801,7779,7782,51867
 2024/06/05-22:15,7782,7805,7779,7789,35517
 2024/06/05-22:20,7789,7811,7781,7805,37677
 2024/06/05-22:25,7804,7816,7786,7792,32661
 2024/06/05-22:30,7793,7816,7793,7816,25662
 2024/06/05-22:35,7816,7821,7799,7800,26299
 2024/06/05-22:40,7800,7800,7776,7790,34845
 2024/06/05-22:45,7790,7796,7784,7789,17662
 2024/06/05-22:50,7790,7792,7767,7773,35716
 2024/06/05-22:55,7773,7789,7773,7784,19147
 2024/06/05-23:00,7783,7789,7775,7778,19360
 2024/06/05-23:05,7778,7801,7777,7801,28501
 2024/06/05-23:10,7800,7809,7792,7798,21364
 2024/06/05-23:15,7798,7815,7798,7813,27011
 2024/06/05-23:20,7813,7815,7803,7804,18366
 2024/06/05-23:25,7804,7808,7799,7807,14139
 2024/06/05-23:30,7807,7812,7802,7809,10773
 2024/06/05-23:35,7809,7815,7793,7797,16752
 2024/06/05-23:40,7796,7811,7793,7809,13625
 2024/06/05-23:45,7809,7809,7801,7807,8023
 2024/06/05-23:50,7807,7808,7799,7804,7189
 2024/06/05-23:55,7804,7808,7801,7802,5247
 2024/06/05-00:00,7801,7802,7795,7798,8768
 2024/06/05-00:05,7799,7808,7798,7808,9316
 2024/06/05-00:10,7807,7809,7783,7790,21833
 2024/06/05-00:15,7789,7790,7778,7784,13261
 2024/06/05-00:20,7785,7794,7784,7788,8808
 2024/06/05-00:25,7788,7792,7782,7783,7513
 2024/06/05-00:30,7783,7792,7783,7791,5992
 2024/06/05-00:35,7792,7793,7783,7786,6028
 2024/06/05-00:40,7786,7789,7778,7781,8476
 2024/06/05-00:45,7781,7781,7763,7775,18223
 2024/06/05-00:50,7775,7785,7774,7781,6975
 2024/06/05-00:55,7781,7781,7747,7754,22822
 2024/06/05-01:00,7753,7768,7749,7767,16143
 2024/06/05-01:05,7767,7772,7764,7771,9199
 2024/06/05-01:10,7771,7778,7765,7768,9367
 2024/06/05-01:15,7768,7778,7767,7772,5723
 2024/06/05-01:20,7772,7775,7769,7774,3823
 2024/06/05-01:25,7774,7782,7773,7779,6499
 2024/06/05-01:30,7779,7790,7778,7787,6599
 2024/06/05-01:35,7787,7802,7787,7792,12635
 2024/06/05-01:40,7792,7794,7786,7793,4529
 2024/06/05-01:45,7793,7793,7788,7790,2551
 2024/06/05-01:50,7790,7799,7789,7793,4120
 2024/06/05-01:55,7793,7798,7788,7791,3257
 2024/06/05-02:00,7791,7797,7791,7795,3073
 2024/06/05-02:05,7795,7805,7793,7793,6077
 2024/06/05-02:10,7793,7798,7792,7794,2963
 2024/06/05-02:15,7794,7798,7789,7793,4454
 2024/06/05-02:20,7793,7803,7793,7797,4532
 2024/06/05-02:25,7796,7801,7796,7796,3135
 2024/06/05-02:30,7796,7800,7794,7797,7165
 2024/06/05-09:05,7802,7827,7776,7781,59191
 2024/06/05-09:10,7782,7790,7765,7783,27767
 2024/06/05-09:15,7783,7787,7770,7773,18354
 2024/06/05-09:20,7773,7778,7762,7765,19622
 2024/06/05-09:25,7766,7785,7760,7781,18979
 2024/06/05-09:30,7781,7788,7778,7779,13796
 2024/06/05-09:35,7779,7791,7775,7777,16127
 2024/06/05-09:40,7777,7779,7769,7776,9877
 2024/06/05-09:45,7775,7795,7773,7795,10876
 2024/06/05-09:50,7795,7802,7789,7791,16070
 2024/06/05-09:55,7790,7798,7784,7797,7308
 2024/06/05-10:00,7797,7797,7785,7797,7245
 2024/06/05-10:05,7797,7805,7792,7792,12114
 2024/06/05-10:10,7793,7804,7791,7800,8261
 2024/06/05-10:15,7801,7807,7792,7799,9510
 2024/06/05-10:35,7800,7815,7800,7803,17488
 2024/06/05-10:40,7803,7807,7797,7804,5953
 2024/06/05-10:45,7804,7804,7792,7796,7669
 2024/06/05-10:50,7797,7801,7793,7797,4831
 2024/06/05-10:55,7797,7815,7797,7811,12300
 2024/06/05-11:00,7811,7844,7810,7840,31032
 2024/06/05-11:05,7840,7854,7827,7829,30896
 2024/06/05-11:10,7829,7837,7825,7830,12580
 2024/06/05-11:15,7830,7838,7825,7828,10774
 2024/06/05-11:20,7828,7837,7827,7832,6788
 2024/06/05-11:25,7832,7832,7820,7826,9935
 2024/06/05-11:30,7827,7827,7811,7817,11690
 2024/06/05-13:35,7827,7851,7827,7836,28999
 2024/06/05-13:40,7837,7838,7822,7830,12994
 2024/06/05-13:45,7830,7837,7826,7830,7499
 2024/06/05-13:50,7830,7836,7822,7832,6950
 2024/06/05-13:55,7832,7832,7816,7819,9700
 2024/06/05-14:00,7818,7826,7812,7821,11430
 2024/06/05-14:05,7822,7829,7817,7817,8870
 2024/06/05-14:10,7817,7827,7817,7820,7078
 2024/06/05-14:15,7820,7821,7791,7795,23589
 2024/06/05-14:20,7795,7795,7779,7785,26582
 2024/06/05-14:25,7784,7789,7773,7787,20962
 2024/06/05-14:30,7786,7794,7784,7787,11770
 2024/06/05-14:35,7787,7791,7782,7785,10361
 2024/06/05-14:40,7784,7794,7780,7787,10435
 2024/06/05-14:45,7787,7792,7784,7789,8187
 2024/06/05-14:50,7789,7789,7770,7781,20993
 2024/06/05-14:55,7781,7784,7772,7776,12324
 2024/06/05-15:00,7776,7792,7776,7788,23170
 2024/06/06-21:05,7822,7845,7822,7826,63783
 2024/06/06-21:10,7825,7826,7800,7807,39261
 2024/06/06-21:15,7807,7822,7807,7812,20005
 2024/06/06-21:20,7812,7837,7812,7834,21267
 2024/06/06-21:25,7834,7840,7825,7827,22024
 2024/06/06-21:30,7827,7827,7816,7824,15717
 2024/06/06-21:35,7824,7829,7801,7806,25640
 2024/06/06-21:40,7806,7810,7797,7805,21065
 2024/06/06-21:45,7805,7820,7803,7816,16697
 2024/06/06-21:50,7816,7823,7798,7804,32828
 2024/06/06-21:55,7804,7813,7799,7806,15532
 2024/06/06-22:00,7806,7818,7805,7811,15763
 2024/06/06-22:05,7811,7817,7794,7795,40384
 2024/06/06-22:10,7795,7801,7781,7792,32373
 2024/06/06-22:15,7791,7796,7781,7786,22586
 2024/06/06-22:20,7787,7794,7774,7792,27887
 2024/06/06-22:25,7792,7829,7792,7828,44844
 2024/06/06-22:30,7829,7830,7811,7816,30394
 2024/06/06-22:35,7816,7827,7812,7816,22818
 2024/06/06-22:40,7816,7828,7812,7826,21405
 2024/06/06-22:45,7826,7837,7824,7827,29593
 2024/06/06-22:50,7827,7827,7815,7815,18394
 2024/06/06-22:55,7816,7826,7813,7824,16695
 2024/06/06-23:00,7824,7833,7821,7829,20686
 2024/06/06-23:05,7830,7866,7829,7852,63520
 2024/06/06-23:10,7852,7856,7840,7843,24042
 2024/06/06-23:15,7843,7855,7843,7855,18194
 2024/06/06-23:20,7855,7871,7849,7857,33722
 2024/06/06-23:25,7857,7860,7846,7856,20692
 2024/06/06-23:30,7856,7856,7849,7852,9209
 2024/06/06-23:35,7852,7863,7845,7862,15474
 2024/06/06-23:40,7861,7882,7861,7872,30579
 2024/06/06-23:45,7872,7897,7866,7897,30658
 2024/06/06-23:50,7897,7902,7885,7892,30503
 2024/06/06-23:55,7892,7900,7879,7882,25714
 2024/06/06-00:00,7881,7894,7879,7893,18526
 2024/06/06-00:05,7893,7899,7884,7893,13218
 2024/06/06-00:10,7893,7899,7885,7887,10761
 2024/06/06-00:15,7887,7898,7885,7892,11008
 2024/06/06-00:20,7892,7924,7889,7920,30868
 2024/06/06-00:25,7921,7922,7912,7915,19646
 2024/06/06-00:30,7915,7920,7900,7902,18700
 2024/06/06-00:35,7903,7913,7898,7913,11291
 2024/06/06-00:40,7913,7917,7906,7913,9115
 2024/06/06-00:45,7913,7915,7907,7908,7489
 2024/06/06-00:50,7908,7909,7897,7900,12515
 2024/06/06-00:55,7900,7902,7890,7892,7879
 2024/06/06-01:00,7892,7893,7883,7890,12372
 2024/06/06-01:05,7890,7900,7890,7896,10685
 2024/06/06-01:10,7897,7908,7896,7903,8655
 2024/06/06-01:15,7904,7912,7901,7906,7267
 2024/06/06-01:20,7906,7911,7903,7909,5066
 2024/06/06-01:25,7909,7909,7900,7907,7028
 2024/06/06-01:30,7907,7911,7905,7910,4704
 2024/06/06-01:35,7910,7910,7902,7903,4793
 2024/06/06-01:40,7903,7908,7903,7907,3033
 2024/06/06-01:45,7907,7908,7903,7906,2380
 2024/06/06-01:50,7906,7909,7904,7909,2396
 2024/06/06-01:55,7909,7915,7907,7913,5262
 2024/06/06-02:00,7913,7929,7911,7921,8408
 2024/06/06-02:05,7921,7923,7916,7921,4856
 2024/06/06-02:10,7921,7921,7905,7911,7526
 2024/06/06-02:15,7911,7912,7900,7902,5186
 2024/06/06-02:20,7902,7909,7898,7907,4773
 2024/06/06-02:25,7907,7911,7906,7906,3025
 2024/06/06-02:30,7907,7912,7906,7911,5911
 2024/06/06-09:05,7911,7967,7911,7961,71950
 2024/06/06-09:10,7961,7984,7952,7969,53910
 2024/06/06-09:15,7969,8021,7969,8011,63941
 2024/06/06-09:20,8011,8034,7998,8033,52721
 2024/06/06-09:25,8032,8038,8017,8027,40913
 2024/06/06-09:30,8027,8061,8018,8049,49876
 2024/06/06-09:35,8049,8070,8046,8054,52531
 2024/06/06-09:40,8055,8083,8049,8073,48442
 2024/06/06-09:45,8073,8073,8029,8040,56174
 2024/06/06-09:50,8040,8058,8038,8042,31542
 2024/06/06-09:55,8043,8050,8031,8040,19843
 2024/06/06-10:00,8041,8047,8023,8030,22996
 2024/06/06-10:05,8030,8035,8019,8027,22070
 2024/06/06-10:10,8028,8045,8023,8041,17859
 2024/06/06-10:15,8041,8054,8039,8054,13440
 2024/06/06-10:35,8053,8067,8030,8066,30437
 2024/06/06-10:40,8066,8079,8065,8071,23381
 2024/06/06-10:45,8072,8085,8067,8075,22048
 2024/06/06-10:50,8075,8096,8074,8075,28641
 2024/06/06-10:55,8074,8080,8064,8079,16656
 2024/06/06-11:00,8079,8085,8073,8082,14165
 2024/06/06-11:05,8083,8086,8072,8073,11902
 2024/06/06-11:10,8072,8074,8061,8071,13992
 2024/06/06-11:15,8070,8076,8061,8066,8522
 2024/06/06-11:20,8066,8067,8056,8060,10297
 2024/06/06-11:25,8059,8061,8046,8048,16213
 2024/06/06-11:30,8048,8060,8047,8058,12386
 2024/06/06-13:35,8056,8056,8039,8052,22258
 2024/06/06-13:40,8051,8065,8044,8062,14268
 2024/06/06-13:45,8062,8074,8062,8067,15067
 2024/06/06-13:50,8067,8073,8061,8062,10555
 2024/06/06-13:55,8062,8063,8054,8055,9926
 2024/06/06-14:00,8054,8062,8050,8058,8469
 2024/06/06-14:05,8058,8059,8049,8051,11291
 2024/06/06-14:10,8051,8062,8050,8056,7503
 2024/06/06-14:15,8056,8063,8050,8050,6711
 2024/06/06-14:20,8051,8060,8050,8051,8378
 2024/06/06-14:25,8052,8058,8050,8051,5466
 2024/06/06-14:30,8051,8051,8030,8031,26513
 2024/06/06-14:35,8030,8045,8026,8039,17841
 2024/06/06-14:40,8039,8040,7996,8000,54537
 2024/06/06-14:45,8001,8044,8001,8041,37990
 2024/06/06-14:50,8041,8051,8040,8046,17867
 2024/06/06-14:55,8046,8051,8039,8050,13090
 2024/06/06-15:00,8050,8050,8044,8049,18604
 2024/06/07-21:05,7984,8020,7984,8002,83294
 2024/06/07-21:10,8002,8006,7978,8001,51085
 2024/06/07-21:15,8001,8028,8001,8012,46184
 2024/06/07-21:20,8013,8023,8005,8012,21210
 2024/06/07-21:25,8013,8053,8011,8050,42436
 2024/06/07-21:30,8051,8070,8044,8065,46003
 2024/06/07-21:35,8065,8093,8059,8091,51772
 2024/06/07-21:40,8091,8096,8069,8081,55635
 2024/06/07-21:45,8081,8087,8075,8082,24664
 2024/06/07-21:50,8083,8091,8065,8066,30557
 2024/06/07-21:55,8066,8075,8050,8054,39073
 2024/06/07-22:00,8054,8072,8051,8058,24365
 2024/06/07-22:05,8058,8065,8054,8059,17434
 2024/06/07-22:10,8060,8070,8051,8058,19338
 2024/06/07-22:15,8058,8061,8044,8045,21507
 2024/06/07-22:20,8045,8050,8031,8049,31264
 2024/06/07-22:25,8048,8065,8048,8063,22123
 2024/06/07-22:30,8062,8071,8055,8057,18060
 2024/06/07-22:35,8057,8066,8055,8062,9760
 2024/06/07-22:40,8062,8085,8061,8083,25511
 2024/06/07-22:45,8082,8089,8071,8078,22058
 2024/06/07-22:50,8078,8094,8075,8088,20746
 2024/06/07-22:55,8088,8093,8080,8082,18101
 2024/06/07-23:00,8082,8090,8076,8089,16357
 2024/06/07-23:05,8089,8139,8088,8134,84664
 2024/06/07-23:10,8134,8153,8129,8153,42717
 2024/06/07-23:15,8152,8174,8152,8160,58679
 2024/06/07-23:20,8161,8184,8160,8171,47649
 2024/06/07-23:25,8170,8226,8170,8225,69466
 2024/06/07-23:30,8223,8251,8216,8245,74890
 2024/06/07-23:35,8245,8260,8227,8240,78709
 2024/06/07-23:40,8241,8254,8240,8246,32216
 2024/06/07-23:45,8246,8268,8238,8263,47793
 2024/06/07-23:50,8263,8266,8250,8259,29940
 2024/06/07-23:55,8259,8263,8251,8259,20466
 2024/06/07-00:00,8259,8265,8243,8245,32371
 2024/06/07-00:05,8246,8251,8207,8211,62701
 2024/06/07-00:10,8211,8238,8210,8235,42469
 2024/06/07-00:15,8235,8263,8229,8254,38976
 2024/06/07-00:20,8255,8261,8241,8243,25251
 2024/06/07-00:25,8243,8247,8234,8243,21221
 2024/06/07-00:30,8243,8257,8243,8254,18734
 2024/06/07-00:35,8254,8257,8245,8248,14077
 2024/06/07-00:40,8248,8255,8248,8251,8211
 2024/06/07-00:45,8250,8278,8250,8272,35347
 2024/06/07-00:50,8272,8272,8260,8267,12837
 2024/06/07-00:55,8267,8270,8260,8268,7663
 2024/06/07-01:00,8268,8268,8254,8261,12666
 2024/06/07-01:05,8260,8266,8255,8260,10485
 2024/06/07-01:10,8259,8260,8248,8259,10753
 2024/06/07-01:15,8258,8264,8257,8261,8536
 2024/06/07-01:20,8261,8262,8255,8261,6176
 2024/06/07-01:25,8261,8264,8258,8261,6315
 2024/06/07-01:30,8261,8267,8260,8261,6949
 2024/06/07-01:35,8260,8268,8260,8264,5434
 2024/06/07-01:40,8265,8276,8264,8270,7599
 2024/06/07-01:45,8270,8275,8267,8273,6148
 2024/06/07-01:50,8274,8290,8273,8286,18031
 2024/06/07-01:55,8287,8307,8286,8305,21059
 2024/06/07-02:00,8306,8306,8295,8300,8933
 2024/06/07-02:05,8299,8300,8270,8279,15517
 2024/06/07-02:10,8279,8279,8261,8265,16892
 2024/06/07-02:15,8265,8280,8265,8279,11680
 2024/06/07-02:20,8279,8295,8279,8295,11094
 2024/06/07-02:25,8295,8298,8287,8290,8884
 2024/06/07-02:30,8290,8299,8287,8294,13091
 2024/06/07-09:05,8294,8341,8294,8315,74639
 2024/06/07-09:10,8315,8332,8300,8303,37475
 2024/06/07-09:15,8303,8309,8247,8268,61071
 2024/06/07-09:20,8269,8279,8252,8269,40393
 2024/06/07-09:25,8269,8279,8257,8261,23892
 2024/06/07-09:30,8261,8264,8237,8253,38389
 2024/06/07-09:35,8252,8257,8245,8246,18628
 2024/06/07-09:40,8246,8246,8226,8229,31874
 2024/06/07-09:45,8229,8241,8208,8241,44556
 2024/06/07-09:50,8242,8242,8218,8227,20918
 2024/06/07-09:55,8227,8239,8225,8228,17572
 2024/06/07-10:00,8228,8229,8219,8225,12961
 2024/06/07-10:05,8224,8233,8197,8199,36727
 2024/06/07-10:10,8199,8223,8199,8221,20105
 2024/06/07-10:15,8221,8238,8221,8234,17834
 2024/06/07-10:35,8233,8241,8225,8233,13969
 2024/06/07-10:40,8233,8241,8215,8240,17399
 2024/06/07-10:45,8240,8251,8233,8244,18001
 2024/06/07-10:50,8245,8250,8233,8249,14857
 2024/06/07-10:55,8249,8256,8243,8243,14018
 2024/06/07-11:00,8243,8247,8237,8239,10620
 2024/06/07-11:05,8239,8244,8230,8241,10732
 2024/06/07-11:10,8241,8243,8221,8221,10885
 2024/06/07-11:15,8221,8229,8215,8219,12433
 2024/06/07-11:20,8219,8231,8218,8222,9338
 2024/06/07-11:25,8222,8234,8221,8233,6959
 2024/06/07-11:30,8232,8240,8232,8234,8541
 2024/06/07-13:35,8258,8291,8240,8253,71650
 2024/06/07-13:40,8253,8259,8239,8246,21499
 2024/06/07-13:45,8246,8251,8237,8249,13646
 2024/06/07-13:50,8249,8250,8229,8232,14630
 2024/06/07-13:55,8232,8238,8224,8234,12924
 2024/06/07-14:00,8234,8239,8213,8226,21002
 2024/06/07-14:05,8225,8244,8220,8227,18407
 2024/06/07-14:10,8227,8231,8222,8222,12190
 2024/06/07-14:15,8222,8234,8220,8234,11568
 2024/06/07-14:20,8235,8237,8224,8224,7608
 2024/06/07-14:25,8224,8234,8224,8226,8362
 2024/06/07-14:30,8226,8226,8203,8219,27297
 2024/06/07-14:35,8220,8232,8215,8223,14643
 2024/06/07-14:40,8222,8247,8222,8242,18493
 2024/06/07-14:45,8242,8242,8231,8237,8653
 2024/06/07-14:50,8238,8239,8228,8237,9072
 2024/06/07-14:55,8237,8246,8232,8245,15378
 2024/06/07-15:00,8245,8254,8230,8233,33688
 2024/06/11-09:05,7860,7860,7768,7826,216548
 2024/06/11-09:10,7825,7828,7799,7814,73781
 2024/06/11-09:15,7814,7817,7796,7812,38367
 2024/06/11-09:20,7812,7827,7809,7816,26500
 2024/06/11-09:25,7816,7843,7810,7833,33435
 2024/06/11-09:30,7834,7835,7820,7821,18950
 2024/06/11-09:35,7821,7821,7789,7796,44230
 2024/06/11-09:40,7796,7814,7790,7813,20185
 2024/06/11-09:45,7813,7814,7796,7796,14599
 2024/06/11-09:50,7796,7799,7789,7797,16873
 2024/06/11-09:55,7797,7801,7777,7777,23245
 2024/06/11-10:00,7777,7787,7765,7783,37789
 2024/06/11-10:05,7783,7786,7764,7770,19694
 2024/06/11-10:10,7771,7771,7714,7714,68595
 2024/06/11-10:15,7713,7717,7675,7701,74418
 2024/06/11-10:35,7705,7715,7673,7696,51178
 2024/06/11-10:40,7695,7729,7695,7726,34194
 2024/06/11-10:45,7725,7740,7701,7707,27409
 2024/06/11-10:50,7707,7721,7706,7706,14434
 2024/06/11-10:55,7705,7708,7682,7690,22729
 2024/06/11-11:00,7691,7703,7688,7702,17044
 2024/06/11-11:05,7702,7716,7695,7712,13071
 2024/06/11-11:10,7711,7727,7710,7712,15425
 2024/06/11-11:15,7712,7725,7712,7721,8454
 2024/06/11-11:20,7721,7732,7713,7727,12639
 2024/06/11-11:25,7727,7729,7711,7714,10888
 2024/06/11-11:30,7713,7717,7702,7715,11196
 2024/06/11-13:35,7714,7714,7684,7686,23940
 2024/06/11-13:40,7687,7691,7676,7682,21596
 2024/06/11-13:45,7682,7690,7670,7687,22120
 2024/06/11-13:50,7687,7693,7679,7681,12239
 2024/06/11-13:55,7680,7693,7678,7688,9442
 2024/06/11-14:00,7688,7690,7682,7687,6754
 2024/06/11-14:05,7687,7692,7679,7686,9485
 2024/06/11-14:10,7687,7709,7685,7706,15198
 2024/06/11-14:15,7706,7719,7700,7707,18213
 2024/06/11-14:20,7707,7725,7704,7723,15768
 2024/06/11-14:25,7724,7724,7714,7715,10167
 2024/06/11-14:30,7715,7728,7713,7718,12064
 2024/06/11-14:35,7718,7721,7710,7715,10484
 2024/06/11-14:40,7716,7721,7699,7702,12339
 2024/06/11-14:45,7702,7705,7693,7697,12574
 2024/06/11-14:50,7697,7701,7687,7690,12459
 2024/06/11-14:55,7690,7698,7686,7693,11745
 2024/06/11-15:00,7693,7697,7691,7695,18919
 2024/06/12-21:05,7757,7763,7732,7745,59455
 2024/06/12-21:10,7745,7776,7740,7775,45526
 2024/06/12-21:15,7775,7777,7748,7751,35286
 2024/06/12-21:20,7751,7755,7737,7737,31645
 2024/06/12-21:25,7736,7738,7719,7724,37650
 2024/06/12-21:30,7724,7737,7720,7726,19581
 2024/06/12-21:35,7727,7727,7700,7706,38136
 2024/06/12-21:40,7706,7713,7697,7702,22669
 2024/06/12-21:45,7702,7722,7698,7718,23120
 2024/06/12-21:50,7718,7718,7695,7704,23462
 2024/06/12-21:55,7704,7718,7699,7712,15986
 2024/06/12-22:00,7712,7721,7708,7719,14491
 2024/06/12-22:05,7718,7730,7712,7715,19932
 2024/06/12-22:10,7715,7727,7711,7721,12700
 2024/06/12-22:15,7720,7727,7714,7716,10676
 2024/06/12-22:20,7716,7718,7703,7709,15391
 2024/06/12-22:25,7709,7719,7708,7715,9475
 2024/06/12-22:30,7715,7720,7707,7717,9794
 2024/06/12-22:35,7717,7728,7713,7725,13817
 2024/06/12-22:40,7725,7740,7716,7738,16622
 2024/06/12-22:45,7738,7751,7732,7739,26850
 2024/06/12-22:50,7739,7746,7734,7737,10904
 2024/06/12-22:55,7738,7738,7726,7727,14107
 2024/06/12-23:00,7728,7728,7721,7728,11882
 2024/06/12-23:05,7727,7728,7713,7717,18952
 2024/06/12-23:10,7717,7720,7710,7718,14088
 2024/06/12-23:15,7718,7720,7710,7713,9917
 2024/06/12-23:20,7713,7722,7710,7719,9749
 2024/06/12-23:25,7719,7720,7700,7704,14071
 2024/06/12-23:30,7704,7710,7701,7708,9711
 2024/06/12-23:35,7709,7713,7705,7710,7197
 2024/06/12-23:40,7710,7721,7710,7715,10762
 2024/06/12-23:45,7714,7715,7709,7711,5253
 2024/06/12-23:50,7712,7712,7703,7706,7258
 2024/06/12-23:55,7706,7711,7704,7708,6665
 2024/06/12-00:00,7708,7711,7704,7706,5777
 2024/06/12-00:05,7707,7717,7706,7717,6019
 2024/06/12-00:10,7716,7717,7711,7714,4732
 2024/06/12-00:15,7714,7715,7712,7713,2642
 2024/06/12-00:20,7712,7714,7708,7710,4579
 2024/06/12-00:25,7709,7711,7703,7708,4991
 2024/06/12-00:30,7708,7713,7705,7709,3768
 2024/06/12-00:35,7709,7716,7708,7715,5494
 2024/06/12-00:40,7715,7717,7711,7717,4242
 2024/06/12-00:45,7717,7719,7713,7717,3836
 2024/06/12-00:50,7717,7719,7716,7717,2917
 2024/06/12-00:55,7717,7727,7715,7726,7901
 2024/06/12-01:00,7726,7738,7724,7732,11367
 2024/06/12-01:05,7732,7742,7730,7731,11421
 2024/06/12-01:10,7732,7734,7727,7727,5919
 2024/06/12-01:15,7728,7730,7722,7724,4663
 2024/06/12-01:20,7723,7727,7719,7724,5083
 2024/06/12-01:25,7723,7726,7718,7718,4276
 2024/06/12-01:30,7718,7722,7718,7722,2596
 2024/06/12-01:35,7722,7724,7721,7722,2382
 2024/06/12-01:40,7721,7731,7721,7728,3248
 2024/06/12-01:45,7728,7730,7725,7726,1880
 2024/06/12-01:50,7726,7731,7726,7728,2433
 2024/06/12-01:55,7729,7736,7729,7731,3189
 2024/06/12-02:00,7731,7735,7730,7732,2158
 2024/06/12-02:05,7731,7734,7727,7734,2950
 2024/06/12-02:10,7734,7735,7731,7733,1809
 2024/06/12-02:15,7733,7739,7733,7736,3247
 2024/06/12-02:20,7736,7738,7731,7733,2256
 2024/06/12-02:25,7733,7737,7733,7733,2124
 2024/06/12-02:30,7733,7741,7732,7740,5808
 2024/06/12-09:05,7740,7740,7719,7730,31346
 2024/06/12-09:10,7730,7759,7722,7759,22261
 2024/06/12-09:15,7758,7770,7741,7745,37223
 2024/06/12-09:20,7745,7762,7741,7754,14675
 2024/06/12-09:25,7754,7760,7749,7757,9226
 2024/06/12-09:30,7757,7767,7756,7765,10008
 2024/06/12-09:35,7766,7784,7766,7773,27840
 2024/06/12-09:40,7773,7776,7763,7769,12172
 2024/06/12-09:45,7769,7785,7769,7773,14115
 2024/06/12-09:50,7773,7775,7762,7764,12057
 2024/06/12-09:55,7764,7793,7761,7788,19651
 2024/06/12-10:00,7788,7796,7782,7791,19926
 2024/06/12-10:05,7791,7795,7780,7783,12823
 2024/06/12-10:10,7783,7783,7771,7780,11690
 2024/06/12-10:15,7780,7781,7770,7777,7578
 2024/06/12-10:35,7778,7781,7770,7770,8417
 2024/06/12-10:40,7770,7774,7759,7761,14676
 2024/06/12-10:45,7761,7771,7759,7768,8107
 2024/06/12-10:50,7768,7784,7766,7784,9361
 2024/06/12-10:55,7784,7797,7783,7786,16872
 2024/06/12-11:00,7786,7795,7782,7786,9295
 2024/06/12-11:05,7787,7793,7783,7790,6247
 2024/06/12-11:10,7790,7798,7789,7795,9185
 2024/06/12-11:15,7796,7796,7788,7791,5455
 2024/06/12-11:20,7791,7797,7786,7794,6441
 2024/06/12-11:25,7794,7798,7789,7791,6738
 2024/06/12-11:30,7792,7796,7789,7796,5415
 2024/06/12-13:35,7792,7795,7780,7783,18785
 2024/06/12-13:40,7784,7787,7778,7780,8999
 2024/06/12-13:45,7780,7795,7775,7794,14083
 2024/06/12-13:50,7794,7797,7789,7791,7921
 2024/06/12-13:55,7791,7793,7787,7790,5091
 2024/06/12-14:00,7790,7796,7790,7794,5850
 2024/06/12-14:05,7793,7794,7783,7789,8259
 2024/06/12-14:10,7788,7793,7787,7787,4521
 2024/06/12-14:15,7787,7793,7787,7788,4914
 2024/06/12-14:20,7787,7793,7786,7790,5796
 2024/06/12-14:25,7790,7805,7776,7784,24481
 2024/06/12-14:30,7784,7786,7777,7779,11854
 2024/06/12-14:35,7778,7785,7771,7782,14015
 2024/06/12-14:40,7782,7789,7776,7786,10695
 2024/06/12-14:45,7786,7795,7786,7792,10250
 2024/06/12-14:50,7793,7794,7787,7793,7080
 2024/06/12-14:55,7793,7795,7787,7787,8382
 2024/06/12-15:00,7786,7787,7777,7777,18635
 2024/06/13-21:05,7906,7980,7906,7973,158092
 2024/06/13-21:10,7973,7985,7961,7982,55646
 2024/06/13-21:15,7982,7985,7967,7977,40743
 2024/06/13-21:20,7977,7979,7943,7957,50017
 2024/06/13-21:25,7957,7962,7922,7927,49413
 2024/06/13-21:30,7928,7946,7926,7946,30336
 2024/06/13-21:35,7946,7949,7918,7935,46258
 2024/06/13-21:40,7934,7934,7890,7892,58297
 2024/06/13-21:45,7891,7894,7872,7878,53386
 2024/06/13-21:50,7878,7880,7857,7874,44230
 2024/06/13-21:55,7875,7884,7849,7861,44200
 2024/06/13-22:00,7861,7886,7861,7885,31889
 2024/06/13-22:05,7885,7886,7859,7860,29597
 2024/06/13-22:10,7859,7863,7837,7858,45105
 2024/06/13-22:15,7858,7875,7856,7871,30663
 2024/06/13-22:20,7872,7886,7868,7879,26619
 2024/06/13-22:25,7879,7896,7871,7893,32162
 2024/06/13-22:30,7894,7899,7875,7878,23960
 2024/06/13-22:35,7878,7878,7859,7861,27503
 2024/06/13-22:40,7862,7868,7856,7862,19536
 2024/06/13-22:45,7863,7876,7860,7869,16728
 2024/06/13-22:50,7869,7877,7862,7868,15113
 2024/06/13-22:55,7869,7875,7864,7875,14125
 2024/06/13-23:00,7875,7883,7872,7877,14343
 2024/06/13-23:05,7877,7895,7877,7886,23654
 2024/06/13-23:10,7886,7895,7884,7894,14415
 2024/06/13-23:15,7893,7894,7882,7890,13864
 2024/06/13-23:20,7890,7897,7890,7891,11309
 2024/06/13-23:25,7891,7908,7891,7904,20658
 2024/06/13-23:30,7904,7934,7903,7934,34511
 2024/06/13-23:35,7933,7934,7916,7920,23503
 2024/06/13-23:40,7921,7942,7919,7940,26682
 2024/06/13-23:45,7940,7945,7927,7934,21646
 2024/06/13-23:50,7934,7934,7918,7925,18086
 2024/06/13-23:55,7926,7931,7920,7931,10132
 2024/06/13-00:00,7931,7938,7927,7936,11077
 2024/06/13-00:05,7936,7938,7927,7928,9677
 2024/06/13-00:10,7928,7931,7923,7927,9152
 2024/06/13-00:15,7927,7934,7922,7930,9659
 2024/06/13-00:20,7930,7936,7930,7932,7379
 2024/06/13-00:25,7933,7934,7929,7933,4310
 2024/06/13-00:30,7933,7934,7921,7927,10189
 2024/06/13-00:35,7926,7937,7925,7934,7513
 2024/06/13-00:40,7934,7934,7928,7932,5156
 2024/06/13-00:45,7931,7933,7929,7932,2687
 2024/06/13-00:50,7931,7935,7927,7932,3909
 2024/06/13-00:55,7932,7936,7930,7935,3876
 2024/06/13-01:00,7935,7954,7932,7952,9813
 2024/06/13-01:05,7951,7951,7928,7930,12656
 2024/06/13-01:10,7929,7935,7929,7934,4551
 2024/06/13-01:15,7934,7946,7930,7942,7065
 2024/06/13-01:20,7942,7947,7939,7943,5164
 2024/06/13-01:25,7943,7952,7943,7948,6954
 2024/06/13-01:30,7948,7948,7941,7941,5026
 2024/06/13-01:35,7942,7942,7928,7930,9928
 2024/06/13-01:40,7930,7931,7888,7894,29368
 2024/06/13-01:45,7894,7902,7884,7900,16297
 2024/06/13-01:50,7900,7901,7896,7901,6459
 2024/06/13-01:55,7901,7901,7885,7890,9062
 2024/06/13-02:00,7890,7897,7882,7895,9186
 2024/06/13-02:05,7896,7899,7847,7882,66297
 2024/06/13-02:10,7883,7887,7860,7862,20444
 2024/06/13-02:15,7862,7873,7841,7842,21286
 2024/06/13-02:20,7842,7858,7822,7854,29748
 2024/06/13-02:25,7854,7855,7842,7848,9573
 2024/06/13-02:30,7849,7871,7846,7867,17567
 2024/06/13-09:05,7843,7843,7770,7777,86781
 2024/06/13-09:10,7777,7785,7709,7709,81151
 2024/06/13-09:15,7709,7716,7634,7641,127900
 2024/06/13-09:20,7641,7649,7601,7645,91996
 2024/06/13-09:25,7644,7661,7625,7645,51751
 2024/06/13-09:30,7645,7654,7632,7643,32517
 2024/06/13-09:35,7643,7657,7636,7645,24250
 2024/06/13-09:40,7645,7659,7622,7651,37707
 2024/06/13-09:45,7651,7677,7651,7667,30745
 2024/06/13-09:50,7667,7687,7666,7677,29010
 2024/06/13-09:55,7677,7683,7651,7667,24607
 2024/06/13-10:00,7667,7674,7658,7671,13376
 2024/06/13-10:05,7671,7686,7666,7685,14700
 2024/06/13-10:10,7685,7692,7675,7683,14615
 2024/06/13-10:15,7684,7688,7677,7685,10496
 2024/06/13-10:35,7686,7694,7672,7677,17428
 2024/06/13-10:40,7678,7678,7662,7671,14804
 2024/06/13-10:45,7670,7673,7665,7669,7459
 2024/06/13-10:50,7669,7685,7669,7684,9191
 2024/06/13-10:55,7684,7687,7679,7679,8003
 2024/06/13-11:00,7679,7686,7676,7679,6416
 2024/06/13-11:05,7679,7688,7677,7684,6282
 2024/06/13-11:10,7684,7690,7678,7682,7488
 2024/06/13-11:15,7683,7690,7680,7686,5534
 2024/06/13-11:20,7686,7703,7686,7688,14468
 2024/06/13-11:25,7688,7690,7678,7679,8222
 2024/06/13-11:30,7679,7699,7676,7697,11852
 2024/06/13-13:35,7695,7696,7676,7682,17906
 2024/06/13-13:40,7681,7698,7680,7691,9673
 2024/06/13-13:45,7691,7698,7687,7692,7600
 2024/06/13-13:50,7692,7696,7686,7690,5916
 2024/06/13-13:55,7690,7695,7690,7692,6018
 2024/06/13-14:00,7692,7698,7692,7695,6013
 2024/06/13-14:05,7695,7724,7694,7719,23182
 2024/06/13-14:10,7719,7740,7719,7724,27555
 2024/06/13-14:15,7724,7727,7709,7715,16147
 2024/06/13-14:20,7715,7717,7700,7712,12582
 2024/06/13-14:25,7711,7727,7711,7722,15210
 2024/06/13-14:30,7723,7737,7722,7725,12514
 2024/06/13-14:35,7724,7734,7723,7728,9215
 2024/06/13-14:40,7727,7737,7725,7734,10216
 2024/06/13-14:45,7734,7735,7726,7734,7092
 2024/06/13-14:50,7734,7751,7734,7746,22849
 2024/06/13-14:55,7745,7760,7739,7757,17318
 2024/06/13-15:00,7757,7764,7752,7758,23340
 2024/06/14-21:05,7769,7775,7740,7743,54406
 2024/06/14-21:10,7743,7754,7733,7750,38110
 2024/06/14-21:15,7750,7760,7725,7727,34758
 2024/06/14-21:20,7728,7741,7726,7726,22125
 2024/06/14-21:25,7726,7736,7709,7731,32063
 2024/06/14-21:30,7732,7746,7732,7742,19844
 2024/06/14-21:35,7743,7768,7738,7768,30868
 2024/06/14-21:40,7768,7769,7755,7763,24263
 2024/06/14-21:45,7763,7766,7746,7748,21172
 2024/06/14-21:50,7748,7748,7725,7726,33743
 2024/06/14-21:55,7726,7734,7713,7714,29171
 2024/06/14-22:00,7715,7723,7707,7720,33704
 2024/06/14-22:05,7721,7732,7716,7727,23988
 2024/06/14-22:10,7727,7727,7704,7711,31375
 2024/06/14-22:15,7710,7710,7693,7696,33077
 2024/06/14-22:20,7695,7708,7695,7702,19287
 2024/06/14-22:25,7702,7713,7702,7707,17097
 2024/06/14-22:30,7708,7708,7683,7692,26755
 2024/06/14-22:35,7693,7698,7679,7684,23503
 2024/06/14-22:40,7684,7698,7683,7698,17976
 2024/06/14-22:45,7698,7701,7688,7699,12490
 2024/06/14-22:50,7699,7710,7693,7697,17161
 2024/06/14-22:55,7697,7707,7697,7704,12308
 2024/06/14-23:00,7705,7711,7694,7711,16069
 2024/06/14-23:05,7710,7719,7701,7702,26584
 2024/06/14-23:10,7703,7703,7664,7669,40115
 2024/06/14-23:15,7668,7678,7668,7675,27119
 2024/06/14-23:20,7676,7677,7647,7657,44902
 2024/06/14-23:25,7657,7667,7653,7663,20257
 2024/06/14-23:30,7663,7672,7660,7664,15087
 2024/06/14-23:35,7664,7665,7657,7664,11668
 2024/06/14-23:40,7664,7665,7644,7660,21292
 2024/06/14-23:45,7660,7660,7648,7649,14704
 2024/06/14-23:50,7648,7653,7620,7629,44379
 2024/06/14-23:55,7630,7632,7612,7615,28097
 2024/06/14-00:00,7615,7622,7604,7612,28636
 2024/06/14-00:05,7612,7612,7580,7586,51445
 2024/06/14-00:10,7586,7610,7586,7593,30060
 2024/06/14-00:15,7593,7627,7592,7625,31650
 2024/06/14-00:20,7626,7634,7613,7616,24501
 2024/06/14-00:25,7616,7626,7614,7622,11827
 2024/06/14-00:30,7622,7630,7618,7630,9534
 2024/06/14-00:35,7630,7643,7630,7632,21903
 2024/06/14-00:40,7632,7640,7631,7635,8594
 2024/06/14-00:45,7634,7635,7618,7626,15277
 2024/06/14-00:50,7627,7631,7622,7626,7428
 2024/06/14-00:55,7626,7640,7622,7636,11922
 2024/06/14-01:00,7636,7640,7634,7639,6769
 2024/06/14-01:05,7639,7654,7632,7646,17406
 2024/06/14-01:10,7646,7650,7640,7646,8814
 2024/06/14-01:15,7646,7651,7645,7651,5482
 2024/06/14-01:20,7651,7663,7646,7660,14286
 2024/06/14-01:25,7661,7675,7661,7664,17596
 2024/06/14-01:30,7664,7669,7661,7662,8538
 2024/06/14-01:35,7662,7665,7649,7654,10541
 2024/06/14-01:40,7654,7654,7648,7649,8637
 2024/06/14-01:45,7648,7661,7647,7653,7160
 2024/06/14-01:50,7654,7654,7638,7644,8817
 2024/06/14-01:55,7644,7652,7641,7652,5497
 2024/06/14-02:00,7651,7652,7646,7648,3913
 2024/06/14-02:05,7648,7648,7638,7639,5934
 2024/06/14-02:10,7639,7647,7639,7642,6869
 2024/06/14-02:15,7642,7656,7642,7652,6543
 2024/06/14-02:20,7652,7659,7647,7648,4666
 2024/06/14-02:25,7647,7658,7647,7654,3779
 2024/06/14-02:30,7654,7663,7653,7663,8171
 2024/06/14-09:05,7666,7684,7650,7658,44537
 2024/06/14-09:10,7658,7672,7655,7659,20772
 2024/06/14-09:15,7659,7680,7658,7676,19355
 2024/06/14-09:20,7676,7677,7667,7672,11348
 2024/06/14-09:25,7672,7674,7650,7651,17112
 2024/06/14-09:30,7651,7652,7629,7634,26725
 2024/06/14-09:35,7634,7643,7620,7622,23077
 2024/06/14-09:40,7621,7637,7619,7634,15946
 2024/06/14-09:45,7633,7655,7632,7650,16980
 2024/06/14-09:50,7649,7657,7647,7652,11730
 2024/06/14-09:55,7652,7672,7652,7670,18256
 2024/06/14-10:00,7671,7678,7661,7667,17809
 2024/06/14-10:05,7667,7677,7660,7672,12320
 2024/06/14-10:10,7672,7677,7665,7672,7091
 2024/06/14-10:15,7672,7672,7659,7663,8030
 2024/06/14-10:35,7663,7669,7649,7659,12521
 2024/06/14-10:40,7658,7666,7658,7662,4690
 2024/06/14-10:45,7662,7676,7660,7668,6930
 2024/06/14-10:50,7669,7674,7661,7665,5690
 2024/06/14-10:55,7665,7682,7664,7680,10448
 2024/06/14-11:00,7680,7695,7677,7682,22972
 2024/06/14-11:05,7682,7690,7674,7676,10014
 2024/06/14-11:10,7676,7677,7659,7665,16743
 2024/06/14-11:15,7666,7691,7666,7689,15699
 2024/06/14-11:20,7689,7698,7684,7687,16276
 2024/06/14-11:25,7687,7697,7682,7688,12391
 2024/06/14-11:30,7688,7700,7687,7699,11891
 2024/06/14-13:35,7691,7696,7674,7693,28470
 2024/06/14-13:40,7692,7700,7692,7700,14046
 2024/06/14-13:45,7700,7720,7700,7714,30780
 2024/06/14-13:50,7714,7716,7703,7704,15779
 2024/06/14-13:55,7704,7706,7690,7696,15528
 2024/06/14-14:00,7696,7699,7687,7693,11749
 2024/06/14-14:05,7693,7700,7679,7685,15321
 2024/06/14-14:10,7685,7695,7680,7694,10237
 2024/06/14-14:15,7695,7709,7694,7707,16054
 2024/06/14-14:20,7706,7707,7695,7705,9022
 2024/06/14-14:25,7705,7715,7702,7710,12143
 2024/06/14-14:30,7710,7718,7704,7714,14957
 2024/06/14-14:35,7714,7717,7706,7707,11176
 2024/06/14-14:40,7707,7713,7702,7703,7500
 2024/06/14-14:45,7704,7712,7701,7702,7705
 2024/06/14-14:50,7702,7703,7693,7699,12313
 2024/06/14-14:55,7698,7698,7687,7690,12511
 2024/06/14-15:00,7690,7703,7688,7692,20718
 2024/06/17-21:05,7726,7737,7708,7708,56226
 2024/06/17-21:10,7708,7740,7708,7726,38747
 2024/06/17-21:15,7726,7726,7700,7718,35030
 2024/06/17-21:20,7719,7733,7717,7728,24394
 2024/06/17-21:25,7727,7730,7712,7713,16662
 2024/06/17-21:30,7713,7719,7702,7702,16214
 2024/06/17-21:35,7701,7709,7692,7709,27678
 2024/06/17-21:40,7709,7722,7708,7717,26020
 2024/06/17-21:45,7717,7729,7711,7715,24058
 2024/06/17-21:50,7715,7725,7710,7724,14819
 2024/06/17-21:55,7725,7725,7702,7704,18851
 2024/06/17-22:00,7705,7712,7704,7708,12901
 2024/06/17-22:05,7707,7713,7691,7699,27135
 2024/06/17-22:10,7699,7719,7699,7710,21216
 2024/06/17-22:15,7710,7710,7695,7705,19052
 2024/06/17-22:20,7705,7714,7700,7713,12835
 2024/06/17-22:25,7713,7720,7708,7715,15619
 2024/06/17-22:30,7715,7725,7713,7719,21784
 2024/06/17-22:35,7719,7723,7710,7718,11485
 2024/06/17-22:40,7718,7721,7705,7705,11560
 2024/06/17-22:45,7705,7709,7689,7696,27625
 2024/06/17-22:50,7695,7709,7695,7702,12338
 2024/06/17-22:55,7702,7716,7702,7702,16765
 2024/06/17-23:00,7703,7714,7703,7714,9051
 2024/06/17-23:05,7714,7714,7697,7701,16937
 2024/06/17-23:10,7701,7707,7693,7703,16108
 2024/06/17-23:15,7703,7712,7703,7708,12714
 2024/06/17-23:20,7708,7711,7699,7699,9140
 2024/06/17-23:25,7698,7708,7695,7704,10667
 2024/06/17-23:30,7704,7706,7698,7699,7908
 2024/06/17-23:35,7699,7703,7697,7699,7009
 2024/06/17-23:40,7700,7707,7694,7704,12693
 2024/06/17-23:45,7704,7706,7702,7705,5534
 2024/06/17-23:50,7705,7708,7702,7704,5903
 2024/06/17-23:55,7705,7705,7698,7704,6334
 2024/06/17-00:00,7704,7712,7701,7712,7850
 2024/06/17-00:05,7712,7758,7712,7755,44205
 2024/06/17-00:10,7755,7799,7755,7787,75611
 2024/06/17-00:15,7788,7815,7787,7812,58258
 2024/06/17-00:20,7814,7816,7772,7773,41071
 2024/06/17-00:25,7774,7779,7761,7770,39423
 2024/06/17-00:30,7770,7783,7767,7777,22259
 2024/06/17-00:35,7777,7788,7772,7785,16614
 2024/06/17-00:40,7784,7798,7779,7779,23907
 2024/06/17-00:45,7778,7781,7768,7774,16556
 2024/06/17-00:50,7776,7781,7770,7780,11323
 2024/06/17-00:55,7780,7785,7774,7777,8178
 2024/06/17-01:00,7776,7780,7772,7777,6281
 2024/06/17-01:05,7777,7787,7772,7785,10676
 2024/06/17-01:10,7785,7787,7779,7786,6931
 2024/06/17-01:15,7786,7786,7779,7781,4528
 2024/06/17-01:20,7781,7783,7776,7782,5431
 2024/06/17-01:25,7782,7790,7782,7784,7563
 2024/06/17-01:30,7784,7788,7781,7787,4950
 2024/06/17-01:35,7787,7799,7785,7798,11470
 2024/06/17-01:40,7798,7808,7794,7799,13974
 2024/06/17-01:45,7799,7803,7795,7798,6836
 2024/06/17-01:50,7798,7810,7798,7804,8373
 2024/06/17-01:55,7804,7805,7799,7801,4802
 2024/06/17-02:00,7801,7807,7800,7806,5679
 2024/06/17-02:05,7806,7807,7800,7803,4373
 2024/06/17-02:10,7803,7804,7784,7793,13328
 2024/06/17-02:15,7793,7801,7791,7800,5777
 2024/06/17-02:20,7800,7800,7790,7796,6129
 2024/06/17-02:25,7796,7802,7794,7801,5331
 2024/06/17-02:30,7802,7803,7799,7803,9760
 2024/06/17-09:05,7807,7809,7742,7758,82713
 2024/06/17-09:10,7758,7776,7744,7749,37339
 2024/06/17-09:15,7749,7768,7749,7764,18169
 2024/06/17-09:20,7764,7784,7764,7782,21435
 2024/06/17-09:25,7782,7796,7775,7791,20411
 2024/06/17-09:30,7790,7791,7770,7771,13858
 2024/06/17-09:35,7771,7785,7769,7783,11830
 2024/06/17-09:40,7783,7789,7777,7782,8255
 2024/06/17-09:45,7783,7783,7754,7754,17074
 2024/06/17-09:50,7755,7768,7753,7767,12813
 2024/06/17-09:55,7767,7776,7758,7763,10103
 2024/06/17-10:00,7763,7768,7761,7766,5215
 2024/06/17-10:05,7766,7767,7748,7753,14567
 2024/06/17-10:10,7752,7757,7734,7742,27345
 2024/06/17-10:15,7742,7744,7722,7734,20715
 2024/06/17-10:35,7736,7747,7711,7722,28966
 2024/06/17-10:40,7722,7730,7711,7729,13429
 2024/06/17-10:45,7729,7731,7717,7723,8847
 2024/06/17-10:50,7723,7723,7708,7720,14658
 2024/06/17-10:55,7720,7729,7719,7723,7530
 2024/06/17-11:00,7722,7731,7720,7726,6148
 2024/06/17-11:05,7726,7731,7719,7725,7065
 2024/06/17-11:10,7724,7727,7720,7721,6042
 2024/06/17-11:15,7721,7722,7709,7710,10767
 2024/06/17-11:20,7710,7720,7710,7715,5234
 2024/06/17-11:25,7716,7725,7711,7722,6948
 2024/06/17-11:30,7722,7723,7712,7716,7791
 2024/06/17-13:35,7714,7714,7681,7696,42607
 2024/06/17-13:40,7695,7704,7690,7701,13109
 2024/06/17-13:45,7701,7709,7698,7702,9697
 2024/06/17-13:50,7702,7704,7693,7693,7712
 2024/06/17-13:55,7693,7702,7692,7698,6549
 2024/06/17-14:00,7698,7701,7689,7701,7120
 2024/06/17-14:05,7701,7703,7683,7684,11609
 2024/06/17-14:10,7684,7693,7675,7692,18315
 2024/06/17-14:15,7692,7700,7688,7697,9976
 2024/06/17-14:20,7697,7701,7689,7692,8312
 2024/06/17-14:25,7692,7694,7685,7691,6213
 2024/06/17-14:30,7691,7697,7691,7692,5083
 2024/06/17-14:35,7692,7697,7685,7694,7237
 2024/06/17-14:40,7694,7704,7682,7683,14566
 2024/06/17-14:45,7683,7693,7683,7689,9224
 2024/06/17-14:50,7690,7697,7690,7695,7985
 2024/06/17-14:55,7695,7696,7688,7693,6634
 2024/06/17-15:00,7692,7697,7688,7696,13547
 2024/06/18-21:05,7732,7763,7721,7754,57833
 2024/06/18-21:10,7753,7770,7749,7766,24875
 2024/06/18-21:15,7766,7790,7761,7785,37397
 2024/06/18-21:20,7785,7803,7775,7800,37253
 2024/06/18-21:25,7800,7809,7778,7783,35508
 2024/06/18-21:30,7782,7790,7774,7778,24347
 2024/06/18-21:35,7779,7783,7767,7780,26992
 2024/06/18-21:40,7780,7780,7764,7773,16872
 2024/06/18-21:45,7773,7774,7756,7760,19368
 2024/06/18-21:50,7761,7772,7760,7769,14992
 2024/06/18-21:55,7770,7780,7762,7770,17854
 2024/06/18-22:00,7770,7776,7762,7768,10898
 2024/06/18-22:05,7768,7772,7751,7757,22421
 2024/06/18-22:10,7757,7760,7751,7760,12059
 2024/06/18-22:15,7760,7760,7753,7757,7814
 2024/06/18-22:20,7757,7768,7744,7766,22191
 2024/06/18-22:25,7766,7776,7762,7774,14453
 2024/06/18-22:30,7774,7793,7770,7792,20462
 2024/06/18-22:35,7791,7794,7783,7786,20605
 2024/06/18-22:40,7787,7798,7780,7781,17741
 2024/06/18-22:45,7780,7788,7775,7785,12299
 2024/06/18-22:50,7785,7786,7775,7780,9361
 2024/06/18-22:55,7779,7780,7770,7779,10549
 2024/06/18-23:00,7778,7790,7778,7788,12353
 2024/06/18-23:05,7787,7795,7782,7783,15009
 2024/06/18-23:10,7783,7784,7777,7781,9870
 2024/06/18-23:15,7781,7782,7777,7782,6495
 2024/06/18-23:20,7781,7781,7765,7770,15764
 2024/06/18-23:25,7770,7784,7770,7783,10235
 2024/06/18-23:30,7783,7783,7769,7770,8400
 2024/06/18-23:35,7770,7770,7746,7750,30198
 2024/06/18-23:40,7750,7751,7700,7704,59532
 2024/06/18-23:45,7705,7722,7701,7713,29950
 2024/06/18-23:50,7712,7729,7706,7717,25030
 2024/06/18-23:55,7717,7727,7713,7725,14957
 2024/06/18-00:00,7724,7729,7720,7725,10591
 2024/06/18-00:05,7725,7747,7725,7741,24851
 2024/06/18-00:10,7741,7745,7734,7737,9802
 2024/06/18-00:15,7737,7740,7731,7738,9027
 2024/06/18-00:20,7739,7757,7737,7750,13693
 2024/06/18-00:25,7750,7751,7742,7744,7225
 2024/06/18-00:30,7744,7747,7740,7747,6263
 2024/06/18-00:35,7747,7751,7743,7747,5617
 2024/06/18-00:40,7747,7748,7742,7747,4374
 2024/06/18-00:45,7747,7748,7736,7736,6022
 2024/06/18-00:50,7736,7746,7735,7744,4676
 2024/06/18-00:55,7743,7747,7743,7745,2665
 2024/06/18-01:00,7746,7761,7743,7760,8654
 2024/06/18-01:05,7760,7773,7753,7766,17736
 2024/06/18-01:10,7766,7766,7758,7759,6160
 2024/06/18-01:15,7760,7761,7749,7754,6338
 2024/06/18-01:20,7754,7759,7753,7755,3389
 2024/06/18-01:25,7755,7756,7744,7752,6842
 2024/06/18-01:30,7752,7758,7748,7752,4327
 2024/06/18-01:35,7751,7753,7745,7750,4234
 2024/06/18-01:40,7750,7753,7749,7752,2171
 2024/06/18-01:45,7752,7754,7746,7752,2751
 2024/06/18-01:50,7752,7755,7750,7750,1882
 2024/06/18-01:55,7750,7761,7749,7759,4163
 2024/06/18-02:00,7758,7768,7757,7760,6021
 2024/06/18-02:05,7760,7767,7760,7763,3894
 2024/06/18-02:10,7763,7767,7762,7764,2262
 2024/06/18-02:15,7764,7767,7760,7761,3296
 2024/06/18-02:20,7761,7763,7759,7761,1950
 2024/06/18-02:25,7761,7767,7761,7764,2946
 2024/06/18-02:30,7764,7772,7764,7770,6126
 2024/06/18-09:05,7788,7840,7788,7830,86051
 2024/06/18-09:10,7830,7830,7802,7808,33599
 2024/06/18-09:15,7809,7810,7793,7795,19321
 2024/06/18-09:20,7795,7803,7790,7795,16357
 2024/06/18-09:25,7795,7798,7778,7789,21476
 2024/06/18-09:30,7788,7796,7784,7790,11782
 2024/06/18-09:35,7790,7799,7778,7780,13924
 2024/06/18-09:40,7780,7791,7773,7790,13678
 2024/06/18-09:45,7791,7797,7790,7792,9380
 2024/06/18-09:50,7792,7801,7789,7790,7819
 2024/06/18-09:55,7790,7800,7789,7799,7224
 2024/06/18-10:00,7799,7801,7792,7793,5276
 2024/06/18-10:05,7794,7794,7779,7784,10720
 2024/06/18-10:10,7784,7793,7782,7787,5666
 2024/06/18-10:15,7787,7798,7787,7794,6015
 2024/06/18-10:35,7791,7794,7781,7793,11600
 2024/06/18-10:40,7792,7824,7792,7823,19765
 2024/06/18-10:45,7824,7831,7811,7813,24493
 2024/06/18-10:50,7813,7830,7811,7826,17571
 2024/06/18-10:55,7826,7828,7818,7820,10459
 2024/06/18-11:00,7820,7821,7812,7816,8613
 2024/06/18-11:05,7816,7822,7804,7806,10792
 2024/06/18-11:10,7806,7809,7803,7807,6219
 2024/06/18-11:15,7807,7815,7806,7811,5865
 2024/06/18-11:20,7812,7821,7803,7810,10877
 2024/06/18-11:25,7810,7819,7807,7818,5511
 2024/06/18-11:30,7818,7826,7816,7826,8990
 2024/06/18-13:35,7818,7818,7791,7805,34071
 2024/06/18-13:40,7805,7811,7802,7806,9003
 2024/06/18-13:45,7805,7810,7796,7796,7291
 2024/06/18-13:50,7796,7800,7785,7788,14957
 2024/06/18-13:55,7788,7794,7788,7794,8232
 2024/06/18-14:00,7794,7795,7789,7792,4728
 2024/06/18-14:05,7793,7800,7791,7793,6007
 2024/06/18-14:10,7793,7793,7780,7786,11464
 2024/06/18-14:15,7786,7792,7785,7785,4525
 2024/06/18-14:20,7785,7788,7783,7784,5079
 2024/06/18-14:25,7784,7794,7784,7787,6528
 2024/06/18-14:30,7787,7795,7785,7786,5145
 2024/06/18-14:35,7785,7789,7780,7788,7404
 2024/06/18-14:40,7788,7791,7760,7763,19737
 2024/06/18-14:45,7763,7771,7757,7769,17704
 2024/06/18-14:50,7769,7778,7769,7772,12438
 2024/06/18-14:55,7772,7774,7759,7771,15321
 2024/06/18-15:00,7770,7771,7765,7769,14887
 2024/06/19-21:05,7689,7723,7680,7718,82940
 2024/06/19-21:10,7717,7753,7713,7749,43756
 2024/06/19-21:15,7749,7759,7740,7747,34027
 2024/06/19-21:20,7747,7748,7733,7748,24409
 2024/06/19-21:25,7749,7753,7738,7745,15367
 2024/06/19-21:30,7745,7749,7736,7738,12744
 2024/06/19-21:35,7739,7784,7738,7760,55790
 2024/06/19-21:40,7761,7766,7748,7762,36081
 2024/06/19-21:45,7763,7789,7762,7788,33368
 2024/06/19-21:50,7788,7798,7779,7797,25882
 2024/06/19-21:55,7796,7807,7792,7799,24999
 2024/06/19-22:00,7798,7810,7795,7804,24693
 2024/06/19-22:05,7804,7805,7789,7791,21161
 2024/06/19-22:10,7791,7795,7785,7787,19345
 2024/06/19-22:15,7787,7788,7778,7786,16142
 2024/06/19-22:20,7787,7799,7783,7797,14068
 2024/06/19-22:25,7797,7798,7786,7789,10437
 2024/06/19-22:30,7789,7808,7788,7807,15525
 2024/06/19-22:35,7807,7824,7806,7809,33111
 2024/06/19-22:40,7810,7810,7796,7801,18771
 2024/06/19-22:45,7801,7804,7795,7799,11796
 2024/06/19-22:50,7799,7805,7791,7805,13661
 2024/06/19-22:55,7805,7806,7794,7794,11110
 2024/06/19-23:00,7794,7796,7782,7790,18477
 2024/06/19-23:05,7791,7792,7767,7767,24683
 2024/06/19-23:10,7767,7767,7743,7756,54072
 2024/06/19-23:15,7756,7764,7748,7760,22659
 2024/06/19-23:20,7761,7781,7760,7781,24308
 2024/06/19-23:25,7781,7784,7771,7773,21803
 2024/06/19-23:30,7773,7777,7766,7769,14599
 2024/06/19-23:35,7768,7776,7757,7774,15713
 2024/06/19-23:40,7773,7782,7772,7778,12194
 2024/06/19-23:45,7779,7798,7778,7795,23148
 2024/06/19-23:50,7794,7796,7786,7788,12999
 2024/06/19-23:55,7789,7792,7780,7792,11193
 2024/06/19-00:00,7791,7795,7787,7790,6763
 2024/06/19-00:05,7790,7801,7790,7797,10623
 2024/06/19-00:10,7797,7798,7789,7791,7889
 2024/06/19-00:15,7791,7799,7791,7793,7732
 2024/06/19-00:20,7793,7797,7792,7796,6484
 2024/06/19-00:25,7796,7818,7794,7815,24637
 2024/06/19-00:30,7815,7817,7809,7810,13060
 2024/06/19-00:35,7809,7813,7804,7805,7583
 2024/06/19-00:40,7804,7809,7801,7807,6143
 2024/06/19-00:45,7807,7807,7793,7796,8660
 2024/06/19-00:50,7796,7802,7787,7802,10633
 2024/06/19-00:55,7802,7817,7801,7811,13484
 2024/06/19-01:00,7811,7817,7810,7812,8951
 2024/06/19-01:05,7812,7816,7807,7808,8507
 2024/06/19-01:10,7809,7815,7808,7814,4819
 2024/06/19-01:15,7814,7814,7804,7809,5880
 2024/06/19-01:20,7809,7813,7806,7812,3314
 2024/06/19-01:25,7811,7822,7807,7819,8209
 2024/06/19-01:30,7819,7831,7814,7823,15178
 2024/06/19-01:35,7822,7826,7816,7822,5023
 2024/06/19-01:40,7822,7833,7822,7828,8745
 2024/06/19-01:45,7828,7828,7822,7823,3470
 2024/06/19-01:50,7824,7824,7812,7818,6081
 2024/06/19-01:55,7819,7819,7812,7817,4287
 2024/06/19-02:00,7816,7818,7812,7817,2791
 2024/06/19-02:05,7817,7817,7807,7808,5006
 2024/06/19-02:10,7808,7812,7808,7811,2760
 2024/06/19-02:15,7811,7812,7799,7808,6634
 2024/06/19-02:20,7805,7809,7801,7809,3623
 2024/06/19-02:25,7808,7816,7808,7813,4594
 2024/06/19-02:30,7813,7816,7810,7816,6883
 2024/06/19-09:05,7811,7811,7790,7807,32115
 2024/06/19-09:10,7807,7808,7785,7787,16671
 2024/06/19-09:15,7786,7794,7778,7790,16081
 2024/06/19-09:20,7790,7800,7786,7797,10499
 2024/06/19-09:25,7797,7797,7789,7791,5222
 2024/06/19-09:30,7791,7800,7785,7796,7701
 2024/06/19-09:35,7796,7799,7789,7792,6756
 2024/06/19-09:40,7793,7799,7790,7795,4460
 2024/06/19-09:45,7795,7802,7791,7802,5389
 2024/06/19-09:50,7801,7819,7799,7817,15634
 2024/06/19-09:55,7816,7830,7814,7820,20644
 2024/06/19-10:00,7820,7821,7808,7811,12535
 2024/06/19-10:05,7811,7813,7803,7804,8714
 2024/06/19-10:10,7804,7804,7795,7800,13806
 2024/06/19-10:15,7800,7802,7797,7799,4330
 2024/06/19-10:35,7801,7812,7798,7804,9084
 2024/06/19-10:40,7804,7812,7804,7807,4971
 2024/06/19-10:45,7808,7810,7807,7808,2718
 2024/06/19-10:50,7808,7817,7803,7814,9532
 2024/06/19-10:55,7814,7815,7809,7814,4044
 2024/06/19-11:00,7814,7817,7810,7811,5175
 2024/06/19-11:05,7811,7821,7810,7816,6363
 2024/06/19-11:10,7816,7821,7814,7815,4830
 2024/06/19-11:15,7815,7818,7812,7814,3651
 2024/06/19-11:20,7814,7816,7809,7811,5268
 2024/06/19-11:25,7811,7811,7798,7799,9618
 2024/06/19-11:30,7799,7804,7799,7804,6113
 2024/06/19-13:35,7802,7802,7789,7790,16163
 2024/06/19-13:40,7790,7791,7780,7787,19016
 2024/06/19-13:45,7787,7794,7786,7787,6461
 2024/06/19-13:50,7787,7793,7782,7793,8420
 2024/06/19-13:55,7793,7799,7789,7798,7025
 2024/06/19-14:00,7797,7800,7794,7795,5002
 2024/06/19-14:05,7795,7803,7795,7798,6724
 2024/06/19-14:10,7798,7804,7797,7801,5502
 2024/06/19-14:15,7801,7801,7795,7796,3953
 2024/06/19-14:20,7796,7804,7793,7801,6248
 2024/06/19-14:25,7801,7802,7784,7788,11296
 2024/06/19-14:30,7789,7792,7785,7787,5683
 2024/06/19-14:35,7787,7790,7781,7789,8495
 2024/06/19-14:40,7789,7793,7771,7778,16486
 2024/06/19-14:45,7778,7783,7774,7782,8367
 2024/06/19-14:50,7782,7789,7782,7787,7054
 2024/06/19-14:55,7787,7794,7787,7789,7642
 2024/06/19-15:00,7789,7797,7788,7790,16120
 2024/06/20-21:05,7793,7812,7793,7806,29777
 2024/06/20-21:10,7805,7813,7797,7800,14620
 2024/06/20-21:15,7800,7807,7793,7803,11930
 2024/06/20-21:20,7804,7804,7795,7802,8173
 2024/06/20-21:25,7802,7858,7801,7856,57257
 2024/06/20-21:30,7856,7882,7845,7850,76409
 2024/06/20-21:35,7851,7857,7838,7846,29416
 2024/06/20-21:40,7846,7847,7830,7834,24243
 2024/06/20-21:45,7834,7853,7832,7850,20563
 2024/06/20-21:50,7849,7858,7843,7851,17018
 2024/06/20-21:55,7852,7858,7846,7851,13173
 2024/06/20-22:00,7851,7851,7842,7843,10302
 2024/06/20-22:05,7843,7847,7810,7821,44840
 2024/06/20-22:10,7821,7833,7820,7828,17272
 2024/06/20-22:15,7827,7832,7826,7830,7767
 2024/06/20-22:20,7830,7838,7823,7836,11932
 2024/06/20-22:25,7836,7837,7822,7823,11068
 2024/06/20-22:30,7823,7836,7823,7834,7413
 2024/06/20-22:35,7834,7834,7824,7826,7478
 2024/06/20-22:40,7827,7827,7813,7814,16182
 2024/06/20-22:45,7814,7824,7809,7822,12940
 2024/06/20-22:50,7822,7828,7815,7828,10847
 2024/06/20-22:55,7827,7851,7825,7845,23799
 2024/06/20-23:00,7845,7850,7835,7839,17216
 2024/06/20-23:05,7839,7858,7838,7856,26155
 2024/06/20-23:10,7856,7877,7852,7857,49235
 2024/06/20-23:15,7857,7858,7851,7854,12717
 2024/06/20-23:20,7854,7857,7845,7857,13042
 2024/06/20-23:25,7857,7862,7857,7860,10304
 2024/06/20-23:30,7860,7861,7854,7859,7065
 2024/06/20-23:35,7859,7868,7855,7866,10634
 2024/06/20-23:40,7867,7874,7863,7865,12922
 2024/06/20-23:45,7865,7867,7858,7866,10144
 2024/06/20-23:50,7865,7873,7862,7869,8401
 2024/06/20-23:55,7868,7878,7866,7868,13830
 2024/06/20-00:00,7869,7878,7864,7875,9927
 2024/06/20-00:05,7875,7892,7874,7883,25595
 2024/06/20-00:10,7884,7888,7876,7878,11485
 2024/06/20-00:15,7878,7890,7872,7889,11817
 2024/06/20-00:20,7889,7896,7883,7890,13593
 2024/06/20-00:25,7890,7900,7887,7897,11942
 2024/06/20-00:30,7898,7899,7888,7894,12145
 2024/06/20-00:35,7894,7895,7884,7890,7827
 2024/06/20-00:40,7890,7895,7889,7893,4521
 2024/06/20-00:45,7893,7898,7892,7893,6216
 2024/06/20-00:50,7893,7894,7889,7890,3312
 2024/06/20-00:55,7890,7890,7879,7884,10953
 2024/06/20-01:00,7884,7888,7879,7885,5763
 2024/06/20-01:05,7885,7891,7885,7889,4213
 2024/06/20-01:10,7889,7895,7889,7894,4367
 2024/06/20-01:15,7893,7894,7885,7887,4179
 2024/06/20-01:20,7887,7895,7887,7895,4260
 2024/06/20-01:25,7895,7897,7892,7895,2907
 2024/06/20-01:30,7895,7905,7895,7899,8348
 2024/06/20-01:35,7899,7900,7892,7894,3685
 2024/06/20-01:40,7894,7900,7893,7900,2504
 2024/06/20-01:45,7900,7908,7898,7903,6900
 2024/06/20-01:50,7903,7912,7903,7906,6686
 2024/06/20-01:55,7906,7906,7898,7898,2994
 2024/06/20-02:00,7898,7899,7893,7899,4421
 2024/06/20-02:05,7899,7900,7896,7899,1602
 2024/06/20-02:10,7899,7902,7890,7896,5678
 2024/06/20-02:15,7896,7902,7895,7898,2583
 2024/06/20-02:20,7898,7901,7898,7899,1365
 2024/06/20-02:25,7899,7904,7899,7904,2028
 2024/06/20-02:30,7904,7904,7893,7896,7377
 2024/06/20-09:05,7904,7956,7904,7954,71156
 2024/06/20-09:10,7954,7959,7940,7955,36996
 2024/06/20-09:15,7955,7978,7955,7973,40563
 2024/06/20-09:20,7973,7979,7954,7954,29556
 2024/06/20-09:25,7954,7956,7938,7945,35118
 2024/06/20-09:30,7945,7971,7945,7968,22733
 2024/06/20-09:35,7967,8012,7967,8001,55320
 2024/06/20-09:40,8001,8028,8001,8013,54407
 2024/06/20-09:45,8012,8031,8007,8010,38344
 2024/06/20-09:50,8010,8020,8006,8018,22990
 2024/06/20-09:55,8018,8034,8013,8033,27974
 2024/06/20-10:00,8033,8034,8012,8013,18126
 2024/06/20-10:05,8013,8019,7999,8006,23311
 2024/06/20-10:10,8006,8026,8006,8021,14646
 2024/06/20-10:15,8021,8030,8018,8020,13973
 2024/06/20-10:35,8019,8023,8009,8011,15321
 2024/06/20-10:40,8011,8016,7998,7999,16274
 2024/06/20-10:45,7999,8009,7993,8006,18042
 2024/06/20-10:50,8006,8010,8000,8003,7457
 2024/06/20-10:55,8003,8004,7992,8002,10846
 2024/06/20-11:00,8002,8006,7989,7993,11636
 2024/06/20-11:05,7994,8000,7989,7996,8859
 2024/06/20-11:10,7996,7999,7988,7993,8820
 2024/06/20-11:15,7993,8002,7991,7996,7182
 2024/06/20-11:20,7996,8002,7991,7999,6607
 2024/06/20-11:25,7999,8001,7991,7993,5960
 2024/06/20-11:30,7994,7999,7992,7996,6762
 2024/06/20-13:35,8021,8079,8021,8050,90794
 2024/06/20-13:40,8051,8069,8050,8054,29780
 2024/06/20-13:45,8055,8056,8042,8047,18519
 2024/06/20-13:50,8048,8048,8038,8041,17053
 2024/06/20-13:55,8042,8042,8034,8039,11428
 2024/06/20-14:00,8039,8040,8032,8032,12303
 2024/06/20-14:05,8033,8049,8032,8045,13903
 2024/06/20-14:10,8045,8057,8044,8045,14635
 2024/06/20-14:15,8045,8046,8039,8040,7159
 2024/06/20-14:20,8040,8051,8040,8045,7198
 2024/06/20-14:25,8045,8050,8042,8049,6677
 2024/06/20-14:30,8049,8055,8048,8054,9257
 2024/06/20-14:35,8053,8054,8044,8047,8193
 2024/06/20-14:40,8047,8049,8042,8043,7299
 2024/06/20-14:45,8043,8045,8038,8045,8771
 2024/06/20-14:50,8044,8054,8044,8051,12434
 2024/06/20-14:55,8051,8060,8049,8049,14177
 2024/06/20-15:00,8049,8050,8032,8032,25785
 2024/06/21-21:05,8017,8039,8011,8030,63467
 2024/06/21-21:10,8030,8038,8012,8028,38185
 2024/06/21-21:15,8027,8027,8008,8017,24325
 2024/06/21-21:20,8018,8018,8003,8012,26280
 2024/06/21-21:25,8013,8030,8012,8025,23956
 2024/06/21-21:30,8025,8025,8014,8016,16008
 2024/06/21-21:35,8015,8026,8001,8010,30837
 2024/06/21-21:40,8010,8023,8008,8022,16059
 2024/06/21-21:45,8022,8049,8022,8049,37787
 2024/06/21-21:50,8049,8060,8037,8055,29685
 2024/06/21-21:55,8055,8064,8051,8060,23986
 2024/06/21-22:00,8060,8064,8055,8064,16686
 2024/06/21-22:05,8065,8082,8061,8070,35934
 2024/06/21-22:10,8071,8082,8061,8073,29664
 2024/06/21-22:15,8073,8081,8063,8070,20234
 2024/06/21-22:20,8070,8092,8068,8091,31901
 2024/06/21-22:25,8092,8115,8090,8099,52487
 2024/06/21-22:30,8099,8126,8096,8118,40865
 2024/06/21-22:35,8119,8137,8115,8126,38109
 2024/06/21-22:40,8126,8133,8119,8121,25136
 2024/06/21-22:45,8121,8143,8117,8142,30529
 2024/06/21-22:50,8142,8147,8128,8142,25260
 2024/06/21-22:55,8142,8158,8140,8156,31881
 2024/06/21-23:00,8156,8163,8151,8152,27124
 2024/06/21-23:05,8153,8161,8145,8157,30816
 2024/06/21-23:10,8156,8169,8152,8156,25485
 2024/06/21-23:15,8155,8158,8126,8131,50637
 2024/06/21-23:20,8131,8145,8130,8137,24764
 2024/06/21-23:25,8138,8138,8126,8130,18282
 2024/06/21-23:30,8130,8134,8121,8121,19258
 2024/06/21-23:35,8120,8137,8111,8134,35221
 2024/06/21-23:40,8134,8140,8133,8134,13095
 2024/06/21-23:45,8134,8144,8134,8137,10787
 2024/06/21-23:50,8137,8149,8137,8141,12423
 2024/06/21-23:55,8141,8145,8137,8145,7113
 2024/06/21-00:00,8145,8146,8134,8135,9344
 2024/06/21-00:05,8135,8137,8129,8135,11770
 2024/06/21-00:10,8134,8143,8133,8141,6456
 2024/06/21-00:15,8141,8148,8141,8144,9744
 2024/06/21-00:20,8144,8156,8143,8152,10187
 2024/06/21-00:25,8152,8154,8149,8151,7125
 2024/06/21-00:30,8152,8159,8152,8156,9056
 2024/06/21-00:35,8155,8162,8154,8155,8404
 2024/06/21-00:40,8155,8157,8147,8150,8164
 2024/06/21-00:45,8150,8159,8150,8159,5178
 2024/06/21-00:50,8158,8174,8155,8174,14328
 2024/06/21-00:55,8174,8174,8166,8169,7719
 2024/06/21-01:00,8169,8180,8168,8169,12283
 2024/06/21-01:05,8169,8175,8164,8173,7957
 2024/06/21-01:10,8172,8178,8171,8176,5515
 2024/06/21-01:15,8175,8179,8172,8175,5660
 2024/06/21-01:20,8175,8175,8167,8173,4981
 2024/06/21-01:25,8173,8177,8167,8167,6184
 2024/06/21-01:30,8167,8170,8160,8164,10094
 2024/06/21-01:35,8164,8168,8162,8167,3841
 2024/06/21-01:40,8167,8170,8161,8162,3954
 2024/06/21-01:45,8161,8163,8153,8161,6642
 2024/06/21-01:50,8160,8161,8157,8161,3577
 2024/06/21-01:55,8161,8162,8159,8161,2321
 2024/06/21-02:00,8160,8165,8157,8164,3370
 2024/06/21-02:05,8165,8169,8161,8169,4131
 2024/06/21-02:10,8169,8173,8160,8161,6587
 2024/06/21-02:15,8162,8169,8161,8168,2694
 2024/06/21-02:20,8169,8171,8167,8170,2328
 2024/06/21-02:25,8170,8175,8168,8173,4782
 2024/06/21-02:30,8172,8173,8166,8168,7149
 2024/06/21-09:05,8174,8201,8166,8175,49228
 2024/06/21-09:10,8175,8188,8168,8169,23742
 2024/06/21-09:15,8169,8179,8154,8154,22430
 2024/06/21-09:20,8154,8154,8120,8140,68126
 2024/06/21-09:25,8140,8142,8132,8140,18186
 2024/06/21-09:30,8140,8147,8135,8142,15498
 2024/06/21-09:35,8141,8141,8099,8108,49238
 2024/06/21-09:40,8107,8119,8102,8103,26719
 2024/06/21-09:45,8103,8114,8102,8107,16865
 2024/06/21-09:50,8107,8114,8088,8102,31453
 2024/06/21-09:55,8103,8103,8084,8096,29764
 2024/06/21-10:00,8097,8104,8093,8098,17325
 2024/06/21-10:05,8098,8109,8094,8109,18624
 2024/06/21-10:10,8109,8114,8105,8106,12315
 2024/06/21-10:15,8106,8106,8098,8106,9494
 2024/06/21-10:35,8106,8108,8091,8106,18517
 2024/06/21-10:40,8106,8112,8102,8102,10543
 2024/06/21-10:45,8103,8103,8091,8094,11655
 2024/06/21-10:50,8094,8096,8077,8082,23481
 2024/06/21-10:55,8083,8086,8079,8086,8236
 2024/06/21-11:00,8085,8096,8085,8096,7725
 2024/06/21-11:05,8096,8101,8088,8091,8116
 2024/06/21-11:10,8091,8098,8089,8092,6915
 2024/06/21-11:15,8093,8104,8093,8100,7154
 2024/06/21-11:20,8100,8102,8096,8100,5106
 2024/06/21-11:25,8100,8107,8097,8104,6613
 2024/06/21-11:30,8104,8109,8102,8108,8637
 2024/06/21-13:35,8112,8127,8112,8117,23998
 2024/06/21-13:40,8118,8124,8112,8122,8972
 2024/06/21-13:45,8122,8126,8116,8116,7890
 2024/06/21-13:50,8117,8123,8116,8123,7432
 2024/06/21-13:55,8122,8140,8122,8136,23520
 2024/06/21-14:00,8136,8139,8132,8132,7998
 2024/06/21-14:05,8132,8132,8118,8118,12261
 2024/06/21-14:10,8120,8123,8101,8103,14525
 2024/06/21-14:15,8103,8117,8099,8117,14030
 2024/06/21-14:20,8117,8120,8110,8113,9871
 2024/06/21-14:25,8113,8118,8099,8106,13421
 2024/06/21-14:30,8106,8107,8083,8085,20541
 2024/06/21-14:35,8086,8093,8067,8072,29873
 2024/06/21-14:40,8073,8079,8059,8077,34057
 2024/06/21-14:45,8077,8078,8052,8054,26765
 2024/06/21-14:50,8053,8062,8045,8054,26002
 2024/06/21-14:55,8055,8068,8055,8066,18606
 2024/06/21-15:00,8066,8068,8055,8057,22654
 2024/06/24-21:05,8025,8047,8011,8047,75825
 2024/06/24-21:10,8046,8066,8037,8047,46470
 2024/06/24-21:15,8046,8064,8046,8062,22598
 2024/06/24-21:20,8062,8065,8047,8048,15671
 2024/06/24-21:25,8048,8055,8028,8029,33466
 2024/06/24-21:30,8029,8034,8010,8019,49446
 2024/06/24-21:35,8019,8025,7962,7976,82211
 2024/06/24-21:40,7977,7993,7968,7980,51792
 2024/06/24-21:45,7980,7981,7967,7975,32114
 2024/06/24-21:50,7975,7975,7931,7947,89868
 2024/06/24-21:55,7946,7955,7907,7907,71969
 2024/06/24-22:00,7907,7936,7905,7932,50527
 2024/06/24-22:05,7932,7933,7913,7921,35874
 2024/06/24-22:10,7921,7921,7892,7913,61314
 2024/06/24-22:15,7913,7927,7901,7926,35956
 2024/06/24-22:20,7925,7929,7914,7923,23424
 2024/06/24-22:25,7923,7934,7919,7919,25498
 2024/06/24-22:30,7919,7926,7914,7926,16665
 2024/06/24-22:35,7925,7937,7921,7934,22632
 2024/06/24-22:40,7934,7954,7934,7945,33051
 2024/06/24-22:45,7946,7948,7932,7934,17575
 2024/06/24-22:50,7934,7934,7916,7928,23889
 2024/06/24-22:55,7928,7935,7918,7931,16401
 2024/06/24-23:00,7931,7931,7919,7922,14322
 2024/06/24-23:05,7921,7929,7917,7919,18583
 2024/06/24-23:10,7919,7930,7918,7928,10679
 2024/06/24-23:15,7928,7934,7917,7921,13834
 2024/06/24-23:20,7920,7920,7884,7896,58017
 2024/06/24-23:25,7896,7896,7872,7879,42154
 2024/06/24-23:30,7878,7898,7874,7895,25490
 2024/06/24-23:35,7896,7900,7886,7894,17845
 2024/06/24-23:40,7893,7898,7886,7888,10984
 2024/06/24-23:45,7887,7894,7885,7890,6966
 2024/06/24-23:50,7890,7901,7889,7901,14485
 2024/06/24-23:55,7901,7914,7900,7908,18894
 2024/06/24-00:00,7907,7910,7899,7906,12202
 2024/06/24-00:05,7907,7909,7902,7902,7955
 2024/06/24-00:10,7902,7907,7901,7901,5393
 2024/06/24-00:15,7902,7905,7892,7897,10960
 2024/06/24-00:20,7897,7904,7894,7900,7076
 2024/06/24-00:25,7900,7914,7898,7906,8316
 2024/06/24-00:30,7906,7907,7902,7904,4049
 2024/06/24-00:35,7904,7906,7898,7902,5501
 2024/06/24-00:40,7902,7902,7894,7902,6990
 2024/06/24-00:45,7902,7902,7897,7899,2974
 2024/06/24-00:50,7899,7901,7894,7898,4933
 2024/06/24-00:55,7898,7900,7892,7893,6005
 2024/06/24-01:00,7893,7893,7881,7889,12495
 2024/06/24-01:05,7889,7894,7875,7879,14566
 2024/06/24-01:10,7878,7883,7871,7880,12458
 2024/06/24-01:15,7880,7882,7869,7875,11027
 2024/06/24-01:20,7875,7882,7873,7878,7450
 2024/06/24-01:25,7877,7878,7874,7876,4410
 2024/06/24-01:30,7876,7879,7872,7873,5814
 2024/06/24-01:35,7872,7880,7863,7878,11235
 2024/06/24-01:40,7878,7878,7874,7877,3173
 2024/06/24-01:45,7877,7878,7875,7875,2817
 2024/06/24-01:50,7875,7880,7868,7869,4901
 2024/06/24-01:55,7869,7875,7867,7875,4248
 2024/06/24-02:00,7874,7875,7873,7874,2698
 2024/06/24-02:05,7874,7874,7859,7864,12364
 2024/06/24-02:10,7864,7865,7854,7860,8669
 2024/06/24-02:15,7859,7860,7850,7851,7418
 2024/06/24-02:20,7851,7852,7835,7841,16418
 2024/06/24-02:25,7841,7852,7840,7850,7137
 2024/06/24-02:30,7850,7869,7850,7862,16693
 2024/06/24-09:05,7854,7859,7809,7850,78860
 2024/06/24-09:10,7851,7875,7833,7868,39977
 2024/06/24-09:15,7868,7869,7845,7848,21540
 2024/06/24-09:20,7848,7859,7835,7858,19608
 2024/06/24-09:25,7858,7869,7855,7867,15828
 2024/06/24-09:30,7868,7879,7866,7876,20133
 2024/06/24-09:35,7876,7885,7871,7877,16364
 2024/06/24-09:40,7876,7878,7867,7869,13300
 2024/06/24-09:45,7869,7875,7864,7867,8184
 2024/06/24-09:50,7867,7877,7867,7875,6354
 2024/06/24-09:55,7875,7875,7857,7859,10322
 2024/06/24-10:00,7859,7863,7843,7849,20243
 2024/06/24-10:05,7849,7852,7835,7841,19303
 2024/06/24-10:10,7840,7846,7830,7843,18854
 2024/06/24-10:15,7843,7844,7806,7814,35902
 2024/06/24-10:35,7821,7835,7815,7823,27032
 2024/06/24-10:40,7823,7839,7818,7835,14140
 2024/06/24-10:45,7836,7845,7833,7839,11061
 2024/06/24-10:50,7839,7840,7828,7836,9465
 2024/06/24-10:55,7836,7853,7831,7847,15690
 2024/06/24-11:00,7847,7857,7845,7853,10234
 2024/06/24-11:05,7853,7867,7853,7858,17944
 2024/06/24-11:10,7858,7861,7853,7860,8055
 2024/06/24-11:15,7860,7867,7856,7857,7570
 2024/06/24-11:20,7857,7863,7853,7857,6773
 2024/06/24-11:25,7857,7860,7851,7860,6514
 2024/06/24-11:30,7859,7871,7858,7867,10050
 2024/06/24-13:35,7870,7894,7870,7877,29585
 2024/06/24-13:40,7877,7882,7866,7867,11025
 2024/06/24-13:45,7867,7873,7864,7865,7880
 2024/06/24-13:50,7865,7878,7864,7877,6525
 2024/06/24-13:55,7877,7878,7869,7873,6502
 2024/06/24-14:00,7874,7880,7870,7879,7773
 2024/06/24-14:05,7879,7879,7865,7866,6926
 2024/06/24-14:10,7866,7870,7862,7865,9443
 2024/06/24-14:15,7865,7866,7860,7866,6074
 2024/06/24-14:20,7866,7868,7853,7859,9861
 2024/06/24-14:25,7859,7866,7856,7865,6187
 2024/06/24-14:30,7866,7874,7865,7865,8098
 2024/06/24-14:35,7865,7872,7865,7870,5099
 2024/06/24-14:40,7871,7875,7866,7866,7035
 2024/06/24-14:45,7866,7867,7855,7857,10149
 2024/06/24-14:50,7858,7858,7836,7845,20777
 2024/06/24-14:55,7845,7851,7837,7850,12279
 2024/06/24-15:00,7850,7858,7845,7850,17135
 2024/06/25-21:05,7861,7869,7853,7860,28854
 2024/06/25-21:10,7860,7869,7848,7860,21763
 2024/06/25-21:15,7860,7873,7858,7869,16524
 2024/06/25-21:20,7869,7869,7854,7856,14392
 2024/06/25-21:25,7856,7864,7854,7863,8604
 2024/06/25-21:30,7863,7888,7862,7880,25516
 2024/06/25-21:35,7880,7899,7880,7886,32964
 2024/06/25-21:40,7887,7891,7861,7873,31323
 2024/06/25-21:45,7872,7877,7865,7873,15951
 2024/06/25-21:50,7873,7880,7867,7876,14916
 2024/06/25-21:55,7876,7891,7874,7880,18292
 2024/06/25-22:00,7880,7881,7868,7868,14097
 2024/06/25-22:05,7868,7876,7863,7864,13750
 2024/06/25-22:10,7864,7882,7862,7882,15657
 2024/06/25-22:15,7883,7883,7875,7879,10813
 2024/06/25-22:20,7879,7884,7870,7873,11084
 2024/06/25-22:25,7873,7887,7872,7886,10563
 2024/06/25-22:30,7885,7888,7875,7877,8366
 2024/06/25-22:35,7877,7887,7876,7882,9348
 2024/06/25-22:40,7882,7902,7878,7888,20069
 2024/06/25-22:45,7889,7896,7883,7891,13393
 2024/06/25-22:50,7891,7899,7881,7882,13110
 2024/06/25-22:55,7883,7886,7874,7881,16648
 2024/06/25-23:00,7882,7885,7876,7879,7698
 2024/06/25-23:05,7880,7891,7880,7889,9381
 2024/06/25-23:10,7889,7891,7885,7888,7281
 2024/06/25-23:15,7888,7897,7886,7889,10050
 2024/06/25-23:20,7889,7893,7885,7890,5918
 2024/06/25-23:25,7890,7891,7884,7886,7566
 2024/06/25-23:30,7885,7885,7878,7884,7802
 2024/06/25-23:35,7884,7889,7866,7869,13481
 2024/06/25-23:40,7869,7872,7855,7864,20156
 2024/06/25-23:45,7863,7869,7860,7866,7640
 2024/06/25-23:50,7866,7868,7843,7848,18715
 2024/06/25-23:55,7848,7855,7844,7851,11381
 2024/06/25-00:00,7851,7856,7848,7849,6268
 2024/06/25-00:05,7847,7854,7838,7853,15407
 2024/06/25-00:10,7853,7855,7848,7850,5242
 2024/06/25-00:15,7850,7860,7849,7858,9319
 2024/06/25-00:20,7858,7858,7850,7851,5018
 2024/06/25-00:25,7851,7855,7848,7849,3642
 2024/06/25-00:30,7848,7851,7843,7846,6191
 2024/06/25-00:35,7846,7857,7841,7857,7149
 2024/06/25-00:40,7857,7858,7854,7855,3789
 2024/06/25-00:45,7856,7860,7853,7858,4464
 2024/06/25-00:50,7858,7861,7855,7858,3671
 2024/06/25-00:55,7858,7858,7854,7858,2706
 2024/06/25-01:00,7858,7865,7857,7861,5051
 2024/06/25-01:05,7861,7861,7857,7858,2821
 2024/06/25-01:10,7858,7859,7852,7852,3997
 2024/06/25-01:15,7852,7858,7850,7857,3437
 2024/06/25-01:20,7857,7857,7852,7855,1590
 2024/06/25-01:25,7855,7855,7847,7853,3481
 2024/06/25-01:30,7853,7863,7851,7859,5874
 2024/06/25-01:35,7859,7873,7859,7869,6348
 2024/06/25-01:40,7869,7875,7868,7874,5477
 2024/06/25-01:45,7874,7880,7870,7871,6385
 2024/06/25-01:50,7871,7872,7866,7866,3309
 2024/06/25-01:55,7867,7869,7861,7864,3946
 2024/06/25-02:00,7864,7868,7864,7865,2166
 2024/06/25-02:05,7865,7872,7864,7868,3427
 2024/06/25-02:10,7868,7871,7867,7871,1773
 2024/06/25-02:15,7870,7875,7869,7875,2821
 2024/06/25-02:20,7875,7880,7867,7870,4921
 2024/06/25-02:25,7870,7882,7870,7879,5189
 2024/06/25-02:30,7879,7885,7878,7882,7284
 2024/06/25-09:05,7875,7877,7857,7865,26528
 2024/06/25-09:10,7865,7869,7856,7857,10601
 2024/06/25-09:15,7858,7865,7851,7865,11511
 2024/06/25-09:20,7865,7868,7853,7856,8866
 2024/06/25-09:25,7856,7861,7843,7845,14692
 2024/06/25-09:30,7845,7850,7834,7842,20571
 2024/06/25-09:35,7842,7847,7836,7845,12541
 2024/06/25-09:40,7844,7849,7842,7843,6201
 2024/06/25-09:45,7843,7844,7832,7836,10911
 2024/06/25-09:50,7837,7839,7794,7811,51933
 2024/06/25-09:55,7810,7813,7783,7802,34984
 2024/06/25-10:00,7802,7830,7801,7827,29088
 2024/06/25-10:05,7827,7835,7820,7828,16851
 2024/06/25-10:10,7828,7828,7811,7816,12238
 2024/06/25-10:15,7816,7820,7804,7812,12293
 2024/06/25-10:35,7812,7825,7812,7821,15861
 2024/06/25-10:40,7821,7834,7820,7833,11416
 2024/06/25-10:45,7834,7834,7817,7818,8714
 2024/06/25-10:50,7819,7821,7812,7813,7887
 2024/06/25-10:55,7813,7817,7805,7805,8070
 2024/06/25-11:00,7805,7816,7803,7812,8075
 2024/06/25-11:05,7812,7824,7810,7816,8177
 2024/06/25-11:10,7816,7831,7815,7824,11806
 2024/06/25-11:15,7824,7828,7817,7821,6451
 2024/06/25-11:20,7820,7822,7815,7817,5295
 2024/06/25-11:25,7817,7825,7816,7824,5908
 2024/06/25-11:30,7824,7842,7823,7840,12676
 2024/06/25-13:35,7848,7880,7848,7863,43128
 2024/06/25-13:40,7863,7865,7848,7850,13698
 2024/06/25-13:45,7850,7853,7846,7850,10147
 2024/06/25-13:50,7850,7850,7837,7838,10007
 2024/06/25-13:55,7838,7848,7836,7845,9988
 2024/06/25-14:00,7845,7847,7841,7842,5586
 2024/06/25-14:05,7842,7846,7832,7834,7782
 2024/06/25-14:10,7834,7840,7833,7833,7170
 2024/06/25-14:15,7833,7840,7832,7836,6415
 2024/06/25-14:20,7836,7840,7832,7835,6811
 2024/06/25-14:25,7836,7842,7833,7842,7871
 2024/06/25-14:30,7842,7849,7840,7843,10268
 2024/06/25-14:35,7843,7846,7836,7840,5824
 2024/06/25-14:40,7840,7855,7840,7851,17278
 2024/06/25-14:45,7851,7860,7850,7854,14970
 2024/06/25-14:50,7855,7861,7854,7857,11488
 2024/06/25-14:55,7857,7857,7848,7852,9328
 2024/06/25-15:00,7852,7854,7845,7853,12259
 2024/06/26-21:05,7854,7854,7814,7827,68763
 2024/06/26-21:10,7827,7836,7814,7820,29120
 2024/06/26-21:15,7820,7824,7814,7820,13703
 2024/06/26-21:20,7820,7837,7815,7830,20285
 2024/06/26-21:25,7829,7834,7826,7829,8333
 2024/06/26-21:30,7829,7830,7795,7804,31569
 2024/06/26-21:35,7804,7805,7788,7790,39884
 2024/06/26-21:40,7789,7789,7748,7749,73256
 2024/06/26-21:45,7749,7770,7743,7748,49823
 2024/06/26-21:50,7748,7767,7745,7764,28640
 2024/06/26-21:55,7764,7778,7762,7762,25220
 2024/06/26-22:00,7763,7773,7761,7771,13127
 2024/06/26-22:05,7771,7778,7759,7762,21441
 2024/06/26-22:10,7762,7770,7750,7752,24176
 2024/06/26-22:15,7753,7766,7746,7766,18993
 2024/06/26-22:20,7765,7768,7756,7762,10810
 2024/06/26-22:25,7762,7782,7761,7770,26665
 2024/06/26-22:30,7769,7771,7747,7756,29651
 2024/06/26-22:35,7756,7767,7751,7760,18469
 2024/06/26-22:40,7760,7767,7754,7758,10153
 2024/06/26-22:45,7759,7761,7753,7756,10372
 2024/06/26-22:50,7756,7759,7751,7751,10918
 2024/06/26-22:55,7750,7763,7748,7755,18505
 2024/06/26-23:00,7755,7765,7754,7760,12480
 2024/06/26-23:05,7760,7767,7757,7766,12614
 2024/06/26-23:10,7766,7766,7753,7759,13462
 2024/06/26-23:15,7759,7761,7750,7750,12230
 2024/06/26-23:20,7750,7753,7714,7723,52795
 2024/06/26-23:25,7723,7725,7699,7700,37998
 2024/06/26-23:30,7700,7712,7696,7708,26460
 2024/06/26-23:35,7708,7708,7681,7684,43973
 2024/06/26-23:40,7684,7697,7683,7688,22807
 2024/06/26-23:45,7688,7695,7685,7688,12075
 2024/06/26-23:50,7688,7699,7687,7697,15230
 2024/06/26-23:55,7697,7698,7689,7696,12052
 2024/06/26-00:00,7697,7704,7697,7701,12772
 2024/06/26-00:05,7701,7707,7698,7699,8898
 2024/06/26-00:10,7699,7702,7694,7697,8159
 2024/06/26-00:15,7697,7699,7691,7694,6729
 2024/06/26-00:20,7694,7695,7672,7673,19497
 2024/06/26-00:25,7673,7680,7662,7667,22683
 2024/06/26-00:30,7667,7672,7664,7665,12328
 2024/06/26-00:35,7665,7673,7662,7669,11732
 2024/06/26-00:40,7669,7679,7667,7679,9351
 2024/06/26-00:45,7680,7680,7672,7673,5832
 2024/06/26-00:50,7673,7682,7671,7682,6178
 2024/06/26-00:55,7683,7683,7666,7668,8759
 2024/06/26-01:00,7668,7673,7664,7671,6311
 2024/06/26-01:05,7671,7675,7669,7670,5317
 2024/06/26-01:10,7670,7671,7665,7666,5745
 2024/06/26-01:15,7666,7670,7660,7665,10173
 2024/06/26-01:20,7665,7668,7662,7666,3562
 2024/06/26-01:25,7666,7669,7662,7669,3874
 2024/06/26-01:30,7669,7678,7668,7678,6360
 2024/06/26-01:35,7678,7680,7673,7674,3593
 2024/06/26-01:40,7674,7680,7673,7673,3697
 2024/06/26-01:45,7673,7676,7671,7675,2411
 2024/06/26-01:50,7675,7676,7672,7674,1857
 2024/06/26-01:55,7675,7675,7671,7672,1793
 2024/06/26-02:00,7672,7679,7672,7673,4019
 2024/06/26-02:05,7673,7674,7667,7668,3771
 2024/06/26-02:10,7667,7673,7664,7672,3993
 2024/06/26-02:15,7672,7672,7667,7667,1331
 2024/06/26-02:20,7668,7671,7665,7668,2740
 2024/06/26-02:25,7668,7669,7667,7668,1636
 2024/06/26-02:30,7669,7672,7668,7668,5679
 2024/06/26-09:05,7660,7668,7641,7666,49919
 2024/06/26-09:10,7665,7678,7662,7671,18228
 2024/06/26-09:15,7672,7695,7671,7689,24306
 2024/06/26-09:20,7689,7690,7677,7679,13970
 2024/06/26-09:25,7679,7690,7678,7680,10400
 2024/06/26-09:30,7680,7690,7677,7679,8677
 2024/06/26-09:35,7679,7688,7666,7668,14178
 2024/06/26-09:40,7668,7673,7650,7653,21620
 2024/06/26-09:45,7653,7659,7630,7658,36430
 2024/06/26-09:50,7657,7657,7643,7649,13620
 2024/06/26-09:55,7649,7649,7632,7641,25852
 2024/06/26-10:00,7640,7646,7636,7643,11279
 2024/06/26-10:05,7643,7654,7643,7651,15564
 2024/06/26-10:10,7651,7661,7646,7659,10437
 2024/06/26-10:15,7659,7668,7659,7666,13222
 2024/06/26-10:35,7674,7681,7666,7672,18780
 2024/06/26-10:40,7672,7684,7671,7678,11514
 2024/06/26-10:45,7678,7679,7672,7673,6716
 2024/06/26-10:50,7674,7681,7673,7678,5575
 2024/06/26-10:55,7678,7682,7671,7672,6491
 2024/06/26-11:00,7672,7675,7666,7673,7079
 2024/06/26-11:05,7673,7674,7669,7672,4093
 2024/06/26-11:10,7672,7680,7672,7679,4927
 2024/06/26-11:15,7680,7688,7680,7683,9339
 2024/06/26-11:20,7684,7689,7681,7684,6835
 2024/06/26-11:25,7684,7691,7682,7691,4449
 2024/06/26-11:30,7690,7702,7689,7701,16588
 2024/06/26-13:35,7693,7698,7681,7682,20853
 2024/06/26-13:40,7682,7682,7669,7675,19337
 2024/06/26-13:45,7675,7679,7667,7677,11180
 2024/06/26-13:50,7676,7681,7662,7663,14508
 2024/06/26-13:55,7662,7669,7660,7664,13940
 2024/06/26-14:00,7664,7664,7654,7657,12806
 2024/06/26-14:05,7656,7663,7653,7657,9438
 2024/06/26-14:10,7657,7658,7645,7653,14101
 2024/06/26-14:15,7654,7655,7640,7647,16768
 2024/06/26-14:20,7647,7652,7640,7652,12116
 2024/06/26-14:25,7652,7656,7648,7655,8749
 2024/06/26-14:30,7654,7669,7653,7669,13848
 2024/06/26-14:35,7669,7693,7669,7686,24519
 2024/06/26-14:40,7686,7695,7668,7671,24385
 2024/06/26-14:45,7671,7677,7664,7675,15815
 2024/06/26-14:50,7675,7687,7674,7676,15278
 2024/06/26-14:55,7677,7689,7670,7687,13196
 2024/06/26-15:00,7688,7705,7685,7696,27052
 2024/06/27-21:05,7684,7686,7670,7684,34719
 2024/06/27-21:10,7684,7692,7663,7664,28082
 2024/06/27-21:15,7664,7672,7656,7670,24323
 2024/06/27-21:20,7670,7674,7652,7657,20528
 2024/06/27-21:25,7657,7657,7644,7647,26694
 2024/06/27-21:30,7647,7652,7618,7625,46585
 2024/06/27-21:35,7625,7630,7606,7619,62612
 2024/06/27-21:40,7619,7631,7611,7616,35182
 2024/06/27-21:45,7617,7621,7607,7613,26075
 2024/06/27-21:50,7613,7622,7602,7622,34356
 2024/06/27-21:55,7623,7632,7621,7625,25984
 2024/06/27-22:00,7625,7637,7625,7632,17794
 2024/06/27-22:05,7632,7657,7629,7648,50966
 2024/06/27-22:10,7647,7648,7630,7633,26732
 2024/06/27-22:15,7633,7646,7633,7643,15592
 2024/06/27-22:20,7643,7650,7625,7625,29482
 2024/06/27-22:25,7626,7641,7625,7636,16659
 2024/06/27-22:30,7636,7642,7626,7638,13347
 2024/06/27-22:35,7638,7646,7631,7634,14324
 2024/06/27-22:40,7634,7641,7630,7635,9469
 2024/06/27-22:45,7635,7636,7626,7628,9461
 2024/06/27-22:50,7628,7646,7628,7644,15844
 2024/06/27-22:55,7644,7654,7644,7654,19378
 2024/06/27-23:00,7655,7665,7652,7654,27066
 2024/06/27-23:05,7654,7656,7643,7653,20322
 2024/06/27-23:10,7653,7667,7649,7664,17628
 2024/06/27-23:15,7664,7675,7660,7671,26009
 2024/06/27-23:20,7671,7680,7670,7673,23637
 2024/06/27-23:25,7673,7684,7667,7681,20010
 2024/06/27-23:30,7681,7684,7672,7673,14747
 2024/06/27-23:35,7673,7673,7664,7666,17090
 2024/06/27-23:40,7666,7666,7658,7660,13592
 2024/06/27-23:45,7659,7663,7653,7659,14106
 2024/06/27-23:50,7659,7662,7647,7659,14332
 2024/06/27-23:55,7660,7666,7656,7663,8981
 2024/06/27-00:00,7663,7664,7654,7659,7312
 2024/06/27-00:05,7659,7662,7656,7658,4523
 2024/06/27-00:10,7658,7676,7658,7673,14753
 2024/06/27-00:15,7673,7678,7669,7670,7947
 2024/06/27-00:20,7669,7678,7669,7677,7148
 2024/06/27-00:25,7677,7686,7676,7679,11971
 2024/06/27-00:30,7679,7679,7672,7677,5612
 2024/06/27-00:35,7677,7679,7668,7674,6629
 2024/06/27-00:40,7674,7674,7668,7668,4039
 2024/06/27-00:45,7668,7671,7664,7666,4827
 2024/06/27-00:50,7666,7669,7662,7664,5090
 2024/06/27-00:55,7664,7673,7663,7673,5374
 2024/06/27-01:00,7672,7674,7669,7670,3195
 2024/06/27-01:05,7670,7680,7669,7679,6073
 2024/06/27-01:10,7679,7679,7672,7673,4080
 2024/06/27-01:15,7673,7680,7673,7677,3581
 2024/06/27-01:20,7677,7682,7675,7677,4615
 2024/06/27-01:25,7677,7684,7676,7678,4888
 2024/06/27-01:30,7678,7682,7676,7681,2916
 2024/06/27-01:35,7682,7682,7674,7677,3018
 2024/06/27-01:40,7676,7678,7672,7672,2724
 2024/06/27-01:45,7672,7677,7672,7675,2468
 2024/06/27-01:50,7675,7680,7675,7679,1879
 2024/06/27-01:55,7679,7680,7674,7675,1977
 2024/06/27-02:00,7675,7678,7674,7677,1237
 2024/06/27-02:05,7677,7678,7667,7670,3882
 2024/06/27-02:10,7670,7672,7666,7669,2531
 2024/06/27-02:15,7669,7669,7658,7664,5706
 2024/06/27-02:20,7663,7667,7661,7662,2042
 2024/06/27-02:25,7662,7665,7660,7661,2289
 2024/06/27-02:30,7661,7662,7658,7659,5508
 2024/06/27-09:05,7647,7647,7632,7636,40973
 2024/06/27-09:10,7636,7644,7633,7639,12573
 2024/06/27-09:15,7639,7653,7638,7647,12103
 2024/06/27-09:20,7647,7647,7639,7645,7724
 2024/06/27-09:25,7645,7661,7645,7657,13661
 2024/06/27-09:30,7656,7667,7650,7665,9820
 2024/06/27-09:35,7665,7668,7658,7658,10129
 2024/06/27-09:40,7658,7660,7648,7650,9525
 2024/06/27-09:45,7650,7656,7641,7642,11264
 2024/06/27-09:50,7642,7650,7641,7645,7987
 2024/06/27-09:55,7646,7653,7644,7653,7484
 2024/06/27-10:00,7652,7654,7644,7646,6860
 2024/06/27-10:05,7646,7658,7646,7654,6597
 2024/06/27-10:10,7654,7663,7654,7659,7074
 2024/06/27-10:15,7659,7663,7651,7653,4621
 2024/06/27-10:35,7650,7650,7635,7642,16564
 2024/06/27-10:40,7642,7643,7636,7641,7530
 2024/06/27-10:45,7641,7641,7631,7639,9749
 2024/06/27-10:50,7640,7649,7638,7646,7031
 2024/06/27-10:55,7646,7654,7645,7654,7283
 2024/06/27-11:00,7654,7658,7648,7648,7713
 2024/06/27-11:05,7648,7653,7644,7649,5094
 2024/06/27-11:10,7650,7656,7645,7651,4198
 2024/06/27-11:15,7651,7652,7644,7647,4003
 2024/06/27-11:20,7647,7654,7647,7651,3166
 2024/06/27-11:25,7651,7662,7649,7661,7013
 2024/06/27-11:30,7661,7662,7653,7655,5623
 2024/06/27-13:35,7647,7647,7635,7645,20558
 2024/06/27-13:40,7645,7670,7642,7665,19099
 2024/06/27-13:45,7665,7669,7652,7653,13034
 2024/06/27-13:50,7653,7653,7640,7642,14967
 2024/06/27-13:55,7642,7649,7642,7647,5826
 2024/06/27-14:00,7647,7651,7642,7645,6557
 2024/06/27-14:05,7645,7652,7640,7651,8310
 2024/06/27-14:10,7652,7656,7649,7653,8227
 2024/06/27-14:15,7653,7658,7646,7647,5770
 2024/06/27-14:20,7647,7652,7642,7651,7314
 2024/06/27-14:25,7651,7655,7651,7652,5757
 2024/06/27-14:30,7652,7657,7649,7655,6365
 2024/06/27-14:35,7655,7662,7653,7658,10591
 2024/06/27-14:40,7658,7661,7649,7649,9623
 2024/06/27-14:45,7649,7653,7643,7648,8680
 2024/06/27-14:50,7647,7650,7645,7649,5032
 2024/06/27-14:55,7648,7652,7648,7649,4794
 2024/06/27-15:00,7649,7651,7647,7651,11080
 2024/06/28-21:05,7741,7748,7721,7735,75462
 2024/06/28-21:10,7735,7748,7725,7747,30214
 2024/06/28-21:15,7748,7780,7748,7776,63061
 2024/06/28-21:20,7776,7776,7731,7735,55980
 2024/06/28-21:25,7735,7745,7730,7739,31950
 2024/06/28-21:30,7739,7746,7733,7736,20164
 2024/06/28-21:35,7736,7759,7736,7748,32379
 2024/06/28-21:40,7748,7749,7731,7735,25346
 2024/06/28-21:45,7734,7734,7711,7723,43441
 2024/06/28-21:50,7723,7723,7706,7715,27818
 2024/06/28-21:55,7715,7721,7698,7717,30681
 2024/06/28-22:00,7717,7720,7711,7716,13964
 2024/06/28-22:05,7716,7742,7716,7736,40423
 2024/06/28-22:10,7736,7738,7724,7726,19830
 2024/06/28-22:15,7726,7740,7726,7737,14855
 2024/06/28-22:20,7737,7740,7727,7730,11373
 2024/06/28-22:25,7730,7731,7713,7716,21087
 2024/06/28-22:30,7716,7720,7708,7713,15809
 2024/06/28-22:35,7712,7719,7703,7718,17634
 2024/06/28-22:40,7718,7727,7716,7726,11152
 2024/06/28-22:45,7726,7735,7725,7733,15943
 2024/06/28-22:50,7733,7733,7725,7729,11381
 2024/06/28-22:55,7729,7745,7725,7738,20678
 2024/06/28-23:00,7739,7740,7733,7734,10687
 2024/06/28-23:05,7735,7736,7727,7735,12965
 2024/06/28-23:10,7735,7741,7731,7733,10015
 2024/06/28-23:15,7733,7736,7728,7731,7801
 2024/06/28-23:20,7732,7735,7728,7729,8633
 2024/06/28-23:25,7729,7737,7729,7737,8419
 2024/06/28-23:30,7737,7737,7714,7721,22178
 2024/06/28-23:35,7721,7723,7718,7719,8171
 2024/06/28-23:40,7719,7732,7719,7729,10488
 2024/06/28-23:45,7728,7728,7716,7717,9421
 2024/06/28-23:50,7717,7718,7711,7714,13879
 2024/06/28-23:55,7713,7718,7711,7714,7724
 2024/06/28-00:00,7714,7720,7710,7717,7599
 2024/06/28-00:05,7717,7717,7709,7714,7096
 2024/06/28-00:10,7714,7718,7710,7714,5946
 2024/06/28-00:15,7714,7714,7708,7708,7698
 2024/06/28-00:20,7708,7708,7687,7689,26301
 2024/06/28-00:25,7688,7696,7683,7693,14455
 2024/06/28-00:30,7693,7695,7688,7691,5818
 2024/06/28-00:35,7691,7701,7690,7698,8403
 2024/06/28-00:40,7698,7702,7695,7695,5297
 2024/06/28-00:45,7695,7697,7690,7696,4467
 2024/06/28-00:50,7696,7700,7692,7692,5420
 2024/06/28-00:55,7692,7698,7688,7697,7090
 2024/06/28-01:00,7698,7698,7691,7695,4903
 2024/06/28-01:05,7695,7699,7694,7698,4341
 2024/06/28-01:10,7697,7700,7693,7695,4579
 2024/06/28-01:15,7695,7700,7691,7698,4844
 2024/06/28-01:20,7698,7707,7696,7704,7463
 2024/06/28-01:25,7704,7705,7699,7704,3963
 2024/06/28-01:30,7704,7710,7703,7703,5657
 2024/06/28-01:35,7704,7706,7701,7705,3144
 2024/06/28-01:40,7705,7706,7702,7705,1544
 2024/06/28-01:45,7705,7709,7703,7704,1927
 2024/06/28-01:50,7704,7706,7702,7705,1633
 2024/06/28-01:55,7705,7705,7701,7702,1614
 2024/06/28-02:00,7702,7708,7702,7704,2299
 2024/06/28-02:05,7704,7705,7700,7701,3255
 2024/06/28-02:10,7701,7701,7697,7700,2249
 2024/06/28-02:15,7699,7702,7698,7699,1532
 2024/06/28-02:20,7699,7699,7693,7695,2842
 2024/06/28-02:25,7695,7700,7694,7700,1663
 2024/06/28-02:30,7700,7700,7694,7695,4850
 2024/06/28-09:05,7690,7690,7661,7668,44911
 2024/06/28-09:10,7668,7678,7666,7667,15736
 2024/06/28-09:15,7667,7674,7658,7673,19283
 2024/06/28-09:20,7673,7684,7665,7679,16140
 2024/06/28-09:25,7679,7680,7671,7677,7002
 2024/06/28-09:30,7678,7678,7670,7672,5374
 2024/06/28-09:35,7671,7677,7666,7676,8440
 2024/06/28-09:40,7676,7679,7673,7675,6005
 2024/06/28-09:45,7675,7681,7667,7679,11871
 2024/06/28-09:50,7679,7680,7673,7675,5158
 2024/06/28-09:55,7675,7696,7673,7695,14902
 2024/06/28-10:00,7695,7695,7689,7690,7820
 2024/06/28-10:05,7690,7700,7688,7691,8495
 2024/06/28-10:10,7691,7697,7687,7694,5767
 2024/06/28-10:15,7694,7714,7694,7708,16137
 2024/06/28-10:35,7707,7729,7707,7724,23565
 2024/06/28-10:40,7724,7738,7721,7736,19421
 2024/06/28-10:45,7736,7744,7728,7744,17117
 2024/06/28-10:50,7745,7758,7734,7755,28817
 2024/06/28-10:55,7756,7759,7747,7748,17473
 2024/06/28-11:00,7748,7756,7742,7753,14846
 2024/06/28-11:05,7753,7754,7739,7741,11043
 2024/06/28-11:10,7740,7744,7736,7739,9395
 2024/06/28-11:15,7740,7754,7739,7748,9112
 2024/06/28-11:20,7748,7757,7748,7751,7532
 2024/06/28-11:25,7751,7754,7749,7750,5519
 2024/06/28-11:30,7750,7750,7743,7748,7832
 2024/06/28-13:35,7748,7765,7748,7750,20387
 2024/06/28-13:40,7751,7764,7749,7760,13120
 2024/06/28-13:45,7761,7763,7757,7758,8130
 2024/06/28-13:50,7758,7760,7754,7758,5710
 2024/06/28-13:55,7758,7768,7756,7761,12790
 2024/06/28-14:00,7761,7761,7750,7751,9543
 2024/06/28-14:05,7752,7760,7749,7757,8896
 2024/06/28-14:10,7757,7768,7757,7761,8799
 2024/06/28-14:15,7762,7770,7759,7762,6619
 2024/06/28-14:20,7762,7763,7757,7757,7208
 2024/06/28-14:25,7757,7763,7756,7762,4732
 2024/06/28-14:30,7762,7764,7751,7755,12221
 2024/06/28-14:35,7755,7765,7752,7762,9696
 2024/06/28-14:40,7762,7767,7759,7762,7486
 2024/06/28-14:45,7762,7763,7756,7763,5633
 2024/06/28-14:50,7763,7774,7761,7769,13391
 2024/06/28-14:55,7768,7790,7764,7788,24539
 2024/06/28-15:00,7788,7793,7783,7785,24251
 2024/07/01-21:05,7846,7869,7833,7863,71337
 2024/07/01-21:10,7863,7874,7855,7870,38083
 2024/07/01-21:15,7870,7878,7864,7869,28631
 2024/07/01-21:20,7869,7869,7857,7863,22345
 2024/07/01-21:25,7863,7863,7829,7837,43429
 2024/07/01-21:30,7838,7844,7825,7828,28282
 2024/07/01-21:35,7828,7833,7808,7814,40061
 2024/07/01-21:40,7814,7826,7814,7821,25550
 2024/07/01-21:45,7821,7825,7808,7819,21991
 2024/07/01-21:50,7819,7819,7796,7797,26246
 2024/07/01-21:55,7797,7812,7796,7810,23023
 2024/07/01-22:00,7810,7816,7803,7812,17452
 2024/07/01-22:05,7815,7821,7799,7800,25122
 2024/07/01-22:10,7800,7815,7800,7814,14214
 2024/07/01-22:15,7815,7824,7814,7821,19740
 2024/07/01-22:20,7821,7822,7812,7819,11317
 2024/07/01-22:25,7819,7819,7802,7804,13627
 2024/07/01-22:30,7804,7816,7802,7807,10627
 2024/07/01-22:35,7807,7811,7799,7803,11034
 2024/07/01-22:40,7803,7804,7782,7784,26360
 2024/07/01-22:45,7784,7784,7754,7764,48626
 2024/07/01-22:50,7763,7773,7762,7771,27823
 2024/07/01-22:55,7771,7783,7769,7783,22114
 2024/07/01-23:00,7783,7783,7774,7782,13851
 2024/07/01-23:05,7782,7790,7778,7786,21750
 2024/07/01-23:10,7785,7785,7772,7779,14391
 2024/07/01-23:15,7779,7784,7770,7783,14784
 2024/07/01-23:20,7783,7784,7774,7777,9411
 2024/07/01-23:25,7776,7783,7774,7782,6713
 2024/07/01-23:30,7782,7788,7780,7784,10003
 2024/07/01-23:35,7784,7785,7776,7781,6314
 2024/07/01-23:40,7780,7788,7780,7787,8073
 2024/07/01-23:45,7787,7788,7783,7784,5221
 2024/07/01-23:50,7784,7797,7784,7795,11130
 2024/07/01-23:55,7795,7795,7786,7787,8170
 2024/07/01-00:00,7787,7787,7779,7780,8464
 2024/07/01-00:05,7781,7785,7768,7772,11069
 2024/07/01-00:10,7771,7780,7771,7776,6575
 2024/07/01-00:15,7776,7777,7772,7775,5883
 2024/07/01-00:20,7776,7781,7775,7780,5324
 2024/07/01-00:25,7780,7791,7779,7784,8029
 2024/07/01-00:30,7784,7786,7780,7781,3925
 2024/07/01-00:35,7781,7782,7775,7776,4421
 2024/07/01-00:40,7776,7778,7763,7763,9254
 2024/07/01-00:45,7765,7770,7760,7766,10817
 2024/07/01-00:50,7766,7772,7763,7771,6055
 2024/07/01-00:55,7771,7777,7769,7772,5157
 2024/07/01-01:00,7772,7777,7772,7775,3594
 2024/07/01-01:05,7774,7780,7773,7773,5445
 2024/07/01-01:10,7774,7782,7773,7781,4445
 2024/07/01-01:15,7781,7784,7779,7779,5481
 2024/07/01-01:20,7778,7783,7776,7777,4226
 2024/07/01-01:25,7777,7780,7773,7774,3252
 2024/07/01-01:30,7774,7775,7769,7771,4575
 2024/07/01-01:35,7771,7773,7769,7770,3270
 2024/07/01-01:40,7770,7772,7765,7768,5016
 2024/07/01-01:45,7768,7770,7767,7769,2188
 2024/07/01-01:50,7769,7773,7765,7766,3759
 2024/07/01-01:55,7766,7767,7763,7766,2617
 2024/07/01-02:00,7766,7766,7762,7764,2869
 2024/07/01-02:05,7764,7766,7746,7747,11397
 2024/07/01-02:10,7748,7756,7747,7753,5443
 2024/07/01-02:15,7753,7760,7750,7759,3646
 2024/07/01-02:20,7759,7766,7759,7762,4072
 2024/07/01-02:25,7762,7762,7755,7756,3603
 2024/07/01-02:30,7757,7759,7750,7751,6491
 2024/07/01-09:05,7736,7749,7704,7740,60842
 2024/07/01-09:10,7741,7748,7717,7742,25377
 2024/07/01-09:15,7742,7751,7737,7740,14644
 2024/07/01-09:20,7740,7741,7724,7734,12443
 2024/07/01-09:25,7734,7740,7726,7734,8681
 2024/07/01-09:30,7735,7752,7734,7747,12198
 2024/07/01-09:35,7747,7763,7743,7762,12192
 2024/07/01-09:40,7762,7764,7748,7748,9899
 2024/07/01-09:45,7748,7754,7737,7738,10279
 2024/07/01-09:50,7737,7746,7737,7741,5775
 2024/07/01-09:55,7741,7747,7737,7741,4449
 2024/07/01-10:00,7741,7751,7740,7749,4474
 2024/07/01-10:05,7750,7754,7743,7743,6047
 2024/07/01-10:10,7743,7747,7740,7744,3774
 2024/07/01-10:15,7744,7745,7737,7742,4294
 2024/07/01-10:35,7743,7743,7732,7735,8252
 2024/07/01-10:40,7735,7739,7732,7736,4749
 2024/07/01-10:45,7737,7746,7736,7745,4560
 2024/07/01-10:50,7745,7751,7745,7749,5001
 2024/07/01-10:55,7749,7750,7742,7747,3359
 2024/07/01-11:00,7747,7748,7744,7746,2810
 2024/07/01-11:05,7746,7752,7745,7751,3982
 2024/07/01-11:10,7751,7754,7749,7750,3366
 2024/07/01-11:15,7750,7762,7750,7759,7480
 2024/07/01-11:20,7759,7761,7752,7757,4280
 2024/07/01-11:25,7757,7761,7755,7759,3122
 2024/07/01-11:30,7759,7769,7758,7764,7913
 2024/07/01-13:35,7734,7740,7719,7740,36678
 2024/07/01-13:40,7739,7745,7734,7743,8557
 2024/07/01-13:45,7743,7744,7726,7728,13592
 2024/07/01-13:50,7728,7732,7722,7723,12639
 2024/07/01-13:55,7723,7731,7715,7730,12278
 2024/07/01-14:00,7731,7742,7729,7742,10673
 2024/07/01-14:05,7742,7753,7740,7747,14381
 2024/07/01-14:10,7747,7751,7745,7751,6399
 2024/07/01-14:15,7751,7756,7747,7752,7671
 2024/07/01-14:20,7752,7755,7747,7751,5896
 2024/07/01-14:25,7752,7757,7751,7756,6082
 2024/07/01-14:30,7756,7758,7752,7755,6665
 2024/07/01-14:35,7755,7763,7752,7763,6309
 2024/07/01-14:40,7763,7763,7754,7755,7686
 2024/07/01-14:45,7755,7755,7748,7753,6912
 2024/07/01-14:50,7753,7754,7747,7751,5537
 2024/07/01-14:55,7751,7755,7747,7755,5914
 2024/07/01-15:00,7755,7759,7753,7754,11691
 2024/07/02-21:05,7777,7802,7764,7799,50981
 2024/07/02-21:10,7799,7800,7781,7786,21657
 2024/07/02-21:15,7787,7802,7781,7796,15216
 2024/07/02-21:20,7796,7797,7783,7784,11669
 2024/07/02-21:25,7784,7787,7772,7776,19924
 2024/07/02-21:30,7776,7785,7773,7784,10100
 2024/07/02-21:35,7784,7788,7774,7787,16307
 2024/07/02-21:40,7786,7809,7784,7804,29999
 2024/07/02-21:45,7804,7819,7800,7814,24815
 2024/07/02-21:50,7815,7821,7809,7820,20050
 2024/07/02-21:55,7820,7839,7818,7822,37006
 2024/07/02-22:00,7821,7825,7799,7800,23856
 2024/07/02-22:05,7800,7829,7800,7827,36454
 2024/07/02-22:10,7827,7834,7817,7818,22044
 2024/07/02-22:15,7818,7820,7805,7808,18367
 2024/07/02-22:20,7808,7815,7806,7807,11643
 2024/07/02-22:25,7807,7807,7783,7788,37361
 2024/07/02-22:30,7788,7798,7787,7793,18316
 2024/07/02-22:35,7793,7799,7786,7787,16070
 2024/07/02-22:40,7787,7793,7779,7781,14457
 2024/07/02-22:45,7781,7784,7765,7782,22206
 2024/07/02-22:50,7782,7785,7767,7769,15317
 2024/07/02-22:55,7769,7778,7769,7775,12100
 2024/07/02-23:00,7775,7785,7772,7781,13419
 2024/07/02-23:05,7781,7786,7777,7783,12796
 2024/07/02-23:10,7783,7790,7775,7789,11715
 2024/07/02-23:15,7789,7793,7785,7790,10437
 2024/07/02-23:20,7790,7798,7788,7793,10719
 2024/07/02-23:25,7793,7795,7785,7788,10257
 2024/07/02-23:30,7788,7789,7785,7787,4697
 2024/07/02-23:35,7787,7791,7786,7788,3967
 2024/07/02-23:40,7788,7790,7780,7781,6076
 2024/07/02-23:45,7781,7782,7776,7778,6783
 2024/07/02-23:50,7778,7786,7777,7785,4800
 2024/07/02-23:55,7785,7790,7784,7786,3952
 2024/07/02-00:00,7786,7788,7783,7787,3750
 2024/07/02-00:05,7788,7790,7782,7784,3217
 2024/07/02-00:10,7784,7789,7784,7788,2287
 2024/07/02-00:15,7788,7793,7786,7791,4283
 2024/07/02-00:20,7791,7801,7790,7800,7595
 2024/07/02-00:25,7800,7806,7797,7805,8027
 2024/07/02-00:30,7805,7805,7800,7801,6332
 2024/07/02-00:35,7802,7807,7799,7804,6125
 2024/07/02-00:40,7803,7805,7800,7802,3595
 2024/07/02-00:45,7802,7805,7800,7804,2559
 2024/07/02-00:50,7804,7804,7792,7794,6285
 2024/07/02-00:55,7794,7796,7792,7792,4247
 2024/07/02-01:00,7792,7797,7791,7795,3605
 2024/07/02-01:05,7795,7796,7793,7796,2000
 2024/07/02-01:10,7796,7799,7794,7797,2320
 2024/07/02-01:15,7797,7799,7794,7794,2557
 2024/07/02-01:20,7794,7798,7794,7796,1025
 2024/07/02-01:25,7796,7801,7796,7797,2412
 2024/07/02-01:30,7798,7801,7798,7800,1796
 2024/07/02-01:35,7801,7801,7798,7799,1044
 2024/07/02-01:40,7799,7800,7798,7798,742
 2024/07/02-01:45,7798,7798,7795,7795,1501
 2024/07/02-01:50,7795,7797,7784,7786,5752
 2024/07/02-01:55,7787,7792,7786,7789,2652
 2024/07/02-02:00,7789,7791,7789,7790,1201
 2024/07/02-02:05,7790,7790,7781,7784,4685
 2024/07/02-02:10,7784,7786,7782,7786,1420
 2024/07/02-02:15,7786,7787,7783,7784,1547
 2024/07/02-02:20,7785,7788,7783,7787,1215
 2024/07/02-02:25,7787,7787,7782,7783,1416
 2024/07/02-02:30,7783,7784,7780,7780,4556
 2024/07/02-09:05,7789,7821,7789,7813,35384
 2024/07/02-09:10,7813,7814,7804,7804,11073
 2024/07/02-09:15,7803,7809,7800,7807,8127
 2024/07/02-09:20,7807,7817,7807,7813,9407
 2024/07/02-09:25,7813,7819,7808,7819,7828
 2024/07/02-09:30,7819,7827,7818,7827,12458
 2024/07/02-09:35,7826,7830,7820,7829,10020
 2024/07/02-09:40,7829,7834,7825,7828,9828
 2024/07/02-09:45,7828,7832,7822,7822,6898
 2024/07/02-09:50,7823,7829,7821,7822,5209
 2024/07/02-09:55,7822,7833,7822,7832,6743
 2024/07/02-10:00,7831,7842,7831,7839,12568
 2024/07/02-10:05,7838,7840,7831,7833,7262
 2024/07/02-10:10,7833,7835,7828,7832,3224
 2024/07/02-10:15,7832,7835,7829,7831,4382
 2024/07/02-10:35,7831,7831,7822,7824,6236
 2024/07/02-10:40,7824,7829,7818,7820,6581
 2024/07/02-10:45,7820,7826,7819,7822,3803
 2024/07/02-10:50,7823,7826,7818,7820,3550
 2024/07/02-10:55,7820,7823,7813,7814,5646
 2024/07/02-11:00,7814,7822,7814,7821,3665
 2024/07/02-11:05,7821,7824,7817,7820,3467
 2024/07/02-11:10,7820,7821,7812,7814,5280
 2024/07/02-11:15,7814,7815,7808,7809,7511
 2024/07/02-11:20,7809,7815,7809,7814,4758
 2024/07/02-11:25,7813,7815,7810,7814,2989
 2024/07/02-11:30,7814,7820,7814,7816,5527
 2024/07/02-13:35,7817,7818,7809,7812,9921
 2024/07/02-13:40,7812,7813,7802,7804,11201
 2024/07/02-13:45,7804,7813,7804,7813,4126
 2024/07/02-13:50,7813,7820,7813,7817,5670
 2024/07/02-13:55,7818,7823,7818,7820,5931
 2024/07/02-14:00,7820,7821,7816,7820,3810
 2024/07/02-14:05,7820,7830,7820,7824,7752
 2024/07/02-14:10,7824,7828,7822,7824,4697
 2024/07/02-14:15,7824,7824,7816,7818,6811
 2024/07/02-14:20,7818,7820,7811,7814,6260
 2024/07/02-14:25,7814,7817,7809,7814,5077
 2024/07/02-14:30,7814,7818,7810,7811,3749
 2024/07/02-14:35,7811,7811,7803,7804,8968
 2024/07/02-14:40,7804,7812,7801,7811,7652
 2024/07/02-14:45,7811,7815,7810,7815,4102
 2024/07/02-14:50,7814,7817,7813,7814,5124
 2024/07/02-14:55,7814,7816,7812,7815,6577
 2024/07/02-15:00,7815,7820,7815,7819,9987
 2024/07/03-21:05,7859,7867,7837,7837,45170
 2024/07/03-21:10,7837,7843,7827,7829,22528
 2024/07/03-21:15,7829,7839,7828,7829,18006
 2024/07/03-21:20,7829,7832,7823,7831,15955
 2024/07/03-21:25,7831,7834,7825,7832,11645
 2024/07/03-21:30,7832,7833,7817,7827,14356
 2024/07/03-21:35,7827,7837,7819,7837,16741
 2024/07/03-21:40,7837,7854,7836,7848,29690
 2024/07/03-21:45,7849,7886,7846,7886,56292
 2024/07/03-21:50,7887,7891,7868,7889,42581
 2024/07/03-21:55,7889,7920,7889,7919,55345
 2024/07/03-22:00,7919,7933,7914,7925,51652
 2024/07/03-22:05,7924,7932,7904,7924,62643
 2024/07/03-22:10,7924,7926,7890,7890,44390
 2024/07/03-22:15,7888,7888,7868,7880,68787
 2024/07/03-22:20,7880,7891,7877,7884,28436
 2024/07/03-22:25,7884,7896,7878,7879,21654
 2024/07/03-22:30,7879,7890,7879,7889,11318
 2024/07/03-22:35,7890,7910,7889,7899,27259
 2024/07/03-22:40,7899,7906,7891,7894,14708
 2024/07/03-22:45,7894,7897,7876,7877,19247
 2024/07/03-22:50,7877,7888,7877,7880,15013
 2024/07/03-22:55,7880,7885,7869,7876,18757
 2024/07/03-23:00,7877,7886,7873,7883,14011
 2024/07/03-23:05,7884,7889,7876,7880,14892
 2024/07/03-23:10,7880,7888,7879,7886,8107
 2024/07/03-23:15,7886,7896,7886,7894,14059
 2024/07/03-23:20,7894,7896,7890,7893,8589
 2024/07/03-23:25,7893,7893,7887,7890,7856
 2024/07/03-23:30,7890,7890,7876,7881,12437
 2024/07/03-23:35,7881,7884,7860,7866,22194
 2024/07/03-23:40,7866,7871,7858,7858,18190
 2024/07/03-23:45,7859,7860,7846,7850,28433
 2024/07/03-23:50,7850,7858,7849,7853,12807
 2024/07/03-23:55,7853,7859,7851,7852,9064
 2024/07/03-00:00,7852,7854,7842,7843,13270
 2024/07/03-00:05,7843,7846,7835,7843,14331
 2024/07/03-00:10,7844,7845,7839,7843,6764
 2024/07/03-00:15,7843,7844,7828,7836,12529
 2024/07/03-00:20,7835,7838,7822,7825,13713
 2024/07/03-00:25,7825,7829,7814,7827,18466
 2024/07/03-00:30,7828,7833,7826,7833,7612
 2024/07/03-00:35,7833,7838,7829,7838,7025
 2024/07/03-00:40,7838,7838,7830,7831,4909
 2024/07/03-00:45,7831,7831,7826,7830,4598
 2024/07/03-00:50,7830,7836,7826,7836,4656
 2024/07/03-00:55,7836,7837,7830,7832,3902
 2024/07/03-01:00,7832,7834,7828,7828,3932
 2024/07/03-01:05,7829,7832,7825,7830,4316
 2024/07/03-01:10,7830,7835,7828,7833,2951
 2024/07/03-01:15,7833,7835,7832,7834,2517
 2024/07/03-01:20,7834,7834,7829,7830,2582
 2024/07/03-01:25,7830,7834,7828,7830,2867
 2024/07/03-01:30,7830,7838,7830,7836,3962
 2024/07/03-01:35,7836,7837,7831,7832,1816
 2024/07/03-01:40,7831,7834,7831,7833,1327
 2024/07/03-01:45,7833,7833,7831,7831,1251
 2024/07/03-01:50,7831,7832,7830,7831,1126
 2024/07/03-01:55,7832,7835,7830,7835,2263
 2024/07/03-02:00,7835,7836,7833,7834,1480
 2024/07/03-02:05,7834,7844,7833,7842,3736
 2024/07/03-02:10,7842,7848,7841,7844,3514
 2024/07/03-02:15,7844,7852,7844,7850,3702
 2024/07/03-02:20,7850,7852,7848,7852,2514
 2024/07/03-02:25,7851,7855,7851,7851,3229
 2024/07/03-02:30,7851,7856,7851,7853,5638
 2024/07/03-09:05,7857,7875,7856,7869,31336
 2024/07/03-09:10,7869,7879,7869,7877,13564
 2024/07/03-09:15,7877,7886,7874,7881,13201
 2024/07/03-09:20,7880,7883,7873,7880,11115
 2024/07/03-09:25,7880,7895,7879,7890,14513
 2024/07/03-09:30,7890,7892,7887,7890,6370
 2024/07/03-09:35,7890,7900,7882,7884,14042
 2024/07/03-09:40,7884,7888,7878,7885,9546
 2024/07/03-09:45,7885,7898,7885,7895,10137
 2024/07/03-09:50,7895,7897,7890,7893,5414
 2024/07/03-09:55,7892,7903,7887,7888,10228
 2024/07/03-10:00,7888,7893,7886,7891,4800
 2024/07/03-10:05,7891,7897,7891,7895,5034
 2024/07/03-10:10,7895,7902,7894,7899,5228
 2024/07/03-10:15,7899,7901,7895,7896,5135
 2024/07/03-10:35,7895,7895,7883,7885,11711
 2024/07/03-10:40,7886,7894,7885,7892,3517
 2024/07/03-10:45,7892,7894,7882,7883,6821
 2024/07/03-10:50,7883,7885,7869,7872,12993
 2024/07/03-10:55,7872,7874,7864,7869,10116
 2024/07/03-11:00,7868,7886,7868,7884,9070
 2024/07/03-11:05,7884,7885,7878,7884,5732
 2024/07/03-11:10,7884,7891,7880,7890,5681
 2024/07/03-11:15,7890,7891,7886,7887,3625
 2024/07/03-11:20,7887,7891,7885,7885,3127
 2024/07/03-11:25,7885,7887,7881,7886,3337
 2024/07/03-11:30,7886,7891,7885,7890,5492
 2024/07/03-13:35,7900,7920,7900,7910,35194
 2024/07/03-13:40,7911,7911,7897,7902,13097
 2024/07/03-13:45,7902,7913,7900,7908,9532
 2024/07/03-13:50,7908,7910,7900,7901,8343
 2024/07/03-13:55,7901,7905,7899,7904,4783
 2024/07/03-14:00,7904,7909,7901,7906,5688
 2024/07/03-14:05,7906,7913,7906,7908,7263
 2024/07/03-14:10,7908,7925,7908,7913,18026
 2024/07/03-14:15,7913,7919,7910,7918,6265
 2024/07/03-14:20,7918,7930,7918,7925,14050
 2024/07/03-14:25,7925,7936,7919,7936,14338
 2024/07/03-14:30,7936,7948,7936,7946,26900
 2024/07/03-14:35,7946,7947,7939,7943,10443
 2024/07/03-14:40,7943,7944,7933,7941,11685
 2024/07/03-14:45,7942,7960,7941,7959,21049
 2024/07/03-14:50,7959,7975,7959,7966,31442
 2024/07/03-14:55,7966,7973,7962,7970,16633
 2024/07/03-15:00,7970,7995,7969,7993,38271
 2024/07/04-21:05,8100,8105,8055,8064,113115
 2024/07/04-21:10,8063,8068,8042,8065,49445
 2024/07/04-21:15,8065,8073,8063,8066,29424
 2024/07/04-21:20,8066,8081,8063,8063,35474
 2024/07/04-21:25,8063,8063,8051,8063,27167
 2024/07/04-21:30,8063,8072,8057,8060,18000
 2024/07/04-21:35,8060,8074,8058,8067,19621
 2024/07/04-21:40,8067,8082,8066,8082,20519
 2024/07/04-21:45,8082,8098,8082,8096,34600
 2024/07/04-21:50,8096,8097,8082,8088,24063
 2024/07/04-21:55,8088,8096,8066,8068,27503
 2024/07/04-22:00,8068,8073,8062,8069,19331
 2024/07/04-22:05,8069,8093,8069,8087,39883
 2024/07/04-22:10,8087,8102,8087,8100,25977
 2024/07/04-22:15,8101,8101,8087,8097,19027
 2024/07/04-22:20,8098,8107,8096,8103,21831
 2024/07/04-22:25,8103,8121,8096,8116,37655
 2024/07/04-22:30,8116,8131,8109,8120,48476
 2024/07/04-22:35,8120,8134,8120,8126,25998
 2024/07/04-22:40,8126,8143,8125,8133,25613
 2024/07/04-22:45,8133,8136,8111,8117,27624
 2024/07/04-22:50,8118,8132,8116,8125,17004
 2024/07/04-22:55,8126,8130,8119,8127,13604
 2024/07/04-23:00,8127,8130,8106,8109,22718
 2024/07/04-23:05,8108,8113,8097,8105,25520
 2024/07/04-23:10,8105,8111,8104,8105,9544
 2024/07/04-23:15,8105,8110,8095,8108,17980
 2024/07/04-23:20,8108,8109,8094,8097,12710
 2024/07/04-23:25,8098,8102,8088,8100,21394
 2024/07/04-23:30,8100,8107,8099,8105,11250
 2024/07/04-23:35,8106,8106,8098,8103,12264
 2024/07/04-23:40,8103,8107,8101,8106,13876
 2024/07/04-23:45,8107,8113,8106,8113,17627
 2024/07/04-23:50,8114,8128,8113,8121,22184
 2024/07/04-23:55,8121,8125,8120,8123,12959
 2024/07/04-00:00,8123,8134,8123,8129,19346
 2024/07/04-00:05,8129,8131,8120,8124,11867
 2024/07/04-00:10,8125,8129,8120,8128,11700
 2024/07/04-00:15,8129,8132,8123,8132,14762
 2024/07/04-00:20,8132,8135,8128,8128,11051
 2024/07/04-00:25,8129,8135,8128,8129,13609
 2024/07/04-00:30,8129,8135,8129,8131,10405
 2024/07/04-00:35,8131,8134,8125,8131,9467
 2024/07/04-00:40,8131,8141,8129,8139,10940
 2024/07/04-00:45,8139,8149,8138,8138,12829
 2024/07/04-00:50,8139,8145,8133,8133,7230
 2024/07/04-00:55,8133,8138,8124,8127,7716
 2024/07/04-01:00,8127,8130,8124,8127,4929
 2024/07/04-01:05,8128,8128,8124,8126,4213
 2024/07/04-01:10,8126,8130,8117,8119,8487
 2024/07/04-01:15,8119,8126,8116,8125,6817
 2024/07/04-01:20,8124,8132,8124,8130,6222
 2024/07/04-01:25,8129,8135,8128,8128,7379
 2024/07/04-01:30,8128,8137,8128,8135,4791
 2024/07/04-01:35,8135,8136,8129,8131,3304
 2024/07/04-01:40,8131,8131,8129,8131,1240
 2024/07/04-01:45,8131,8133,8125,8126,3495
 2024/07/04-01:50,8126,8127,8123,8126,2448
 2024/07/04-01:55,8126,8128,8123,8124,1490
 2024/07/04-02:00,8124,8128,8122,8126,2243
 2024/07/04-02:05,8126,8131,8126,8130,2762
 2024/07/04-02:10,8130,8131,8125,8125,1863
 2024/07/04-02:15,8125,8128,8122,8127,3110
 2024/07/04-02:20,8127,8132,8127,8129,2390
 2024/07/04-02:25,8128,8131,8127,8128,1851
 2024/07/04-02:30,8129,8129,8122,8123,6379
 2024/07/04-09:05,8127,8128,8111,8116,29318
 2024/07/04-09:10,8115,8128,8115,8120,12800
 2024/07/04-09:15,8120,8123,8109,8111,10047
 2024/07/04-09:20,8110,8115,8098,8103,17977
 2024/07/04-09:25,8103,8113,8103,8111,8559
 2024/07/04-09:30,8112,8131,8111,8126,17243
 2024/07/04-09:35,8126,8127,8115,8123,9334
 2024/07/04-09:40,8123,8125,8119,8119,3949
 2024/07/04-09:45,8120,8129,8118,8128,6959
 2024/07/04-09:50,8128,8137,8123,8127,14543
 2024/07/04-09:55,8127,8129,8120,8125,5798
 2024/07/04-10:00,8125,8126,8121,8122,4210
 2024/07/04-10:05,8122,8124,8114,8114,7346
 2024/07/04-10:10,8115,8117,8110,8112,7164
 2024/07/04-10:15,8112,8118,8109,8111,6623
 2024/07/04-10:35,8111,8111,8103,8109,9345
 2024/07/04-10:40,8109,8112,8094,8096,12125
 2024/07/04-10:45,8096,8097,8068,8074,34466
 2024/07/04-10:50,8074,8090,8068,8089,21951
 2024/07/04-10:55,8089,8093,8084,8088,11423
 2024/07/04-11:00,8088,8089,8077,8077,11672
 2024/07/04-11:05,8077,8090,8074,8089,10809
 2024/07/04-11:10,8088,8088,8079,8081,5654
 2024/07/04-11:15,8081,8081,8063,8067,18894
 2024/07/04-11:20,8067,8076,8063,8066,11004
 2024/07/04-11:25,8066,8071,8061,8067,11010
 2024/07/04-11:30,8068,8076,8065,8070,8087
 2024/07/04-13:35,8066,8066,8052,8063,23305
 2024/07/04-13:40,8063,8071,8058,8067,11269
 2024/07/04-13:45,8067,8067,8054,8056,10193
 2024/07/04-13:50,8056,8059,8041,8053,19711
 2024/07/04-13:55,8053,8066,8053,8065,16152
 2024/07/04-14:00,8065,8071,8061,8065,13789
 2024/07/04-14:05,8065,8067,8052,8055,11886
 2024/07/04-14:10,8055,8059,8048,8053,10269
 2024/07/04-14:15,8052,8052,8031,8035,25200
 2024/07/04-14:20,8035,8035,8017,8024,33665
 2024/07/04-14:25,8024,8038,8018,8037,17375
 2024/07/04-14:30,8037,8037,8022,8025,13493
 2024/07/04-14:35,8025,8032,8014,8032,19366
 2024/07/04-14:40,8031,8045,8027,8044,15654
 2024/07/04-14:45,8045,8052,8040,8045,13128
 2024/07/04-14:50,8045,8049,8040,8042,10852
 2024/07/04-14:55,8042,8058,8042,8055,16120
 2024/07/04-15:00,8054,8054,8043,8046,16158
 2024/07/05-21:05,8045,8056,8041,8051,27726
 2024/07/05-21:10,8051,8054,8035,8039,16581
 2024/07/05-21:15,8039,8054,8039,8051,14286
 2024/07/05-21:20,8050,8055,8040,8052,16667
 2024/07/05-21:25,8051,8064,8044,8059,29552
 2024/07/05-21:30,8059,8065,8053,8062,22392
 2024/07/05-21:35,8062,8075,8061,8074,27235
 2024/07/05-21:40,8074,8082,8070,8072,29401
 2024/07/05-21:45,8071,8083,8067,8081,21234
 2024/07/05-21:50,8081,8092,8076,8087,24012
 2024/07/05-21:55,8087,8096,8086,8092,21138
 2024/07/05-22:00,8092,8111,8092,8105,30306
 2024/07/05-22:05,8105,8107,8093,8103,18406
 2024/07/05-22:10,8103,8104,8092,8102,18969
 2024/07/05-22:15,8102,8105,8094,8100,13673
 2024/07/05-22:20,8101,8102,8091,8102,14110
 2024/07/05-22:25,8102,8118,8100,8113,28680
 2024/07/05-22:30,8113,8114,8100,8102,14537
 2024/07/05-22:35,8102,8103,8094,8100,11467
 2024/07/05-22:40,8100,8102,8083,8090,24071
 2024/07/05-22:45,8090,8096,8088,8091,12979
 2024/07/05-22:50,8091,8098,8086,8086,12626
 2024/07/05-22:55,8086,8089,8067,8068,29277
 2024/07/05-23:00,8068,8077,8064,8069,19724
 2024/07/05-23:05,8069,8076,8060,8060,20272
 2024/07/05-23:10,8061,8074,8058,8072,19782
 2024/07/05-23:15,8072,8083,8072,8080,15509
 2024/07/05-23:20,8080,8082,8074,8076,8538
 2024/07/05-23:25,8075,8076,8062,8066,14917
 2024/07/05-23:30,8066,8077,8063,8073,9983
 2024/07/05-23:35,8073,8079,8073,8076,6136
 2024/07/05-23:40,8076,8077,8073,8075,3728
 2024/07/05-23:45,8075,8081,8075,8077,7047
 2024/07/05-23:50,8077,8077,8071,8076,5054
 2024/07/05-23:55,8076,8081,8075,8080,4524
 2024/07/05-00:00,8080,8080,8072,8073,4806
 2024/07/05-00:05,8073,8076,8071,8071,3928
 2024/07/05-00:10,8071,8072,8065,8069,6288
 2024/07/05-00:15,8069,8072,8068,8070,2327
 2024/07/05-00:20,8070,8075,8067,8073,3641
 2024/07/05-00:25,8073,8075,8073,8073,3082
 2024/07/05-00:30,8074,8077,8072,8072,2973
 2024/07/05-00:35,8072,8075,8070,8074,2167
 2024/07/05-00:40,8074,8076,8073,8074,1472
 2024/07/05-00:45,8074,8075,8071,8072,1794
 2024/07/05-00:50,8072,8074,8072,8073,1238
 2024/07/05-00:55,8073,8077,8073,8075,2023
 2024/07/05-01:00,8075,8090,8074,8085,9737
 2024/07/05-01:05,8085,8087,8082,8083,4068
 2024/07/05-01:10,8083,8084,8080,8081,2454
 2024/07/05-01:15,8081,8081,8072,8074,4135
 2024/07/05-01:20,8074,8074,8065,8068,6255
 2024/07/05-01:25,8068,8072,8067,8071,1930
 2024/07/05-01:30,8071,8074,8070,8071,1860
 2024/07/05-01:35,8071,8071,8068,8071,1504
 2024/07/05-01:40,8071,8071,8070,8071,699
 2024/07/05-01:45,8071,8074,8071,8071,1159
 2024/07/05-01:50,8071,8071,8068,8070,996
 2024/07/05-01:55,8070,8073,8070,8070,683
 2024/07/05-02:00,8070,8075,8070,8073,1613
 2024/07/05-02:05,8073,8074,8072,8073,764
 2024/07/05-02:10,8073,8074,8071,8074,1074
 2024/07/05-02:15,8074,8078,8074,8076,2006
 2024/07/05-02:20,8076,8076,8071,8073,1254
 2024/07/05-02:25,8073,8075,8072,8074,885
 2024/07/05-02:30,8074,8079,8073,8077,3778
 2024/07/05-09:05,8081,8117,8081,8104,36831
 2024/07/05-09:10,8104,8110,8096,8108,15857
 2024/07/05-09:15,8108,8114,8103,8104,13172
 2024/07/05-09:20,8104,8113,8102,8103,9345
 2024/07/05-09:25,8103,8104,8068,8074,27029
 2024/07/05-09:30,8075,8088,8072,8086,12880
 2024/07/05-09:35,8086,8090,8077,8082,9350
 2024/07/05-09:40,8082,8084,8075,8084,6327
 2024/07/05-09:45,8084,8097,8083,8097,9327
 2024/07/05-09:50,8097,8101,8094,8096,8867
 2024/07/05-09:55,8096,8106,8094,8102,8048
 2024/07/05-10:00,8102,8110,8101,8103,8906
 2024/07/05-10:05,8103,8120,8101,8115,15559
 2024/07/05-10:10,8115,8117,8108,8115,9780
 2024/07/05-10:15,8115,8115,8107,8109,6453
 2024/07/05-10:35,8112,8123,8110,8112,17577
 2024/07/05-10:40,8112,8122,8109,8121,7543
 2024/07/05-10:45,8121,8129,8117,8120,13968
 2024/07/05-10:50,8120,8120,8105,8109,12677
 2024/07/05-10:55,8109,8117,8108,8113,6009
 2024/07/05-11:00,8113,8114,8102,8104,9841
 2024/07/05-11:05,8104,8110,8101,8108,6936
 2024/07/05-11:10,8108,8116,8106,8106,5782
 2024/07/05-11:15,8106,8109,8099,8104,6264
 2024/07/05-11:20,8104,8109,8101,8108,4303
 2024/07/05-11:25,8107,8109,8099,8100,4669
 2024/07/05-11:30,8100,8100,8091,8097,12491
 2024/07/05-13:35,8099,8109,8099,8104,12749
 2024/07/05-13:40,8104,8110,8103,8108,7372
 2024/07/05-13:45,8108,8112,8098,8102,9253
 2024/07/05-13:50,8102,8115,8101,8115,11116
 2024/07/05-13:55,8115,8129,8114,8120,17962
 2024/07/05-14:00,8120,8127,8120,8123,9297
 2024/07/05-14:05,8123,8133,8122,8130,13963
 2024/07/05-14:10,8131,8148,8126,8146,26677
 2024/07/05-14:15,8146,8147,8136,8138,18539
 2024/07/05-14:20,8137,8138,8128,8132,15968
 2024/07/05-14:25,8131,8134,8124,8133,20299
 2024/07/05-14:30,8134,8134,8123,8124,12512
 2024/07/05-14:35,8124,8129,8119,8128,11256
 2024/07/05-14:40,8128,8130,8124,8126,6770
 2024/07/05-14:45,8126,8128,8120,8120,8985
 2024/07/05-14:50,8120,8122,8113,8116,18214
 2024/07/05-14:55,8116,8123,8115,8117,14397
 2024/07/05-15:00,8117,8122,8115,8121,18264
 2024/07/08-21:05,8153,8160,8127,8139,88921
 2024/07/08-21:10,8139,8181,8135,8176,60952
 2024/07/08-21:15,8176,8209,8172,8204,71919
 2024/07/08-21:20,8204,8204,8183,8188,46554
 2024/07/08-21:25,8188,8189,8145,8172,69255
 2024/07/08-21:30,8171,8195,8170,8190,35536
 2024/07/08-21:35,8191,8206,8186,8199,47836
 2024/07/08-21:40,8199,8203,8187,8191,35927
 2024/07/08-21:45,8191,8224,8190,8214,51241
 2024/07/08-21:50,8215,8223,8191,8202,46391
 2024/07/08-21:55,8201,8210,8193,8196,28745
 2024/07/08-22:00,8196,8216,8188,8210,33266
 2024/07/08-22:05,8211,8218,8195,8197,28404
 2024/07/08-22:10,8197,8203,8177,8186,36524
 2024/07/08-22:15,8186,8197,8176,8194,30269
 2024/07/08-22:20,8193,8199,8181,8195,24166
 2024/07/08-22:25,8195,8202,8189,8198,16142
 2024/07/08-22:30,8198,8207,8194,8197,16061
 2024/07/08-22:35,8197,8226,8196,8218,30016
 2024/07/08-22:40,8218,8232,8213,8231,30469
 2024/07/08-22:45,8230,8244,8221,8238,39012
 2024/07/08-22:50,8238,8243,8231,8236,24626
 2024/07/08-22:55,8236,8243,8229,8237,23320
 2024/07/08-23:00,8237,8239,8222,8223,20194
 2024/07/08-23:05,8224,8228,8216,8226,24264
 2024/07/08-23:10,8226,8247,8224,8245,25219
 2024/07/08-23:15,8246,8258,8241,8254,27304
 2024/07/08-23:20,8253,8262,8251,8258,27778
 2024/07/08-23:25,8258,8261,8245,8246,22656
 2024/07/08-23:30,8247,8259,8244,8254,17605
 2024/07/08-23:35,8254,8269,8251,8264,22000
 2024/07/08-23:40,8264,8264,8253,8255,14156
 2024/07/08-23:45,8255,8263,8254,8260,12222
 2024/07/08-23:50,8260,8273,8259,8269,20579
 2024/07/08-23:55,8269,8279,8267,8276,26672
 2024/07/08-00:00,8276,8310,8275,8309,43719
 2024/07/08-00:05,8309,8309,8294,8306,29832
 2024/07/08-00:10,8306,8310,8303,8303,20053
 2024/07/08-00:15,8303,8306,8294,8297,19035
 2024/07/08-00:20,8296,8305,8293,8305,17913
 2024/07/08-00:25,8305,8305,8298,8301,9227
 2024/07/08-00:30,8301,8310,8301,8306,12415
 2024/07/08-00:35,8306,8323,8303,8320,23804
 2024/07/08-00:40,8321,8328,8318,8320,17436
 2024/07/08-00:45,8321,8321,8313,8318,11335
 2024/07/08-00:50,8318,8326,8317,8325,10629
 2024/07/08-00:55,8326,8326,8319,8321,7808
 2024/07/08-01:00,8322,8335,8321,8334,18525
 2024/07/08-01:05,8334,8340,8325,8336,18382
 2024/07/08-01:10,8337,8342,8334,8337,12180
 2024/07/08-01:15,8338,8342,8337,8340,7681
 2024/07/08-01:20,8340,8340,8279,8290,67029
 2024/07/08-01:25,8290,8311,8278,8304,28014
 2024/07/08-01:30,8303,8305,8291,8299,18119
 2024/07/08-01:35,8297,8297,8265,8265,27482
 2024/07/08-01:40,8265,8272,8250,8255,37108
 2024/07/08-01:45,8255,8266,8245,8265,25254
 2024/07/08-01:50,8265,8281,8262,8264,26884
 2024/07/08-01:55,8264,8267,8260,8263,7730
 2024/07/08-02:00,8263,8263,8247,8259,18872
 2024/07/08-02:05,8259,8265,8254,8254,10104
 2024/07/08-02:10,8254,8270,8254,8269,9825
 2024/07/08-02:15,8268,8269,8260,8267,8636
 2024/07/08-02:20,8267,8284,8266,8280,14791
 2024/07/08-02:25,8280,8297,8277,8288,17007
 2024/07/08-02:30,8288,8297,8287,8289,17026
 2024/07/08-09:05,8279,8279,8240,8265,63600
 2024/07/08-09:10,8265,8281,8246,8279,31912
 2024/07/08-09:15,8278,8287,8274,8280,25297
 2024/07/08-09:20,8281,8289,8277,8282,15359
 2024/07/08-09:25,8282,8287,8268,8282,15305
 2024/07/08-09:30,8282,8296,8281,8291,19214
 2024/07/08-09:35,8291,8292,8276,8277,13738
 2024/07/08-09:40,8277,8280,8267,8267,12713
 2024/07/08-09:45,8267,8270,8254,8257,18810
 2024/07/08-09:50,8257,8265,8253,8260,15148
 2024/07/08-09:55,8260,8269,8255,8255,9667
 2024/07/08-10:00,8255,8262,8251,8261,12936
 2024/07/08-10:05,8261,8264,8252,8258,9287
 2024/07/08-10:10,8258,8260,8249,8255,11712
 2024/07/08-10:15,8256,8258,8250,8253,5095
 2024/07/08-10:35,8253,8257,8233,8245,22095
 2024/07/08-10:40,8245,8245,8219,8238,33339
 2024/07/08-10:45,8238,8239,8205,8205,31026
 2024/07/08-10:50,8205,8212,8196,8205,28429
 2024/07/08-10:55,8205,8207,8189,8200,26366
 2024/07/08-11:00,8200,8208,8199,8200,14533
 2024/07/08-11:05,8201,8208,8198,8207,9618
 2024/07/08-11:10,8207,8210,8190,8192,12406
 2024/07/08-11:15,8193,8205,8185,8203,16443
 2024/07/08-11:20,8203,8213,8202,8209,10339
 2024/07/08-11:25,8209,8218,8203,8218,9733
 2024/07/08-11:30,8218,8219,8209,8215,9255
 2024/07/08-13:35,8215,8215,8202,8205,13049
 2024/07/08-13:40,8205,8207,8196,8203,10251
 2024/07/08-13:45,8203,8206,8193,8202,9305
 2024/07/08-13:50,8202,8204,8180,8180,22207
 2024/07/08-13:55,8180,8185,8169,8177,22177
 2024/07/08-14:00,8178,8183,8173,8180,10797
 2024/07/08-14:05,8180,8180,8147,8160,32896
 2024/07/08-14:10,8161,8166,8155,8159,14157
 2024/07/08-14:15,8159,8177,8158,8176,16937
 2024/07/08-14:20,8175,8186,8173,8178,14416
 2024/07/08-14:25,8177,8190,8173,8174,11656
 2024/07/08-14:30,8174,8181,8167,8172,10713
 2024/07/08-14:35,8171,8181,8169,8173,9834
 2024/07/08-14:40,8173,8173,8163,8164,10168
 2024/07/08-14:45,8164,8174,8158,8173,11503
 2024/07/08-14:50,8173,8184,8172,8178,18408
 2024/07/08-14:55,8179,8181,8166,8168,12130
 2024/07/08-15:00,8169,8172,8164,8168,16860
 2024/07/09-21:05,8193,8193,8170,8183,43979
 2024/07/09-21:10,8183,8198,8175,8190,21678
 2024/07/09-21:15,8190,8205,8183,8195,30862
 2024/07/09-21:20,8196,8203,8188,8189,15144
 2024/07/09-21:25,8189,8199,8181,8195,14656
 2024/07/09-21:30,8195,8203,8193,8201,12901
 2024/07/09-21:35,8201,8216,8199,8214,27235
 2024/07/09-21:40,8214,8217,8195,8208,23145
 2024/07/09-21:45,8207,8209,8197,8203,12997
 2024/07/09-21:50,8203,8214,8201,8202,16289
 2024/07/09-21:55,8201,8207,8195,8200,11949
 2024/07/09-22:00,8200,8211,8199,8207,9455
 2024/07/09-22:05,8208,8223,8205,8222,21116
 2024/07/09-22:10,8222,8231,8217,8230,19641
 2024/07/09-22:15,8230,8231,8223,8226,15068
 2024/07/09-22:20,8226,8226,8220,8221,10527
 2024/07/09-22:25,8222,8225,8213,8217,13156
 2024/07/09-22:30,8217,8223,8208,8220,14061
 2024/07/09-22:35,8220,8226,8214,8224,9468
 2024/07/09-22:40,8224,8228,8221,8226,8906
 2024/07/09-22:45,8226,8233,8217,8218,12612
 2024/07/09-22:50,8219,8220,8211,8212,11849
 2024/07/09-22:55,8212,8217,8201,8204,19902
 2024/07/09-23:00,8204,8205,8186,8192,26215
 2024/07/09-23:05,8192,8199,8179,8180,22138
 2024/07/09-23:10,8180,8193,8180,8192,12800
 2024/07/09-23:15,8192,8192,8175,8180,13257
 2024/07/09-23:20,8180,8190,8180,8190,9435
 2024/07/09-23:25,8190,8196,8186,8189,9051
 2024/07/09-23:30,8189,8189,8181,8182,10244
 2024/07/09-23:35,8182,8183,8161,8162,27208
 2024/07/09-23:40,8162,8168,8147,8152,27776
 2024/07/09-23:45,8151,8157,8148,8148,15237
 2024/07/09-23:50,8145,8145,8091,8098,87527
 2024/07/09-23:55,8098,8106,8085,8095,36624
 2024/07/09-00:00,8095,8102,8090,8101,23045
 2024/07/09-00:05,8099,8100,8066,8068,37646
 2024/07/09-00:10,8068,8079,8056,8076,33051
 2024/07/09-00:15,8076,8084,8073,8075,17609
 2024/07/09-00:20,8075,8080,8072,8079,9681
 2024/07/09-00:25,8079,8085,8064,8070,19311
 2024/07/09-00:30,8069,8081,8065,8080,10565
 2024/07/09-00:35,8080,8088,8079,8087,11395
 2024/07/09-00:40,8087,8094,8086,8090,11990
 2024/07/09-00:45,8089,8097,8087,8096,8069
 2024/07/09-00:50,8096,8100,8093,8099,8792
 2024/07/09-00:55,8099,8102,8089,8089,10548
 2024/07/09-01:00,8089,8096,8089,8096,5180
 2024/07/09-01:05,8096,8097,8091,8092,5461
 2024/07/09-01:10,8092,8093,8089,8091,5068
 2024/07/09-01:15,8091,8106,8090,8100,8450
 2024/07/09-01:20,8100,8100,8096,8096,2926
 2024/07/09-01:25,8096,8096,8088,8094,5653
 2024/07/09-01:30,8094,8094,8084,8085,5219
 2024/07/09-01:35,8085,8095,8085,8095,4897
 2024/07/09-01:40,8095,8097,8092,8097,2561
 2024/07/09-01:45,8097,8100,8095,8098,2468
 2024/07/09-01:50,8097,8098,8094,8094,2480
 2024/07/09-01:55,8094,8098,8094,8097,1538
 2024/07/09-02:00,8097,8104,8095,8102,2778
 2024/07/09-02:05,8103,8104,8099,8104,3511
 2024/07/09-02:10,8104,8104,8098,8102,2085
 2024/07/09-02:15,8102,8103,8100,8102,1659
 2024/07/09-02:20,8102,8104,8101,8103,1708
 2024/07/09-02:25,8103,8103,8099,8100,1949
 2024/07/09-02:30,8100,8113,8099,8111,8167
 2024/07/09-09:05,8119,8144,8119,8134,46655
 2024/07/09-09:10,8134,8148,8130,8148,17388
 2024/07/09-09:15,8148,8164,8148,8160,28238
 2024/07/09-09:20,8161,8162,8148,8152,15873
 2024/07/09-09:25,8152,8155,8141,8145,11971
 2024/07/09-09:30,8145,8159,8137,8158,15724
 2024/07/09-09:35,8158,8176,8158,8170,23430
 2024/07/09-09:40,8170,8184,8161,8184,18489
 2024/07/09-09:45,8184,8194,8175,8186,20462
 2024/07/09-09:50,8186,8189,8176,8176,11616
 2024/07/09-09:55,8177,8179,8167,8175,9568
 2024/07/09-10:00,8175,8176,8166,8171,7331
 2024/07/09-10:05,8171,8171,8156,8162,12027
 2024/07/09-10:10,8162,8163,8153,8156,8951
 2024/07/09-10:15,8156,8158,8149,8154,10144
 2024/07/09-10:35,8153,8166,8153,8160,13203
 2024/07/09-10:40,8160,8161,8151,8158,8212
 2024/07/09-10:45,8158,8166,8156,8164,5924
 2024/07/09-10:50,8164,8178,8164,8178,12088
 2024/07/09-10:55,8178,8183,8172,8174,11444
 2024/07/09-11:00,8173,8176,8154,8157,13312
 2024/07/09-11:05,8157,8181,8155,8181,13224
 2024/07/09-11:10,8181,8186,8170,8170,13095
 2024/07/09-11:15,8170,8171,8162,8170,7846
 2024/07/09-11:20,8169,8178,8167,8178,9347
 2024/07/09-11:25,8178,8180,8162,8164,7337
 2024/07/09-11:30,8164,8172,8161,8171,7943
 2024/07/09-13:35,8174,8199,8174,8190,30115
 2024/07/09-13:40,8191,8197,8184,8190,12402
 2024/07/09-13:45,8190,8199,8188,8190,9352
 2024/07/09-13:50,8189,8193,8183,8188,8228
 2024/07/09-13:55,8188,8209,8187,8201,19423
 2024/07/09-14:00,8201,8207,8196,8197,9442
 2024/07/09-14:05,8197,8222,8197,8215,23335
 2024/07/09-14:10,8215,8222,8215,8216,13622
 2024/07/09-14:15,8216,8216,8202,8204,10981
 2024/07/09-14:20,8204,8206,8191,8193,13926
 2024/07/09-14:25,8193,8201,8192,8195,9523
 2024/07/09-14:30,8195,8197,8189,8191,9204
 2024/07/09-14:35,8192,8203,8190,8198,10616
 2024/07/09-14:40,8198,8206,8187,8189,12540
 2024/07/09-14:45,8189,8200,8188,8200,7543
 2024/07/09-14:50,8200,8205,8196,8203,6681
 2024/07/09-14:55,8203,8203,8195,8196,5528
 2024/07/09-15:00,8196,8204,8195,8204,13068
 2024/07/10-21:05,8178,8189,8171,8184,38068
 2024/07/10-21:10,8184,8191,8166,8169,30437
 2024/07/10-21:15,8168,8194,8168,8193,24436
 2024/07/10-21:20,8193,8206,8187,8204,22513
 2024/07/10-21:25,8204,8209,8198,8204,18487
 2024/07/10-21:30,8204,8215,8196,8198,19287
 2024/07/10-21:35,8199,8209,8194,8207,17014
 2024/07/10-21:40,8207,8223,8207,8214,28709
 2024/07/10-21:45,8214,8218,8204,8205,21656
 2024/07/10-21:50,8205,8209,8196,8202,17548
 2024/07/10-21:55,8203,8208,8187,8191,18683
 2024/07/10-22:00,8191,8199,8187,8197,11109
 2024/07/10-22:05,8197,8220,8152,8155,64567
 2024/07/10-22:10,8155,8165,8124,8160,84405
 2024/07/10-22:15,8161,8176,8148,8169,39863
 2024/07/10-22:20,8169,8176,8155,8155,26817
 2024/07/10-22:25,8156,8157,8140,8142,33093
 2024/07/10-22:30,8142,8155,8133,8154,28961
 2024/07/10-22:35,8154,8175,8148,8174,27785
 2024/07/10-22:40,8174,8187,8171,8173,31696
 2024/07/10-22:45,8174,8174,8162,8164,16477
 2024/07/10-22:50,8163,8170,8148,8155,20389
 2024/07/10-22:55,8154,8156,8144,8149,21933
 2024/07/10-23:00,8149,8151,8118,8127,45438
 2024/07/10-23:05,8127,8135,8110,8129,41067
 2024/07/10-23:10,8129,8135,8104,8119,33398
 2024/07/10-23:15,8118,8124,8105,8106,25122
 2024/07/10-23:20,8106,8106,8089,8092,42264
 2024/07/10-23:25,8092,8098,8078,8095,40384
 2024/07/10-23:30,8095,8103,8086,8095,22518
 2024/07/10-23:35,8095,8102,8090,8100,15825
 2024/07/10-23:40,8100,8116,8095,8113,23764
 2024/07/10-23:45,8113,8125,8109,8123,22124
 2024/07/10-23:50,8123,8132,8121,8125,21328
 2024/07/10-23:55,8124,8128,8120,8126,12433
 2024/07/10-00:00,8127,8138,8124,8133,18690
 2024/07/10-00:05,8132,8149,8132,8138,21147
 2024/07/10-00:10,8138,8141,8133,8139,7963
 2024/07/10-00:15,8139,8144,8134,8138,9240
 2024/07/10-00:20,8138,8138,8128,8131,11968
 2024/07/10-00:25,8131,8132,8127,8129,5975
 2024/07/10-00:30,8130,8156,8129,8148,18950
 2024/07/10-00:35,8149,8151,8135,8136,9225
 2024/07/10-00:40,8136,8139,8129,8137,8445
 2024/07/10-00:45,8137,8142,8130,8134,7027
 2024/07/10-00:50,8134,8137,8130,8133,3852
 2024/07/10-00:55,8133,8141,8130,8140,5596
 2024/07/10-01:00,8139,8139,8132,8138,3669
 2024/07/10-01:05,8138,8149,8138,8148,7612
 2024/07/10-01:10,8147,8148,8141,8144,3875
 2024/07/10-01:15,8144,8144,8138,8139,4289
 2024/07/10-01:20,8139,8141,8134,8135,4431
 2024/07/10-01:25,8135,8143,8135,8141,2684
 2024/07/10-01:30,8141,8141,8130,8137,6233
 2024/07/10-01:35,8137,8138,8134,8137,1490
 2024/07/10-01:40,8137,8139,8134,8139,1591
 2024/07/10-01:45,8140,8142,8137,8141,3070
 2024/07/10-01:50,8141,8147,8139,8143,3916
 2024/07/10-01:55,8143,8143,8139,8139,1787
 2024/07/10-02:00,8139,8141,8136,8139,2157
 2024/07/10-02:05,8139,8139,8133,8136,2947
 2024/07/10-02:10,8136,8144,8135,8141,3039
 2024/07/10-02:15,8141,8144,8140,8140,1268
 2024/07/10-02:20,8140,8150,8140,8147,3519
 2024/07/10-02:25,8147,8164,8146,8161,8734
 2024/07/10-02:30,8161,8171,8157,8166,9661
 2024/07/10-09:05,8159,8166,8148,8164,23853
 2024/07/10-09:10,8163,8163,8150,8156,11760
 2024/07/10-09:15,8156,8162,8154,8155,8010
 2024/07/10-09:20,8155,8184,8154,8179,21980
 2024/07/10-09:25,8179,8185,8173,8177,12048
 2024/07/10-09:30,8177,8179,8167,8176,9084
 2024/07/10-09:35,8176,8194,8176,8190,16722
 2024/07/10-09:40,8191,8199,8186,8197,14348
 2024/07/10-09:45,8197,8203,8193,8198,15215
 2024/07/10-09:50,8198,8200,8188,8192,11161
 2024/07/10-09:55,8192,8195,8184,8187,7855
 2024/07/10-10:00,8187,8189,8179,8181,12619
 2024/07/10-10:05,8181,8188,8174,8185,8855
 2024/07/10-10:10,8186,8190,8179,8180,6214
 2024/07/10-10:15,8180,8182,8173,8178,8666
 2024/07/10-10:35,8177,8183,8168,8181,10313
 2024/07/10-10:40,8181,8187,8177,8182,7160
 2024/07/10-10:45,8182,8188,8181,8184,4492
 2024/07/10-10:50,8184,8188,8183,8188,3777
 2024/07/10-10:55,8188,8201,8187,8195,12104
 2024/07/10-11:00,8195,8200,8193,8196,5922
 2024/07/10-11:05,8196,8198,8190,8190,5176
 2024/07/10-11:10,8190,8190,8179,8183,8765
 2024/07/10-11:15,8183,8183,8173,8175,8129
 2024/07/10-11:20,8175,8175,8152,8158,22146
 2024/07/10-11:25,8157,8163,8155,8163,9521
 2024/07/10-11:30,8162,8170,8160,8168,8999
 2024/07/10-13:35,8157,8157,8139,8156,29862
 2024/07/10-13:40,8156,8159,8148,8156,10529
 2024/07/10-13:45,8156,8157,8146,8148,9240
 2024/07/10-13:50,8147,8148,8124,8126,24946
 2024/07/10-13:55,8126,8130,8111,8114,26863
 2024/07/10-14:00,8114,8138,8114,8138,19696
 2024/07/10-14:05,8138,8142,8134,8140,14484
 2024/07/10-14:10,8140,8140,8130,8135,8590
 2024/07/10-14:15,8135,8140,8124,8126,9951
 2024/07/10-14:20,8126,8135,8119,8134,11756
 2024/07/10-14:25,8134,8146,8132,8141,11970
 2024/07/10-14:30,8142,8146,8134,8142,8343
 2024/07/10-14:35,8142,8144,8133,8137,6011
 2024/07/10-14:40,8137,8140,8136,8137,3746
 2024/07/10-14:45,8137,8150,8135,8148,9856
 2024/07/10-14:50,8148,8169,8147,8168,20649
 2024/07/10-14:55,8168,8173,8163,8166,16276
 2024/07/10-15:00,8166,8170,8161,8167,15530
 2024/07/11-21:05,8199,8224,8194,8199,59167
 2024/07/11-21:10,8199,8204,8189,8196,27594
 2024/07/11-21:15,8196,8199,8186,8189,19091
 2024/07/11-21:20,8189,8198,8185,8190,16748
 2024/07/11-21:25,8191,8196,8178,8185,17625
 2024/07/11-21:30,8186,8197,8183,8195,16560
 2024/07/11-21:35,8196,8203,8183,8195,25371
 2024/07/11-21:40,8195,8207,8187,8188,28674
 2024/07/11-21:45,8188,8196,8182,8188,16189
 2024/07/11-21:50,8188,8204,8188,8199,16885
 2024/07/11-21:55,8199,8227,8199,8222,37242
 2024/07/11-22:00,8222,8242,8220,8221,45597
 2024/07/11-22:05,8221,8223,8211,8218,27542
 2024/07/11-22:10,8218,8222,8203,8217,24277
 2024/07/11-22:15,8217,8217,8193,8200,25255
 2024/07/11-22:20,8201,8204,8172,8173,43597
 2024/07/11-22:25,8173,8180,8157,8179,49578
 2024/07/11-22:30,8180,8181,8169,8170,21313
 2024/07/11-22:35,8170,8176,8159,8175,22567
 2024/07/11-22:40,8174,8179,8159,8166,21573
 2024/07/11-22:45,8167,8167,8143,8162,37012
 2024/07/11-22:50,8162,8166,8151,8158,16575
 2024/07/11-22:55,8158,8168,8157,8166,15393
 2024/07/11-23:00,8166,8171,8150,8150,16906
 2024/07/11-23:05,8150,8167,8143,8162,27155
 2024/07/11-23:10,8161,8169,8156,8166,12647
 2024/07/11-23:15,8166,8169,8160,8169,9103
 2024/07/11-23:20,8168,8173,8160,8171,13258
 2024/07/11-23:25,8172,8187,8169,8182,24903
 2024/07/11-23:30,8182,8185,8179,8184,10429
 2024/07/11-23:35,8182,8191,8179,8182,15703
 2024/07/11-23:40,8182,8182,8171,8177,11660
 2024/07/11-23:45,8177,8181,8172,8174,6962
 2024/07/11-23:50,8174,8174,8163,8166,11354
 2024/07/11-23:55,8165,8175,8165,8170,8436
 2024/07/11-00:00,8170,8174,8167,8170,5004
 2024/07/11-00:05,8170,8173,8169,8171,2887
 2024/07/11-00:10,8171,8179,8166,8177,9077
 2024/07/11-00:15,8177,8184,8176,8179,7195
 2024/07/11-00:20,8179,8181,8177,8179,3311
 2024/07/11-00:25,8179,8180,8173,8175,3976
 2024/07/11-00:30,8175,8176,8170,8173,3426
 2024/07/11-00:35,8174,8176,8173,8174,2526
 2024/07/11-00:40,8174,8175,8166,8169,5285
 2024/07/11-00:45,8170,8171,8161,8167,6657
 2024/07/11-00:50,8167,8171,8166,8170,2908
 2024/07/11-00:55,8170,8175,8168,8169,3245
 2024/07/11-01:00,8169,8169,8163,8164,5014
 2024/07/11-01:05,8164,8168,8162,8168,4656
 2024/07/11-01:10,8167,8167,8158,8158,4906
 2024/07/11-01:15,8158,8160,8147,8148,13715
 2024/07/11-01:20,8148,8154,8146,8150,6262
 2024/07/11-01:25,8150,8150,8128,8135,22855
 2024/07/11-01:30,8136,8138,8126,8130,10010
 2024/07/11-01:35,8130,8134,8123,8127,8767
 2024/07/11-01:40,8128,8130,8119,8126,8912
 2024/07/11-01:45,8126,8127,8117,8127,8587
 2024/07/11-01:50,8127,8146,8124,8144,12851
 2024/07/11-01:55,8144,8152,8141,8141,9021
 2024/07/11-02:00,8141,8165,8141,8163,12230
 2024/07/11-02:05,8163,8169,8154,8156,10135
 2024/07/11-02:10,8156,8157,8148,8153,5613
 2024/07/11-02:15,8153,8156,8149,8153,3354
 2024/07/11-02:20,8153,8165,8151,8165,5067
 2024/07/11-02:25,8165,8165,8159,8160,3354
 2024/07/11-02:30,8161,8161,8151,8159,7485
 2024/07/11-09:05,8166,8184,8166,8178,28946
 2024/07/11-09:10,8178,8188,8178,8186,15446
 2024/07/11-09:15,8186,8190,8179,8188,10876
 2024/07/11-09:20,8187,8189,8179,8180,9133
 2024/07/11-09:25,8180,8185,8178,8180,6033
 2024/07/11-09:30,8180,8182,8171,8176,7954
 2024/07/11-09:35,8176,8191,8176,8188,11881
 2024/07/11-09:40,8189,8201,8188,8194,18527
 2024/07/11-09:45,8194,8200,8189,8199,11631
 2024/07/11-09:50,8198,8201,8190,8193,8555
 2024/07/11-09:55,8194,8195,8182,8191,8696
 2024/07/11-10:00,8191,8192,8189,8190,4687
 2024/07/11-10:05,8190,8199,8187,8197,6413
 2024/07/11-10:10,8196,8204,8195,8195,9679
 2024/07/11-10:15,8195,8196,8188,8195,5682
 2024/07/11-10:35,8194,8204,8192,8192,8547
 2024/07/11-10:40,8193,8200,8191,8199,4461
 2024/07/11-10:45,8198,8201,8194,8201,4463
 2024/07/11-10:50,8202,8204,8198,8199,7351
 2024/07/11-10:55,8199,8200,8185,8186,9185
 2024/07/11-11:00,8186,8194,8185,8188,5821
 2024/07/11-11:05,8189,8190,8183,8188,5309
 2024/07/11-11:10,8188,8201,8186,8201,6438
 2024/07/11-11:15,8200,8210,8199,8206,13416
 2024/07/11-11:20,8205,8208,8199,8200,6224
 2024/07/11-11:25,8200,8205,8199,8201,4611
 2024/07/11-11:30,8201,8212,8201,8210,9349
 2024/07/11-13:35,8212,8226,8212,8223,29393
 2024/07/11-13:40,8223,8226,8216,8220,12250
 2024/07/11-13:45,8220,8228,8215,8223,12943
 2024/07/11-13:50,8223,8230,8221,8224,13591
 2024/07/11-13:55,8224,8226,8220,8225,9314
 2024/07/11-14:00,8225,8231,8222,8228,7070
 2024/07/11-14:05,8228,8233,8226,8229,12026
 2024/07/11-14:10,8230,8231,8223,8224,7076
 2024/07/11-14:15,8224,8225,8209,8210,12804
 2024/07/11-14:20,8210,8214,8203,8206,13727
 2024/07/11-14:25,8205,8212,8203,8210,8958
 2024/07/11-14:30,8210,8210,8194,8197,13857
 2024/07/11-14:35,8197,8200,8193,8200,10216
 2024/07/11-14:40,8200,8207,8191,8206,11198
 2024/07/11-14:45,8206,8211,8202,8203,8760
 2024/07/11-14:50,8203,8209,8199,8209,8652
 2024/07/11-14:55,8208,8218,8206,8215,10674
 2024/07/11-15:00,8215,8222,8215,8222,14538
 2024/07/12-21:05,8352,8367,8309,8321,152097
 2024/07/12-21:10,8322,8329,8301,8317,67073
 2024/07/12-21:15,8317,8326,8303,8303,47175
 2024/07/12-21:20,8304,8310,8280,8287,58282
 2024/07/12-21:25,8287,8307,8287,8306,43838
 2024/07/12-21:30,8306,8313,8288,8290,39676
 2024/07/12-21:35,8290,8297,8265,8274,64107
 2024/07/12-21:40,8274,8277,8261,8265,35565
 2024/07/12-21:45,8265,8265,8232,8247,75573
 2024/07/12-21:50,8248,8250,8236,8249,41546
 2024/07/12-21:55,8249,8270,8248,8269,46558
 2024/07/12-22:00,8269,8284,8262,8281,36291
 2024/07/12-22:05,8282,8289,8274,8280,34913
 2024/07/12-22:10,8280,8294,8280,8293,24452
 2024/07/12-22:15,8293,8294,8284,8288,21567
 2024/07/12-22:20,8288,8297,8276,8277,27678
 2024/07/12-22:25,8277,8278,8264,8276,29623
 2024/07/12-22:30,8276,8278,8263,8265,16346
 2024/07/12-22:35,8264,8274,8255,8256,22751
 2024/07/12-22:40,8255,8267,8252,8267,17788
 2024/07/12-22:45,8267,8279,8266,8276,16666
 2024/07/12-22:50,8276,8283,8272,8281,11998
 2024/07/12-22:55,8281,8295,8281,8293,22922
 2024/07/12-23:00,8294,8301,8291,8299,24469
 2024/07/12-23:05,8299,8307,8272,8283,41513
 2024/07/12-23:10,8282,8310,8282,8308,29674
 2024/07/12-23:15,8307,8319,8306,8311,31942
 2024/07/12-23:20,8311,8317,8303,8316,26540
 2024/07/12-23:25,8316,8317,8303,8313,22233
 2024/07/12-23:30,8312,8316,8302,8306,15904
 2024/07/12-23:35,8306,8317,8303,8314,14845
 2024/07/12-23:40,8314,8314,8291,8298,20844
 2024/07/12-23:45,8298,8299,8281,8291,25241
 2024/07/12-23:50,8291,8294,8277,8282,17757
 2024/07/12-23:55,8282,8289,8280,8289,9845
 2024/07/12-00:00,8289,8291,8271,8271,15613
 2024/07/12-00:05,8271,8280,8267,8276,16831
 2024/07/12-00:10,8275,8284,8273,8283,10188
 2024/07/12-00:15,8284,8285,8269,8275,11261
 2024/07/12-00:20,8275,8275,8266,8268,11252
 2024/07/12-00:25,8268,8269,8257,8261,16022
 2024/07/12-00:30,8261,8275,8259,8271,11356
 2024/07/12-00:35,8271,8271,8264,8267,6635
 2024/07/12-00:40,8267,8272,8258,8260,12363
 2024/07/12-00:45,8260,8273,8258,8273,7347
 2024/07/12-00:50,8273,8276,8269,8271,6108
 2024/07/12-00:55,8270,8273,8264,8266,4981
 2024/07/12-01:00,8266,8269,8253,8254,8612
 2024/07/12-01:05,8254,8262,8253,8260,10507
 2024/07/12-01:10,8260,8262,8256,8261,4491
 2024/07/12-01:15,8261,8268,8261,8263,6010
 2024/07/12-01:20,8263,8272,8262,8268,4865
 2024/07/12-01:25,8268,8278,8266,8277,7097
 2024/07/12-01:30,8278,8288,8277,8286,9312
 2024/07/12-01:35,8286,8286,8274,8274,7416
 2024/07/12-01:40,8274,8275,8269,8269,5302
 2024/07/12-01:45,8269,8277,8269,8275,4131
 2024/07/12-01:50,8275,8280,8273,8278,4272
 2024/07/12-01:55,8278,8282,8263,8265,6365
 2024/07/12-02:00,8266,8273,8264,8272,3896
 2024/07/12-02:05,8272,8278,8272,8278,3788
 2024/07/12-02:10,8278,8281,8274,8274,2658
 2024/07/12-02:15,8274,8276,8271,8274,2342
 2024/07/12-02:20,8274,8275,8271,8273,1702
 2024/07/12-02:25,8273,8277,8271,8271,3112
 2024/07/12-02:30,8271,8275,8269,8274,5779
 2024/07/12-09:05,8258,8271,8252,8269,28463
 2024/07/12-09:10,8269,8273,8262,8263,10050
 2024/07/12-09:15,8263,8265,8251,8257,14195
 2024/07/12-09:20,8257,8257,8235,8238,24729
 2024/07/12-09:25,8238,8248,8232,8239,22222
 2024/07/12-09:30,8240,8241,8218,8224,28112
 2024/07/12-09:35,8224,8232,8216,8229,18130
 2024/07/12-09:40,8229,8229,8217,8224,12366
 2024/07/12-09:45,8223,8225,8208,8225,22291
 2024/07/12-09:50,8225,8233,8218,8232,11998
 2024/07/12-09:55,8232,8235,8226,8232,9684
 2024/07/12-10:00,8232,8232,8220,8228,8283
 2024/07/12-10:05,8228,8233,8222,8232,5851
 2024/07/12-10:10,8232,8238,8230,8231,9469
 2024/07/12-10:15,8231,8235,8222,8223,6233
 2024/07/12-10:35,8229,8231,8220,8228,9639
 2024/07/12-10:40,8227,8230,8214,8222,9969
 2024/07/12-10:45,8223,8230,8221,8229,4396
 2024/07/12-10:50,8229,8234,8227,8234,6108
 2024/07/12-10:55,8234,8240,8233,8238,10698
 2024/07/12-11:00,8238,8247,8237,8237,11114
 2024/07/12-11:05,8237,8238,8228,8230,6541
 2024/07/12-11:10,8230,8233,8218,8222,10881
 2024/07/12-11:15,8221,8224,8215,8215,8150
 2024/07/12-11:20,8215,8225,8213,8222,8729
 2024/07/12-11:25,8222,8225,8203,8209,14886
 2024/07/12-11:30,8209,8211,8193,8197,19780
 2024/07/12-13:35,8189,8189,8154,8156,51094
 2024/07/12-13:40,8156,8160,8129,8145,49733
 2024/07/12-13:45,8144,8167,8141,8167,30548
 2024/07/12-13:50,8167,8183,8166,8167,30304
 2024/07/12-13:55,8167,8172,8154,8155,16921
 2024/07/12-14:00,8154,8165,8151,8165,16672
 2024/07/12-14:05,8165,8165,8138,8146,20356
 2024/07/12-14:10,8146,8157,8133,8157,21490
 2024/07/12-14:15,8157,8160,8135,8139,19390
 2024/07/12-14:20,8139,8147,8133,8135,17756
 2024/07/12-14:25,8135,8143,8133,8143,13900
 2024/07/12-14:30,8142,8147,8131,8135,12325
 2024/07/12-14:35,8135,8135,8113,8120,36556
 2024/07/12-14:40,8120,8123,8093,8103,38328
 2024/07/12-14:45,8103,8119,8101,8117,23996
 2024/07/12-14:50,8117,8124,8104,8113,17604
 2024/07/12-14:55,8114,8117,8106,8116,12693
 2024/07/12-15:00,8116,8123,8114,8115,20862
 2024/07/15-21:05,8059,8078,8053,8065,70736
 2024/07/15-21:10,8065,8102,8065,8097,45990
 2024/07/15-21:15,8097,8100,8086,8097,29463
 2024/07/15-21:20,8097,8106,8093,8100,25547
 2024/07/15-21:25,8100,8102,8088,8091,19901
 2024/07/15-21:30,8091,8101,8079,8081,18786
 2024/07/15-21:35,8082,8112,8070,8105,40873
 2024/07/15-21:40,8104,8106,8090,8098,19149
 2024/07/15-21:45,8098,8098,8079,8091,19729
 2024/07/15-21:50,8091,8098,8081,8097,15206
 2024/07/15-21:55,8097,8103,8092,8102,13955
 2024/07/15-22:00,8102,8110,8101,8105,17190
 2024/07/15-22:05,8105,8129,8105,8124,42024
 2024/07/15-22:10,8124,8132,8118,8127,19432
 2024/07/15-22:15,8127,8137,8120,8129,25397
 2024/07/15-22:20,8129,8136,8127,8132,14320
 2024/07/15-22:25,8132,8135,8115,8118,19664
 2024/07/15-22:30,8118,8130,8113,8125,13817
 2024/07/15-22:35,8125,8137,8121,8133,14384
 2024/07/15-22:40,8133,8147,8131,8145,18757
 2024/07/15-22:45,8145,8149,8137,8143,16866
 2024/07/15-22:50,8143,8156,8140,8153,18987
 2024/07/15-22:55,8154,8165,8151,8155,22216
 2024/07/15-23:00,8155,8158,8143,8156,18607
 2024/07/15-23:05,8156,8169,8147,8165,24022
 2024/07/15-23:10,8165,8171,8161,8163,18118
 2024/07/15-23:15,8163,8168,8152,8153,15181
 2024/07/15-23:20,8153,8163,8153,8154,13496
 2024/07/15-23:25,8154,8164,8144,8147,17271
 2024/07/15-23:30,8147,8151,8141,8149,12851
 2024/07/15-23:35,8149,8158,8145,8145,12211
 2024/07/15-23:40,8146,8150,8134,8147,16487
 2024/07/15-23:45,8148,8156,8145,8148,10186
 2024/07/15-23:50,8148,8155,8144,8154,8533
 2024/07/15-23:55,8154,8154,8146,8148,4521
 2024/07/15-00:00,8148,8152,8146,8148,5388
 2024/07/15-00:05,8150,8167,8149,8162,12779
 2024/07/15-00:10,8162,8163,8156,8159,5906
 2024/07/15-00:15,8159,8163,8158,8159,5323
 2024/07/15-00:20,8159,8165,8158,8164,5742
 2024/07/15-00:25,8164,8167,8159,8163,6524
 2024/07/15-00:30,8163,8178,8163,8170,13068
 2024/07/15-00:35,8170,8176,8168,8170,8528
 2024/07/15-00:40,8170,8173,8164,8166,7790
 2024/07/15-00:45,8166,8173,8164,8172,5247
 2024/07/15-00:50,8172,8172,8167,8169,3651
 2024/07/15-00:55,8169,8170,8159,8159,5940
 2024/07/15-01:00,8159,8164,8159,8163,5157
 2024/07/15-01:05,8163,8163,8150,8151,10416
 2024/07/15-01:10,8151,8155,8150,8153,3975
 2024/07/15-01:15,8153,8161,8153,8159,4381
 2024/07/15-01:20,8158,8166,8157,8163,5686
 2024/07/15-01:25,8163,8163,8152,8160,7138
 2024/07/15-01:30,8160,8162,8157,8158,2860
 2024/07/15-01:35,8158,8165,8158,8163,3560
 2024/07/15-01:40,8163,8168,8163,8164,3848
 2024/07/15-01:45,8164,8167,8163,8163,1787
 2024/07/15-01:50,8163,8167,8162,8167,2639
 2024/07/15-01:55,8167,8171,8166,8171,3592
 2024/07/15-02:00,8172,8172,8168,8171,2904
 2024/07/15-02:05,8171,8175,8164,8168,5277
 2024/07/15-02:10,8168,8168,8162,8164,3340
 2024/07/15-02:15,8164,8167,8162,8162,2357
 2024/07/15-02:20,8162,8164,8158,8159,5076
 2024/07/15-02:25,8159,8159,8153,8153,4218
 2024/07/15-02:30,8153,8162,8152,8161,7611
 2024/07/15-09:05,8152,8152,8101,8124,61971
 2024/07/15-09:10,8124,8129,8109,8113,22094
 2024/07/15-09:15,8113,8120,8094,8101,22934
 2024/07/15-09:20,8101,8111,8094,8111,18535
 2024/07/15-09:25,8112,8123,8111,8115,12700
 2024/07/15-09:30,8115,8139,8115,8128,19458
 2024/07/15-09:35,8128,8129,8109,8111,13452
 2024/07/15-09:40,8111,8123,8107,8123,9816
 2024/07/15-09:45,8123,8141,8122,8138,13896
 2024/07/15-09:50,8138,8150,8127,8149,17776
 2024/07/15-09:55,8150,8167,8147,8157,28123
 2024/07/15-10:00,8157,8167,8157,8166,15712
 2024/07/15-10:05,8165,8170,8157,8162,11409
 2024/07/15-10:10,8162,8169,8157,8167,9708
 2024/07/15-10:15,8167,8185,8165,8184,22486
 2024/07/15-10:35,8183,8187,8171,8175,16282
 2024/07/15-10:40,8174,8175,8164,8173,10147
 2024/07/15-10:45,8173,8174,8162,8165,6071
 2024/07/15-10:50,8165,8166,8158,8166,5142
 2024/07/15-10:55,8166,8166,8156,8162,5225
 2024/07/15-11:00,8162,8166,8157,8158,3600
 2024/07/15-11:05,8158,8158,8146,8154,12428
 2024/07/15-11:10,8154,8160,8152,8158,4611
 2024/07/15-11:15,8158,8159,8154,8156,2877
 2024/07/15-11:20,8156,8163,8155,8156,5763
 2024/07/15-11:25,8156,8162,8155,8160,3879
 2024/07/15-11:30,8160,8160,8148,8149,6266
 2024/07/15-13:35,8156,8179,8156,8162,26603
 2024/07/15-13:40,8161,8163,8143,8151,14190
 2024/07/15-13:45,8151,8153,8143,8151,10937
 2024/07/15-13:50,8151,8151,8139,8145,9513
 2024/07/15-13:55,8145,8149,8141,8143,6251
 2024/07/15-14:00,8143,8143,8131,8134,14469
 2024/07/15-14:05,8135,8136,8124,8133,12148
 2024/07/15-14:10,8134,8137,8127,8129,7044
 2024/07/15-14:15,8129,8134,8125,8128,6662
 2024/07/15-14:20,8128,8128,8116,8123,11279
 2024/07/15-14:25,8123,8124,8110,8117,18020
 2024/07/15-14:30,8118,8123,8113,8116,11046
 2024/07/15-14:35,8116,8120,8105,8108,14720
 2024/07/15-14:40,8108,8114,8103,8103,11544
 2024/07/15-14:45,8103,8112,8095,8111,17346
 2024/07/15-14:50,8112,8113,8096,8098,12343
 2024/07/15-14:55,8098,8098,8090,8097,13780
 2024/07/15-15:00,8097,8101,8087,8087,20033
 2024/07/16-21:05,8096,8114,8096,8109,45213
 2024/07/16-21:10,8109,8110,8089,8095,21455
 2024/07/16-21:15,8096,8106,8096,8098,11040
 2024/07/16-21:20,8098,8109,8095,8106,13731
 2024/07/16-21:25,8106,8111,8103,8106,11039
 2024/07/16-21:30,8106,8119,8103,8118,18917
 2024/07/16-21:35,8118,8118,8103,8103,16702
 2024/07/16-21:40,8104,8110,8098,8100,16969
 2024/07/16-21:45,8100,8107,8067,8105,52823
 2024/07/16-21:50,8105,8116,8104,8112,30236
 2024/07/16-21:55,8112,8119,8106,8114,18557
 2024/07/16-22:00,8113,8130,8112,8129,27806
 2024/07/16-22:05,8128,8134,8123,8126,21234
 2024/07/16-22:10,8125,8137,8118,8137,22777
 2024/07/16-22:15,8137,8138,8128,8131,15150
 2024/07/16-22:20,8131,8136,8130,8131,9831
 2024/07/16-22:25,8131,8137,8123,8137,13230
 2024/07/16-22:30,8137,8139,8132,8135,9442
 2024/07/16-22:35,8135,8140,8127,8129,12692
 2024/07/16-22:40,8129,8131,8118,8123,14925
 2024/07/16-22:45,8123,8133,8122,8128,10548
 2024/07/16-22:50,8128,8140,8128,8137,14649
 2024/07/16-22:55,8137,8150,8132,8148,24418
 2024/07/16-23:00,8148,8163,8147,8162,29704
 2024/07/16-23:05,8162,8172,8160,8166,36921
 2024/07/16-23:10,8166,8171,8161,8161,21233
 2024/07/16-23:15,8161,8162,8150,8153,22074
 2024/07/16-23:20,8153,8155,8142,8142,21253
 2024/07/16-23:25,8143,8153,8142,8144,14614
 2024/07/16-23:30,8145,8157,8144,8149,15282
 2024/07/16-23:35,8149,8149,8135,8135,19941
 2024/07/16-23:40,8135,8139,8128,8137,15262
 2024/07/16-23:45,8137,8144,8136,8141,9122
 2024/07/16-23:50,8141,8143,8131,8134,8962
 2024/07/16-23:55,8134,8136,8130,8133,6242
 2024/07/16-00:00,8133,8138,8133,8136,6229
 2024/07/16-00:05,8136,8143,8132,8139,7188
 2024/07/16-00:10,8139,8148,8139,8147,8560
 2024/07/16-00:15,8147,8148,8121,8125,15707
 2024/07/16-00:20,8125,8132,8124,8126,8651
 2024/07/16-00:25,8126,8131,8125,8131,5220
 2024/07/16-00:30,8130,8135,8128,8134,6757
 2024/07/16-00:35,8134,8141,8134,8139,7032
 2024/07/16-00:40,8139,8145,8135,8135,6802
 2024/07/16-00:45,8136,8162,8128,8128,31246
 2024/07/16-00:50,8128,8139,8117,8132,24845
 2024/07/16-00:55,8133,8137,8127,8130,6658
 2024/07/16-01:00,8130,8132,8125,8127,5240
 2024/07/16-01:05,8127,8127,8109,8110,21113
 2024/07/16-01:10,8109,8117,8108,8115,8182
 2024/07/16-01:15,8115,8116,8104,8107,10807
 2024/07/16-01:20,8107,8109,8098,8100,11056
 2024/07/16-01:25,8100,8104,8095,8101,9624
 2024/07/16-01:30,8101,8104,8096,8101,6994
 2024/07/16-01:35,8101,8101,8089,8092,10064
 2024/07/16-01:40,8091,8095,8084,8093,8844
 2024/07/16-01:45,8093,8101,8091,8101,6754
 2024/07/16-01:50,8101,8101,8098,8100,3481
 2024/07/16-01:55,8100,8109,8100,8105,6973
 2024/07/16-02:00,8105,8106,8101,8102,2831
 2024/07/16-02:05,8101,8102,8089,8090,6094
 2024/07/16-02:10,8090,8097,8090,8097,3093
 2024/07/16-02:15,8097,8103,8096,8103,3195
 2024/07/16-02:20,8102,8106,8102,8102,2667
 2024/07/16-02:25,8102,8104,8098,8098,2448
 2024/07/16-02:30,8099,8105,8096,8103,5721
 2024/07/16-09:05,8097,8100,8083,8097,33903
 2024/07/16-09:10,8097,8103,8092,8102,10652
 2024/07/16-09:15,8102,8115,8102,8112,13053
 2024/07/16-09:20,8112,8118,8108,8115,8856
 2024/07/16-09:25,8115,8115,8108,8110,5990
 2024/07/16-09:30,8111,8113,8104,8105,6530
 2024/07/16-09:35,8104,8120,8104,8113,10544
 2024/07/16-09:40,8112,8116,8106,8109,5393
 2024/07/16-09:45,8109,8114,8105,8112,4573
 2024/07/16-09:50,8113,8117,8110,8115,6191
 2024/07/16-09:55,8115,8119,8112,8115,7277
 2024/07/16-10:00,8115,8122,8115,8118,5925
 2024/07/16-10:05,8118,8122,8114,8121,5316
 2024/07/16-10:10,8121,8128,8115,8124,11524
 2024/07/16-10:15,8124,8132,8123,8128,10977
 2024/07/16-10:35,8129,8136,8127,8130,11437
 2024/07/16-10:40,8130,8131,8122,8131,6524
 2024/07/16-10:45,8130,8132,8124,8129,5044
 2024/07/16-10:50,8129,8145,8129,8144,12657
 2024/07/16-10:55,8144,8145,8138,8144,8619
 2024/07/16-11:00,8144,8146,8139,8139,6936
 2024/07/16-11:05,8139,8148,8139,8148,7240
 2024/07/16-11:10,8148,8150,8137,8138,10057
 2024/07/16-11:15,8138,8142,8138,8139,3813
 2024/07/16-11:20,8139,8140,8127,8129,8252
 2024/07/16-11:25,8129,8134,8126,8129,5402
 2024/07/16-11:30,8129,8137,8126,8137,6698
 2024/07/16-13:35,8135,8145,8132,8141,12998
 2024/07/16-13:40,8141,8146,8139,8141,7162
 2024/07/16-13:45,8142,8148,8141,8142,7563
 2024/07/16-13:50,8142,8145,8134,8134,10402
 2024/07/16-13:55,8134,8140,8131,8135,5585
 2024/07/16-14:00,8135,8143,8135,8142,5117
 2024/07/16-14:05,8142,8143,8134,8137,5956
 2024/07/16-14:10,8136,8136,8127,8129,10244
 2024/07/16-14:15,8129,8139,8127,8138,8502
 2024/07/16-14:20,8138,8142,8138,8140,5627
 2024/07/16-14:25,8140,8145,8139,8140,8214
 2024/07/16-14:30,8141,8144,8139,8141,5282
 2024/07/16-14:35,8141,8142,8134,8134,8555
 2024/07/16-14:40,8135,8144,8133,8143,6402
 2024/07/16-14:45,8143,8146,8140,8143,6434
 2024/07/16-14:50,8144,8144,8136,8141,5667
 2024/07/16-14:55,8141,8142,8134,8136,12171
 2024/07/16-15:00,8137,8145,8135,8144,12852
 2024/07/17-21:05,8090,8111,8089,8104,69473
 2024/07/17-21:10,8104,8124,8104,8118,31550
 2024/07/17-21:15,8119,8123,8105,8108,22096
 2024/07/17-21:20,8108,8118,8105,8114,14317
 2024/07/17-21:25,8114,8120,8105,8110,11671
 2024/07/17-21:30,8110,8116,8106,8112,10324
 2024/07/17-21:35,8112,8120,8099,8106,25410
 2024/07/17-21:40,8106,8143,8105,8141,39337
 2024/07/17-21:45,8141,8161,8135,8156,45035
 2024/07/17-21:50,8156,8163,8148,8149,31857
 2024/07/17-21:55,8149,8158,8144,8148,20786
 2024/07/17-22:00,8148,8149,8127,8138,36878
 2024/07/17-22:05,8137,8146,8135,8142,14691
 2024/07/17-22:10,8141,8146,8125,8125,21370
 2024/07/17-22:15,8125,8130,8120,8130,24299
 2024/07/17-22:20,8130,8138,8128,8134,11133
 2024/07/17-22:25,8134,8149,8133,8149,18928
 2024/07/17-22:30,8149,8150,8142,8148,12052
 2024/07/17-22:35,8148,8156,8144,8150,18677
 2024/07/17-22:40,8150,8157,8145,8149,17241
 2024/07/17-22:45,8149,8154,8146,8148,12182
 2024/07/17-22:50,8149,8152,8140,8151,12280
 2024/07/17-22:55,8152,8166,8151,8163,26335
 2024/07/17-23:00,8163,8183,8161,8175,42814
 2024/07/17-23:05,8175,8240,8175,8240,93188
 2024/07/17-23:10,8240,8255,8231,8242,79113
 2024/07/17-23:15,8242,8242,8219,8229,54664
 2024/07/17-23:20,8229,8240,8226,8239,29138
 2024/07/17-23:25,8239,8248,8228,8240,32162
 2024/07/17-23:30,8241,8243,8230,8232,20407
 2024/07/17-23:35,8232,8236,8220,8226,24374
 2024/07/17-23:40,8225,8235,8222,8233,16280
 2024/07/17-23:45,8233,8239,8232,8233,14773
 2024/07/17-23:50,8233,8244,8232,8235,15527
 2024/07/17-23:55,8235,8235,8223,8226,15614
 2024/07/17-00:00,8227,8234,8225,8229,8776
 2024/07/17-00:05,8229,8233,8212,8212,21031
 2024/07/17-00:10,8212,8212,8195,8195,34876
 2024/07/17-00:15,8194,8201,8190,8200,21335
 2024/07/17-00:20,8200,8207,8186,8191,23935
 2024/07/17-00:25,8192,8207,8191,8202,14212
 2024/07/17-00:30,8202,8206,8200,8205,6932
 2024/07/17-00:35,8205,8213,8200,8211,10600
 2024/07/17-00:40,8211,8211,8200,8201,7597
 2024/07/17-00:45,8201,8202,8189,8193,11584
 2024/07/17-00:50,8193,8195,8186,8194,11039
 2024/07/17-00:55,8194,8202,8193,8200,7986
 2024/07/17-01:00,8200,8203,8197,8200,5390
 2024/07/17-01:05,8201,8208,8200,8206,6516
 2024/07/17-01:10,8206,8207,8202,8206,4537
 2024/07/17-01:15,8206,8208,8202,8203,3476
 2024/07/17-01:20,8203,8203,8198,8199,3489
 2024/07/17-01:25,8198,8215,8198,8211,9646
 2024/07/17-01:30,8211,8215,8210,8212,3862
 2024/07/17-01:35,8212,8214,8208,8213,4460
 2024/07/17-01:40,8213,8219,8213,8216,5386
 2024/07/17-01:45,8216,8226,8215,8226,6353
 2024/07/17-01:50,8226,8232,8221,8232,6651
 2024/07/17-01:55,8232,8239,8232,8232,11520
 2024/07/17-02:00,8232,8233,8219,8220,7393
 2024/07/17-02:05,8219,8222,8216,8220,6128
 2024/07/17-02:10,8221,8222,8213,8219,5028
 2024/07/17-02:15,8219,8227,8218,8224,4549
 2024/07/17-02:20,8224,8224,8212,8212,3401
 2024/07/17-02:25,8213,8228,8212,8226,5531
 2024/07/17-02:30,8226,8227,8216,8217,6320
 2024/07/17-09:05,8223,8265,8223,8249,67741
 2024/07/17-09:10,8249,8251,8236,8242,24905
 2024/07/17-09:15,8244,8255,8240,8246,13974
 2024/07/17-09:20,8246,8256,8245,8245,14443
 2024/07/17-09:25,8246,8253,8238,8253,12493
 2024/07/17-09:30,8253,8253,8231,8233,16663
 2024/07/17-09:35,8233,8243,8225,8231,17217
 2024/07/17-09:40,8230,8241,8223,8240,15401
 2024/07/17-09:45,8240,8248,8236,8240,14718
 2024/07/17-09:50,8240,8243,8230,8239,11720
 2024/07/17-09:55,8239,8248,8234,8244,9047
 2024/07/17-10:00,8244,8246,8234,8241,8785
 2024/07/17-10:05,8242,8250,8240,8240,11363
 2024/07/17-10:10,8240,8255,8239,8253,10287
 2024/07/17-10:15,8253,8266,8250,8265,20064
 2024/07/17-10:35,8265,8265,8232,8237,27409
 2024/07/17-10:40,8237,8237,8201,8205,44377
 2024/07/17-10:45,8205,8217,8195,8215,30715
 2024/07/17-10:50,8215,8224,8208,8223,14395
 2024/07/17-10:55,8223,8232,8219,8230,12096
 2024/07/17-11:00,8230,8231,8222,8229,8347
 2024/07/17-11:05,8228,8228,8214,8220,9252
 2024/07/17-11:10,8221,8221,8205,8214,11136
 2024/07/17-11:15,8215,8216,8202,8209,10197
 2024/07/17-11:20,8209,8209,8198,8198,16755
 2024/07/17-11:25,8197,8203,8190,8191,16576
 2024/07/17-11:30,8191,8194,8164,8165,38981
 2024/07/17-13:35,8168,8177,8152,8156,33908
 2024/07/17-13:40,8156,8161,8131,8147,39065
 2024/07/17-13:45,8147,8148,8134,8147,18638
 2024/07/17-13:50,8146,8150,8142,8147,13400
 2024/07/17-13:55,8147,8152,8139,8145,12832
 2024/07/17-14:00,8145,8148,8116,8117,29170
 2024/07/17-14:05,8117,8119,8098,8115,42559
 2024/07/17-14:10,8114,8120,8101,8101,24377
 2024/07/17-14:15,8101,8111,8099,8106,15590
 2024/07/17-14:20,8106,8107,8091,8106,22957
 2024/07/17-14:25,8106,8113,8105,8106,12135
 2024/07/17-14:30,8106,8108,8101,8105,12235
 2024/07/17-14:35,8105,8112,8101,8110,9076
 2024/07/17-14:40,8109,8128,8109,8120,21188
 2024/07/17-14:45,8120,8124,8116,8121,10212
 2024/07/17-14:50,8122,8122,8110,8121,10972
 2024/07/17-14:55,8121,8128,8121,8122,13178
 2024/07/17-15:00,8121,8125,8115,8118,18407
 2024/07/18-21:05,8130,8148,8122,8144,40213
 2024/07/18-21:10,8145,8156,8140,8156,25580
 2024/07/18-21:15,8156,8159,8135,8136,25971
 2024/07/18-21:20,8136,8144,8130,8136,23472
 2024/07/18-21:25,8136,8151,8135,8147,20103
 2024/07/18-21:30,8147,8150,8131,8131,14743
 2024/07/18-21:35,8132,8142,8101,8130,59379
 2024/07/18-21:40,8130,8144,8124,8139,36230
 2024/07/18-21:45,8139,8141,8116,8122,24163
 2024/07/18-21:50,8122,8127,8110,8113,27063
 2024/07/18-21:55,8113,8130,8112,8123,18586
 2024/07/18-22:00,8122,8141,8119,8138,17101
 2024/07/18-22:05,8138,8140,8111,8117,26352
 2024/07/18-22:10,8116,8117,8083,8083,41648
 2024/07/18-22:15,8081,8081,7993,8023,166394
 2024/07/18-22:20,8024,8032,7991,8020,86005
 2024/07/18-22:25,8020,8036,8014,8016,44030
 2024/07/18-22:30,8016,8030,8010,8013,34165
 2024/07/18-22:35,8014,8025,8006,8025,27928
 2024/07/18-22:40,8024,8028,8015,8018,17826
 2024/07/18-22:45,8018,8044,8016,8036,29293
 2024/07/18-22:50,8036,8044,8022,8025,21997
 2024/07/18-22:55,8024,8027,7993,7993,42323
 2024/07/18-23:00,7994,8008,7963,7971,73257
 2024/07/18-23:05,7971,7983,7958,7967,52894
 2024/07/18-23:10,7967,7982,7948,7951,46017
 2024/07/18-23:15,7951,7958,7935,7948,50790
 2024/07/18-23:20,7948,7948,7932,7946,40509
 2024/07/18-23:25,7946,7962,7946,7959,34130
 2024/07/18-23:30,7959,7963,7949,7951,21294
 2024/07/18-23:35,7951,7959,7948,7954,15746
 2024/07/18-23:40,7954,7957,7949,7955,11031
 2024/07/18-23:45,7955,7956,7939,7955,21411
 2024/07/18-23:50,7955,7955,7946,7946,10125
 2024/07/18-23:55,7946,7951,7939,7947,12560
 2024/07/18-00:00,7947,7956,7947,7955,12167
 2024/07/18-00:05,7955,7965,7953,7954,17119
 2024/07/18-00:10,7954,7954,7946,7950,10705
 2024/07/18-00:15,7949,7951,7943,7946,9895
 2024/07/18-00:20,7946,7950,7944,7949,6299
 2024/07/18-00:25,7949,7950,7926,7933,22538
 2024/07/18-00:30,7933,7933,7910,7915,33647
 2024/07/18-00:35,7915,7930,7911,7928,16091
 2024/07/18-00:40,7928,7929,7923,7924,8810
 2024/07/18-00:45,7924,7930,7924,7924,6978
 2024/07/18-00:50,7924,7929,7918,7928,7740
 2024/07/18-00:55,7927,7935,7925,7934,8685
 2024/07/18-01:00,7934,7935,7926,7926,5239
 2024/07/18-01:05,7926,7931,7922,7924,6481
 2024/07/18-01:10,7924,7931,7922,7927,5816
 2024/07/18-01:15,7927,7929,7925,7927,3060
 2024/07/18-01:20,7927,7932,7926,7926,4460
 2024/07/18-01:25,7926,7930,7925,7929,3789
 2024/07/18-01:30,7930,7931,7927,7928,2996
 2024/07/18-01:35,7927,7934,7927,7931,5423
 2024/07/18-01:40,7931,7932,7929,7932,2203
 2024/07/18-01:45,7931,7933,7928,7931,2706
 2024/07/18-01:50,7931,7947,7930,7942,10411
 2024/07/18-01:55,7942,7943,7936,7938,3594
 2024/07/18-02:00,7938,7939,7934,7938,2966
 2024/07/18-02:05,7938,7943,7934,7935,3983
 2024/07/18-02:10,7935,7945,7934,7945,3515
 2024/07/18-02:15,7945,7947,7944,7946,2933
 2024/07/18-02:20,7945,7956,7945,7955,4959
 2024/07/18-02:25,7955,7958,7954,7955,4531
 2024/07/18-02:30,7955,7955,7947,7949,6954
 2024/07/18-09:05,7950,7958,7936,7948,30463
 2024/07/18-09:10,7948,7949,7938,7940,15530
 2024/07/18-09:15,7940,7965,7940,7964,15962
 2024/07/18-09:20,7964,7964,7953,7953,10570
 2024/07/18-09:25,7953,7967,7953,7957,11022
 2024/07/18-09:30,7958,7963,7954,7959,6829
 2024/07/18-09:35,7959,7963,7947,7947,9864
 2024/07/18-09:40,7947,7952,7942,7943,9647
 2024/07/18-09:45,7943,7961,7942,7960,9614
 2024/07/18-09:50,7961,7965,7958,7960,11532
 2024/07/18-09:55,7960,7973,7954,7972,12436
 2024/07/18-10:00,7972,7976,7966,7971,16196
 2024/07/18-10:05,7971,7974,7966,7967,9673
 2024/07/18-10:10,7967,7967,7960,7966,6473
 2024/07/18-10:15,7966,7968,7958,7963,5103
 2024/07/18-10:35,7960,7968,7954,7968,9992
 2024/07/18-10:40,7968,7969,7962,7965,6109
 2024/07/18-10:45,7965,7970,7964,7969,4281
 2024/07/18-10:50,7968,7972,7964,7970,5372
 2024/07/18-10:55,7970,7972,7966,7968,4899
 2024/07/18-11:00,7969,7976,7968,7976,7440
 2024/07/18-11:05,7976,7990,7975,7989,17069
 2024/07/18-11:10,7990,7993,7980,7982,15225
 2024/07/18-11:15,7982,7985,7979,7983,5567
 2024/07/18-11:20,7983,7987,7972,7973,8408
 2024/07/18-11:25,7974,7981,7972,7979,6383
 2024/07/18-11:30,7979,7985,7978,7984,5227
 2024/07/18-13:35,7986,8003,7986,7999,20514
 2024/07/18-13:40,7999,8004,7991,7993,11900
 2024/07/18-13:45,7994,7998,7991,7992,7639
 2024/07/18-13:50,7992,7995,7986,7990,6201
 2024/07/18-13:55,7990,7990,7970,7974,15301
 2024/07/18-14:00,7974,7979,7970,7976,7785
 2024/07/18-14:05,7975,7978,7963,7965,12209
 2024/07/18-14:10,7965,7974,7965,7972,7341
 2024/07/18-14:15,7972,7972,7966,7971,4791
 2024/07/18-14:20,7971,7978,7966,7978,7105
 2024/07/18-14:25,7978,7987,7975,7983,11207
 2024/07/18-14:30,7982,7986,7977,7984,8857
 2024/07/18-14:35,7984,8003,7983,7998,19213
 2024/07/18-14:40,7998,8003,7989,7992,12843
 2024/07/18-14:45,7992,7995,7987,7989,8265
 2024/07/18-14:50,7989,8003,7989,8002,11312
 2024/07/18-14:55,8002,8003,7997,8003,7770
 2024/07/18-15:00,8003,8011,8000,8008,18596
 2024/07/19-21:05,7971,7984,7966,7975,42019
 2024/07/19-21:10,7975,7980,7947,7957,37698
 2024/07/19-21:15,7957,7957,7933,7938,41299
 2024/07/19-21:20,7938,7954,7936,7945,29339
 2024/07/19-21:25,7945,7957,7942,7957,21456
 2024/07/19-21:30,7957,7975,7957,7966,31131
 2024/07/19-21:35,7966,7973,7944,7944,25931
 2024/07/19-21:40,7944,7948,7930,7934,34026
 2024/07/19-21:45,7934,7944,7931,7937,18026
 2024/07/19-21:50,7937,7959,7936,7950,23114
 2024/07/19-21:55,7950,7952,7939,7940,15067
 2024/07/19-22:00,7940,7957,7940,7954,15046
 2024/07/19-22:05,7954,7965,7948,7949,18954
 2024/07/19-22:10,7949,7956,7944,7944,12792
 2024/07/19-22:15,7944,7952,7941,7946,8663
 2024/07/19-22:20,7946,7954,7933,7936,14329
 2024/07/19-22:25,7937,7945,7931,7943,16979
 2024/07/19-22:30,7943,7945,7932,7935,9300
 2024/07/19-22:35,7935,7937,7907,7907,35474
 2024/07/19-22:40,7907,7920,7897,7914,44921
 2024/07/19-22:45,7914,7923,7902,7920,27504
 2024/07/19-22:50,7920,7924,7912,7921,18487
 2024/07/19-22:55,7921,7952,7920,7952,36522
 2024/07/19-23:00,7952,7952,7941,7944,19523
 2024/07/19-23:05,7945,7945,7926,7926,24677
 2024/07/19-23:10,7926,7936,7926,7931,12187
 2024/07/19-23:15,7931,7933,7917,7918,17137
 2024/07/19-23:20,7918,7922,7904,7907,26374
 2024/07/19-23:25,7907,7914,7901,7914,20096
 2024/07/19-23:30,7914,7917,7908,7914,12652
 2024/07/19-23:35,7914,7914,7896,7903,27891
 2024/07/19-23:40,7903,7916,7902,7910,14821
 2024/07/19-23:45,7910,7912,7896,7899,19100
 2024/07/19-23:50,7899,7902,7890,7890,21128
 2024/07/19-23:55,7890,7895,7883,7888,25069
 2024/07/19-00:00,7888,7896,7887,7887,13321
 2024/07/19-00:05,7887,7887,7854,7862,44541
 2024/07/19-00:10,7863,7879,7855,7879,25721
 2024/07/19-00:15,7879,7883,7867,7874,19008
 2024/07/19-00:20,7874,7882,7871,7882,9405
 2024/07/19-00:25,7882,7887,7877,7885,13603
 2024/07/19-00:30,7885,7886,7879,7885,9197
 2024/07/19-00:35,7885,7885,7880,7882,6288
 2024/07/19-00:40,7882,7883,7872,7874,9864
 2024/07/19-00:45,7874,7876,7868,7869,7035
 2024/07/19-00:50,7869,7884,7869,7883,6934
 2024/07/19-00:55,7883,7883,7877,7880,3621
 2024/07/19-01:00,7880,7880,7874,7877,3600
 2024/07/19-01:05,7877,7878,7869,7875,5399
 2024/07/19-01:10,7874,7882,7872,7875,5650
 2024/07/19-01:15,7875,7884,7875,7880,5168
 2024/07/19-01:20,7880,7882,7874,7880,5257
 2024/07/19-01:25,7880,7883,7878,7879,2889
 2024/07/19-01:30,7879,7881,7876,7880,4052
 2024/07/19-01:35,7880,7882,7877,7878,3195
 2024/07/19-01:40,7877,7880,7876,7877,1912
 2024/07/19-01:45,7877,7895,7876,7894,11071
 2024/07/19-01:50,7894,7905,7894,7894,11906
 2024/07/19-01:55,7894,7894,7890,7892,3442
 2024/07/19-02:00,7892,7893,7888,7888,2515
 2024/07/19-02:05,7889,7889,7882,7882,3488
 2024/07/19-02:10,7882,7883,7873,7875,6288
 2024/07/19-02:15,7875,7875,7867,7870,4880
 2024/07/19-02:20,7870,7879,7870,7875,4123
 2024/07/19-02:25,7875,7877,7872,7873,2854
 2024/07/19-02:30,7873,7874,7868,7869,5343
 2024/07/19-09:05,7831,7831,7792,7810,92310
 2024/07/19-09:10,7810,7813,7770,7771,55238
 2024/07/19-09:15,7771,7778,7748,7751,60877
 2024/07/19-09:20,7750,7763,7739,7747,46392
 2024/07/19-09:25,7746,7748,7724,7732,46300
 2024/07/19-09:30,7733,7745,7722,7726,37042
 2024/07/19-09:35,7726,7742,7726,7732,23269
 2024/07/19-09:40,7732,7757,7731,7754,24471
 2024/07/19-09:45,7754,7754,7737,7745,15478
 2024/07/19-09:50,7745,7749,7737,7745,12482
 2024/07/19-09:55,7745,7750,7741,7748,10419
 2024/07/19-10:00,7748,7749,7738,7741,8707
 2024/07/19-10:05,7741,7752,7740,7752,11300
 2024/07/19-10:10,7753,7767,7751,7759,22706
 2024/07/19-10:15,7758,7762,7747,7749,13701
 2024/07/19-10:35,7747,7761,7743,7761,17690
 2024/07/19-10:40,7761,7766,7757,7760,9218
 2024/07/19-10:45,7761,7763,7755,7755,7073
 2024/07/19-10:50,7755,7767,7750,7766,10053
 2024/07/19-10:55,7767,7774,7766,7769,13219
 2024/07/19-11:00,7769,7773,7765,7765,5941
 2024/07/19-11:05,7766,7775,7765,7770,7491
 2024/07/19-11:10,7769,7774,7760,7761,11963
 2024/07/19-11:15,7761,7763,7756,7763,9450
 2024/07/19-11:20,7763,7775,7761,7774,7129
 2024/07/19-11:25,7774,7775,7768,7769,7711
 2024/07/19-11:30,7768,7772,7764,7765,7703
 2024/07/19-13:35,7762,7762,7735,7739,30282
 2024/07/19-13:40,7740,7752,7739,7741,14487
 2024/07/19-13:45,7741,7748,7735,7737,14502
 2024/07/19-13:50,7737,7744,7736,7739,8119
 2024/07/19-13:55,7739,7741,7728,7738,15816
 2024/07/19-14:00,7737,7744,7736,7740,7889
 2024/07/19-14:05,7739,7741,7731,7732,8739
 2024/07/19-14:10,7731,7732,7711,7714,33075
 2024/07/19-14:15,7714,7714,7681,7692,54337
 2024/07/19-14:20,7692,7700,7686,7697,32339
 2024/07/19-14:25,7698,7713,7697,7699,23130
 2024/07/19-14:30,7699,7709,7697,7707,13640
 2024/07/19-14:35,7707,7711,7695,7697,19529
 2024/07/19-14:40,7698,7711,7698,7706,16449
 2024/07/19-14:45,7705,7706,7697,7702,14785
 2024/07/19-14:50,7702,7704,7695,7698,12293
 2024/07/19-14:55,7698,7712,7698,7712,14651
 2024/07/19-15:00,7712,7713,7704,7705,18465
 2024/07/22-21:05,7642,7672,7640,7663,71609
 2024/07/22-21:10,7663,7666,7633,7637,58632
 2024/07/22-21:15,7637,7639,7618,7629,41550
 2024/07/22-21:20,7630,7644,7620,7625,38179
 2024/07/22-21:25,7625,7627,7604,7616,50797
 2024/07/22-21:30,7616,7616,7604,7608,26264
 2024/07/22-21:35,7608,7636,7601,7634,44899
 2024/07/22-21:40,7633,7656,7633,7653,46547
 2024/07/22-21:45,7652,7675,7652,7666,42420
 2024/07/22-21:50,7666,7670,7659,7664,21460
 2024/07/22-21:55,7664,7674,7657,7666,20516
 2024/07/22-22:00,7666,7679,7664,7672,19789
 2024/07/22-22:05,7672,7675,7656,7656,21193
 2024/07/22-22:10,7656,7670,7651,7670,18403
 2024/07/22-22:15,7671,7691,7666,7679,32513
 2024/07/22-22:20,7679,7684,7675,7678,15978
 2024/07/22-22:25,7679,7681,7672,7674,12042
 2024/07/22-22:30,7674,7677,7668,7672,11617
 2024/07/22-22:35,7671,7686,7671,7685,13657
 2024/07/22-22:40,7685,7696,7675,7688,22829
 2024/07/22-22:45,7689,7690,7681,7681,13420
 2024/07/22-22:50,7681,7684,7677,7678,11446
 2024/07/22-22:55,7678,7681,7659,7665,23583
 2024/07/22-23:00,7665,7669,7658,7669,15208
 2024/07/22-23:05,7669,7684,7668,7682,18701
 2024/07/22-23:10,7682,7700,7679,7696,28314
 2024/07/22-23:15,7696,7703,7691,7692,23758
 2024/07/22-23:20,7692,7701,7685,7700,18359
 2024/07/22-23:25,7699,7700,7685,7687,11558
 2024/07/22-23:30,7687,7691,7685,7689,8137
 2024/07/22-23:35,7689,7692,7679,7684,14694
 2024/07/22-23:40,7684,7697,7683,7694,11840
 2024/07/22-23:45,7694,7696,7686,7687,8595
 2024/07/22-23:50,7687,7692,7684,7690,7375
 2024/07/22-23:55,7690,7695,7689,7693,5297
 2024/07/22-00:00,7693,7696,7691,7692,5805
 2024/07/22-00:05,7692,7696,7692,7693,3771
 2024/07/22-00:10,7693,7693,7685,7691,6655
 2024/07/22-00:15,7691,7694,7691,7693,3536
 2024/07/22-00:20,7692,7693,7688,7688,4054
 2024/07/22-00:25,7688,7688,7673,7674,15269
 2024/07/22-00:30,7674,7682,7672,7681,9420
 2024/07/22-00:35,7681,7683,7672,7677,6343
 2024/07/22-00:40,7677,7682,7676,7680,4673
 2024/07/22-00:45,7680,7685,7676,7676,4897
 2024/07/22-00:50,7676,7681,7676,7677,2865
 2024/07/22-00:55,7677,7679,7670,7674,5958
 2024/07/22-01:00,7674,7679,7671,7679,3755
 2024/07/22-01:05,7679,7679,7666,7670,8934
 2024/07/22-01:10,7670,7677,7669,7677,3935
 2024/07/22-01:15,7677,7680,7671,7672,5283
 2024/07/22-01:20,7671,7680,7671,7680,3260
 2024/07/22-01:25,7680,7680,7673,7674,3171
 2024/07/22-01:30,7674,7675,7667,7672,5268
 2024/07/22-01:35,7672,7674,7669,7670,2780
 2024/07/22-01:40,7670,7680,7669,7677,4314
 2024/07/22-01:45,7677,7679,7675,7679,1977
 2024/07/22-01:50,7679,7689,7677,7685,7573
 2024/07/22-01:55,7685,7685,7682,7684,2579
 2024/07/22-02:00,7684,7684,7678,7679,3202
 2024/07/22-02:05,7679,7683,7678,7680,2548
 2024/07/22-02:10,7680,7687,7680,7686,2318
 2024/07/22-02:15,7686,7686,7677,7679,2431
 2024/07/22-02:20,7680,7682,7676,7681,2986
 2024/07/22-02:25,7680,7684,7678,7683,2121
 2024/07/22-02:30,7683,7693,7683,7692,7525
 2024/07/22-09:05,7697,7720,7689,7694,52085
 2024/07/22-09:10,7694,7701,7681,7691,22011
 2024/07/22-09:15,7691,7713,7688,7712,14650
 2024/07/22-09:20,7712,7717,7702,7707,16929
 2024/07/22-09:25,7707,7737,7705,7736,23546
 2024/07/22-09:30,7736,7742,7724,7727,24918
 2024/07/22-09:35,7727,7737,7725,7735,12176
 2024/07/22-09:40,7735,7737,7718,7724,11968
 2024/07/22-09:45,7724,7726,7707,7709,13383
 2024/07/22-09:50,7710,7710,7697,7705,15115
 2024/07/22-09:55,7705,7705,7693,7704,9749
 2024/07/22-10:00,7703,7703,7691,7696,10314
 2024/07/22-10:05,7696,7696,7678,7690,18931
 2024/07/22-10:10,7690,7696,7687,7691,7785
 2024/07/22-10:15,7692,7696,7687,7688,6332
 2024/07/22-10:35,7688,7694,7675,7681,14087
 2024/07/22-10:40,7681,7694,7679,7693,6676
 2024/07/22-10:45,7693,7696,7681,7682,8202
 2024/07/22-10:50,7682,7696,7682,7695,6023
 2024/07/22-10:55,7695,7704,7695,7696,10226
 2024/07/22-11:00,7696,7705,7694,7696,7410
 2024/07/22-11:05,7696,7706,7693,7704,6806
 2024/07/22-11:10,7704,7704,7698,7702,3754
 2024/07/22-11:15,7701,7703,7694,7696,3912
 2024/07/22-11:20,7695,7703,7695,7703,3625
 2024/07/22-11:25,7703,7709,7699,7702,7189
 2024/07/22-11:30,7702,7702,7690,7692,6318
 2024/07/22-13:35,7690,7690,7675,7682,18017
 2024/07/22-13:40,7682,7682,7655,7669,32031
 2024/07/22-13:45,7669,7682,7663,7676,14544
 2024/07/22-13:50,7677,7678,7668,7669,10218
 2024/07/22-13:55,7669,7678,7666,7674,7795
 2024/07/22-14:00,7674,7675,7658,7662,10816
 2024/07/22-14:05,7661,7665,7650,7662,18630
 2024/07/22-14:10,7662,7664,7648,7648,12212
 2024/07/22-14:15,7648,7655,7643,7644,14939
 2024/07/22-14:20,7644,7650,7626,7649,37134
 2024/07/22-14:25,7649,7663,7645,7652,16574
 2024/07/22-14:30,7652,7653,7641,7643,10965
 2024/07/22-14:35,7643,7651,7636,7647,10317
 2024/07/22-14:40,7646,7650,7643,7648,6799
 2024/07/22-14:45,7648,7650,7644,7649,7373
 2024/07/22-14:50,7649,7653,7646,7649,8037
 2024/07/22-14:55,7649,7650,7637,7638,10141
 2024/07/22-15:00,7638,7642,7630,7632,20457
 2024/07/23-21:05,7594,7630,7587,7629,62851
 2024/07/23-21:10,7628,7644,7613,7636,39086
 2024/07/23-21:15,7636,7641,7624,7627,18568
 2024/07/23-21:20,7626,7640,7623,7632,20562
 2024/07/23-21:25,7633,7637,7620,7620,13560
 2024/07/23-21:30,7620,7635,7618,7629,11682
 2024/07/23-21:35,7628,7646,7625,7646,22509
 2024/07/23-21:40,7645,7647,7630,7640,23792
 2024/07/23-21:45,7640,7646,7629,7632,19831
 2024/07/23-21:50,7633,7633,7618,7627,22084
 2024/07/23-21:55,7627,7632,7621,7622,9483
 2024/07/23-22:00,7621,7623,7605,7613,22989
 2024/07/23-22:05,7614,7621,7603,7618,21366
 2024/07/23-22:10,7619,7625,7616,7617,13268
 2024/07/23-22:15,7617,7637,7616,7635,18325
 2024/07/23-22:20,7635,7642,7629,7632,15797
 2024/07/23-22:25,7632,7637,7622,7622,12355
 2024/07/23-22:30,7622,7628,7610,7611,19610
 2024/07/23-22:35,7611,7614,7604,7608,22600
 2024/07/23-22:40,7608,7625,7608,7621,18670
 2024/07/23-22:45,7620,7629,7620,7626,14349
 2024/07/23-22:50,7626,7626,7614,7618,11821
 2024/07/23-22:55,7618,7634,7618,7633,15241
 2024/07/23-23:00,7632,7638,7629,7630,13642
 2024/07/23-23:05,7629,7642,7627,7639,16854
 2024/07/23-23:10,7639,7641,7626,7629,10731
 2024/07/23-23:15,7629,7639,7628,7635,7877
 2024/07/23-23:20,7635,7639,7631,7639,6639
 2024/07/23-23:25,7639,7640,7627,7630,8079
 2024/07/23-23:30,7630,7631,7621,7628,11376
 2024/07/23-23:35,7628,7633,7622,7622,7874
 2024/07/23-23:40,7622,7629,7621,7626,5039
 2024/07/23-23:45,7626,7634,7623,7633,7278
 2024/07/23-23:50,7633,7636,7631,7632,4977
 2024/07/23-23:55,7633,7638,7630,7635,5044
 2024/07/23-00:00,7635,7635,7631,7631,2817
 2024/07/23-00:05,7631,7640,7631,7640,5311
 2024/07/23-00:10,7640,7657,7640,7646,27359
 2024/07/23-00:15,7646,7649,7642,7642,5909
 2024/07/23-00:20,7642,7645,7640,7644,5122
 2024/07/23-00:25,7644,7648,7642,7646,3986
 2024/07/23-00:30,7645,7650,7641,7641,4602
 2024/07/23-00:35,7641,7651,7640,7650,4702
 2024/07/23-00:40,7650,7652,7648,7648,3788
 2024/07/23-00:45,7648,7651,7643,7645,3384
 2024/07/23-00:50,7645,7650,7645,7650,2882
 2024/07/23-00:55,7650,7668,7650,7656,14755
 2024/07/23-01:00,7656,7660,7656,7658,4324
 2024/07/23-01:05,7659,7669,7659,7660,6967
 2024/07/23-01:10,7660,7665,7660,7663,4254
 2024/07/23-01:15,7663,7668,7660,7666,3701
 2024/07/23-01:20,7665,7675,7665,7673,7651
 2024/07/23-01:25,7673,7678,7668,7668,7419
 2024/07/23-01:30,7668,7674,7661,7662,6022
 2024/07/23-01:35,7662,7666,7660,7665,3684
 2024/07/23-01:40,7665,7666,7657,7662,4175
 2024/07/23-01:45,7661,7663,7660,7661,1585
 2024/07/23-01:50,7661,7661,7656,7659,2447
 2024/07/23-01:55,7659,7660,7657,7659,1318
 2024/07/23-02:00,7659,7659,7657,7659,889
 2024/07/23-02:05,7658,7659,7645,7647,7939
 2024/07/23-02:10,7647,7652,7647,7651,1592
 2024/07/23-02:15,7651,7653,7649,7650,1849
 2024/07/23-02:20,7649,7659,7649,7658,2361
 2024/07/23-02:25,7658,7661,7657,7661,1536
 2024/07/23-02:30,7660,7667,7659,7667,5482
 2024/07/23-09:05,7670,7685,7668,7679,35139
 2024/07/23-09:10,7679,7679,7670,7671,15481
 2024/07/23-09:15,7672,7713,7671,7711,35681
 2024/07/23-09:20,7711,7719,7702,7709,31488
 2024/07/23-09:25,7708,7731,7705,7722,30086
 2024/07/23-09:30,7722,7731,7713,7718,19470
 2024/07/23-09:35,7717,7722,7708,7714,14355
 2024/07/23-09:40,7714,7714,7701,7704,14538
 2024/07/23-09:45,7704,7710,7696,7702,9920
 2024/07/23-09:50,7701,7707,7690,7694,12762
 2024/07/23-09:55,7693,7704,7693,7702,7777
 2024/07/23-10:00,7702,7703,7693,7695,5981
 2024/07/23-10:05,7696,7696,7678,7686,21110
 2024/07/23-10:10,7687,7692,7682,7691,8494
 2024/07/23-10:15,7691,7692,7676,7681,7153
 2024/07/23-10:35,7681,7687,7674,7682,11880
 2024/07/23-10:40,7683,7686,7661,7666,18153
 2024/07/23-10:45,7666,7669,7655,7659,14172
 2024/07/23-10:50,7658,7662,7653,7654,13666
 2024/07/23-10:55,7654,7657,7643,7655,17935
 2024/07/23-11:00,7655,7663,7652,7652,9670
 2024/07/23-11:05,7652,7655,7645,7647,9471
 2024/07/23-11:10,7647,7651,7643,7649,8063
 2024/07/23-11:15,7649,7653,7636,7645,13261
 2024/07/23-11:20,7645,7645,7631,7640,14943
 2024/07/23-11:25,7640,7645,7632,7638,9771
 2024/07/23-11:30,7638,7649,7637,7647,11178
 2024/07/23-13:35,7630,7632,7619,7625,29217
 2024/07/23-13:40,7625,7637,7624,7626,11622
 2024/07/23-13:45,7626,7626,7610,7614,21905
 2024/07/23-13:50,7614,7614,7603,7612,21195
 2024/07/23-13:55,7612,7622,7608,7616,11858
 2024/07/23-14:00,7616,7625,7616,7620,8726
 2024/07/23-14:05,7620,7627,7610,7614,11211
 2024/07/23-14:10,7614,7617,7609,7611,10125
 2024/07/23-14:15,7611,7612,7576,7580,42571
 2024/07/23-14:20,7580,7583,7558,7564,60721
 2024/07/23-14:25,7564,7576,7561,7565,30146
 2024/07/23-14:30,7565,7581,7563,7572,15456
 2024/07/23-14:35,7572,7578,7560,7563,16738
 2024/07/23-14:40,7563,7597,7562,7594,29963
 2024/07/23-14:45,7593,7600,7584,7596,21302
 2024/07/23-14:50,7595,7597,7583,7593,15154
 2024/07/23-14:55,7592,7595,7587,7587,12281
 2024/07/23-15:00,7587,7588,7555,7565,37097
 2024/07/24-21:05,7626,7647,7617,7637,87184
 2024/07/24-21:10,7637,7648,7628,7628,28013
 2024/07/24-21:15,7628,7632,7614,7622,28172
 2024/07/24-21:20,7622,7627,7615,7625,17315
 2024/07/24-21:25,7626,7628,7616,7617,16872
 2024/07/24-21:30,7618,7635,7615,7635,17101
 2024/07/24-21:35,7635,7638,7617,7618,26472
 2024/07/24-21:40,7618,7625,7609,7622,23407
 2024/07/24-21:45,7622,7632,7622,7623,16284
 2024/07/24-21:50,7623,7629,7619,7625,9550
 2024/07/24-21:55,7625,7633,7618,7618,16038
 2024/07/24-22:00,7618,7627,7617,7626,9778
 2024/07/24-22:05,7626,7639,7625,7631,18904
 2024/07/24-22:10,7630,7639,7628,7636,10766
 2024/07/24-22:15,7636,7643,7632,7634,13882
 2024/07/24-22:20,7634,7635,7626,7628,9643
 2024/07/24-22:25,7628,7638,7626,7634,7878
 2024/07/24-22:30,7634,7657,7633,7653,22238
 2024/07/24-22:35,7653,7680,7652,7673,40910
 2024/07/24-22:40,7674,7674,7658,7658,23873
 2024/07/24-22:45,7658,7659,7648,7657,22299
 2024/07/24-22:50,7658,7658,7646,7651,15580
 2024/07/24-22:55,7651,7652,7640,7643,16222
 2024/07/24-23:00,7643,7644,7636,7642,15254
 2024/07/24-23:05,7641,7646,7629,7633,19210
 2024/07/24-23:10,7633,7633,7626,7629,13268
 2024/07/24-23:15,7630,7641,7628,7640,12046
 2024/07/24-23:20,7640,7645,7639,7640,9111
 2024/07/24-23:25,7640,7642,7638,7639,5400
 2024/07/24-23:30,7639,7650,7633,7645,13636
 2024/07/24-23:35,7645,7646,7632,7638,9244
 2024/07/24-23:40,7638,7643,7635,7643,5210
 2024/07/24-23:45,7643,7650,7640,7650,6787
 2024/07/24-23:50,7649,7653,7645,7652,11357
 2024/07/24-23:55,7651,7653,7646,7651,5777
 2024/07/24-00:00,7651,7657,7648,7656,7600
 2024/07/24-00:05,7656,7657,7649,7650,6963
 2024/07/24-00:10,7650,7652,7648,7650,3461
 2024/07/24-00:15,7651,7661,7651,7658,8131
 2024/07/24-00:20,7658,7660,7650,7650,5874
 2024/07/24-00:25,7650,7655,7645,7645,5156
 2024/07/24-00:30,7645,7649,7644,7649,3669
 2024/07/24-00:35,7648,7651,7645,7647,3203
 2024/07/24-00:40,7648,7650,7645,7646,2311
 2024/07/24-00:45,7647,7660,7647,7660,6320
 2024/07/24-00:50,7660,7667,7658,7661,10207
 2024/07/24-00:55,7662,7662,7658,7659,3852
 2024/07/24-01:00,7658,7663,7656,7659,4249
 2024/07/24-01:05,7659,7666,7657,7663,4934
 2024/07/24-01:10,7663,7666,7659,7665,3084
 2024/07/24-01:15,7666,7666,7662,7662,2878
 2024/07/24-01:20,7662,7663,7657,7658,3174
 2024/07/24-01:25,7658,7672,7658,7672,6771
 2024/07/24-01:30,7672,7672,7666,7666,3588
 2024/07/24-01:35,7666,7666,7662,7663,2382
 2024/07/24-01:40,7663,7665,7661,7664,1376
 2024/07/24-01:45,7664,7666,7655,7657,4840
 2024/07/24-01:50,7657,7661,7656,7659,2332
 2024/07/24-01:55,7659,7664,7659,7662,1704
 2024/07/24-02:00,7662,7662,7659,7661,1570
 2024/07/24-02:05,7661,7662,7658,7660,1628
 2024/07/24-02:10,7660,7662,7658,7659,1767
 2024/07/24-02:15,7659,7663,7659,7660,1267
 2024/07/24-02:20,7660,7665,7660,7661,2330
 2024/07/24-02:25,7661,7664,7660,7663,1275
 2024/07/24-02:30,7663,7667,7661,7667,4749
 2024/07/24-09:05,7677,7687,7663,7673,33321
 2024/07/24-09:10,7674,7674,7660,7667,14600
 2024/07/24-09:15,7667,7683,7667,7681,19222
 2024/07/24-09:20,7682,7682,7665,7665,11633
 2024/07/24-09:25,7665,7665,7646,7653,22502
 2024/07/24-09:30,7653,7655,7635,7640,19360
 2024/07/24-09:35,7640,7654,7633,7654,18554
 2024/07/24-09:40,7653,7658,7646,7654,13647
 2024/07/24-09:45,7654,7656,7642,7645,11342
 2024/07/24-09:50,7645,7650,7636,7640,12441
 2024/07/24-09:55,7640,7654,7640,7651,9447
 2024/07/24-10:00,7651,7660,7650,7659,9980
 2024/07/24-10:05,7659,7671,7651,7663,19294
 2024/07/24-10:10,7664,7674,7663,7674,10937
 2024/07/24-10:15,7673,7680,7673,7678,14117
 2024/07/24-10:35,7683,7699,7671,7688,30653
 2024/07/24-10:40,7688,7704,7687,7689,21999
 2024/07/24-10:45,7688,7689,7676,7676,16346
 2024/07/24-10:50,7676,7689,7675,7679,14201
 2024/07/24-10:55,7679,7692,7678,7690,8260
 2024/07/24-11:00,7690,7701,7690,7696,12961
 2024/07/24-11:05,7696,7713,7696,7713,24078
 2024/07/24-11:10,7713,7713,7697,7698,11889
 2024/07/24-11:15,7698,7709,7697,7706,10059
 2024/07/24-11:20,7706,7708,7697,7705,9436
 2024/07/24-11:25,7705,7714,7703,7703,12141
 2024/07/24-11:30,7704,7715,7703,7708,10780
 2024/07/24-13:35,7699,7702,7689,7700,28105
 2024/07/24-13:40,7700,7705,7695,7705,9730
 2024/07/24-13:45,7705,7707,7693,7693,10844
 2024/07/24-13:50,7693,7702,7689,7699,11200
 2024/07/24-13:55,7699,7700,7689,7692,9984
 2024/07/24-14:00,7692,7697,7690,7696,5234
 2024/07/24-14:05,7696,7721,7696,7711,24179
 2024/07/24-14:10,7711,7726,7709,7713,18972
 2024/07/24-14:15,7713,7716,7707,7715,12461
 2024/07/24-14:20,7715,7720,7709,7719,10721
 2024/07/24-14:25,7718,7727,7714,7714,12198
 2024/07/24-14:30,7715,7716,7707,7709,12222
 2024/07/24-14:35,7709,7713,7708,7710,6254
 2024/07/24-14:40,7709,7713,7702,7712,9747
 2024/07/24-14:45,7712,7720,7712,7717,9069
 2024/07/24-14:50,7717,7721,7715,7717,9160
 2024/07/24-14:55,7716,7722,7714,7718,9625
 2024/07/24-15:00,7719,7731,7718,7730,18951
 2024/07/25-21:05,7730,7747,7715,7717,52946
 2024/07/25-21:10,7717,7722,7711,7715,21862
 2024/07/25-21:15,7715,7721,7706,7706,19256
 2024/07/25-21:20,7707,7711,7697,7708,20318
 2024/07/25-21:25,7709,7713,7701,7704,15245
 2024/07/25-21:30,7704,7711,7702,7709,7400
 2024/07/25-21:35,7709,7720,7708,7719,17976
 2024/07/25-21:40,7718,7734,7718,7731,26521
 2024/07/25-21:45,7731,7736,7723,7725,16288
 2024/07/25-21:50,7725,7727,7705,7719,41701
 2024/07/25-21:55,7719,7722,7707,7711,16772
 2024/07/25-22:00,7711,7715,7704,7709,13205
 2024/07/25-22:05,7709,7718,7708,7718,14067
 2024/07/25-22:10,7718,7725,7706,7708,16694
 2024/07/25-22:15,7708,7712,7687,7690,30824
 2024/07/25-22:20,7690,7707,7689,7702,16596
 2024/07/25-22:25,7703,7703,7690,7696,11649
 2024/07/25-22:30,7697,7708,7694,7705,10815
 2024/07/25-22:35,7705,7711,7699,7699,11208
 2024/07/25-22:40,7699,7707,7698,7700,8601
 2024/07/25-22:45,7700,7705,7696,7704,8020
 2024/07/25-22:50,7704,7707,7697,7703,7798
 2024/07/25-22:55,7703,7716,7703,7715,17856
 2024/07/25-23:00,7715,7716,7708,7708,12963
 2024/07/25-23:05,7708,7716,7707,7707,12482
 2024/07/25-23:10,7707,7709,7700,7704,11130
 2024/07/25-23:15,7704,7706,7701,7701,6706
 2024/07/25-23:20,7701,7705,7696,7702,8130
 2024/07/25-23:25,7702,7707,7700,7706,5326
 2024/07/25-23:30,7706,7709,7704,7707,6441
 2024/07/25-23:35,7707,7718,7706,7711,10210
 2024/07/25-23:40,7712,7713,7709,7710,4471
 2024/07/25-23:45,7710,7711,7699,7701,9338
 2024/07/25-23:50,7701,7701,7694,7701,12335
 2024/07/25-23:55,7701,7701,7696,7699,4073
 2024/07/25-00:00,7699,7701,7696,7696,3525
 2024/07/25-00:05,7696,7696,7687,7687,10384
 2024/07/25-00:10,7687,7687,7680,7687,14581
 2024/07/25-00:15,7687,7688,7676,7683,9195
 2024/07/25-00:20,7682,7687,7682,7683,5701
 2024/07/25-00:25,7683,7689,7681,7683,5581
 2024/07/25-00:30,7682,7684,7681,7683,3110
 2024/07/25-00:35,7683,7685,7679,7684,3850
 2024/07/25-00:40,7684,7687,7678,7678,5099
 2024/07/25-00:45,7678,7680,7671,7680,8899
 2024/07/25-00:50,7680,7680,7672,7679,5028
 2024/07/25-00:55,7679,7685,7678,7684,4813
 2024/07/25-01:00,7683,7684,7677,7679,4342
 2024/07/25-01:05,7679,7681,7673,7676,6413
 2024/07/25-01:10,7676,7677,7672,7676,4146
 2024/07/25-01:15,7676,7680,7674,7678,3788
 2024/07/25-01:20,7678,7679,7666,7666,8627
 2024/07/25-01:25,7666,7668,7661,7665,11068
 2024/07/25-01:30,7666,7667,7657,7665,7502
 2024/07/25-01:35,7665,7668,7663,7664,4162
 2024/07/25-01:40,7664,7665,7653,7653,7719
 2024/07/25-01:45,7653,7657,7650,7651,6831
 2024/07/25-01:50,7652,7652,7645,7650,7401
 2024/07/25-01:55,7650,7650,7647,7648,3150
 2024/07/25-02:00,7648,7648,7643,7646,6745
 2024/07/25-02:05,7646,7646,7637,7639,9017
 2024/07/25-02:10,7639,7644,7638,7638,4319
 2024/07/25-02:15,7638,7651,7637,7647,6385
 2024/07/25-02:20,7647,7648,7644,7647,2911
 2024/07/25-02:25,7646,7648,7641,7645,3684
 2024/07/25-02:30,7645,7656,7645,7656,6533
 2024/07/25-09:05,7641,7641,7587,7600,79170
 2024/07/25-09:10,7600,7616,7592,7611,29365
 2024/07/25-09:15,7611,7617,7604,7607,17768
 2024/07/25-09:20,7607,7608,7531,7531,71999
 2024/07/25-09:25,7531,7554,7508,7512,85997
 2024/07/25-09:30,7513,7535,7512,7533,46522
 2024/07/25-09:35,7533,7538,7517,7523,32914
 2024/07/25-09:40,7523,7530,7464,7475,70430
 2024/07/25-09:45,7476,7479,7442,7471,76552
 2024/07/25-09:50,7471,7478,7444,7445,42889
 2024/07/25-09:55,7445,7453,7406,7419,79842
 2024/07/25-10:00,7419,7427,7390,7414,57065
 2024/07/25-10:05,7414,7416,7389,7399,38888
 2024/07/25-10:10,7399,7403,7380,7391,48459
 2024/07/25-10:15,7392,7392,7356,7364,60352
 2024/07/25-10:35,7368,7378,7364,7371,39075
 2024/07/25-10:40,7371,7371,7306,7306,76635
 2024/07/25-10:45,7307,7314,7272,7314,89345
 2024/07/25-10:50,7314,7342,7307,7320,61237
 2024/07/25-10:55,7321,7334,7306,7307,46849
 2024/07/25-11:00,7308,7312,7293,7295,39813
 2024/07/25-11:05,7294,7296,7250,7267,74943
 2024/07/25-11:10,7267,7289,7260,7273,41863
 2024/07/25-11:15,7273,7277,7249,7252,32811
 2024/07/25-11:20,7251,7268,7239,7268,35495
 2024/07/25-11:25,7269,7269,7231,7258,41233
 2024/07/25-11:30,7257,7278,7254,7270,32873
 2024/07/25-13:35,7268,7268,7218,7228,62114
 2024/07/25-13:40,7228,7257,7227,7253,33762
 2024/07/25-13:45,7252,7272,7251,7263,33088
 2024/07/25-13:50,7262,7268,7243,7245,23739
 2024/07/25-13:55,7245,7262,7241,7258,15622
 2024/07/25-14:00,7259,7268,7250,7266,17391
 2024/07/25-14:05,7265,7275,7255,7273,22692
 2024/07/25-14:10,7273,7301,7273,7276,53189
 2024/07/25-14:15,7276,7276,7255,7266,28904
 2024/07/25-14:20,7266,7268,7257,7264,19183
 2024/07/25-14:25,7264,7273,7262,7265,14746
 2024/07/25-14:30,7265,7267,7255,7258,11489
 2024/07/25-14:35,7258,7263,7255,7256,10758
 2024/07/25-14:40,7256,7259,7241,7259,23105
 2024/07/25-14:45,7259,7273,7257,7257,19064
 2024/07/25-14:50,7257,7263,7256,7259,9281
 2024/07/25-14:55,7259,7260,7240,7250,23560
 2024/07/25-15:00,7250,7254,7249,7250,56791
 2024/07/26-21:05,7191,7211,7173,7210,114636
 2024/07/26-21:10,7211,7227,7208,7220,60582
 2024/07/26-21:15,7219,7236,7214,7214,43110
 2024/07/26-21:20,7213,7236,7213,7222,29908
 2024/07/26-21:25,7222,7230,7217,7220,23071
 2024/07/26-21:30,7220,7226,7216,7220,15947
 2024/07/26-21:35,7220,7235,7212,7214,35315
 2024/07/26-21:40,7215,7224,7198,7199,34922
 2024/07/26-21:45,7200,7225,7190,7222,38111
 2024/07/26-21:50,7222,7232,7206,7206,25583
 2024/07/26-21:55,7206,7216,7202,7203,19466
 2024/07/26-22:00,7204,7213,7202,7212,14772
 2024/07/26-22:05,7212,7217,7202,7210,19212
 2024/07/26-22:10,7210,7215,7198,7201,18542
 2024/07/26-22:15,7201,7204,7196,7198,15197
 2024/07/26-22:20,7198,7208,7190,7208,25767
 2024/07/26-22:25,7208,7222,7206,7216,23905
 2024/07/26-22:30,7216,7229,7213,7227,25497
 2024/07/26-22:35,7227,7227,7213,7217,15575
 2024/07/26-22:40,7217,7227,7216,7222,12963
 2024/07/26-22:45,7222,7227,7219,7227,10093
 2024/07/26-22:50,7227,7245,7227,7236,33256
 2024/07/26-22:55,7236,7269,7232,7266,41787
 2024/07/26-23:00,7266,7276,7258,7274,35206
 2024/07/26-23:05,7274,7278,7263,7266,26548
 2024/07/26-23:10,7266,7269,7256,7268,20358
 2024/07/26-23:15,7268,7284,7268,7272,26258
 2024/07/26-23:20,7272,7278,7270,7271,12467
 2024/07/26-23:25,7270,7270,7251,7255,20322
 2024/07/26-23:30,7256,7265,7253,7264,12099
 2024/07/26-23:35,7264,7269,7261,7261,9847
 2024/07/26-23:40,7261,7266,7255,7265,9385
 2024/07/26-23:45,7265,7266,7258,7261,5601
 2024/07/26-23:50,7261,7262,7254,7256,8948
 2024/07/26-23:55,7257,7267,7255,7264,8025
 2024/07/26-00:00,7264,7266,7260,7264,5509
 2024/07/26-00:05,7264,7267,7256,7257,6854
 2024/07/26-00:10,7257,7260,7253,7257,7956
 2024/07/26-00:15,7257,7258,7252,7256,5750
 2024/07/26-00:20,7256,7266,7254,7264,6944
 2024/07/26-00:25,7264,7276,7261,7276,12823
 2024/07/26-00:30,7276,7276,7267,7269,8000
 2024/07/26-00:35,7269,7272,7266,7268,3946
 2024/07/26-00:40,7268,7276,7268,7269,5042
 2024/07/26-00:45,7270,7273,7269,7273,2710
 2024/07/26-00:50,7273,7274,7264,7266,4943
 2024/07/26-00:55,7266,7270,7264,7266,4002
 2024/07/26-01:00,7266,7269,7263,7264,3516
 2024/07/26-01:05,7263,7271,7263,7269,3938
 2024/07/26-01:10,7269,7269,7267,7268,3281
 2024/07/26-01:15,7268,7271,7265,7266,3486
 2024/07/26-01:20,7267,7267,7262,7263,4002
 2024/07/26-01:25,7263,7265,7257,7258,4921
 2024/07/26-01:30,7257,7261,7239,7245,15000
 2024/07/26-01:35,7245,7249,7240,7243,9234
 2024/07/26-01:40,7243,7248,7241,7248,3730
 2024/07/26-01:45,7248,7249,7242,7246,4291
 2024/07/26-01:50,7246,7248,7243,7247,2443
 2024/07/26-01:55,7247,7249,7245,7249,1822
 2024/07/26-02:00,7249,7258,7247,7258,4382
 2024/07/26-02:05,7258,7271,7258,7265,7057
 2024/07/26-02:10,7265,7266,7258,7260,3153
 2024/07/26-02:15,7260,7262,7259,7260,1692
 2024/07/26-02:20,7259,7267,7259,7263,2432
 2024/07/26-02:25,7263,7264,7260,7260,1661
 2024/07/26-02:30,7260,7265,7259,7260,5810
 2024/07/26-09:05,7260,7260,7237,7241,35098
 2024/07/26-09:10,7239,7243,7206,7209,46412
 2024/07/26-09:15,7209,7233,7209,7231,24758
 2024/07/26-09:20,7232,7246,7225,7232,21019
 2024/07/26-09:25,7232,7243,7227,7241,12972
 2024/07/26-09:30,7242,7267,7239,7265,24528
 2024/07/26-09:35,7264,7289,7262,7285,42859
 2024/07/26-09:40,7285,7293,7278,7279,28694
 2024/07/26-09:45,7278,7296,7276,7288,19677
 2024/07/26-09:50,7288,7302,7282,7302,24805
 2024/07/26-09:55,7303,7315,7293,7293,35911
 2024/07/26-10:00,7293,7317,7292,7311,25238
 2024/07/26-10:05,7311,7313,7298,7299,15133
 2024/07/26-10:10,7298,7309,7293,7306,16915
 2024/07/26-10:15,7306,7306,7297,7300,8835
 2024/07/26-10:35,7299,7312,7299,7310,13548
 2024/07/26-10:40,7310,7311,7300,7301,12273
 2024/07/26-10:45,7300,7312,7297,7310,9037
 2024/07/26-10:50,7310,7337,7304,7334,33254
 2024/07/26-10:55,7334,7335,7308,7312,19783
 2024/07/26-11:00,7312,7312,7298,7305,17001
 2024/07/26-11:05,7305,7318,7305,7309,12634
 2024/07/26-11:10,7309,7309,7301,7301,9011
 2024/07/26-11:15,7301,7309,7301,7305,6691
 2024/07/26-11:20,7305,7318,7303,7316,9762
 2024/07/26-11:25,7316,7323,7314,7318,10533
 2024/07/26-11:30,7318,7329,7316,7316,13312
 2024/07/26-13:35,7285,7305,7278,7300,41772
 2024/07/26-13:40,7300,7312,7300,7306,15999
 2024/07/26-13:45,7306,7307,7297,7305,10442
 2024/07/26-13:50,7304,7315,7304,7307,13975
 2024/07/26-13:55,7307,7310,7304,7306,5077
 2024/07/26-14:00,7308,7323,7306,7316,17318
 2024/07/26-14:05,7316,7317,7305,7305,10628
 2024/07/26-14:10,7305,7312,7301,7305,9726
 2024/07/26-14:15,7305,7305,7290,7290,12415
 2024/07/26-14:20,7290,7296,7265,7269,31683
 2024/07/26-14:25,7269,7282,7266,7272,20436
 2024/07/26-14:30,7272,7280,7268,7271,15955
 2024/07/26-14:35,7271,7275,7257,7257,21988
 2024/07/26-14:40,7257,7267,7256,7267,13552
 2024/07/26-14:45,7267,7274,7263,7263,14465
 2024/07/26-14:50,7261,7282,7258,7281,16754
 2024/07/26-14:55,7280,7281,7272,7278,8683
 2024/07/26-15:00,7278,7278,7269,7271,15803
 2024/07/29-21:05,7294,7315,7287,7293,53256
 2024/07/29-21:10,7292,7299,7273,7280,27550
 2024/07/29-21:15,7281,7281,7266,7275,22879
 2024/07/29-21:20,7275,7279,7259,7278,29707
 2024/07/29-21:25,7278,7291,7272,7287,22636
 2024/07/29-21:30,7287,7297,7285,7290,19538
 2024/07/29-21:35,7290,7298,7278,7296,21570
 2024/07/29-21:40,7296,7301,7288,7294,16845
 2024/07/29-21:45,7294,7298,7281,7295,22178
 2024/07/29-21:50,7294,7297,7282,7283,14626
 2024/07/29-21:55,7282,7283,7268,7274,23022
 2024/07/29-22:00,7275,7283,7271,7279,13345
 2024/07/29-22:05,7279,7288,7274,7286,20633
 2024/07/29-22:10,7286,7288,7280,7280,13588
 2024/07/29-22:15,7281,7299,7279,7295,25908
 2024/07/29-22:20,7295,7296,7283,7290,16282
 2024/07/29-22:25,7290,7295,7278,7280,16030
 2024/07/29-22:30,7279,7281,7274,7281,15308
 2024/07/29-22:35,7280,7281,7260,7265,24518
 2024/07/29-22:40,7265,7265,7237,7252,41281
 2024/07/29-22:45,7252,7265,7251,7263,18931
 2024/07/29-22:50,7263,7271,7246,7248,23666
 2024/07/29-22:55,7248,7250,7240,7247,17306
 2024/07/29-23:00,7248,7255,7246,7250,17521
 2024/07/29-23:05,7250,7264,7231,7257,35514
 2024/07/29-23:10,7257,7264,7252,7260,16589
 2024/07/29-23:15,7259,7260,7252,7255,10067
 2024/07/29-23:20,7255,7268,7249,7266,17511
 2024/07/29-23:25,7267,7269,7261,7269,10050
 2024/07/29-23:30,7269,7277,7262,7263,15154
 2024/07/29-23:35,7263,7268,7263,7266,7167
 2024/07/29-23:40,7266,7272,7264,7271,7126
 2024/07/29-23:45,7270,7275,7267,7270,7220
 2024/07/29-23:50,7270,7271,7264,7266,7333
 2024/07/29-23:55,7266,7269,7264,7265,3574
 2024/07/29-00:00,7264,7269,7263,7267,7068
 2024/07/29-00:05,7268,7269,7265,7269,4579
 2024/07/29-00:10,7268,7269,7266,7266,2725
 2024/07/29-00:15,7267,7269,7259,7268,7560
 2024/07/29-00:20,7268,7281,7266,7277,10666
 2024/07/29-00:25,7278,7287,7275,7283,14955
 2024/07/29-00:30,7283,7286,7280,7281,5731
 2024/07/29-00:35,7281,7286,7280,7285,4633
 2024/07/29-00:40,7285,7285,7279,7281,4508
 2024/07/29-00:45,7281,7285,7278,7284,5028
 2024/07/29-00:50,7285,7300,7285,7292,20426
 2024/07/29-00:55,7292,7295,7290,7293,5681
 2024/07/29-01:00,7292,7298,7291,7294,6502
 2024/07/29-01:05,7293,7295,7285,7287,7352
 2024/07/29-01:10,7286,7288,7283,7285,4501
 2024/07/29-01:15,7285,7289,7282,7283,4731
 2024/07/29-01:20,7283,7285,7277,7284,6145
 2024/07/29-01:25,7285,7287,7279,7279,4226
 2024/07/29-01:30,7279,7281,7274,7276,6331
 2024/07/29-01:35,7277,7280,7275,7276,4607
 2024/07/29-01:40,7276,7276,7269,7272,6568
 2024/07/29-01:45,7272,7275,7271,7272,3119
 2024/07/29-01:50,7272,7278,7270,7277,3507
 2024/07/29-01:55,7277,7279,7276,7277,2452
 2024/07/29-02:00,7277,7277,7275,7277,1419
 2024/07/29-02:05,7277,7280,7275,7275,3800
 2024/07/29-02:10,7275,7277,7273,7277,2061
 2024/07/29-02:15,7277,7284,7276,7279,3530
 2024/07/29-02:20,7279,7283,7279,7282,2189
 2024/07/29-02:25,7282,7282,7275,7275,4139
 2024/07/29-02:30,7275,7285,7275,7285,7717
 2024/07/29-09:05,7308,7360,7308,7326,109376
 2024/07/29-09:10,7326,7341,7317,7319,36419
 2024/07/29-09:15,7319,7328,7310,7320,27084
 2024/07/29-09:20,7320,7329,7309,7316,19278
 2024/07/29-09:25,7317,7323,7312,7319,13358
 2024/07/29-09:30,7319,7334,7319,7320,22241
 2024/07/29-09:35,7320,7322,7303,7304,22788
 2024/07/29-09:40,7304,7310,7291,7300,20975
 2024/07/29-09:45,7300,7307,7294,7300,11924
 2024/07/29-09:50,7300,7303,7291,7300,13964
 2024/07/29-09:55,7300,7304,7290,7296,12020
 2024/07/29-10:00,7295,7304,7291,7302,8081
 2024/07/29-10:05,7302,7313,7300,7300,14788
 2024/07/29-10:10,7300,7309,7296,7301,7476
 2024/07/29-10:15,7301,7309,7300,7306,4567
 2024/07/29-10:35,7307,7313,7302,7313,9265
 2024/07/29-10:40,7313,7320,7307,7307,10792
 2024/07/29-10:45,7308,7311,7301,7309,6991
 2024/07/29-10:50,7309,7310,7299,7301,6343
 2024/07/29-10:55,7301,7304,7298,7304,4113
 2024/07/29-11:00,7304,7310,7303,7307,4112
 2024/07/29-11:05,7308,7308,7302,7305,3067
 2024/07/29-11:10,7306,7306,7298,7303,5216
 2024/07/29-11:15,7303,7311,7303,7308,4766
 2024/07/29-11:20,7308,7312,7304,7305,3789
 2024/07/29-11:25,7305,7310,7303,7309,3057
 2024/07/29-11:30,7309,7319,7309,7318,8516
 2024/07/29-13:35,7326,7335,7317,7317,28633
 2024/07/29-13:40,7317,7329,7317,7320,8596
 2024/07/29-13:45,7320,7322,7315,7321,7888
 2024/07/29-13:50,7321,7329,7320,7329,8019
 2024/07/29-13:55,7329,7349,7329,7349,26060
 2024/07/29-14:00,7348,7354,7335,7338,17126
 2024/07/29-14:05,7339,7358,7336,7358,16037
 2024/07/29-14:10,7358,7360,7344,7346,16273
 2024/07/29-14:15,7346,7352,7340,7349,10067
 2024/07/29-14:20,7350,7358,7341,7343,11342
 2024/07/29-14:25,7343,7344,7336,7338,9080
 2024/07/29-14:30,7338,7338,7328,7334,11952
 2024/07/29-14:35,7334,7340,7329,7336,8874
 2024/07/29-14:40,7336,7340,7331,7339,5988
 2024/07/29-14:45,7339,7341,7333,7334,5045
 2024/07/29-14:50,7334,7338,7324,7324,10228
 2024/07/29-14:55,7324,7329,7322,7327,9225
 2024/07/29-15:00,7327,7335,7327,7332,12102
 2024/07/30-21:05,7333,7340,7319,7320,34610
 2024/07/30-21:10,7320,7320,7309,7315,20065
 2024/07/30-21:15,7315,7330,7315,7320,13228
 2024/07/30-21:20,7320,7329,7312,7313,10674
 2024/07/30-21:25,7313,7315,7303,7313,17393
 2024/07/30-21:30,7313,7319,7309,7311,10725
 2024/07/30-21:35,7311,7317,7292,7294,21668
 2024/07/30-21:40,7294,7310,7294,7304,19377
 2024/07/30-21:45,7305,7305,7282,7286,31383
 2024/07/30-21:50,7286,7297,7281,7286,18763
 2024/07/30-21:55,7286,7299,7283,7298,16119
 2024/07/30-22:00,7298,7302,7291,7297,11283
 2024/07/30-22:05,7296,7305,7291,7304,13441
 2024/07/30-22:10,7303,7312,7298,7307,14429
 2024/07/30-22:15,7307,7308,7293,7293,12331
 2024/07/30-22:20,7293,7293,7271,7278,28829
 2024/07/30-22:25,7277,7289,7272,7286,19871
 2024/07/30-22:30,7286,7291,7282,7282,12344
 2024/07/30-22:35,7282,7288,7263,7275,25056
 2024/07/30-22:40,7274,7274,7252,7254,30767
 2024/07/30-22:45,7254,7262,7234,7236,38140
 2024/07/30-22:50,7236,7247,7232,7235,25712
 2024/07/30-22:55,7235,7235,7222,7231,28490
 2024/07/30-23:00,7232,7239,7230,7234,18588
 2024/07/30-23:05,7234,7234,7216,7228,30269
 2024/07/30-23:10,7228,7232,7222,7227,15863
 2024/07/30-23:15,7227,7231,7200,7203,34632
 2024/07/30-23:20,7202,7203,7138,7140,85648
 2024/07/30-23:25,7140,7165,7140,7157,37897
 2024/07/30-23:30,7157,7176,7152,7168,36057
 2024/07/30-23:35,7168,7174,7160,7169,20028
 2024/07/30-23:40,7170,7175,7164,7171,12655
 2024/07/30-23:45,7171,7203,7170,7196,43521
 2024/07/30-23:50,7196,7212,7191,7209,26220
 2024/07/30-23:55,7209,7216,7196,7197,22118
 2024/07/30-00:00,7198,7199,7184,7185,26092
 2024/07/30-00:05,7186,7192,7179,7184,17144
 2024/07/30-00:10,7185,7195,7184,7188,13044
 2024/07/30-00:15,7188,7189,7182,7186,7908
 2024/07/30-00:20,7186,7193,7185,7189,7237
 2024/07/30-00:25,7189,7192,7187,7189,4507
 2024/07/30-00:30,7189,7191,7182,7188,8347
 2024/07/30-00:35,7189,7200,7187,7194,8428
 2024/07/30-00:40,7193,7196,7191,7192,3668
 2024/07/30-00:45,7192,7200,7192,7192,5902
 2024/07/30-00:50,7192,7210,7192,7206,9566
 2024/07/30-00:55,7206,7207,7201,7205,5539
 2024/07/30-01:00,7205,7209,7203,7207,5966
 2024/07/30-01:05,7207,7208,7202,7206,5890
 2024/07/30-01:10,7206,7213,7204,7212,4769
 2024/07/30-01:15,7211,7227,7207,7223,16406
 2024/07/30-01:20,7223,7230,7220,7228,9529
 2024/07/30-01:25,7228,7243,7223,7241,16054
 2024/07/30-01:30,7241,7252,7237,7240,13498
 2024/07/30-01:35,7240,7241,7234,7237,7026
 2024/07/30-01:40,7237,7242,7236,7241,4494
 2024/07/30-01:45,7241,7256,7241,7249,12050
 2024/07/30-01:50,7249,7252,7246,7250,4671
 2024/07/30-01:55,7250,7251,7237,7239,7490
 2024/07/30-02:00,7239,7240,7234,7234,4790
 2024/07/30-02:05,7234,7239,7228,7228,7315
 2024/07/30-02:10,7228,7233,7227,7228,4926
 2024/07/30-02:15,7228,7235,7228,7231,3542
 2024/07/30-02:20,7231,7234,7229,7233,2734
 2024/07/30-02:25,7233,7241,7233,7236,4589
 2024/07/30-02:30,7236,7246,7234,7246,6567
 2024/07/30-09:05,7254,7256,7221,7230,35380
 2024/07/30-09:10,7229,7238,7211,7217,23059
 2024/07/30-09:15,7218,7222,7209,7215,18138
 2024/07/30-09:20,7215,7223,7208,7221,18833
 2024/07/30-09:25,7221,7227,7213,7214,14008
 2024/07/30-09:30,7214,7226,7213,7215,9913
 2024/07/30-09:35,7214,7220,7205,7216,14948
 2024/07/30-09:40,7217,7231,7215,7230,11925
 2024/07/30-09:45,7230,7231,7219,7220,10445
 2024/07/30-09:50,7220,7221,7202,7211,17049
 2024/07/30-09:55,7212,7221,7210,7217,8072
 2024/07/30-10:00,7217,7225,7215,7218,6924
 2024/07/30-10:05,7218,7222,7212,7212,9143
 2024/07/30-10:10,7212,7219,7208,7214,7320
 2024/07/30-10:15,7214,7215,7209,7209,6125
 2024/07/30-10:35,7214,7217,7200,7209,16806
 2024/07/30-10:40,7208,7221,7208,7218,6891
 2024/07/30-10:45,7218,7238,7218,7238,15144
 2024/07/30-10:50,7238,7271,7238,7244,42477
 2024/07/30-10:55,7245,7248,7235,7241,11341
 2024/07/30-11:00,7241,7262,7238,7256,17038
 2024/07/30-11:05,7256,7265,7250,7260,14542
 2024/07/30-11:10,7260,7261,7247,7253,8844
 2024/07/30-11:15,7253,7253,7241,7246,12469
 2024/07/30-11:20,7246,7250,7242,7243,5384
 2024/07/30-11:25,7244,7250,7241,7249,5534
 2024/07/30-11:30,7249,7258,7247,7257,8225
 2024/07/30-13:35,7260,7267,7248,7264,18241
 2024/07/30-13:40,7265,7278,7261,7272,23170
 2024/07/30-13:45,7272,7293,7272,7283,30101
 2024/07/30-13:50,7283,7289,7265,7265,17422
 2024/07/30-13:55,7266,7271,7261,7269,11339
 2024/07/30-14:00,7270,7282,7266,7279,9985
 2024/07/30-14:05,7279,7288,7276,7280,13967
 2024/07/30-14:10,7279,7284,7274,7281,8688
 2024/07/30-14:15,7281,7292,7277,7291,13605
 2024/07/30-14:20,7291,7310,7288,7299,31671
 2024/07/30-14:25,7299,7301,7289,7292,12775
 2024/07/30-14:30,7292,7301,7290,7298,8605
 2024/07/30-14:35,7298,7298,7284,7284,11984
 2024/07/30-14:40,7285,7288,7277,7278,11769
 2024/07/30-14:45,7278,7284,7273,7278,11030
 2024/07/30-14:50,7278,7283,7273,7282,9230
 2024/07/30-14:55,7282,7289,7275,7288,9339
 2024/07/30-15:00,7288,7300,7284,7296,18729
 2024/07/31-21:05,7268,7270,7247,7265,38471
 2024/07/31-21:10,7265,7273,7261,7268,17123
 2024/07/31-21:15,7268,7290,7268,7285,25215
 2024/07/31-21:20,7286,7308,7285,7287,32841
 2024/07/31-21:25,7287,7288,7276,7285,20082
 2024/07/31-21:30,7284,7300,7284,7294,16654
 2024/07/31-21:35,7294,7319,7285,7305,35803
 2024/07/31-21:40,7305,7307,7293,7296,21056
 2024/07/31-21:45,7297,7309,7291,7292,18707
 2024/07/31-21:50,7292,7293,7279,7284,20197
 2024/07/31-21:55,7284,7286,7277,7281,14627
 2024/07/31-22:00,7281,7292,7281,7282,10505
 2024/07/31-22:05,7281,7281,7254,7264,56243
 2024/07/31-22:10,7264,7277,7262,7264,17887
 2024/07/31-22:15,7264,7268,7249,7266,24158
 2024/07/31-22:20,7266,7276,7260,7275,16819
 2024/07/31-22:25,7275,7298,7274,7292,25154
 2024/07/31-22:30,7292,7301,7286,7299,21564
 2024/07/31-22:35,7299,7313,7295,7305,29105
 2024/07/31-22:40,7305,7309,7296,7304,20997
 2024/07/31-22:45,7304,7309,7298,7303,12891
 2024/07/31-22:50,7302,7342,7296,7330,52994
 2024/07/31-22:55,7330,7338,7324,7325,31899
 2024/07/31-23:00,7324,7337,7315,7320,20576
 2024/07/31-23:05,7319,7326,7309,7313,23642
 2024/07/31-23:10,7312,7312,7302,7307,16504
 2024/07/31-23:15,7306,7319,7306,7314,15795
 2024/07/31-23:20,7313,7324,7313,7314,13937
 2024/07/31-23:25,7314,7318,7301,7305,16613
 2024/07/31-23:30,7305,7309,7289,7297,25150
 2024/07/31-23:35,7296,7305,7294,7301,13260
 2024/07/31-23:40,7301,7305,7292,7295,12504
 2024/07/31-23:45,7296,7299,7288,7295,12572
 2024/07/31-23:50,7295,7301,7293,7295,7785
 2024/07/31-23:55,7294,7295,7287,7293,8311
 2024/07/31-00:00,7293,7306,7293,7303,10322
 2024/07/31-00:05,7303,7307,7298,7301,8120
 2024/07/31-00:10,7301,7311,7299,7308,9720
 2024/07/31-00:15,7308,7314,7303,7304,9154
 2024/07/31-00:20,7303,7308,7303,7307,3988
 2024/07/31-00:25,7308,7316,7307,7311,6765
 2024/07/31-00:30,7311,7320,7310,7315,6985
 2024/07/31-00:35,7315,7319,7310,7313,6579
 2024/07/31-00:40,7313,7324,7312,7321,6873
 2024/07/31-00:45,7321,7324,7316,7316,5399
 2024/07/31-00:50,7316,7335,7316,7335,15049
 2024/07/31-00:55,7334,7335,7321,7325,8197
 2024/07/31-01:00,7325,7341,7324,7338,15996
 2024/07/31-01:05,7338,7392,7334,7370,59296
 2024/07/31-01:10,7370,7377,7361,7363,17291
 2024/07/31-01:15,7364,7367,7358,7366,11374
 2024/07/31-01:20,7366,7375,7362,7375,10280
 2024/07/31-01:25,7375,7411,7373,7407,27185
 2024/07/31-01:30,7406,7412,7390,7396,16595
 2024/07/31-01:35,7396,7410,7392,7410,12298
 2024/07/31-01:40,7410,7417,7399,7412,15496
 2024/07/31-01:45,7412,7413,7399,7402,9244
 2024/07/31-01:50,7401,7402,7390,7398,10262
 2024/07/31-01:55,7398,7406,7389,7393,8544
 2024/07/31-02:00,7393,7394,7385,7392,6584
 2024/07/31-02:05,7392,7394,7382,7386,6084
 2024/07/31-02:10,7386,7394,7386,7392,4394
 2024/07/31-02:15,7392,7402,7392,7399,5258
 2024/07/31-02:20,7398,7406,7398,7402,5876
 2024/07/31-02:25,7401,7406,7399,7403,4184
 2024/07/31-02:30,7403,7403,7391,7398,8805
 2024/07/31-09:05,7407,7413,7368,7371,46682
 2024/07/31-09:10,7372,7376,7359,7368,27720
 2024/07/31-09:15,7368,7388,7367,7384,20814
 2024/07/31-09:20,7384,7391,7371,7372,16759
 2024/07/31-09:25,7372,7387,7370,7386,9853
 2024/07/31-09:30,7387,7391,7381,7383,9848
 2024/07/31-09:35,7383,7387,7374,7377,11693
 2024/07/31-09:40,7377,7389,7377,7389,9775
 2024/07/31-09:45,7389,7429,7388,7422,40717
 2024/07/31-09:50,7423,7427,7409,7422,23466
 2024/07/31-09:55,7422,7456,7422,7456,51495
 2024/07/31-10:00,7456,7457,7441,7444,27966
 2024/07/31-10:05,7444,7447,7434,7439,17018
 2024/07/31-10:10,7440,7440,7423,7426,17851
 2024/07/31-10:15,7426,7434,7424,7428,11818
 2024/07/31-10:35,7430,7450,7430,7441,18581
 2024/07/31-10:40,7441,7444,7432,7435,8480
 2024/07/31-10:45,7435,7456,7435,7455,13172
 2024/07/31-10:50,7456,7456,7442,7446,9986
 2024/07/31-10:55,7446,7451,7442,7443,7196
 2024/07/31-11:00,7444,7450,7443,7449,5134
 2024/07/31-11:05,7449,7462,7448,7460,17012
 2024/07/31-11:10,7460,7467,7456,7457,14500
 2024/07/31-11:15,7457,7479,7457,7479,20224
 2024/07/31-11:20,7479,7479,7465,7465,15846
 2024/07/31-11:25,7465,7474,7465,7474,6953
 2024/07/31-11:30,7474,7490,7473,7487,19874
 2024/07/31-13:35,7490,7509,7490,7493,30701
 2024/07/31-13:40,7493,7493,7466,7468,23439
 2024/07/31-13:45,7468,7473,7461,7471,16924
 2024/07/31-13:50,7470,7476,7464,7470,13079
 2024/07/31-13:55,7470,7477,7470,7477,7760
 2024/07/31-14:00,7477,7478,7465,7467,10672
 2024/07/31-14:05,7468,7468,7454,7463,18850
 2024/07/31-14:10,7463,7472,7457,7471,11655
 2024/07/31-14:15,7471,7471,7461,7467,6827
 2024/07/31-14:20,7467,7470,7461,7467,8278
 2024/07/31-14:25,7467,7468,7459,7460,9313
 2024/07/31-14:30,7460,7470,7460,7468,10963
 2024/07/31-14:35,7468,7480,7462,7474,16940
 2024/07/31-14:40,7474,7478,7469,7471,9596
 2024/07/31-14:45,7471,7471,7462,7470,8420
 2024/07/31-14:50,7470,7474,7467,7469,9079
 2024/07/31-14:55,7469,7472,7467,7471,7760
 2024/07/31-15:00,7471,7472,7463,7464,16016
 2024/08/01-21:05,7467,7484,7467,7476,33607
 2024/08/01-21:10,7476,7478,7463,7470,18923
 2024/08/01-21:15,7469,7479,7466,7467,11180
 2024/08/01-21:20,7467,7470,7459,7465,17131
 2024/08/01-21:25,7465,7480,7463,7471,15731
 2024/08/01-21:30,7472,7501,7470,7490,27377
 2024/08/01-21:35,7490,7530,7490,7526,48947
 2024/08/01-21:40,7526,7540,7514,7532,51915
 2024/08/01-21:45,7532,7537,7522,7525,24837
 2024/08/01-21:50,7524,7535,7511,7514,31083
 2024/08/01-21:55,7514,7532,7511,7532,16827
 2024/08/01-22:00,7531,7532,7516,7518,14343
 2024/08/01-22:05,7517,7525,7503,7506,24551
 2024/08/01-22:10,7506,7517,7505,7516,11897
 2024/08/01-22:15,7516,7523,7507,7522,12445
 2024/08/01-22:20,7522,7526,7510,7510,13857
 2024/08/01-22:25,7511,7511,7492,7504,26107
 2024/08/01-22:30,7503,7506,7496,7504,12463
 2024/08/01-22:35,7504,7510,7494,7499,13211
 2024/08/01-22:40,7500,7507,7499,7505,7335
 2024/08/01-22:45,7505,7505,7495,7499,8204
 2024/08/01-22:50,7498,7508,7498,7505,9971
 2024/08/01-22:55,7504,7504,7481,7487,28096
 2024/08/01-23:00,7486,7498,7485,7494,13888
 2024/08/01-23:05,7495,7501,7491,7493,12430
 2024/08/01-23:10,7493,7500,7490,7497,10055
 2024/08/01-23:15,7497,7499,7491,7498,8719
 2024/08/01-23:20,7498,7517,7498,7509,21033
 2024/08/01-23:25,7510,7514,7492,7496,17090
 2024/08/01-23:30,7496,7500,7492,7494,8204
 2024/08/01-23:35,7494,7505,7494,7501,7927
 2024/08/01-23:40,7501,7507,7501,7505,6287
 2024/08/01-23:45,7505,7510,7501,7506,6958
 2024/08/01-23:50,7506,7512,7505,7510,7155
 2024/08/01-23:55,7510,7511,7502,7506,6256
 2024/08/01-00:00,7505,7509,7505,7505,3323
 2024/08/01-00:05,7505,7511,7504,7508,4164
 2024/08/01-00:10,7509,7509,7498,7506,7441
 2024/08/01-00:15,7506,7509,7504,7507,5072
 2024/08/01-00:20,7507,7509,7505,7506,3043
 2024/08/01-00:25,7506,7517,7505,7513,7712
 2024/08/01-00:30,7513,7522,7513,7517,8405
 2024/08/01-00:35,7517,7518,7507,7508,6021
 2024/08/01-00:40,7507,7507,7501,7505,6997
 2024/08/01-00:45,7506,7506,7500,7503,4155
 2024/08/01-00:50,7503,7509,7503,7506,3331
 2024/08/01-00:55,7506,7506,7501,7504,2385
 2024/08/01-01:00,7503,7506,7499,7505,4058
 2024/08/01-01:05,7505,7512,7503,7512,4466
 2024/08/01-01:10,7512,7512,7505,7505,2568
 2024/08/01-01:15,7505,7512,7504,7509,3672
 2024/08/01-01:20,7509,7515,7509,7513,4695
 2024/08/01-01:25,7513,7513,7509,7510,2944
 2024/08/01-01:30,7510,7512,7504,7504,3457
 2024/08/01-01:35,7504,7506,7482,7485,15129
 2024/08/01-01:40,7485,7490,7468,7474,16603
 2024/08/01-01:45,7473,7481,7473,7477,6755
 2024/08/01-01:50,7477,7486,7475,7486,4765
 2024/08/01-01:55,7486,7491,7485,7486,4989
 2024/08/01-02:00,7486,7489,7482,7484,3692
 2024/08/01-02:05,7484,7484,7453,7467,44632
 2024/08/01-02:10,7467,7473,7456,7466,10787
 2024/08/01-02:15,7466,7475,7465,7466,6135
 2024/08/01-02:20,7466,7470,7455,7458,7246
 2024/08/01-02:25,7458,7469,7457,7469,4609
 2024/08/01-02:30,7468,7484,7465,7482,9144
 2024/08/01-09:05,7513,7558,7513,7547,75754
 2024/08/01-09:10,7547,7558,7541,7551,33770
 2024/08/01-09:15,7551,7562,7547,7552,23148
 2024/08/01-09:20,7553,7560,7547,7552,16886
 2024/08/01-09:25,7552,7576,7552,7574,29265
 2024/08/01-09:30,7574,7574,7560,7568,16419
 2024/08/01-09:35,7568,7571,7551,7557,21482
 2024/08/01-09:40,7557,7561,7551,7560,9915
 2024/08/01-09:45,7560,7560,7550,7555,9126
 2024/08/01-09:50,7555,7556,7543,7553,13992
 2024/08/01-09:55,7553,7555,7546,7550,6436
 2024/08/01-10:00,7549,7553,7538,7541,12142
 2024/08/01-10:05,7541,7542,7527,7528,18746
 2024/08/01-10:10,7528,7534,7525,7534,11855
 2024/08/01-10:15,7534,7535,7524,7524,9284
 2024/08/01-10:35,7528,7534,7513,7517,16549
 2024/08/01-10:40,7517,7522,7505,7511,17970
 2024/08/01-10:45,7511,7517,7489,7490,22466
 2024/08/01-10:50,7490,7494,7485,7490,17420
 2024/08/01-10:55,7490,7495,7472,7474,21474
 2024/08/01-11:00,7475,7486,7472,7483,16240
 2024/08/01-11:05,7483,7485,7471,7484,13508
 2024/08/01-11:10,7484,7489,7478,7487,11851
 2024/08/01-11:15,7487,7495,7486,7488,9294
 2024/08/01-11:20,7488,7491,7479,7480,6799
 2024/08/01-11:25,7480,7485,7476,7485,6953
 2024/08/01-11:30,7485,7492,7483,7492,9946
 2024/08/01-13:35,7503,7515,7497,7502,20939
 2024/08/01-13:40,7502,7505,7495,7499,7920
 2024/08/01-13:45,7499,7504,7494,7504,7208
 2024/08/01-13:50,7504,7504,7490,7491,8448
 2024/08/01-13:55,7492,7497,7488,7496,5864
 2024/08/01-14:00,7497,7504,7496,7500,6057
 2024/08/01-14:05,7500,7506,7498,7498,7931
 2024/08/01-14:10,7498,7498,7478,7480,14313
 2024/08/01-14:15,7482,7487,7478,7485,7718
 2024/08/01-14:20,7485,7492,7483,7491,8252
 2024/08/01-14:25,7492,7505,7491,7501,9198
 2024/08/01-14:30,7501,7505,7498,7504,8491
 2024/08/01-14:35,7504,7528,7501,7523,23230
 2024/08/01-14:40,7522,7525,7514,7522,12300
 2024/08/01-14:45,7522,7522,7514,7518,8866
 2024/08/01-14:50,7518,7520,7509,7510,9230
 2024/08/01-14:55,7510,7519,7510,7519,7933
 2024/08/01-15:00,7518,7524,7517,7521,13618
 2024/08/02-21:05,7541,7544,7529,7531,35852
 2024/08/02-21:10,7531,7533,7522,7526,18066
 2024/08/02-21:15,7526,7541,7523,7535,14360
 2024/08/02-21:20,7535,7538,7525,7535,11993
 2024/08/02-21:25,7535,7556,7534,7550,24346
 2024/08/02-21:30,7550,7566,7550,7557,25231
 2024/08/02-21:35,7557,7557,7537,7553,22280
 2024/08/02-21:40,7552,7565,7545,7546,18478
 2024/08/02-21:45,7546,7552,7538,7542,15730
 2024/08/02-21:50,7543,7545,7530,7533,18799
 2024/08/02-21:55,7532,7538,7522,7537,18174
 2024/08/02-22:00,7537,7541,7533,7536,9279
 2024/08/02-22:05,7536,7551,7536,7541,27717
 2024/08/02-22:10,7542,7542,7493,7501,49821
 2024/08/02-22:15,7500,7506,7486,7498,35035
 2024/08/02-22:20,7497,7497,7479,7488,29662
 2024/08/02-22:25,7488,7495,7462,7465,47422
 2024/08/02-22:30,7465,7475,7453,7453,37466
 2024/08/02-22:35,7452,7468,7449,7464,31900
 2024/08/02-22:40,7464,7464,7432,7458,43640
 2024/08/02-22:45,7457,7463,7445,7457,23198
 2024/08/02-22:50,7457,7458,7423,7424,33435
 2024/08/02-22:55,7425,7438,7392,7398,54772
 2024/08/02-23:00,7398,7405,7381,7403,54198
 2024/08/02-23:05,7404,7413,7392,7408,33927
 2024/08/02-23:10,7407,7407,7393,7398,24269
 2024/08/02-23:15,7398,7400,7386,7397,25313
 2024/08/02-23:20,7397,7423,7395,7415,32621
 2024/08/02-23:25,7414,7419,7407,7418,17236
 2024/08/02-23:30,7418,7434,7416,7423,28687
 2024/08/02-23:35,7423,7440,7420,7438,24420
 2024/08/02-23:40,7437,7437,7424,7425,18016
 2024/08/02-23:45,7426,7426,7417,7417,17913
 2024/08/02-23:50,7418,7421,7401,7412,22739
 2024/08/02-23:55,7413,7419,7409,7410,12266
 2024/08/02-00:00,7409,7416,7403,7408,11046
 2024/08/02-00:05,7408,7415,7406,7411,8395
 2024/08/02-00:10,7411,7419,7409,7413,9475
 2024/08/02-00:15,7414,7417,7407,7414,6981
 2024/08/02-00:20,7414,7419,7410,7411,6511
 2024/08/02-00:25,7411,7412,7402,7408,10303
 2024/08/02-00:30,7408,7413,7405,7412,5436
 2024/08/02-00:35,7412,7413,7409,7411,3855
 2024/08/02-00:40,7411,7418,7407,7413,7344
 2024/08/02-00:45,7413,7413,7400,7407,9924
 2024/08/02-00:50,7408,7408,7402,7405,5399
 2024/08/02-00:55,7405,7407,7402,7404,4217
 2024/08/02-01:00,7403,7404,7387,7398,16235
 2024/08/02-01:05,7399,7399,7362,7363,29635
 2024/08/02-01:10,7362,7377,7362,7376,15431
 2024/08/02-01:15,7376,7382,7374,7376,8460
 2024/08/02-01:20,7376,7378,7371,7376,7360
 2024/08/02-01:25,7376,7380,7374,7376,4583
 2024/08/02-01:30,7376,7378,7365,7366,8528
 2024/08/02-01:35,7366,7366,7355,7364,12886
 2024/08/02-01:40,7364,7370,7359,7363,7405
 2024/08/02-01:45,7363,7366,7359,7360,4009
 2024/08/02-01:50,7361,7366,7358,7365,4563
 2024/08/02-01:55,7365,7376,7365,7372,7543
 2024/08/02-02:00,7372,7375,7370,7373,3173
 2024/08/02-02:05,7374,7380,7373,7376,5969
 2024/08/02-02:10,7376,7379,7375,7376,3690
 2024/08/02-02:15,7376,7376,7367,7371,4398
 2024/08/02-02:20,7371,7373,7363,7365,4342
 2024/08/02-02:25,7365,7374,7365,7368,3812
 2024/08/02-02:30,7368,7369,7350,7351,9868
 2024/08/02-09:05,7388,7396,7375,7388,42489
 2024/08/02-09:10,7388,7409,7386,7390,30967
 2024/08/02-09:15,7391,7391,7334,7337,52123
 2024/08/02-09:20,7338,7346,7314,7345,58362
 2024/08/02-09:25,7345,7357,7339,7343,27090
 2024/08/02-09:30,7343,7363,7340,7362,18161
 2024/08/02-09:35,7362,7373,7359,7365,22086
 2024/08/02-09:40,7365,7374,7360,7373,11060
 2024/08/02-09:45,7373,7387,7373,7384,18601
 2024/08/02-09:50,7384,7391,7377,7378,15594
 2024/08/02-09:55,7377,7381,7367,7380,15598
 2024/08/02-10:00,7380,7389,7371,7386,10923
 2024/08/02-10:05,7386,7412,7382,7398,28048
 2024/08/02-10:10,7398,7401,7388,7399,10978
 2024/08/02-10:15,7400,7409,7393,7405,11588
 2024/08/02-10:35,7415,7418,7393,7393,24023
 2024/08/02-10:40,7394,7400,7382,7398,16903
 2024/08/02-10:45,7399,7407,7397,7398,8094
 2024/08/02-10:50,7398,7414,7398,7412,11013
 2024/08/02-10:55,7412,7425,7410,7419,15130
 2024/08/02-11:00,7419,7439,7419,7430,19851
 2024/08/02-11:05,7431,7459,7431,7454,34835
 2024/08/02-11:10,7454,7478,7454,7466,36378
 2024/08/02-11:15,7466,7467,7457,7466,16399
 2024/08/02-11:20,7466,7477,7460,7475,17300
 2024/08/02-11:25,7475,7475,7460,7464,11916
 2024/08/02-11:30,7464,7466,7455,7466,10977
 2024/08/02-13:35,7467,7475,7453,7459,18150
 2024/08/02-13:40,7460,7462,7445,7447,13039
 2024/08/02-13:45,7447,7457,7440,7455,13812
 2024/08/02-13:50,7455,7498,7455,7489,29122
 2024/08/02-13:55,7489,7503,7484,7484,20958
 2024/08/02-14:00,7484,7484,7474,7480,14896
 2024/08/02-14:05,7480,7483,7467,7468,13785
 2024/08/02-14:10,7468,7486,7464,7485,13170
 2024/08/02-14:15,7485,7494,7477,7490,11057
 2024/08/02-14:20,7490,7492,7482,7491,9024
 2024/08/02-14:25,7491,7491,7478,7482,7859
 2024/08/02-14:30,7483,7490,7481,7489,7434
 2024/08/02-14:35,7488,7502,7488,7496,13357
 2024/08/02-14:40,7496,7503,7487,7487,14925
 2024/08/02-14:45,7487,7488,7477,7482,12968
 2024/08/02-14:50,7481,7485,7475,7482,9840
 2024/08/02-14:55,7482,7493,7482,7491,9205
 2024/08/02-15:00,7490,7498,7489,7494,17706
 2024/08/05-21:05,7531,7531,7450,7457,80219
 2024/08/05-21:10,7457,7460,7406,7438,91885
 2024/08/05-21:15,7438,7446,7425,7432,40518
 2024/08/05-21:20,7432,7471,7404,7465,67202
 2024/08/05-21:25,7465,7478,7458,7471,40026
 2024/08/05-21:30,7471,7477,7461,7477,24328
 2024/08/05-21:35,7478,7488,7476,7480,36543
 2024/08/05-21:40,7481,7493,7463,7467,34906
 2024/08/05-21:45,7467,7468,7441,7447,38954
 2024/08/05-21:50,7447,7451,7428,7435,35182
 2024/08/05-21:55,7435,7448,7431,7432,23434
 2024/08/05-22:00,7432,7439,7428,7430,17376
 2024/08/05-22:05,7430,7452,7421,7449,38459
 2024/08/05-22:10,7448,7452,7409,7409,33938
 2024/08/05-22:15,7410,7424,7400,7423,42126
 2024/08/05-22:20,7423,7432,7422,7424,23163
 2024/08/05-22:25,7424,7444,7416,7429,26778
 2024/08/05-22:30,7429,7429,7409,7410,23662
 2024/08/05-22:35,7410,7416,7335,7342,86106
 2024/08/05-22:40,7343,7350,7290,7305,116248
 2024/08/05-22:45,7307,7317,7260,7268,88569
 2024/08/05-22:50,7268,7269,7240,7244,91799
 2024/08/05-22:55,7244,7266,7233,7254,61350
 2024/08/05-23:00,7254,7258,7222,7235,64897
 2024/08/05-23:05,7236,7252,7226,7242,42618
 2024/08/05-23:10,7242,7248,7209,7228,59081
 2024/08/05-23:15,7228,7236,7190,7195,70685
 2024/08/05-23:20,7194,7223,7184,7215,70136
 2024/08/05-23:25,7215,7247,7214,7234,49907
 2024/08/05-23:30,7234,7237,7224,7234,27451
 2024/08/05-23:35,7234,7245,7229,7231,28834
 2024/08/05-23:40,7230,7238,7223,7225,20505
 2024/08/05-23:45,7225,7236,7219,7233,19180
 2024/08/05-23:50,7234,7261,7234,7253,37405
 2024/08/05-23:55,7253,7264,7251,7260,30198
 2024/08/05-00:00,7260,7269,7258,7268,25365
 2024/08/05-00:05,7268,7282,7263,7267,37313
 2024/08/05-00:10,7267,7321,7266,7317,61261
 2024/08/05-00:15,7316,7318,7302,7308,29828
 2024/08/05-00:20,7308,7320,7283,7287,35457
 2024/08/05-00:25,7287,7304,7285,7301,22660
 2024/08/05-00:30,7300,7317,7300,7304,20352
 2024/08/05-00:35,7304,7305,7293,7296,16077
 2024/08/05-00:40,7296,7299,7288,7292,12313
 2024/08/05-00:45,7292,7292,7270,7272,23557
 2024/08/05-00:50,7271,7281,7255,7280,33868
 2024/08/05-00:55,7279,7298,7279,7281,25829
 2024/08/05-01:00,7281,7287,7275,7280,12941
 2024/08/05-01:05,7280,7285,7271,7275,10202
 2024/08/05-01:10,7275,7286,7265,7284,16741
 2024/08/05-01:15,7285,7292,7277,7280,11660
 2024/08/05-01:20,7280,7284,7276,7280,6366
 2024/08/05-01:25,7280,7288,7275,7277,8140
 2024/08/05-01:30,7276,7281,7268,7277,12845
 2024/08/05-01:35,7277,7303,7276,7293,16829
 2024/08/05-01:40,7294,7296,7288,7293,6393
 2024/08/05-01:45,7293,7297,7291,7291,5794
 2024/08/05-01:50,7291,7292,7280,7282,7241
 2024/08/05-01:55,7282,7294,7281,7287,5373
 2024/08/05-02:00,7287,7288,7282,7286,4769
 2024/08/05-02:05,7287,7287,7283,7286,4337
 2024/08/05-02:10,7285,7295,7284,7293,5823
 2024/08/05-02:15,7293,7298,7290,7297,5645
 2024/08/05-02:20,7297,7316,7297,7310,15017
 2024/08/05-02:25,7310,7324,7310,7316,10920
 2024/08/05-02:30,7316,7323,7314,7320,11884
 2024/08/05-09:05,7281,7281,7198,7246,96968
 2024/08/05-09:10,7247,7251,7217,7243,37443
 2024/08/05-09:15,7242,7274,7242,7265,31798
 2024/08/05-09:20,7265,7295,7252,7291,37053
 2024/08/05-09:25,7292,7309,7279,7300,29163
 2024/08/05-09:30,7301,7304,7269,7281,28105
 2024/08/05-09:35,7282,7303,7275,7284,20771
 2024/08/05-09:40,7284,7320,7284,7315,25038
 2024/08/05-09:45,7315,7351,7315,7335,47887
 2024/08/05-09:50,7335,7359,7335,7343,29056
 2024/08/05-09:55,7342,7350,7334,7335,15326
 2024/08/05-10:00,7335,7348,7322,7335,18967
 2024/08/05-10:05,7335,7339,7310,7313,22302
 2024/08/05-10:10,7313,7326,7295,7300,19043
 2024/08/05-10:15,7300,7307,7290,7295,14548
 2024/08/05-10:35,7304,7321,7296,7307,17900
 2024/08/05-10:40,7307,7312,7296,7309,9649
 2024/08/05-10:45,7309,7321,7299,7319,9205
 2024/08/05-10:50,7319,7331,7319,7328,14778
 2024/08/05-10:55,7328,7347,7328,7341,15623
 2024/08/05-11:00,7342,7343,7324,7327,13538
 2024/08/05-11:05,7327,7339,7326,7329,7704
 2024/08/05-11:10,7329,7338,7329,7336,6358
 2024/08/05-11:15,7336,7345,7318,7327,11280
 2024/08/05-11:20,7328,7341,7328,7335,9046
 2024/08/05-11:25,7335,7340,7329,7333,8411
 2024/08/05-11:30,7333,7342,7327,7341,10460
 2024/08/05-13:35,7321,7321,7261,7262,51326
 2024/08/05-13:40,7261,7278,7242,7269,45428
 2024/08/05-13:45,7270,7288,7266,7269,23637
 2024/08/05-13:50,7269,7269,7246,7265,25371
 2024/08/05-13:55,7265,7271,7237,7240,26388
 2024/08/05-14:00,7240,7268,7238,7260,20459
 2024/08/05-14:05,7260,7260,7244,7245,15068
 2024/08/05-14:10,7245,7268,7244,7265,14708
 2024/08/05-14:15,7265,7267,7254,7259,8823
 2024/08/05-14:20,7259,7259,7238,7243,18342
 2024/08/05-14:25,7243,7245,7226,7232,24172
 2024/08/05-14:30,7232,7247,7231,7247,17505
 2024/08/05-14:35,7246,7258,7242,7251,17045
 2024/08/05-14:40,7251,7261,7246,7249,13388
 2024/08/05-14:45,7249,7261,7244,7247,10828
 2024/08/05-14:50,7247,7256,7240,7247,10528
 2024/08/05-14:55,7247,7252,7236,7243,11997
 2024/08/05-15:00,7243,7249,7238,7245,18271
 2024/08/06-21:05,6920,7007,6913,6992,197831
 2024/08/06-21:10,6993,7009,6980,6995,86151
 2024/08/06-21:15,6995,7005,6979,6985,62692
 2024/08/06-21:20,6984,7016,6976,6976,58469
 2024/08/06-21:25,6976,6979,6954,6960,55456
 2024/08/06-21:30,6961,6969,6950,6954,41176
 2024/08/06-21:35,6954,6954,6918,6932,70552
 2024/08/06-21:40,6932,6991,6931,6984,63426
 2024/08/06-21:45,6983,6983,6961,6975,37221
 2024/08/06-21:50,6975,6989,6971,6988,33701
 2024/08/06-21:55,6987,6987,6969,6979,25763
 2024/08/06-22:00,6979,6988,6968,6977,19860
 2024/08/06-22:05,6977,7008,6969,6986,53597
 2024/08/06-22:10,6986,7000,6984,6995,21845
 2024/08/06-22:15,6995,6996,6976,6983,22251
 2024/08/06-22:20,6983,6985,6969,6981,21225
 2024/08/06-22:25,6980,6997,6980,6994,19155
 2024/08/06-22:30,6993,6995,6965,6965,22021
 2024/08/06-22:35,6965,6977,6962,6974,26895
 2024/08/06-22:40,6974,6993,6974,6990,20697
 2024/08/06-22:45,6990,7001,6987,6988,23555
 2024/08/06-22:50,6989,6999,6987,6992,15247
 2024/08/06-22:55,6993,6995,6982,6989,14724
 2024/08/06-23:00,6989,6995,6985,6995,14047
 2024/08/06-23:05,6995,7022,6995,7017,41618
 2024/08/06-23:10,7016,7037,7012,7037,30694
 2024/08/06-23:15,7037,7050,7032,7037,35504
 2024/08/06-23:20,7037,7046,7033,7039,21813
 2024/08/06-23:25,7039,7041,7029,7040,18895
 2024/08/06-23:30,7039,7041,7026,7028,15474
 2024/08/06-23:35,7028,7031,7016,7029,21586
 2024/08/06-23:40,7030,7037,7023,7034,12230
 2024/08/06-23:45,7034,7040,7025,7025,11415
 2024/08/06-23:50,7025,7029,7000,7005,19798
 2024/08/06-23:55,7006,7019,7006,7010,14167
 2024/08/06-00:00,7010,7010,7003,7008,11215
 2024/08/06-00:05,7008,7019,7007,7015,11840
 2024/08/06-00:10,7015,7015,7004,7006,10104
 2024/08/06-00:15,7006,7014,7005,7014,6826
 2024/08/06-00:20,7014,7029,7012,7028,11635
 2024/08/06-00:25,7029,7040,7028,7033,14148
 2024/08/06-00:30,7033,7036,7029,7032,6905
 2024/08/06-00:35,7032,7033,7025,7026,7254
 2024/08/06-00:40,7025,7026,7013,7016,11007
 2024/08/06-00:45,7016,7019,7011,7014,7629
 2024/08/06-00:50,7014,7016,7007,7008,6524
 2024/08/06-00:55,7008,7013,7007,7009,4776
 2024/08/06-01:00,7009,7009,6994,6999,13537
 2024/08/06-01:05,6998,7001,6983,6983,11825
 2024/08/06-01:10,6982,7000,6982,6997,10085
 2024/08/06-01:15,6997,7009,6997,7005,8484
 2024/08/06-01:20,7005,7009,7001,7005,5364
 2024/08/06-01:25,7006,7008,6999,7000,4123
 2024/08/06-01:30,7000,7006,6993,7002,5901
 2024/08/06-01:35,7002,7004,6994,6998,4881
 2024/08/06-01:40,6998,7001,6994,6996,3401
 2024/08/06-01:45,6996,7000,6995,6997,2715
 2024/08/06-01:50,6996,7014,6996,7010,6201
 2024/08/06-01:55,7010,7013,7008,7009,3291
 2024/08/06-02:00,7009,7009,7003,7004,2953
 2024/08/06-02:05,7004,7009,7002,7006,3636
 2024/08/06-02:10,7006,7010,7004,7008,2270
 2024/08/06-02:15,7009,7016,7006,7007,4107
 2024/08/06-02:20,7007,7021,7007,7021,4512
 2024/08/06-02:25,7021,7022,7016,7020,4010
 2024/08/06-02:30,7020,7021,7001,7004,7988
 2024/08/06-09:05,7037,7107,7037,7088,79318
 2024/08/06-09:10,7088,7097,7073,7087,28136
 2024/08/06-09:15,7087,7101,7083,7085,20317
 2024/08/06-09:20,7084,7093,7066,7074,19324
 2024/08/06-09:25,7074,7078,7057,7068,22013
 2024/08/06-09:30,7068,7089,7068,7085,15805
 2024/08/06-09:35,7085,7089,7072,7073,14226
 2024/08/06-09:40,7073,7076,7068,7073,10271
 2024/08/06-09:45,7073,7078,7056,7056,14515
 2024/08/06-09:50,7056,7061,7049,7060,18058
 2024/08/06-09:55,7061,7068,7057,7063,8848
 2024/08/06-10:00,7063,7072,7056,7061,9543
 2024/08/06-10:05,7061,7070,7057,7063,6805
 2024/08/06-10:10,7064,7068,7053,7053,6645
 2024/08/06-10:15,7054,7055,7039,7039,12976
 2024/08/06-10:35,7041,7044,7024,7040,26437
 2024/08/06-10:40,7040,7042,7010,7020,26611
 2024/08/06-10:45,7021,7028,7018,7026,8240
 2024/08/06-10:50,7025,7031,7018,7025,11210
 2024/08/06-10:55,7024,7024,7007,7008,15193
 2024/08/06-11:00,7006,7014,7004,7013,14252
 2024/08/06-11:05,7013,7026,7005,7025,15166
 2024/08/06-11:10,7025,7028,7015,7024,8413
 2024/08/06-11:15,7024,7024,7009,7012,7101
 2024/08/06-11:20,7012,7017,7009,7014,6597
 2024/08/06-11:25,7013,7018,7008,7016,6162
 2024/08/06-11:30,7016,7024,7014,7014,8102
 2024/08/06-13:35,7010,7010,6973,6984,38453
 2024/08/06-13:40,6984,6999,6980,6988,25436
 2024/08/06-13:45,6988,6988,6968,6977,23019
 2024/08/06-13:50,6977,6977,6932,6936,51133
 2024/08/06-13:55,6936,6938,6912,6923,43951
 2024/08/06-14:00,6923,6923,6890,6896,48114
 2024/08/06-14:05,6895,6921,6890,6910,40436
 2024/08/06-14:10,6909,6915,6895,6905,22685
 2024/08/06-14:15,6905,6913,6895,6895,20886
 2024/08/06-14:20,6895,6895,6835,6856,80370
 2024/08/06-14:25,6856,6917,6855,6911,65449
 2024/08/06-14:30,6911,6929,6911,6926,42141
 2024/08/06-14:35,6925,6940,6922,6936,31418
 2024/08/06-14:40,6936,6939,6920,6928,24146
 2024/08/06-14:45,6928,6931,6902,6904,19151
 2024/08/06-14:50,6904,6912,6885,6910,31185
 2024/08/06-14:55,6910,6911,6897,6904,15789
 2024/08/06-15:00,6904,6906,6895,6904,22661
 2024/08/07-21:05,6881,6916,6881,6906,55457
 2024/08/07-21:10,6907,6908,6883,6905,36293
 2024/08/07-21:15,6906,6924,6884,6892,46002
 2024/08/07-21:20,6893,6909,6887,6908,25038
 2024/08/07-21:25,6908,6919,6902,6913,25625
 2024/08/07-21:30,6913,6929,6906,6912,23732
 2024/08/07-21:35,6913,6925,6904,6912,25248
 2024/08/07-21:40,6912,6935,6907,6931,29534
 2024/08/07-21:45,6930,6938,6924,6935,23889
 2024/08/07-21:50,6935,6937,6924,6933,17773
 2024/08/07-21:55,6933,6934,6924,6933,16425
 2024/08/07-22:00,6933,6941,6921,6938,23385
 2024/08/07-22:05,6938,6972,6931,6969,49623
 2024/08/07-22:10,6968,6996,6967,6995,54790
 2024/08/07-22:15,6994,6996,6973,6976,35758
 2024/08/07-22:20,6976,6980,6954,6959,35474
 2024/08/07-22:25,6959,6969,6946,6953,34054
 2024/08/07-22:30,6954,6959,6948,6949,20145
 2024/08/07-22:35,6950,6951,6925,6942,42645
 2024/08/07-22:40,6943,6954,6938,6940,24722
 2024/08/07-22:45,6941,6963,6936,6958,25331
 2024/08/07-22:50,6958,6971,6950,6960,23104
 2024/08/07-22:55,6959,6959,6944,6954,21123
 2024/08/07-23:00,6955,6964,6951,6961,14896
 2024/08/07-23:05,6961,6961,6945,6956,18900
 2024/08/07-23:10,6955,6961,6936,6940,24571
 2024/08/07-23:15,6940,6946,6935,6944,14741
 2024/08/07-23:20,6943,6949,6929,6944,24101
 2024/08/07-23:25,6944,6946,6938,6940,9033
 2024/08/07-23:30,6940,6955,6937,6947,17998
 2024/08/07-23:35,6947,6956,6947,6950,9891
 2024/08/07-23:40,6950,6954,6938,6939,12609
 2024/08/07-23:45,6939,6952,6937,6949,10802
 2024/08/07-23:50,6950,6951,6946,6950,6303
 2024/08/07-23:55,6950,6954,6948,6950,8594
 2024/08/07-00:00,6950,6966,6949,6965,13310
 2024/08/07-00:05,6965,6981,6963,6974,20304
 2024/08/07-00:10,6974,6975,6956,6957,14842
 2024/08/07-00:15,6958,6964,6957,6959,7003
 2024/08/07-00:20,6960,6975,6960,6968,12368
 2024/08/07-00:25,6967,6970,6964,6969,6717
 2024/08/07-00:30,6969,6970,6961,6965,5625
 2024/08/07-00:35,6964,6968,6959,6966,6073
 2024/08/07-00:40,6966,6972,6964,6972,4646
 2024/08/07-00:45,6971,6972,6968,6970,3866
 2024/08/07-00:50,6970,6979,6969,6975,7074
 2024/08/07-00:55,6976,6990,6971,6986,12394
 2024/08/07-01:00,6986,6992,6982,6982,8560
 2024/08/07-01:05,6982,6989,6982,6983,6994
 2024/08/07-01:10,6984,6984,6978,6982,5346
 2024/08/07-01:15,6982,6983,6969,6970,9104
 2024/08/07-01:20,6971,6974,6966,6972,6881
 2024/08/07-01:25,6973,6975,6970,6973,3745
 2024/08/07-01:30,6973,6985,6972,6983,6254
 2024/08/07-01:35,6982,6986,6979,6981,4986
 2024/08/07-01:40,6981,6985,6979,6983,3322
 2024/08/07-01:45,6984,6984,6979,6981,3275
 2024/08/07-01:50,6981,6982,6976,6977,2829
 2024/08/07-01:55,6977,6979,6968,6979,4915
 2024/08/07-02:00,6978,6987,6973,6975,6102
 2024/08/07-02:05,6975,6977,6972,6973,3298
 2024/08/07-02:10,6973,6980,6971,6978,3012
 2024/08/07-02:15,6979,6985,6978,6978,2904
 2024/08/07-02:20,6978,6985,6977,6982,2670
 2024/08/07-02:25,6983,6985,6979,6985,3576
 2024/08/07-02:30,6985,6991,6983,6984,8528
 2024/08/07-09:05,6955,6959,6935,6938,47390
 2024/08/07-09:10,6938,6950,6933,6942,20280
 2024/08/07-09:15,6942,6953,6935,6949,14706
 2024/08/07-09:20,6948,6953,6914,6915,27196
 2024/08/07-09:25,6916,6919,6904,6911,29869
 2024/08/07-09:30,6911,6928,6911,6920,18963
 2024/08/07-09:35,6919,6938,6916,6935,17848
 2024/08/07-09:40,6935,6947,6928,6935,19503
 2024/08/07-09:45,6935,6936,6925,6934,12695
 2024/08/07-09:50,6934,6951,6934,6948,22296
 2024/08/07-09:55,6948,6974,6946,6968,28743
 2024/08/07-10:00,6968,6981,6966,6971,25106
 2024/08/07-10:05,6971,6989,6964,6970,29589
 2024/08/07-10:10,6970,6978,6963,6976,14275
 2024/08/07-10:15,6976,6984,6967,6968,14135
 2024/08/07-10:35,6975,6989,6971,6977,17944
 2024/08/07-10:40,6978,6995,6974,6977,18262
 2024/08/07-10:45,6977,6980,6969,6971,9753
 2024/08/07-10:50,6971,6974,6960,6970,16641
 2024/08/07-10:55,6970,6982,6970,6972,13011
 2024/08/07-11:00,6972,6976,6964,6969,11195
 2024/08/07-11:05,6970,6971,6961,6967,6789
 2024/08/07-11:10,6967,6971,6957,6962,11208
 2024/08/07-11:15,6962,6973,6959,6973,10282
 2024/08/07-11:20,6973,6978,6970,6974,11293
 2024/08/07-11:25,6974,6974,6962,6967,8169
 2024/08/07-11:30,6967,6967,6958,6961,10387
 2024/08/07-13:35,6990,7009,6983,6984,53043
 2024/08/07-13:40,6984,6987,6977,6983,12540
 2024/08/07-13:45,6983,6989,6979,6981,10507
 2024/08/07-13:50,6981,6981,6963,6965,16959
 2024/08/07-13:55,6966,6970,6955,6967,14531
 2024/08/07-14:00,6967,6975,6965,6975,10029
 2024/08/07-14:05,6975,6975,6961,6965,9543
 2024/08/07-14:10,6965,6973,6963,6972,6167
 2024/08/07-14:15,6972,6987,6969,6976,15532
 2024/08/07-14:20,6976,6984,6972,6975,8275
 2024/08/07-14:25,6975,6975,6966,6971,8513
 2024/08/07-14:30,6971,6983,6969,6980,10083
 2024/08/07-14:35,6979,6980,6973,6978,7287
 2024/08/07-14:40,6978,6981,6970,6973,9254
 2024/08/07-14:45,6974,6977,6963,6964,10200
 2024/08/07-14:50,6963,6966,6954,6958,17409
 2024/08/07-14:55,6958,6960,6955,6960,11667
 2024/08/07-15:00,6960,6960,6944,6953,19038
 2024/08/08-21:05,6974,6982,6968,6968,50559
 2024/08/08-21:10,6968,6986,6968,6984,20392
 2024/08/08-21:15,6984,7002,6978,6979,35682
 2024/08/08-21:20,6979,6979,6963,6964,29311
 2024/08/08-21:25,6964,6975,6963,6968,12369
 2024/08/08-21:30,6968,6977,6964,6968,11677
 2024/08/08-21:35,6967,6974,6959,6972,19714
 2024/08/08-21:40,6973,6981,6967,6967,15186
 2024/08/08-21:45,6968,6969,6950,6968,28560
 2024/08/08-21:50,6968,6969,6959,6960,12672
 2024/08/08-21:55,6960,6961,6944,6956,23454
 2024/08/08-22:00,6956,6961,6948,6955,13509
 2024/08/08-22:05,6954,6959,6949,6951,10779
 2024/08/08-22:10,6951,6952,6936,6944,22162
 2024/08/08-22:15,6944,6947,6934,6936,14242
 2024/08/08-22:20,6936,6948,6933,6946,13703
 2024/08/08-22:25,6946,6952,6941,6949,13054
 2024/08/08-22:30,6949,6962,6949,6956,15356
 2024/08/08-22:35,6956,6969,6954,6962,17490
 2024/08/08-22:40,6963,6975,6959,6969,15960
 2024/08/08-22:45,6969,6976,6967,6971,15111
 2024/08/08-22:50,6972,6980,6970,6971,15436
 2024/08/08-22:55,6971,6979,6970,6976,12864
 2024/08/08-23:00,6976,6984,6970,6972,28766
 2024/08/08-23:05,6971,6993,6971,6992,31392
 2024/08/08-23:10,6993,6995,6983,6986,18706
 2024/08/08-23:15,6986,7002,6982,6995,25347
 2024/08/08-23:20,6995,7006,6983,6987,24569
 2024/08/08-23:25,6986,6989,6980,6984,13132
 2024/08/08-23:30,6984,6984,6974,6977,19305
 2024/08/08-23:35,6977,6978,6959,6966,26850
 2024/08/08-23:40,6966,6968,6962,6964,11115
 2024/08/08-23:45,6963,6970,6960,6960,14094
 2024/08/08-23:50,6960,6965,6957,6963,11766
 2024/08/08-23:55,6963,6965,6960,6961,5979
 2024/08/08-00:00,6962,6969,6961,6965,7642
 2024/08/08-00:05,6964,6967,6958,6960,9900
 2024/08/08-00:10,6960,6960,6945,6954,19998
 2024/08/08-00:15,6954,6963,6951,6961,9189
 2024/08/08-00:20,6961,6963,6958,6959,5684
 2024/08/08-00:25,6959,6959,6951,6956,6702
 2024/08/08-00:30,6956,6956,6949,6953,6741
 2024/08/08-00:35,6953,6954,6948,6953,6216
 2024/08/08-00:40,6953,6962,6948,6959,7308
 2024/08/08-00:45,6959,6973,6958,6970,14173
 2024/08/08-00:50,6969,6971,6965,6966,7741
 2024/08/08-00:55,6966,6968,6962,6964,5916
 2024/08/08-01:00,6964,6965,6960,6961,4906
 2024/08/08-01:05,6961,6962,6949,6952,11897
 2024/08/08-01:10,6952,6956,6938,6938,12770
 2024/08/08-01:15,6939,6944,6934,6943,11452
 2024/08/08-01:20,6943,6945,6940,6943,5259
 2024/08/08-01:25,6943,6947,6938,6940,5945
 2024/08/08-01:30,6940,6943,6919,6922,16335
 2024/08/08-01:35,6921,6930,6915,6926,11333
 2024/08/08-01:40,6926,6937,6924,6936,8794
 2024/08/08-01:45,6936,6939,6934,6936,6251
 2024/08/08-01:50,6936,6938,6929,6931,6912
 2024/08/08-01:55,6931,6933,6920,6923,6292
 2024/08/08-02:00,6923,6927,6917,6920,6861
 2024/08/08-02:05,6920,6923,6911,6918,9442
 2024/08/08-02:10,6918,6919,6907,6907,7104
 2024/08/08-02:15,6907,6911,6890,6895,18132
 2024/08/08-02:20,6895,6897,6886,6893,9819
 2024/08/08-02:25,6892,6914,6892,6908,11890
 2024/08/08-02:30,6908,6915,6906,6906,9367
 2024/08/08-09:05,6902,6933,6896,6922,45240
 2024/08/08-09:10,6922,6936,6919,6925,21564
 2024/08/08-09:15,6925,6927,6915,6917,13864
 2024/08/08-09:20,6917,6942,6913,6941,21626
 2024/08/08-09:25,6941,6955,6941,6951,26781
 2024/08/08-09:30,6951,6963,6948,6953,24798
 2024/08/08-09:35,6953,6964,6938,6939,26358
 2024/08/08-09:40,6939,6947,6938,6941,15821
 2024/08/08-09:45,6941,6941,6924,6927,20130
 2024/08/08-09:50,6927,6936,6921,6924,14401
 2024/08/08-09:55,6923,6935,6917,6932,15254
 2024/08/08-10:00,6932,6940,6920,6920,13379
 2024/08/08-10:05,6920,6921,6908,6918,16157
 2024/08/08-10:10,6918,6929,6916,6919,11454
 2024/08/08-10:15,6919,6930,6919,6928,7379
 2024/08/08-10:35,6929,6938,6925,6931,13421
 2024/08/08-10:40,6931,6943,6930,6934,10519
 2024/08/08-10:45,6934,6944,6934,6942,13480
 2024/08/08-10:50,6943,6944,6929,6931,13337
 2024/08/08-10:55,6930,6944,6924,6942,14397
 2024/08/08-11:00,6942,6951,6942,6948,11341
 2024/08/08-11:05,6948,6953,6942,6943,11088
 2024/08/08-11:10,6943,6952,6941,6948,10753
 2024/08/08-11:15,6948,6957,6941,6945,12749
 2024/08/08-11:20,6946,6946,6936,6945,9082
 2024/08/08-11:25,6944,6950,6936,6950,8925
 2024/08/08-11:30,6950,6954,6949,6952,9086
 2024/08/08-13:35,6958,6965,6948,6949,21096
 2024/08/08-13:40,6948,6954,6943,6943,10663
 2024/08/08-13:45,6943,6943,6926,6931,20506
 2024/08/08-13:50,6931,6933,6925,6926,13935
 2024/08/08-13:55,6927,6931,6918,6925,16516
 2024/08/08-14:00,6925,6931,6921,6930,11509
 2024/08/08-14:05,6930,6932,6914,6915,18126
 2024/08/08-14:10,6915,6920,6912,6915,16414
 2024/08/08-14:15,6915,6921,6911,6914,11044
 2024/08/08-14:20,6914,6915,6896,6907,28783
 2024/08/08-14:25,6908,6932,6907,6928,19013
 2024/08/08-14:30,6928,6941,6927,6932,25892
 2024/08/08-14:35,6932,6939,6928,6931,11366
 2024/08/08-14:40,6930,6933,6920,6931,13310
 2024/08/08-14:45,6930,6931,6920,6922,7734
 2024/08/08-14:50,6921,6925,6920,6922,7195
 2024/08/08-14:55,6921,6931,6919,6928,9474
 2024/08/08-15:00,6928,6932,6925,6929,12211
 2024/08/09-21:05,6952,6974,6942,6968,67251
 2024/08/09-21:10,6968,6980,6960,6964,28429
 2024/08/09-21:15,6964,6968,6960,6965,12316
 2024/08/09-21:20,6965,6972,6956,6965,18885
 2024/08/09-21:25,6965,6978,6964,6970,18452
 2024/08/09-21:30,6970,6990,6970,6986,27726
 2024/08/09-21:35,6986,6988,6975,6987,19112
 2024/08/09-21:40,6987,7002,6985,6989,35867
 2024/08/09-21:45,6989,7005,6986,6999,27285
 2024/08/09-21:50,6999,6999,6982,6988,23037
 2024/08/09-21:55,6988,7001,6987,6998,16351
 2024/08/09-22:00,6998,7018,6989,7017,35473
 2024/08/09-22:05,7017,7043,7009,7039,61021
 2024/08/09-22:10,7039,7043,7022,7042,39213
 2024/08/09-22:15,7042,7065,7040,7058,52582
 2024/08/09-22:20,7058,7066,7050,7059,31823
 2024/08/09-22:25,7059,7071,7052,7066,31598
 2024/08/09-22:30,7067,7092,7066,7091,43006
 2024/08/09-22:35,7091,7104,7078,7085,54267
 2024/08/09-22:40,7084,7085,7069,7072,33827
 2024/08/09-22:45,7073,7075,7062,7067,28183
 2024/08/09-22:50,7067,7069,7043,7046,44184
 2024/08/09-22:55,7045,7054,7038,7047,29151
 2024/08/09-23:00,7047,7049,7039,7048,22530
 2024/08/09-23:05,7048,7051,7033,7046,29600
 2024/08/09-23:10,7046,7054,7043,7046,18002
 2024/08/09-23:15,7047,7052,7036,7036,18419
 2024/08/09-23:20,7036,7047,7035,7046,12840
 2024/08/09-23:25,7046,7051,7044,7051,7753
 2024/08/09-23:30,7051,7052,7045,7046,8135
 2024/08/09-23:35,7047,7060,7044,7059,12901
 2024/08/09-23:40,7059,7066,7054,7059,16827
 2024/08/09-23:45,7058,7061,7054,7060,6873
 2024/08/09-23:50,7059,7059,7049,7050,8912
 2024/08/09-23:55,7050,7064,7050,7061,7975
 2024/08/09-00:00,7061,7076,7061,7063,17824
 2024/08/09-00:05,7063,7071,7063,7065,8355
 2024/08/09-00:10,7065,7075,7065,7071,10552
 2024/08/09-00:15,7071,7083,7071,7081,13949
 2024/08/09-00:20,7082,7082,7072,7074,10372
 2024/08/09-00:25,7075,7095,7075,7091,16263
 2024/08/09-00:30,7091,7116,7091,7102,38125
 2024/08/09-00:35,7102,7107,7084,7089,21072
 2024/08/09-00:40,7089,7091,7082,7085,10441
 2024/08/09-00:45,7085,7096,7084,7092,13091
 2024/08/09-00:50,7092,7104,7090,7093,13331
 2024/08/09-00:55,7092,7103,7090,7102,7851
 2024/08/09-01:00,7102,7110,7096,7098,12433
 2024/08/09-01:05,7098,7104,7095,7098,9332
 2024/08/09-01:10,7097,7097,7077,7093,21268
 2024/08/09-01:15,7092,7112,7089,7106,15598
 2024/08/09-01:20,7106,7111,7100,7105,11041
 2024/08/09-01:25,7106,7109,7101,7103,7136
 2024/08/09-01:30,7103,7115,7103,7109,8789
 2024/08/09-01:35,7109,7114,7104,7106,7479
 2024/08/09-01:40,7106,7109,7101,7108,6184
 2024/08/09-01:45,7108,7112,7105,7106,4307
 2024/08/09-01:50,7106,7107,7097,7105,7207
 2024/08/09-01:55,7105,7108,7104,7105,3215
 2024/08/09-02:00,7106,7106,7095,7103,6086
 2024/08/09-02:05,7102,7105,7093,7097,7091
 2024/08/09-02:10,7097,7103,7096,7099,3656
 2024/08/09-02:15,7099,7109,7097,7107,5279
 2024/08/09-02:20,7107,7107,7098,7100,4080
 2024/08/09-02:25,7099,7102,7097,7102,3695
 2024/08/09-02:30,7102,7109,7099,7108,7914
 2024/08/09-09:05,7102,7102,7073,7082,36952
 2024/08/09-09:10,7082,7100,7079,7089,18846
 2024/08/09-09:15,7089,7089,7081,7083,15241
 2024/08/09-09:20,7084,7098,7083,7094,23025
 2024/08/09-09:25,7094,7138,7094,7132,41046
 2024/08/09-09:30,7133,7153,7122,7130,52236
 2024/08/09-09:35,7130,7155,7130,7146,30703
 2024/08/09-09:40,7145,7164,7137,7160,26769
 2024/08/09-09:45,7161,7167,7149,7150,22727
 2024/08/09-09:50,7151,7156,7134,7140,19710
 2024/08/09-09:55,7140,7152,7140,7146,11493
 2024/08/09-10:00,7147,7158,7138,7143,13346
 2024/08/09-10:05,7144,7149,7128,7131,18016
 2024/08/09-10:10,7131,7139,7118,7130,17283
 2024/08/09-10:15,7131,7141,7131,7135,7193
 2024/08/09-10:35,7135,7135,7124,7129,8588
 2024/08/09-10:40,7129,7129,7118,7120,9426
 2024/08/09-10:45,7121,7135,7121,7134,7245
 2024/08/09-10:50,7134,7142,7130,7134,10689
 2024/08/09-10:55,7134,7141,7126,7139,6917
 2024/08/09-11:00,7139,7139,7131,7132,4741
 2024/08/09-11:05,7133,7141,7132,7140,6349
 2024/08/09-11:10,7140,7146,7139,7144,10699
 2024/08/09-11:15,7143,7144,7124,7124,11538
 2024/08/09-11:20,7125,7130,7122,7126,12563
 2024/08/09-11:25,7125,7128,7115,7118,10734
 2024/08/09-11:30,7118,7120,7114,7117,8251
 2024/08/09-13:35,7113,7113,7082,7084,34591
 2024/08/09-13:40,7084,7092,7068,7078,27529
 2024/08/09-13:45,7077,7083,7073,7078,14517
 2024/08/09-13:50,7078,7078,7060,7074,21445
 2024/08/09-13:55,7074,7077,7067,7069,12631
 2024/08/09-14:00,7069,7076,7065,7066,10712
 2024/08/09-14:05,7066,7080,7061,7080,13590
 2024/08/09-14:10,7080,7085,7077,7078,10604
 2024/08/09-14:15,7078,7078,7067,7070,9987
 2024/08/09-14:20,7071,7074,7064,7072,8414
 2024/08/09-14:25,7072,7077,7071,7074,5266
 2024/08/09-14:30,7074,7077,7056,7058,16357
 2024/08/09-14:35,7059,7065,7056,7063,11971
 2024/08/09-14:40,7063,7081,7063,7078,12735
 2024/08/09-14:45,7078,7079,7072,7076,6540
 2024/08/09-14:50,7076,7084,7075,7082,11777
 2024/08/09-14:55,7082,7087,7079,7082,11579
 2024/08/09-15:00,7082,7085,7080,7080,14386
 2024/08/12-21:05,7087,7099,7079,7093,34463
 2024/08/12-21:10,7093,7096,7082,7087,12615
 2024/08/12-21:15,7087,7095,7078,7092,12847
 2024/08/12-21:20,7092,7097,7083,7085,14844
 2024/08/12-21:25,7085,7096,7082,7096,9451
 2024/08/12-21:30,7095,7096,7085,7091,8108
 2024/08/12-21:35,7092,7095,7067,7070,21980
 2024/08/12-21:40,7070,7070,7028,7034,53229
 2024/08/12-21:45,7035,7047,7021,7027,46650
 2024/08/12-21:50,7027,7034,7018,7028,31635
 2024/08/12-21:55,7029,7057,7027,7050,36930
 2024/08/12-22:00,7049,7064,7044,7059,28722
 2024/08/12-22:05,7059,7063,7052,7057,18868
 2024/08/12-22:10,7057,7076,7057,7059,24101
 2024/08/12-22:15,7058,7080,7058,7075,18209
 2024/08/12-22:20,7075,7085,7072,7081,20938
 2024/08/12-22:25,7082,7094,7077,7077,25129
 2024/08/12-22:30,7077,7087,7072,7086,17661
 2024/08/12-22:35,7086,7121,7086,7121,50777
 2024/08/12-22:40,7122,7135,7108,7108,46668
 2024/08/12-22:45,7107,7107,7092,7098,28492
 2024/08/12-22:50,7097,7101,7085,7087,22578
 2024/08/12-22:55,7087,7090,7077,7088,24719
 2024/08/12-23:00,7088,7095,7080,7081,20024
 2024/08/12-23:05,7081,7088,7067,7075,32198
 2024/08/12-23:10,7075,7082,7074,7078,11521
 2024/08/12-23:15,7078,7081,7070,7078,12225
 2024/08/12-23:20,7078,7091,7074,7085,14861
 2024/08/12-23:25,7084,7089,7077,7079,12334
 2024/08/12-23:30,7079,7083,7069,7071,10683
 2024/08/12-23:35,7071,7076,7054,7057,25646
 2024/08/12-23:40,7057,7061,7052,7061,18803
 2024/08/12-23:45,7062,7081,7060,7077,21882
 2024/08/12-23:50,7078,7085,7077,7081,13326
 2024/08/12-23:55,7081,7087,7077,7081,9462
 2024/08/12-00:00,7080,7081,7075,7077,7938
 2024/08/12-00:05,7076,7087,7075,7079,8799
 2024/08/12-00:10,7079,7080,7064,7073,17953
 2024/08/12-00:15,7073,7076,7065,7065,8166
 2024/08/12-00:20,7065,7066,7060,7061,11460
 2024/08/12-00:25,7061,7071,7060,7063,8636
 2024/08/12-00:30,7063,7073,7063,7071,6389
 2024/08/12-00:35,7071,7077,7067,7073,6347
 2024/08/12-00:40,7074,7082,7072,7081,8549
 2024/08/12-00:45,7081,7085,7077,7085,6019
 2024/08/12-00:50,7085,7086,7077,7079,6357
 2024/08/12-00:55,7079,7103,7076,7098,16655
 2024/08/12-01:00,7098,7102,7089,7094,11640
 2024/08/12-01:05,7094,7106,7093,7098,12763
 2024/08/12-01:10,7098,7099,7082,7087,13686
 2024/08/12-01:15,7088,7095,7084,7093,7593
 2024/08/12-01:20,7093,7100,7091,7094,7523
 2024/08/12-01:25,7093,7100,7091,7091,5583
 2024/08/12-01:30,7091,7095,7083,7093,8872
 2024/08/12-01:35,7094,7099,7091,7097,4999
 2024/08/12-01:40,7096,7098,7092,7095,4199
 2024/08/12-01:45,7095,7096,7087,7090,6103
 2024/08/12-01:50,7090,7094,7087,7091,3641
 2024/08/12-01:55,7091,7092,7079,7082,5651
 2024/08/12-02:00,7082,7087,7082,7083,3439
 2024/08/12-02:05,7083,7085,7075,7076,7822
 2024/08/12-02:10,7076,7079,7073,7077,5181
 2024/08/12-02:15,7077,7083,7076,7081,5223
 2024/08/12-02:20,7081,7086,7077,7081,5642
 2024/08/12-02:25,7081,7085,7079,7083,3751
 2024/08/12-02:30,7083,7094,7082,7093,8877
 2024/08/12-09:05,7084,7084,7056,7074,33057
 2024/08/12-09:10,7074,7075,7060,7066,13015
 2024/08/12-09:15,7067,7075,7063,7066,7813
 2024/08/12-09:20,7067,7072,7060,7067,6680
 2024/08/12-09:25,7067,7093,7067,7084,17902
 2024/08/12-09:30,7084,7093,7084,7088,11181
 2024/08/12-09:35,7087,7095,7080,7083,11006
 2024/08/12-09:40,7082,7082,7063,7067,13658
 2024/08/12-09:45,7067,7074,7065,7066,8383
 2024/08/12-09:50,7065,7067,7036,7049,29089
 2024/08/12-09:55,7049,7062,7048,7054,12947
 2024/08/12-10:00,7054,7060,7047,7058,7648
 2024/08/12-10:05,7058,7060,7040,7051,11523
 2024/08/12-10:10,7051,7052,7040,7044,7217
 2024/08/12-10:15,7044,7057,7042,7056,7479
 2024/08/12-10:35,7056,7066,7054,7064,9047
 2024/08/12-10:40,7064,7065,7054,7063,5939
 2024/08/12-10:45,7063,7068,7061,7064,6397
 2024/08/12-10:50,7064,7076,7063,7069,13879
 2024/08/12-10:55,7069,7079,7069,7073,8735
 2024/08/12-11:00,7074,7081,7071,7073,6885
 2024/08/12-11:05,7073,7085,7071,7083,12043
 2024/08/12-11:10,7083,7087,7077,7079,8328
 2024/08/12-11:15,7079,7080,7066,7070,7297
 2024/08/12-11:20,7069,7072,7065,7071,4479
 2024/08/12-11:25,7072,7082,7066,7081,6099
 2024/08/12-11:30,7081,7096,7080,7089,15510
 2024/08/12-13:35,7106,7123,7103,7116,40047
 2024/08/12-13:40,7116,7138,7115,7127,36845
 2024/08/12-13:45,7127,7135,7125,7125,16571
 2024/08/12-13:50,7125,7129,7116,7129,18412
 2024/08/12-13:55,7130,7165,7129,7150,54242
 2024/08/12-14:00,7150,7157,7138,7157,20328
 2024/08/12-14:05,7157,7164,7147,7147,16888
 2024/08/12-14:10,7147,7156,7143,7149,9673
 2024/08/12-14:15,7149,7157,7143,7147,8891
 2024/08/12-14:20,7147,7151,7140,7149,7392
 2024/08/12-14:25,7149,7158,7149,7153,8893
 2024/08/12-14:30,7153,7155,7149,7151,6409
 2024/08/12-14:35,7151,7183,7151,7174,36590
 2024/08/12-14:40,7173,7182,7168,7171,15979
 2024/08/12-14:45,7171,7180,7169,7176,9838
 2024/08/12-14:50,7176,7187,7173,7183,16306
 2024/08/12-14:55,7183,7197,7180,7194,18893
 2024/08/12-15:00,7194,7199,7191,7198,21720
 2024/08/13-21:05,7208,7209,7167,7171,49751
 2024/08/13-21:10,7171,7180,7167,7173,18952
 2024/08/13-21:15,7174,7182,7164,7179,18450
 2024/08/13-21:20,7178,7187,7172,7187,15573
 2024/08/13-21:25,7187,7193,7182,7186,16789
 2024/08/13-21:30,7186,7198,7186,7190,13820
 2024/08/13-21:35,7190,7226,7189,7217,40954
 2024/08/13-21:40,7217,7223,7208,7222,25165
 2024/08/13-21:45,7221,7229,7207,7208,31818
 2024/08/13-21:50,7208,7216,7200,7204,29832
 2024/08/13-21:55,7204,7221,7203,7217,15686
 2024/08/13-22:00,7217,7222,7198,7200,20896
 2024/08/13-22:05,7200,7203,7174,7175,40875
 2024/08/13-22:10,7174,7181,7164,7173,30102
 2024/08/13-22:15,7173,7180,7159,7173,25912
 2024/08/13-22:20,7173,7174,7162,7162,16686
 2024/08/13-22:25,7163,7163,7140,7161,43667
 2024/08/13-22:30,7161,7179,7161,7177,27112
 2024/08/13-22:35,7177,7187,7173,7182,21247
 2024/08/13-22:40,7182,7195,7178,7184,20475
 2024/08/13-22:45,7184,7196,7184,7188,15391
 2024/08/13-22:50,7188,7209,7187,7206,19224
 2024/08/13-22:55,7206,7206,7194,7201,14478
 2024/08/13-23:00,7201,7207,7196,7206,15848
 2024/08/13-23:05,7206,7213,7201,7204,19686
 2024/08/13-23:10,7204,7208,7198,7204,13620
 2024/08/13-23:15,7204,7216,7204,7213,13551
 2024/08/13-23:20,7212,7213,7201,7201,12110
 2024/08/13-23:25,7201,7203,7191,7198,18443
 2024/08/13-23:30,7198,7199,7186,7189,16756
 2024/08/13-23:35,7188,7202,7184,7200,15624
 2024/08/13-23:40,7200,7200,7181,7185,15869
 2024/08/13-23:45,7185,7191,7179,7191,9067
 2024/08/13-23:50,7191,7195,7188,7195,8478
 2024/08/13-23:55,7195,7200,7191,7198,8929
 2024/08/13-00:00,7198,7203,7197,7201,6893
 2024/08/13-00:05,7201,7210,7193,7209,11661
 2024/08/13-00:10,7208,7211,7202,7204,8687
 2024/08/13-00:15,7204,7211,7202,7203,8748
 2024/08/13-00:20,7203,7211,7200,7208,6777
 2024/08/13-00:25,7208,7208,7202,7205,3738
 2024/08/13-00:30,7205,7210,7204,7208,3664
 2024/08/13-00:35,7208,7216,7201,7202,11630
 2024/08/13-00:40,7202,7203,7196,7202,8278
 2024/08/13-00:45,7202,7206,7201,7202,3287
 2024/08/13-00:50,7202,7210,7198,7207,5251
 2024/08/13-00:55,7207,7209,7206,7206,2491
 2024/08/13-01:00,7206,7207,7199,7200,4926
 2024/08/13-01:05,7200,7206,7197,7205,6269
 2024/08/13-01:10,7205,7209,7204,7205,3544
 2024/08/13-01:15,7206,7208,7204,7206,1742
 2024/08/13-01:20,7206,7207,7201,7203,2765
 2024/08/13-01:25,7203,7215,7198,7214,7218
 2024/08/13-01:30,7213,7214,7207,7209,4451
 2024/08/13-01:35,7209,7213,7207,7213,2843
 2024/08/13-01:40,7213,7220,7213,7215,5911
 2024/08/13-01:45,7215,7218,7211,7217,3318
 2024/08/13-01:50,7217,7220,7216,7220,2828
 2024/08/13-01:55,7219,7219,7211,7213,2983
 2024/08/13-02:00,7213,7217,7210,7216,3329
 2024/08/13-02:05,7216,7216,7212,7215,2584
 2024/08/13-02:10,7215,7219,7214,7218,2160
 2024/08/13-02:15,7218,7219,7216,7217,1811
 2024/08/13-02:20,7217,7217,7212,7212,2984
 2024/08/13-02:25,7212,7225,7211,7222,7758
 2024/08/13-02:30,7222,7227,7221,7222,7628
 2024/08/13-09:05,7222,7245,7205,7232,51241
 2024/08/13-09:10,7231,7234,7195,7201,29446
 2024/08/13-09:15,7201,7201,7185,7189,26851
 2024/08/13-09:20,7190,7195,7181,7195,18845
 2024/08/13-09:25,7195,7195,7183,7183,14528
 2024/08/13-09:30,7183,7194,7179,7192,12170
 2024/08/13-09:35,7192,7195,7170,7174,18217
 2024/08/13-09:40,7175,7188,7174,7177,11990
 2024/08/13-09:45,7176,7187,7175,7185,7593
 2024/08/13-09:50,7185,7191,7180,7188,7372
 2024/08/13-09:55,7188,7202,7188,7202,11696
 2024/08/13-10:00,7202,7207,7192,7196,10072
 2024/08/13-10:05,7195,7198,7178,7186,13371
 2024/08/13-10:10,7186,7195,7181,7194,7143
 2024/08/13-10:15,7194,7194,7181,7185,5712
 2024/08/13-10:35,7185,7186,7177,7179,6600
 2024/08/13-10:40,7179,7184,7173,7173,7371
 2024/08/13-10:45,7174,7177,7168,7175,8412
 2024/08/13-10:50,7175,7175,7159,7160,14677
 2024/08/13-10:55,7160,7171,7160,7165,9398
 2024/08/13-11:00,7165,7165,7148,7149,18906
 2024/08/13-11:05,7149,7160,7148,7153,9940
 2024/08/13-11:10,7154,7161,7149,7153,7895
 2024/08/13-11:15,7153,7157,7148,7155,7965
 2024/08/13-11:20,7155,7157,7149,7154,6335
 2024/08/13-11:25,7154,7156,7150,7153,4464
 2024/08/13-11:30,7153,7157,7148,7152,7748
 2024/08/13-13:35,7151,7155,7134,7150,20837
 2024/08/13-13:40,7150,7157,7143,7143,10254
 2024/08/13-13:45,7143,7147,7138,7140,10180
 2024/08/13-13:50,7141,7151,7136,7151,9657
 2024/08/13-13:55,7150,7160,7150,7160,11634
 2024/08/13-14:00,7159,7162,7149,7151,9624
 2024/08/13-14:05,7151,7163,7150,7162,9620
 2024/08/13-14:10,7162,7165,7151,7151,10615
 2024/08/13-14:15,7151,7152,7142,7145,11195
 2024/08/13-14:20,7144,7152,7144,7148,6407
 2024/08/13-14:25,7148,7156,7145,7147,5685
 2024/08/13-14:30,7146,7153,7144,7148,4644
 2024/08/13-14:35,7148,7149,7140,7144,8620
 2024/08/13-14:40,7144,7151,7143,7150,4752
 2024/08/13-14:45,7150,7153,7147,7153,6094
 2024/08/13-14:50,7153,7158,7150,7158,7638
 2024/08/13-14:55,7158,7162,7157,7158,8253
 2024/08/13-15:00,7158,7158,7153,7153,11231
 2024/08/14-21:05,7151,7162,7110,7111,46746
 2024/08/14-21:10,7112,7136,7112,7134,32464
 2024/08/14-21:15,7134,7140,7116,7131,26844
 2024/08/14-21:20,7132,7137,7098,7099,27453
 2024/08/14-21:25,7099,7099,7067,7092,72038
 2024/08/14-21:30,7091,7112,7085,7109,31461
 2024/08/14-21:35,7110,7120,7102,7106,29967
 2024/08/14-21:40,7106,7112,7091,7110,27622
 2024/08/14-21:45,7110,7132,7108,7131,27643
 2024/08/14-21:50,7130,7147,7116,7120,37082
 2024/08/14-21:55,7119,7138,7114,7133,19842
 2024/08/14-22:00,7133,7137,7124,7128,14524
 2024/08/14-22:05,7128,7131,7116,7124,16396
 2024/08/14-22:10,7125,7127,7105,7112,20691
 2024/08/14-22:15,7112,7118,7105,7110,15399
 2024/08/14-22:20,7110,7114,7097,7100,16743
 2024/08/14-22:25,7101,7106,7093,7094,14912
 2024/08/14-22:30,7094,7111,7090,7097,19860
 2024/08/14-22:35,7097,7097,7078,7082,27177
 2024/08/14-22:40,7081,7098,7080,7096,16338
 2024/08/14-22:45,7096,7109,7096,7108,14709
 2024/08/14-22:50,7107,7117,7107,7111,14704
 2024/08/14-22:55,7112,7117,7102,7114,14145
 2024/08/14-23:00,7114,7115,7107,7110,8120
 2024/08/14-23:05,7110,7113,7101,7101,15345
 2024/08/14-23:10,7102,7114,7102,7108,9863
 2024/08/14-23:15,7108,7109,7098,7103,10145
 2024/08/14-23:20,7103,7109,7096,7109,10839
 2024/08/14-23:25,7109,7111,7105,7106,6634
 2024/08/14-23:30,7106,7106,7098,7098,8110
 2024/08/14-23:35,7098,7104,7096,7103,8612
 2024/08/14-23:40,7103,7103,7090,7098,10483
 2024/08/14-23:45,7097,7100,7096,7099,3928
 2024/08/14-23:50,7098,7105,7097,7105,6176
 2024/08/14-23:55,7104,7110,7103,7109,6199
 2024/08/14-00:00,7109,7110,7102,7102,5299
 2024/08/14-00:05,7101,7106,7101,7104,3830
 2024/08/14-00:10,7104,7115,7101,7115,5405
 2024/08/14-00:15,7115,7115,7111,7112,5237
 2024/08/14-00:20,7113,7126,7111,7124,12974
 2024/08/14-00:25,7124,7130,7116,7116,10072
 2024/08/14-00:30,7116,7121,7110,7112,6556
 2024/08/14-00:35,7112,7119,7112,7119,3399
 2024/08/14-00:40,7119,7122,7115,7117,3456
 2024/08/14-00:45,7116,7125,7116,7123,3591
 2024/08/14-00:50,7123,7131,7122,7127,6216
 2024/08/14-00:55,7126,7143,7124,7138,11327
 2024/08/14-01:00,7138,7146,7135,7138,9820
 2024/08/14-01:05,7138,7141,7132,7133,5782
 2024/08/14-01:10,7133,7139,7133,7134,3365
 2024/08/14-01:15,7134,7140,7132,7138,3716
 2024/08/14-01:20,7138,7139,7129,7130,4085
 2024/08/14-01:25,7129,7133,7124,7125,6064
 2024/08/14-01:30,7125,7126,7123,7125,3647
 2024/08/14-01:35,7124,7124,7119,7122,4135
 2024/08/14-01:40,7122,7126,7121,7122,3669
 2024/08/14-01:45,7122,7126,7121,7123,1453
 2024/08/14-01:50,7123,7126,7116,7125,4175
 2024/08/14-01:55,7125,7126,7121,7125,1750
 2024/08/14-02:00,7125,7130,7124,7129,2078
 2024/08/14-02:05,7129,7134,7125,7133,3696
 2024/08/14-02:10,7133,7136,7131,7134,3074
 2024/08/14-02:15,7134,7139,7133,7137,2684
 2024/08/14-02:20,7137,7144,7135,7143,3720
 2024/08/14-02:25,7144,7158,7144,7151,11706
 2024/08/14-02:30,7151,7175,7150,7172,14137
 2024/08/14-09:05,7169,7180,7153,7169,31940
 2024/08/14-09:10,7169,7170,7150,7154,16018
 2024/08/14-09:15,7154,7155,7143,7151,14539
 2024/08/14-09:20,7151,7169,7147,7168,11914
 2024/08/14-09:25,7168,7197,7165,7182,38108
 2024/08/14-09:30,7182,7195,7182,7188,13408
 2024/08/14-09:35,7189,7207,7181,7181,28155
 2024/08/14-09:40,7182,7189,7174,7186,15182
 2024/08/14-09:45,7186,7198,7185,7196,14492
 2024/08/14-09:50,7197,7201,7171,7172,20861
 2024/08/14-09:55,7172,7172,7156,7158,23681
 2024/08/14-10:00,7158,7166,7157,7165,9770
 2024/08/14-10:05,7166,7166,7139,7149,25951
 2024/08/14-10:10,7148,7150,7138,7144,16074
 2024/08/14-10:15,7144,7150,7132,7132,14186
 2024/08/14-10:35,7132,7132,7096,7101,41999
 2024/08/14-10:40,7099,7120,7098,7116,21028
 2024/08/14-10:45,7116,7120,7110,7118,9246
 2024/08/14-10:50,7117,7132,7114,7131,14138
 2024/08/14-10:55,7131,7133,7115,7126,9564
 2024/08/14-11:00,7125,7130,7108,7114,12575
 2024/08/14-11:05,7113,7117,7109,7112,7822
 2024/08/14-11:10,7113,7122,7110,7110,6366
 2024/08/14-11:15,7110,7121,7110,7120,4586
 2024/08/14-11:20,7119,7119,7111,7114,4022
 2024/08/14-11:25,7114,7120,7112,7119,4496
 2024/08/14-11:30,7119,7125,7112,7117,7340
 2024/08/14-13:35,7125,7128,7109,7114,14132
 2024/08/14-13:40,7114,7124,7113,7115,7651
 2024/08/14-13:45,7115,7126,7115,7118,7465
 2024/08/14-13:50,7118,7125,7113,7114,9718
 2024/08/14-13:55,7114,7116,7107,7113,11452
 2024/08/14-14:00,7113,7128,7110,7128,11572
 2024/08/14-14:05,7129,7148,7129,7136,25545
 2024/08/14-14:10,7136,7143,7131,7131,7573
 2024/08/14-14:15,7131,7141,7131,7141,6702
 2024/08/14-14:20,7140,7146,7138,7138,8283
 2024/08/14-14:25,7139,7158,7139,7158,16528
 2024/08/14-14:30,7158,7163,7151,7155,11751
 2024/08/14-14:35,7156,7160,7149,7149,10265
 2024/08/14-14:40,7149,7154,7145,7150,8209
 2024/08/14-14:45,7150,7159,7147,7150,8981
 2024/08/14-14:50,7150,7156,7149,7155,6556
 2024/08/14-14:55,7155,7167,7154,7162,12323
 2024/08/14-15:00,7162,7167,7160,7160,14334
 2024/08/15-21:05,7150,7156,7144,7147,28473
 2024/08/15-21:10,7147,7163,7132,7162,29970
 2024/08/15-21:15,7162,7176,7157,7161,29337
 2024/08/15-21:20,7162,7162,7132,7133,27046
 2024/08/15-21:25,7133,7134,7090,7104,80264
 2024/08/15-21:30,7104,7116,7092,7094,42839
 2024/08/15-21:35,7094,7112,7091,7096,34005
 2024/08/15-21:40,7096,7113,7086,7112,28918
 2024/08/15-21:45,7112,7122,7109,7111,25665
 2024/08/15-21:50,7112,7128,7110,7119,18882
 2024/08/15-21:55,7119,7122,7100,7109,23889
 2024/08/15-22:00,7109,7118,7105,7108,14081
 2024/08/15-22:05,7107,7107,7096,7103,21440
 2024/08/15-22:10,7103,7106,7070,7080,40631
 2024/08/15-22:15,7079,7087,7067,7081,30499
 2024/08/15-22:20,7080,7094,7079,7090,23785
 2024/08/15-22:25,7090,7093,7082,7082,13254
 2024/08/15-22:30,7083,7086,7072,7084,16875
 2024/08/15-22:35,7084,7084,7039,7041,37587
 2024/08/15-22:40,7042,7056,7029,7055,52064
 2024/08/15-22:45,7055,7063,7040,7043,27873
 2024/08/15-22:50,7043,7055,7040,7052,18734
 2024/08/15-22:55,7052,7053,7043,7051,13766
 2024/08/15-23:00,7051,7061,7049,7056,16996
 2024/08/15-23:05,7057,7070,7051,7064,26566
 2024/08/15-23:10,7065,7068,7059,7064,12906
 2024/08/15-23:15,7064,7072,7059,7065,13395
 2024/08/15-23:20,7064,7065,7050,7053,16967
 2024/08/15-23:25,7054,7060,7050,7053,10432
 2024/08/15-23:30,7053,7055,7048,7051,9716
 2024/08/15-23:35,7051,7055,7038,7044,18577
 2024/08/15-23:40,7043,7049,7040,7047,11233
 2024/08/15-23:45,7047,7048,7039,7039,7534
 2024/08/15-23:50,7039,7039,7019,7030,28057
 2024/08/15-23:55,7029,7035,7022,7031,14260
 2024/08/15-00:00,7031,7036,7026,7033,9594
 2024/08/15-00:05,7033,7037,7030,7036,6445
 2024/08/15-00:10,7036,7036,7027,7030,5893
 2024/08/15-00:15,7030,7040,7029,7030,9742
 2024/08/15-00:20,7030,7032,7011,7017,18860
 2024/08/15-00:25,7018,7020,6991,6996,31402
 2024/08/15-00:30,6996,6998,6989,6994,17910
 2024/08/15-00:35,6994,6997,6976,6981,24380
 2024/08/15-00:40,6981,6993,6971,6993,21571
 2024/08/15-00:45,6992,7000,6989,6990,16582
 2024/08/15-00:50,6990,6997,6989,6994,7381
 2024/08/15-00:55,6993,7001,6990,6997,8459
 2024/08/15-01:00,6998,7000,6994,6997,5947
 2024/08/15-01:05,6998,7012,6991,7010,14614
 2024/08/15-01:10,7011,7011,7006,7006,7553
 2024/08/15-01:15,7006,7007,6998,6999,5975
 2024/08/15-01:20,6999,7002,6998,6999,5271
 2024/08/15-01:25,6998,6999,6991,6998,7861
 2024/08/15-01:30,6998,7000,6994,6997,3547
 2024/08/15-01:35,6997,7000,6992,6997,4948
 2024/08/15-01:40,6997,7007,6997,7003,5264
 2024/08/15-01:45,7004,7005,6995,6995,4095
 2024/08/15-01:50,6995,7000,6993,6998,2866
 2024/08/15-01:55,6997,6998,6995,6995,1947
 2024/08/15-02:00,6995,7001,6995,6995,3061
 2024/08/15-02:05,6995,7002,6994,7000,3849
 2024/08/15-02:10,7000,7007,7000,7004,3063
 2024/08/15-02:15,7004,7010,7004,7008,3553
 2024/08/15-02:20,7008,7016,7008,7010,5882
 2024/08/15-02:25,7009,7030,7009,7029,9860
 2024/08/15-02:30,7029,7033,7027,7028,8939
 2024/08/15-09:05,7050,7095,7047,7090,77886
 2024/08/15-09:10,7091,7107,7076,7101,44648
 2024/08/15-09:15,7100,7102,7083,7085,23175
 2024/08/15-09:20,7086,7101,7086,7087,14714
 2024/08/15-09:25,7087,7089,7075,7082,18742
 2024/08/15-09:30,7082,7082,7062,7065,18799
 2024/08/15-09:35,7065,7075,7059,7063,15866
 2024/08/15-09:40,7064,7073,7055,7063,14261
 2024/08/15-09:45,7063,7071,7063,7066,7967
 2024/08/15-09:50,7066,7073,7057,7069,10640
 2024/08/15-09:55,7069,7077,7061,7063,10790
 2024/08/15-10:00,7063,7083,7056,7078,12540
 2024/08/15-10:05,7077,7093,7077,7085,18255
 2024/08/15-10:10,7084,7094,7082,7090,10715
 2024/08/15-10:15,7090,7100,7090,7098,13026
 2024/08/15-10:35,7098,7116,7097,7113,29479
 2024/08/15-10:40,7113,7116,7104,7109,12101
 2024/08/15-10:45,7109,7114,7101,7112,10528
 2024/08/15-10:50,7112,7112,7101,7102,7672
 2024/08/15-10:55,7102,7107,7097,7100,6905
 2024/08/15-11:00,7100,7105,7097,7100,5654
 2024/08/15-11:05,7100,7111,7098,7103,6402
 2024/08/15-11:10,7104,7112,7102,7108,5931
 2024/08/15-11:15,7109,7114,7106,7113,5239
 2024/08/15-11:20,7113,7116,7107,7110,4685
 2024/08/15-11:25,7110,7113,7107,7109,4529
 2024/08/15-11:30,7108,7109,7098,7101,9267
 2024/08/15-13:35,7110,7114,7087,7089,22349
 2024/08/15-13:40,7089,7102,7086,7101,11915
 2024/08/15-13:45,7101,7101,7095,7099,5975
 2024/08/15-13:50,7100,7111,7095,7109,11247
 2024/08/15-13:55,7109,7143,7103,7140,30572
 2024/08/15-14:00,7140,7164,7135,7149,38220
 2024/08/15-14:05,7149,7164,7139,7157,29770
 2024/08/15-14:10,7157,7169,7151,7166,24226
 2024/08/15-14:15,7165,7189,7165,7176,40444
 2024/08/15-14:20,7176,7195,7176,7194,29130
 2024/08/15-14:25,7194,7197,7180,7186,22758
 2024/08/15-14:30,7186,7191,7180,7185,12358
 2024/08/15-14:35,7185,7187,7173,7173,13683
 2024/08/15-14:40,7174,7176,7167,7175,15732
 2024/08/15-14:45,7175,7186,7169,7184,14485
 2024/08/15-14:50,7183,7193,7181,7184,13080
 2024/08/15-14:55,7183,7189,7178,7188,12467
 2024/08/15-15:00,7188,7196,7184,7196,21352
 2024/08/16-21:05,7206,7206,7156,7162,97542
 2024/08/16-21:10,7163,7180,7158,7161,41264
 2024/08/16-21:15,7161,7178,7151,7176,36486
 2024/08/16-21:20,7177,7227,7177,7220,85632
 2024/08/16-21:25,7221,7265,7220,7263,78660
 2024/08/16-21:30,7263,7285,7258,7275,69446
 2024/08/16-21:35,7276,7289,7259,7283,56656
 2024/08/16-21:40,7283,7295,7273,7281,37973
 2024/08/16-21:45,7281,7282,7257,7259,40897
 2024/08/16-21:50,7258,7262,7240,7244,47296
 2024/08/16-21:55,7244,7257,7213,7223,63742
 2024/08/16-22:00,7222,7253,7218,7251,36236
 2024/08/16-22:05,7252,7268,7252,7257,41842
 2024/08/16-22:10,7257,7262,7252,7255,18616
 2024/08/16-22:15,7256,7271,7250,7255,30342
 2024/08/16-22:20,7254,7271,7252,7269,20813
 2024/08/16-22:25,7269,7272,7264,7267,14073
 2024/08/16-22:30,7267,7286,7267,7281,26604
 2024/08/16-22:35,7281,7293,7278,7291,24578
 2024/08/16-22:40,7292,7316,7288,7314,52633
 2024/08/16-22:45,7315,7331,7310,7331,50015
 2024/08/16-22:50,7331,7335,7314,7314,33909
 2024/08/16-22:55,7314,7314,7295,7301,33413
 2024/08/16-23:00,7300,7308,7294,7308,25046
 2024/08/16-23:05,7308,7319,7300,7318,27527
 2024/08/16-23:10,7318,7322,7312,7320,18932
 2024/08/16-23:15,7320,7329,7316,7322,23364
 2024/08/16-23:20,7322,7326,7306,7314,19491
 2024/08/16-23:25,7313,7319,7306,7315,15866
 2024/08/16-23:30,7315,7316,7309,7310,9262
 2024/08/16-23:35,7311,7315,7302,7306,16291
 2024/08/16-23:40,7306,7318,7305,7314,10210
 2024/08/16-23:45,7314,7316,7309,7312,6697
 2024/08/16-23:50,7312,7318,7311,7312,7959
 2024/08/16-23:55,7312,7316,7306,7314,8143
 2024/08/16-00:00,7314,7328,7314,7324,14835
 2024/08/16-00:05,7323,7336,7319,7322,16239
 2024/08/16-00:10,7322,7323,7314,7321,9242
 2024/08/16-00:15,7321,7327,7320,7324,7183
 2024/08/16-00:20,7324,7326,7322,7323,4556
 2024/08/16-00:25,7323,7335,7323,7324,10809
 2024/08/16-00:30,7324,7345,7322,7336,22163
 2024/08/16-00:35,7336,7337,7328,7331,6760
 2024/08/16-00:40,7331,7334,7312,7315,13391
 2024/08/16-00:45,7315,7317,7311,7315,9402
 2024/08/16-00:50,7315,7315,7308,7309,8546
 2024/08/16-00:55,7310,7313,7306,7308,7178
 2024/08/16-01:00,7309,7309,7305,7309,7468
 2024/08/16-01:05,7310,7315,7295,7295,16630
 2024/08/16-01:10,7295,7313,7295,7310,11899
 2024/08/16-01:15,7310,7314,7307,7312,5835
 2024/08/16-01:20,7312,7318,7307,7317,6375
 2024/08/16-01:25,7317,7327,7317,7320,11915
 2024/08/16-01:30,7320,7323,7318,7320,5044
 2024/08/16-01:35,7319,7322,7316,7318,6350
 2024/08/16-01:40,7318,7319,7310,7315,5036
 2024/08/16-01:45,7315,7315,7306,7308,4361
 2024/08/16-01:50,7308,7314,7307,7311,3130
 2024/08/16-01:55,7311,7313,7308,7313,3243
 2024/08/16-02:00,7313,7319,7311,7319,4945
 2024/08/16-02:05,7319,7319,7312,7317,3849
 2024/08/16-02:10,7316,7324,7314,7323,5284
 2024/08/16-02:15,7322,7322,7318,7321,2856
 2024/08/16-02:20,7320,7325,7319,7323,2669
 2024/08/16-02:25,7323,7327,7312,7315,4962
 2024/08/16-02:30,7315,7324,7313,7323,7030
 2024/08/16-09:05,7328,7335,7308,7322,31405
 2024/08/16-09:10,7321,7322,7305,7309,12434
 2024/08/16-09:15,7310,7323,7304,7319,13796
 2024/08/16-09:20,7319,7322,7304,7312,9694
 2024/08/16-09:25,7311,7322,7310,7311,10093
 2024/08/16-09:30,7310,7317,7310,7316,5982
 2024/08/16-09:35,7316,7316,7286,7290,26487
 2024/08/16-09:40,7290,7310,7287,7307,16504
 2024/08/16-09:45,7307,7311,7301,7311,7769
 2024/08/16-09:50,7310,7316,7302,7304,8674
 2024/08/16-09:55,7304,7310,7298,7301,7169
 2024/08/16-10:00,7302,7312,7301,7311,5111
 2024/08/16-10:05,7310,7311,7298,7303,6801
 2024/08/16-10:10,7303,7305,7300,7301,3532
 2024/08/16-10:15,7301,7301,7284,7297,13684
 2024/08/16-10:35,7297,7297,7277,7284,17458
 2024/08/16-10:40,7284,7291,7278,7282,10399
 2024/08/16-10:45,7282,7285,7275,7282,9519
 2024/08/16-10:50,7283,7283,7272,7280,8707
 2024/08/16-10:55,7280,7282,7273,7277,6660
 2024/08/16-11:00,7277,7283,7273,7279,8022
 2024/08/16-11:05,7279,7279,7264,7274,14755
 2024/08/16-11:10,7273,7275,7262,7264,9558
 2024/08/16-11:15,7263,7264,7250,7256,19285
 2024/08/16-11:20,7256,7262,7250,7252,10774
 2024/08/16-11:25,7253,7258,7250,7255,8624
 2024/08/16-11:30,7255,7261,7253,7257,9457
 2024/08/16-13:35,7259,7275,7257,7274,18124
 2024/08/16-13:40,7274,7275,7255,7256,10795
 2024/08/16-13:45,7255,7267,7243,7265,17822
 2024/08/16-13:50,7265,7273,7259,7267,11158
 2024/08/16-13:55,7267,7270,7259,7261,7341
 2024/08/16-14:00,7261,7270,7260,7270,5485
 2024/08/16-14:05,7270,7290,7267,7287,21128
 2024/08/16-14:10,7287,7287,7279,7280,11182
 2024/08/16-14:15,7280,7280,7273,7279,8182
 2024/08/16-14:20,7279,7282,7271,7281,6868
 2024/08/16-14:25,7281,7291,7278,7288,10540
 2024/08/16-14:30,7288,7289,7284,7288,5877
 2024/08/16-14:35,7288,7298,7283,7284,12639
 2024/08/16-14:40,7283,7292,7282,7291,5928
 2024/08/16-14:45,7290,7291,7283,7285,5960
 2024/08/16-14:50,7285,7305,7279,7300,20510
 2024/08/16-14:55,7300,7300,7292,7296,9517
 2024/08/16-15:00,7296,7297,7288,7289,13251
 2024/08/19-21:05,7314,7328,7287,7293,61129
 2024/08/19-21:10,7294,7313,7279,7301,38338
 2024/08/19-21:15,7300,7311,7278,7286,29546
 2024/08/19-21:20,7286,7291,7266,7274,31741
 2024/08/19-21:25,7274,7285,7260,7280,26846
 2024/08/19-21:30,7280,7304,7278,7297,24499
 2024/08/19-21:35,7297,7305,7288,7298,23940
 2024/08/19-21:40,7298,7328,7295,7321,39483
 2024/08/19-21:45,7320,7335,7310,7314,39699
 2024/08/19-21:50,7314,7334,7312,7324,25753
 2024/08/19-21:55,7324,7335,7318,7325,27011
 2024/08/19-22:00,7325,7329,7306,7311,24606
 2024/08/19-22:05,7312,7315,7286,7293,42438
 2024/08/19-22:10,7293,7304,7288,7300,28380
 2024/08/19-22:15,7300,7343,7300,7333,57576
 2024/08/19-22:20,7334,7334,7321,7327,24088
 2024/08/19-22:25,7329,7331,7294,7301,35919
 2024/08/19-22:30,7301,7312,7298,7307,18870
 2024/08/19-22:35,7307,7307,7286,7300,28313
 2024/08/19-22:40,7300,7306,7294,7302,15056
 2024/08/19-22:45,7302,7307,7295,7296,10981
 2024/08/19-22:50,7296,7304,7287,7289,16237
 2024/08/19-22:55,7289,7319,7289,7311,25179
 2024/08/19-23:00,7311,7314,7304,7307,11742
 2024/08/19-23:05,7307,7314,7299,7312,17978
 2024/08/19-23:10,7312,7317,7312,7314,11020
 2024/08/19-23:15,7314,7320,7308,7314,13133
 2024/08/19-23:20,7314,7314,7307,7311,6697
 2024/08/19-23:25,7311,7313,7302,7305,9316
 2024/08/19-23:30,7305,7311,7305,7310,5662
 2024/08/19-23:35,7309,7311,7302,7306,7082
 2024/08/19-23:40,7306,7317,7305,7316,9328
 2024/08/19-23:45,7317,7325,7313,7322,12917
 2024/08/19-23:50,7322,7328,7320,7326,9827
 2024/08/19-23:55,7326,7326,7319,7325,7017
 2024/08/19-00:00,7325,7337,7325,7336,16333
 2024/08/19-00:05,7335,7340,7333,7335,11376
 2024/08/19-00:10,7335,7336,7328,7328,8209
 2024/08/19-00:15,7328,7347,7328,7344,21456
 2024/08/19-00:20,7344,7348,7340,7345,14530
 2024/08/19-00:25,7344,7387,7344,7379,53460
 2024/08/19-00:30,7378,7424,7377,7414,54079
 2024/08/19-00:35,7415,7430,7402,7422,29370
 2024/08/19-00:40,7422,7436,7417,7423,24832
 2024/08/19-00:45,7423,7424,7409,7410,18723
 2024/08/19-00:50,7410,7422,7410,7414,15513
 2024/08/19-00:55,7414,7418,7409,7414,9926
 2024/08/19-01:00,7415,7429,7414,7419,15092
 2024/08/19-01:05,7419,7426,7418,7421,8032
 2024/08/19-01:10,7421,7421,7385,7390,29321
 2024/08/19-01:15,7390,7402,7388,7399,16690
 2024/08/19-01:20,7399,7408,7399,7408,11807
 2024/08/19-01:25,7409,7420,7409,7418,12927
 2024/08/19-01:30,7418,7427,7417,7427,11364
 2024/08/19-01:35,7427,7428,7413,7415,11397
 2024/08/19-01:40,7415,7422,7411,7413,6378
 2024/08/19-01:45,7413,7421,7411,7419,6961
 2024/08/19-01:50,7419,7420,7411,7418,4449
 2024/08/19-01:55,7418,7419,7413,7419,3896
 2024/08/19-02:00,7419,7427,7418,7426,8065
 2024/08/19-02:05,7425,7426,7418,7421,5855
 2024/08/19-02:10,7421,7424,7416,7416,4217
 2024/08/19-02:15,7416,7422,7416,7421,3972
 2024/08/19-02:20,7421,7425,7419,7423,4185
 2024/08/19-02:25,7423,7434,7420,7433,9642
 2024/08/19-02:30,7433,7442,7423,7433,19686
 2024/08/19-09:05,7445,7459,7409,7410,77878
 2024/08/19-09:10,7410,7413,7378,7385,56236
 2024/08/19-09:15,7386,7400,7374,7380,35959
 2024/08/19-09:20,7380,7396,7379,7391,19222
 2024/08/19-09:25,7392,7399,7375,7385,18603
 2024/08/19-09:30,7385,7392,7368,7384,21994
 2024/08/19-09:35,7384,7391,7380,7384,10923
 2024/08/19-09:40,7385,7402,7382,7401,13514
 2024/08/19-09:45,7401,7408,7396,7406,16672
 2024/08/19-09:50,7406,7423,7402,7418,18625
 2024/08/19-09:55,7417,7424,7404,7407,12136
 2024/08/19-10:00,7407,7412,7399,7404,10133
 2024/08/19-10:05,7404,7409,7393,7402,11755
 2024/08/19-10:10,7402,7421,7401,7418,10867
 2024/08/19-10:15,7418,7429,7416,7418,12572
 2024/08/19-10:35,7419,7428,7411,7423,10149
 2024/08/19-10:40,7424,7436,7420,7426,13164
 2024/08/19-10:45,7426,7435,7425,7433,7624
 2024/08/19-10:50,7433,7435,7425,7435,6807
 2024/08/19-10:55,7435,7446,7434,7442,15729
 2024/08/19-11:00,7442,7447,7437,7441,11012
 2024/08/19-11:05,7441,7477,7439,7473,31188
 2024/08/19-11:10,7473,7478,7464,7472,21361
 2024/08/19-11:15,7472,7477,7461,7461,13763
 2024/08/19-11:20,7461,7470,7454,7460,12866
 2024/08/19-11:25,7460,7460,7448,7452,11270
 2024/08/19-11:30,7452,7464,7452,7456,9068
 2024/08/19-13:35,7447,7448,7434,7438,19514
 2024/08/19-13:40,7439,7439,7426,7437,17339
 2024/08/19-13:45,7437,7444,7428,7429,10549
 2024/08/19-13:50,7430,7434,7425,7432,8508
 2024/08/19-13:55,7432,7434,7418,7422,12076
 2024/08/19-14:00,7422,7425,7417,7418,9611
 2024/08/19-14:05,7418,7425,7412,7423,11874
 2024/08/19-14:10,7423,7436,7423,7435,12427
 2024/08/19-14:15,7436,7449,7436,7446,12975
 2024/08/19-14:20,7446,7447,7427,7427,10029
 2024/08/19-14:25,7427,7434,7422,7434,11801
 2024/08/19-14:30,7434,7448,7429,7447,9615
 2024/08/19-14:35,7447,7448,7436,7444,6958
 2024/08/19-14:40,7444,7448,7438,7443,5814
 2024/08/19-14:45,7443,7455,7442,7450,11469
 2024/08/19-14:50,7450,7457,7450,7455,7448
 2024/08/19-14:55,7456,7459,7446,7451,11133
 2024/08/19-15:00,7451,7454,7448,7452,13096
 2024/08/20-21:05,7433,7443,7429,7437,30973
 2024/08/20-21:10,7437,7450,7428,7443,24320
 2024/08/20-21:15,7443,7452,7436,7442,15085
 2024/08/20-21:20,7442,7457,7435,7454,16362
 2024/08/20-21:25,7454,7454,7438,7443,14406
 2024/08/20-21:30,7444,7447,7431,7435,14643
 2024/08/20-21:35,7435,7453,7433,7453,19200
 2024/08/20-21:40,7453,7460,7415,7419,48089
 2024/08/20-21:45,7421,7432,7410,7430,28689
 2024/08/20-21:50,7430,7439,7423,7439,16316
 2024/08/20-21:55,7439,7453,7433,7452,23476
 2024/08/20-22:00,7452,7458,7446,7453,16420
 2024/08/20-22:05,7454,7478,7452,7471,39170
 2024/08/20-22:10,7472,7500,7467,7490,47443
 2024/08/20-22:15,7491,7492,7476,7482,31883
 2024/08/20-22:20,7483,7483,7465,7468,24861
 2024/08/20-22:25,7469,7476,7460,7469,21863
 2024/08/20-22:30,7469,7483,7469,7482,16364
 2024/08/20-22:35,7483,7501,7481,7497,25437
 2024/08/20-22:40,7497,7505,7493,7496,28876
 2024/08/20-22:45,7497,7505,7490,7496,21136
 2024/08/20-22:50,7496,7511,7489,7510,24499
 2024/08/20-22:55,7511,7517,7504,7510,25863
 2024/08/20-23:00,7510,7516,7502,7504,19385
 2024/08/20-23:05,7504,7515,7496,7508,21673
 2024/08/20-23:10,7508,7528,7508,7527,30096
 2024/08/20-23:15,7528,7530,7520,7521,18324
 2024/08/20-23:20,7522,7528,7517,7522,13344
 2024/08/20-23:25,7523,7524,7516,7517,10544
 2024/08/20-23:30,7517,7535,7516,7529,21773
 2024/08/20-23:35,7529,7529,7518,7523,11532
 2024/08/20-23:40,7522,7523,7507,7511,16975
 2024/08/20-23:45,7511,7513,7500,7512,20132
 2024/08/20-23:50,7512,7519,7507,7517,10845
 2024/08/20-23:55,7517,7522,7514,7518,7764
 2024/08/20-00:00,7517,7518,7508,7512,8571
 2024/08/20-00:05,7511,7519,7505,7512,9772
 2024/08/20-00:10,7512,7512,7506,7507,5638
 2024/08/20-00:15,7507,7510,7500,7507,9912
 2024/08/20-00:20,7508,7509,7490,7493,12689
 2024/08/20-00:25,7492,7498,7488,7491,13361
 2024/08/20-00:30,7491,7506,7490,7504,9694
 2024/08/20-00:35,7503,7506,7501,7504,6116
 2024/08/20-00:40,7504,7509,7499,7509,5438
 2024/08/20-00:45,7509,7514,7507,7509,8582
 2024/08/20-00:50,7509,7510,7504,7508,4238
 2024/08/20-00:55,7508,7508,7495,7497,6385
 2024/08/20-01:00,7497,7501,7491,7498,7544
 2024/08/20-01:05,7498,7498,7485,7494,9413
 2024/08/20-01:10,7494,7496,7490,7492,4160
 2024/08/20-01:15,7492,7495,7492,7493,3111
 2024/08/20-01:20,7493,7500,7492,7497,4701
 2024/08/20-01:25,7497,7500,7490,7490,5697
 2024/08/20-01:30,7490,7491,7484,7487,7207
 2024/08/20-01:35,7487,7492,7484,7490,4947
 2024/08/20-01:40,7490,7495,7489,7490,3146
 2024/08/20-01:45,7490,7499,7489,7498,3925
 2024/08/20-01:50,7498,7508,7498,7502,7429
 2024/08/20-01:55,7502,7504,7499,7503,2559
 2024/08/20-02:00,7503,7508,7500,7501,3523
 2024/08/20-02:05,7501,7503,7499,7500,1754
 2024/08/20-02:10,7500,7502,7499,7502,974
 2024/08/20-02:15,7502,7507,7501,7505,2595
 2024/08/20-02:20,7504,7505,7493,7497,4968
 2024/08/20-02:25,7497,7503,7496,7501,1993
 2024/08/20-02:30,7502,7504,7487,7488,6488
 2024/08/20-09:05,7503,7517,7502,7510,27248
 2024/08/20-09:10,7510,7521,7506,7512,17651
 2024/08/20-09:15,7512,7516,7501,7504,12695
 2024/08/20-09:20,7505,7518,7504,7510,9683
 2024/08/20-09:25,7511,7524,7508,7522,11037
 2024/08/20-09:30,7522,7528,7518,7523,11505
 2024/08/20-09:35,7523,7528,7515,7525,12685
 2024/08/20-09:40,7525,7525,7513,7514,9824
 2024/08/20-09:45,7514,7520,7509,7520,8391
 2024/08/20-09:50,7520,7523,7509,7511,8871
 2024/08/20-09:55,7511,7514,7494,7497,16670
 2024/08/20-10:00,7497,7503,7495,7501,9395
 2024/08/20-10:05,7501,7503,7487,7490,13405
 2024/08/20-10:10,7490,7494,7472,7484,26106
 2024/08/20-10:15,7484,7486,7466,7479,20331
 2024/08/20-10:35,7480,7481,7467,7475,14596
 2024/08/20-10:40,7475,7479,7469,7478,11075
 2024/08/20-10:45,7478,7488,7477,7484,12484
 2024/08/20-10:50,7484,7487,7477,7479,6463
 2024/08/20-10:55,7479,7488,7479,7488,4814
 2024/08/20-11:00,7489,7490,7484,7488,5232
 2024/08/20-11:05,7488,7492,7485,7488,5575
 2024/08/20-11:10,7488,7491,7482,7483,5005
 2024/08/20-11:15,7483,7485,7477,7484,5825
 2024/08/20-11:20,7484,7489,7484,7488,3536
 2024/08/20-11:25,7488,7507,7487,7505,14259
 2024/08/20-11:30,7506,7512,7504,7509,12829
 2024/08/20-13:35,7511,7519,7508,7514,20322
 2024/08/20-13:40,7514,7516,7510,7515,8093
 2024/08/20-13:45,7516,7517,7508,7508,7181
 2024/08/20-13:50,7508,7514,7506,7511,6699
 2024/08/20-13:55,7510,7516,7508,7516,5212
 2024/08/20-14:00,7515,7518,7509,7512,5653
 2024/08/20-14:05,7511,7526,7509,7522,14006
 2024/08/20-14:10,7522,7523,7506,7506,11828
 2024/08/20-14:15,7506,7509,7497,7508,17000
 2024/08/20-14:20,7508,7510,7502,7507,5809
 2024/08/20-14:25,7507,7516,7506,7513,7132
 2024/08/20-14:30,7513,7550,7513,7545,42901
 2024/08/20-14:35,7544,7555,7537,7544,28277
 2024/08/20-14:40,7544,7557,7543,7550,18861
 2024/08/20-14:45,7550,7563,7549,7560,17443
 2024/08/20-14:50,7560,7567,7558,7563,20154
 2024/08/20-14:55,7563,7568,7556,7557,16661
 2024/08/20-15:00,7557,7559,7552,7557,21594
 2024/08/21-21:05,7628,7628,7605,7614,69769
 2024/08/21-21:10,7614,7617,7597,7607,36722
 2024/08/21-21:15,7607,7618,7602,7610,19917
 2024/08/21-21:20,7610,7613,7589,7605,25789
 2024/08/21-21:25,7605,7618,7605,7613,19569
 2024/08/21-21:30,7613,7633,7608,7630,26691
 2024/08/21-21:35,7630,7649,7615,7620,60225
 2024/08/21-21:40,7620,7622,7598,7604,41047
 2024/08/21-21:45,7604,7614,7599,7613,23934
 2024/08/21-21:50,7612,7619,7610,7615,16247
 2024/08/21-21:55,7615,7633,7613,7630,24052
 2024/08/21-22:00,7630,7633,7622,7630,14716
 2024/08/21-22:05,7629,7630,7621,7627,13815
 2024/08/21-22:10,7627,7628,7619,7622,13148
 2024/08/21-22:15,7622,7622,7604,7608,26952
 2024/08/21-22:20,7608,7609,7581,7586,42623
 2024/08/21-22:25,7586,7587,7571,7576,33224
 2024/08/21-22:30,7576,7583,7565,7582,35939
 2024/08/21-22:35,7582,7594,7577,7591,23132
 2024/08/21-22:40,7592,7595,7571,7573,23022
 2024/08/21-22:45,7573,7583,7569,7570,14653
 2024/08/21-22:50,7569,7584,7565,7583,17487
 2024/08/21-22:55,7583,7587,7574,7574,14119
 2024/08/21-23:00,7574,7578,7569,7572,13883
 2024/08/21-23:05,7572,7572,7543,7552,53240
 2024/08/21-23:10,7552,7556,7536,7555,38998
 2024/08/21-23:15,7556,7559,7546,7546,21803
 2024/08/21-23:20,7546,7552,7532,7548,23398
 2024/08/21-23:25,7547,7555,7543,7551,16160
 2024/08/21-23:30,7551,7557,7542,7550,15196
 2024/08/21-23:35,7550,7561,7547,7560,13212
 2024/08/21-23:40,7560,7566,7556,7560,17243
 2024/08/21-23:45,7560,7561,7545,7547,12759
 2024/08/21-23:50,7547,7547,7535,7540,19113
 2024/08/21-23:55,7540,7545,7536,7539,11807
 2024/08/21-00:00,7539,7540,7527,7529,19619
 2024/08/21-00:05,7529,7529,7499,7517,47473
 2024/08/21-00:10,7517,7524,7509,7521,23443
 2024/08/21-00:15,7521,7531,7520,7529,14277
 2024/08/21-00:20,7529,7530,7521,7522,10320
 2024/08/21-00:25,7522,7527,7518,7520,9789
 2024/08/21-00:30,7520,7523,7514,7520,7404
 2024/08/21-00:35,7520,7522,7509,7512,10254
 2024/08/21-00:40,7512,7523,7509,7522,8402
 2024/08/21-00:45,7523,7523,7516,7522,5808
 2024/08/21-00:50,7521,7531,7520,7529,9119
 2024/08/21-00:55,7529,7532,7525,7531,7776
 2024/08/21-01:00,7532,7539,7532,7535,11030
 2024/08/21-01:05,7535,7535,7526,7528,9185
 2024/08/21-01:10,7528,7544,7528,7543,8629
 2024/08/21-01:15,7543,7544,7536,7537,6647
 2024/08/21-01:20,7537,7542,7536,7537,4112
 2024/08/21-01:25,7537,7547,7537,7546,5651
 2024/08/21-01:30,7546,7546,7542,7546,3345
 2024/08/21-01:35,7546,7546,7533,7534,6736
 2024/08/21-01:40,7535,7541,7534,7539,2899
 2024/08/21-01:45,7539,7540,7535,7539,2718
 2024/08/21-01:50,7538,7539,7531,7533,3746
 2024/08/21-01:55,7533,7535,7532,7533,1766
 2024/08/21-02:00,7533,7536,7533,7536,1904
 2024/08/21-02:05,7535,7540,7533,7539,3216
 2024/08/21-02:10,7539,7540,7536,7538,2460
 2024/08/21-02:15,7538,7544,7538,7542,2874
 2024/08/21-02:20,7543,7544,7539,7542,2467
 2024/08/21-02:25,7542,7545,7540,7544,3317
 2024/08/21-02:30,7544,7544,7538,7538,5543
 2024/08/21-09:05,7533,7538,7521,7536,21837
 2024/08/21-09:10,7536,7537,7518,7533,15933
 2024/08/21-09:15,7533,7538,7515,7515,14051
 2024/08/21-09:20,7514,7522,7509,7514,17785
 2024/08/21-09:25,7515,7524,7513,7519,9602
 2024/08/21-09:30,7519,7525,7517,7519,6283
 2024/08/21-09:35,7518,7522,7501,7504,20195
 2024/08/21-09:40,7504,7517,7500,7512,18077
 2024/08/21-09:45,7512,7530,7510,7525,14036
 2024/08/21-09:50,7525,7539,7524,7539,14964
 2024/08/21-09:55,7539,7547,7532,7546,17582
 2024/08/21-10:00,7545,7548,7539,7540,9168
 2024/08/21-10:05,7540,7560,7539,7553,23104
 2024/08/21-10:10,7553,7566,7552,7563,16372
 2024/08/21-10:15,7562,7564,7555,7562,10132
 2024/08/21-10:35,7561,7561,7549,7558,11872
 2024/08/21-10:40,7557,7560,7549,7550,5888
 2024/08/21-10:45,7551,7557,7551,7554,5376
 2024/08/21-10:50,7555,7555,7545,7551,7191
 2024/08/21-10:55,7551,7554,7547,7552,4472
 2024/08/21-11:00,7551,7560,7551,7560,6966
 2024/08/21-11:05,7560,7561,7541,7542,11515
 2024/08/21-11:10,7543,7544,7538,7541,8405
 2024/08/21-11:15,7541,7547,7540,7543,5290
 2024/08/21-11:20,7544,7544,7536,7539,5597
 2024/08/21-11:25,7539,7545,7534,7544,5891
 2024/08/21-11:30,7544,7549,7542,7543,6449
 2024/08/21-13:35,7550,7558,7550,7556,11022
 2024/08/21-13:40,7556,7565,7554,7562,10223
 2024/08/21-13:45,7563,7574,7561,7571,16640
 2024/08/21-13:50,7571,7578,7567,7569,12463
 2024/08/21-13:55,7568,7570,7560,7561,8427
 2024/08/21-14:00,7561,7565,7558,7559,6973
 2024/08/21-14:05,7559,7569,7559,7564,5521
 2024/08/21-14:10,7565,7565,7549,7551,11642
 2024/08/21-14:15,7551,7558,7547,7557,9825
 2024/08/21-14:20,7558,7560,7554,7560,4616
 2024/08/21-14:25,7559,7575,7559,7571,10819
 2024/08/21-14:30,7571,7575,7567,7574,10370
 2024/08/21-14:35,7574,7576,7562,7563,9220
 2024/08/21-14:40,7563,7572,7562,7567,5277
 2024/08/21-14:45,7567,7568,7559,7560,4812
 2024/08/21-14:50,7560,7567,7558,7562,5684
 2024/08/21-14:55,7562,7569,7559,7563,7872
 2024/08/21-15:00,7563,7566,7560,7565,11137
 2024/08/22-21:05,7575,7575,7552,7552,28691
 2024/08/22-21:10,7552,7557,7542,7542,17467
 2024/08/22-21:15,7543,7545,7529,7540,29063
 2024/08/22-21:20,7540,7542,7525,7540,23300
 2024/08/22-21:25,7540,7543,7527,7530,12697
 2024/08/22-21:30,7531,7536,7521,7527,15448
 2024/08/22-21:35,7527,7528,7495,7510,47720
 2024/08/22-21:40,7511,7523,7510,7511,25067
 2024/08/22-21:45,7511,7511,7481,7486,45348
 2024/08/22-21:50,7484,7498,7484,7497,28217
 2024/08/22-21:55,7497,7498,7480,7497,24608
 2024/08/22-22:00,7498,7506,7497,7504,23656
 2024/08/22-22:05,7504,7504,7479,7492,46681
 2024/08/22-22:10,7492,7500,7485,7490,22569
 2024/08/22-22:15,7489,7524,7486,7519,38559
 2024/08/22-22:20,7519,7524,7511,7516,25750
 2024/08/22-22:25,7516,7519,7506,7509,17248
 2024/08/22-22:30,7509,7517,7502,7503,17951
 2024/08/22-22:35,7503,7515,7501,7505,20539
 2024/08/22-22:40,7504,7517,7498,7515,18719
 2024/08/22-22:45,7515,7528,7506,7526,24685
 2024/08/22-22:50,7526,7533,7522,7531,19420
 2024/08/22-22:55,7532,7533,7515,7519,18686
 2024/08/22-23:00,7519,7520,7507,7509,16258
 2024/08/22-23:05,7510,7521,7509,7520,14193
 2024/08/22-23:10,7520,7529,7519,7525,15523
 2024/08/22-23:15,7525,7528,7521,7526,9579
 2024/08/22-23:20,7526,7545,7523,7539,19378
 2024/08/22-23:25,7539,7543,7537,7540,12321
 2024/08/22-23:30,7540,7550,7540,7547,13861
 2024/08/22-23:35,7547,7558,7544,7557,21083
 2024/08/22-23:40,7556,7557,7550,7554,10165
 2024/08/22-23:45,7554,7557,7549,7551,9795
 2024/08/22-23:50,7551,7567,7549,7563,16311
 2024/08/22-23:55,7564,7564,7542,7543,17669
 2024/08/22-00:00,7543,7547,7539,7541,11934
 2024/08/22-00:05,7542,7542,7535,7541,12917
 2024/08/22-00:10,7542,7543,7530,7530,12209
 2024/08/22-00:15,7531,7531,7522,7530,16060
 2024/08/22-00:20,7530,7532,7526,7530,7339
 2024/08/22-00:25,7531,7533,7527,7533,6869
 2024/08/22-00:30,7533,7538,7533,7535,7943
 2024/08/22-00:35,7535,7535,7529,7532,5540
 2024/08/22-00:40,7532,7540,7529,7540,5797
 2024/08/22-00:45,7541,7542,7527,7531,7982
 2024/08/22-00:50,7531,7535,7529,7532,3611
 2024/08/22-00:55,7532,7537,7532,7537,4724
 2024/08/22-01:00,7537,7542,7536,7539,6287
 2024/08/22-01:05,7539,7551,7539,7544,10090
 2024/08/22-01:10,7544,7548,7543,7545,4288
 2024/08/22-01:15,7546,7546,7539,7545,6175
 2024/08/22-01:20,7545,7545,7539,7541,2862
 2024/08/22-01:25,7542,7550,7541,7545,4653
 2024/08/22-01:30,7545,7546,7534,7536,6144
 2024/08/22-01:35,7536,7543,7536,7543,3300
 2024/08/22-01:40,7543,7543,7535,7536,2590
 2024/08/22-01:45,7536,7537,7522,7528,10318
 2024/08/22-01:50,7528,7536,7527,7536,4317
 2024/08/22-01:55,7536,7537,7532,7533,2266
 2024/08/22-02:00,7533,7539,7533,7536,2899
 2024/08/22-02:05,7536,7551,7536,7549,10532
 2024/08/22-02:10,7549,7557,7546,7554,7000
 2024/08/22-02:15,7554,7567,7552,7566,10832
 2024/08/22-02:20,7566,7598,7566,7595,24696
 2024/08/22-02:25,7596,7597,7585,7588,7806
 2024/08/22-02:30,7588,7595,7584,7593,10059
 2024/08/22-09:05,7582,7582,7561,7566,28012
 2024/08/22-09:10,7567,7571,7559,7560,12336
 2024/08/22-09:15,7562,7577,7560,7571,12778
 2024/08/22-09:20,7571,7579,7567,7576,10460
 2024/08/22-09:25,7576,7584,7575,7579,11129
 2024/08/22-09:30,7578,7589,7577,7586,10019
 2024/08/22-09:35,7586,7588,7573,7576,9783
 2024/08/22-09:40,7575,7575,7562,7563,11685
 2024/08/22-09:45,7563,7569,7548,7554,18529
 2024/08/22-09:50,7554,7560,7548,7551,10885
 2024/08/22-09:55,7552,7556,7545,7546,12740
 2024/08/22-10:00,7547,7552,7538,7546,12322
 2024/08/22-10:05,7545,7550,7540,7548,9997
 2024/08/22-10:10,7548,7549,7535,7542,9223
 2024/08/22-10:15,7542,7545,7536,7544,6553
 2024/08/22-10:35,7528,7539,7519,7532,26893
 2024/08/22-10:40,7532,7535,7520,7520,13297
 2024/08/22-10:45,7520,7533,7518,7532,13905
 2024/08/22-10:50,7532,7535,7523,7525,9422
 2024/08/22-10:55,7524,7534,7521,7531,8021
 2024/08/22-11:00,7530,7542,7528,7539,10164
 2024/08/22-11:05,7538,7544,7537,7542,6795
 2024/08/22-11:10,7542,7548,7541,7544,7983
 2024/08/22-11:15,7544,7553,7542,7550,9377
 2024/08/22-11:20,7550,7553,7545,7549,5754
 2024/08/22-11:25,7549,7551,7539,7540,6778
 2024/08/22-11:30,7540,7545,7540,7541,5154
 2024/08/22-13:35,7545,7555,7539,7548,12450
 2024/08/22-13:40,7547,7549,7543,7548,6075
 2024/08/22-13:45,7548,7549,7531,7535,11763
 2024/08/22-13:50,7534,7537,7528,7534,10280
 2024/08/22-13:55,7534,7558,7534,7557,13653
 2024/08/22-14:00,7557,7568,7551,7555,18614
 2024/08/22-14:05,7555,7555,7545,7548,7436
 2024/08/22-14:10,7549,7554,7540,7550,9381
 2024/08/22-14:15,7550,7558,7549,7553,6171
 2024/08/22-14:20,7553,7562,7543,7547,12042
 2024/08/22-14:25,7547,7550,7545,7549,4839
 2024/08/22-14:30,7549,7558,7546,7558,8743
 2024/08/22-14:35,7558,7558,7543,7544,9986
 2024/08/22-14:40,7544,7546,7524,7524,16187
 2024/08/22-14:45,7524,7526,7508,7521,26848
 2024/08/22-14:50,7521,7525,7513,7522,14779
 2024/08/22-14:55,7523,7525,7518,7521,7474
 2024/08/22-15:00,7521,7527,7515,7515,13627
 2024/08/23-21:05,7575,7575,7537,7544,43050
 2024/08/23-21:10,7544,7565,7544,7561,30653
 2024/08/23-21:15,7561,7573,7557,7564,24500
 2024/08/23-21:20,7563,7569,7546,7554,20531
 2024/08/23-21:25,7554,7558,7528,7532,33291
 2024/08/23-21:30,7532,7539,7528,7535,16405
 2024/08/23-21:35,7535,7535,7491,7499,57559
 2024/08/23-21:40,7500,7522,7500,7513,39709
 2024/08/23-21:45,7512,7521,7497,7509,25714
 2024/08/23-21:50,7508,7512,7495,7510,31238
 2024/08/23-21:55,7510,7524,7510,7517,24857
 2024/08/23-22:00,7517,7524,7508,7520,16139
 2024/08/23-22:05,7519,7519,7493,7494,28204
 2024/08/23-22:10,7494,7499,7466,7473,54645
 2024/08/23-22:15,7473,7476,7429,7433,75857
 2024/08/23-22:20,7434,7446,7416,7429,57051
 2024/08/23-22:25,7428,7434,7406,7421,55643
 2024/08/23-22:30,7421,7439,7421,7432,39555
 2024/08/23-22:35,7433,7438,7407,7410,30866
 2024/08/23-22:40,7409,7415,7393,7414,56434
 2024/08/23-22:45,7414,7423,7412,7416,23588
 2024/08/23-22:50,7416,7429,7414,7421,22817
 2024/08/23-22:55,7421,7439,7419,7438,25623
 2024/08/23-23:00,7438,7439,7430,7431,18684
 2024/08/23-23:05,7431,7449,7428,7439,30895
 2024/08/23-23:10,7439,7439,7420,7427,25727
 2024/08/23-23:15,7426,7431,7419,7424,15515
 2024/08/23-23:20,7425,7429,7419,7426,11913
 2024/08/23-23:25,7426,7430,7420,7422,9564
 2024/08/23-23:30,7422,7425,7416,7417,8989
 2024/08/23-23:35,7416,7424,7407,7414,16247
 2024/08/23-23:40,7414,7426,7414,7419,13141
 2024/08/23-23:45,7420,7430,7419,7428,10005
 2024/08/23-23:50,7428,7435,7423,7424,14338
 2024/08/23-23:55,7424,7427,7421,7426,7532
 2024/08/23-00:00,7426,7433,7424,7431,6770
 2024/08/23-00:05,7431,7439,7429,7437,9843
 2024/08/23-00:10,7437,7440,7433,7439,6840
 2024/08/23-00:15,7438,7451,7436,7446,14702
 2024/08/23-00:20,7446,7460,7445,7455,15130
 2024/08/23-00:25,7455,7462,7449,7449,14473
 2024/08/23-00:30,7449,7454,7448,7451,8528
 2024/08/23-00:35,7452,7455,7444,7455,9488
 2024/08/23-00:40,7455,7459,7451,7454,6926
 2024/08/23-00:45,7455,7456,7452,7453,4530
 2024/08/23-00:50,7453,7466,7453,7459,11888
 2024/08/23-00:55,7459,7459,7448,7449,7526
 2024/08/23-01:00,7449,7451,7441,7447,9951
 2024/08/23-01:05,7447,7448,7438,7439,7384
 2024/08/23-01:10,7439,7442,7433,7436,8904
 2024/08/23-01:15,7436,7439,7427,7429,8857
 2024/08/23-01:20,7429,7431,7418,7421,12031
 2024/08/23-01:25,7421,7425,7418,7424,8915
 2024/08/23-01:30,7424,7426,7415,7425,9028
 2024/08/23-01:35,7425,7430,7423,7427,7119
 2024/08/23-01:40,7427,7438,7426,7435,7198
 2024/08/23-01:45,7435,7436,7430,7430,3761
 2024/08/23-01:50,7431,7433,7425,7427,5126
 2024/08/23-01:55,7427,7431,7421,7423,4777
 2024/08/23-02:00,7422,7427,7420,7421,4344
 2024/08/23-02:05,7420,7424,7415,7418,7362
 2024/08/23-02:10,7418,7418,7401,7411,13997
 2024/08/23-02:15,7412,7412,7399,7407,6901
 2024/08/23-02:20,7407,7423,7406,7420,8539
 2024/08/23-02:25,7420,7423,7417,7420,3480
 2024/08/23-02:30,7420,7420,7412,7418,6434
 2024/08/23-09:05,7427,7444,7427,7441,25577
 2024/08/23-09:10,7440,7452,7439,7441,16203
 2024/08/23-09:15,7441,7443,7432,7433,12320
 2024/08/23-09:20,7433,7448,7428,7440,11891
 2024/08/23-09:25,7440,7440,7431,7436,8765
 2024/08/23-09:30,7436,7444,7435,7439,6620
 2024/08/23-09:35,7439,7444,7434,7441,7853
 2024/08/23-09:40,7442,7448,7440,7445,9044
 2024/08/23-09:45,7445,7452,7444,7445,9148
 2024/08/23-09:50,7445,7456,7441,7448,12670
 2024/08/23-09:55,7447,7456,7444,7451,8337
 2024/08/23-10:00,7450,7453,7447,7451,5238
 2024/08/23-10:05,7451,7454,7442,7444,7917
 2024/08/23-10:10,7444,7444,7434,7437,8857
 2024/08/23-10:15,7437,7438,7434,7437,4547
 2024/08/23-10:35,7438,7439,7419,7428,14720
 2024/08/23-10:40,7428,7433,7426,7428,6402
 2024/08/23-10:45,7428,7432,7423,7427,4916
 2024/08/23-10:50,7428,7435,7423,7433,6109
 2024/08/23-10:55,7432,7436,7426,7429,4066
 2024/08/23-11:00,7428,7435,7424,7433,4805
 2024/08/23-11:05,7433,7448,7433,7446,9897
 2024/08/23-11:10,7446,7453,7442,7444,10542
 2024/08/23-11:15,7444,7448,7442,7443,3733
 2024/08/23-11:20,7443,7452,7440,7452,4954
 2024/08/23-11:25,7451,7452,7445,7446,4131
 2024/08/23-11:30,7448,7457,7446,7456,7841
 2024/08/23-13:35,7465,7487,7465,7478,33710
 2024/08/23-13:40,7478,7495,7478,7492,20043
 2024/08/23-13:45,7492,7493,7478,7482,11225
 2024/08/23-13:50,7482,7491,7481,7483,8767
 2024/08/23-13:55,7483,7483,7473,7476,10885
 2024/08/23-14:00,7476,7488,7476,7485,9116
 2024/08/23-14:05,7485,7489,7478,7488,7597
 2024/08/23-14:10,7487,7502,7487,7492,16348
 2024/08/23-14:15,7492,7493,7484,7484,7731
 2024/08/23-14:20,7484,7490,7482,7482,5938
 2024/08/23-14:25,7482,7488,7477,7485,9463
 2024/08/23-14:30,7485,7487,7478,7487,5503
 2024/08/23-14:35,7487,7487,7469,7470,11437
 2024/08/23-14:40,7470,7485,7469,7482,8299
 2024/08/23-14:45,7482,7497,7482,7492,13288
 2024/08/23-14:50,7490,7498,7488,7495,10181
 2024/08/23-14:55,7496,7498,7488,7497,9776
 2024/08/23-15:00,7498,7499,7491,7496,15402
 2024/08/26-21:05,7510,7516,7486,7493,45305
 2024/08/26-21:10,7493,7494,7475,7481,21091
 2024/08/26-21:15,7481,7497,7481,7486,14450
 2024/08/26-21:20,7486,7505,7484,7495,18613
 2024/08/26-21:25,7495,7499,7473,7481,21836
 2024/08/26-21:30,7481,7484,7471,7479,14564
 2024/08/26-21:35,7479,7479,7467,7474,18052
 2024/08/26-21:40,7474,7483,7468,7472,16201
 2024/08/26-21:45,7473,7478,7462,7473,18615
 2024/08/26-21:50,7473,7477,7462,7469,15170
 2024/08/26-21:55,7469,7490,7468,7486,17997
 2024/08/26-22:00,7486,7488,7481,7484,9283
 2024/08/26-22:05,7484,7564,7483,7561,136908
 2024/08/26-22:10,7561,7613,7560,7578,129035
 2024/08/26-22:15,7578,7619,7577,7617,76328
 2024/08/26-22:20,7618,7619,7549,7552,90148
 2024/08/26-22:25,7552,7579,7527,7572,87762
 2024/08/26-22:30,7572,7588,7559,7582,42190
 2024/08/26-22:35,7582,7602,7582,7594,48869
 2024/08/26-22:40,7594,7595,7570,7581,43294
 2024/08/26-22:45,7581,7581,7569,7577,24494
 2024/08/26-22:50,7578,7585,7546,7557,39840
 2024/08/26-22:55,7557,7563,7535,7547,41561
 2024/08/26-23:00,7546,7554,7535,7553,32068
 2024/08/26-23:05,7553,7565,7548,7563,26342
 2024/08/26-23:10,7563,7578,7562,7576,24389
 2024/08/26-23:15,7576,7593,7565,7592,34652
 2024/08/26-23:20,7592,7598,7582,7593,28465
 2024/08/26-23:25,7593,7608,7585,7596,29668
 2024/08/26-23:30,7596,7609,7594,7602,21938
 2024/08/26-23:35,7602,7603,7592,7595,20885
 2024/08/26-23:40,7594,7605,7594,7599,15498
 2024/08/26-23:45,7598,7605,7594,7600,11226
 2024/08/26-23:50,7600,7600,7578,7589,29278
 2024/08/26-23:55,7589,7590,7580,7583,16711
 2024/08/26-00:00,7583,7587,7574,7581,16234
 2024/08/26-00:05,7582,7583,7571,7577,18045
 2024/08/26-00:10,7577,7581,7569,7581,15741
 2024/08/26-00:15,7581,7587,7574,7575,15968
 2024/08/26-00:20,7575,7578,7565,7577,18171
 2024/08/26-00:25,7578,7582,7574,7577,9536
 2024/08/26-00:30,7577,7578,7569,7572,9505
 2024/08/26-00:35,7573,7579,7571,7577,8298
 2024/08/26-00:40,7576,7582,7574,7576,8145
 2024/08/26-00:45,7575,7576,7552,7558,23542
 2024/08/26-00:50,7558,7568,7556,7567,10651
 2024/08/26-00:55,7567,7581,7567,7580,12351
 2024/08/26-01:00,7580,7586,7578,7585,12093
 2024/08/26-01:05,7585,7599,7583,7593,16935
 2024/08/26-01:10,7593,7594,7589,7591,8225
 2024/08/26-01:15,7590,7594,7583,7585,8644
 2024/08/26-01:20,7585,7595,7585,7591,8182
 2024/08/26-01:25,7591,7602,7590,7594,10915
 2024/08/26-01:30,7593,7598,7591,7592,5999
 2024/08/26-01:35,7591,7600,7591,7600,4580
 2024/08/26-01:40,7600,7606,7597,7601,12235
 2024/08/26-01:45,7601,7604,7599,7601,4184
 2024/08/26-01:50,7602,7603,7587,7589,8787
 2024/08/26-01:55,7589,7594,7585,7593,6399
 2024/08/26-02:00,7593,7594,7588,7594,3673
 2024/08/26-02:05,7594,7595,7587,7591,4563
 2024/08/26-02:10,7591,7594,7586,7589,4369
 2024/08/26-02:15,7588,7603,7587,7603,7653
 2024/08/26-02:20,7603,7604,7600,7603,4176
 2024/08/26-02:25,7603,7604,7592,7599,6225
 2024/08/26-02:30,7599,7609,7599,7608,11396
 2024/08/26-09:05,7610,7629,7594,7600,49717
 2024/08/26-09:10,7599,7626,7599,7611,26339
 2024/08/26-09:15,7611,7616,7604,7612,12354
 2024/08/26-09:20,7612,7623,7611,7616,12391
 2024/08/26-09:25,7616,7623,7611,7620,12232
 2024/08/26-09:30,7621,7635,7621,7631,25490
 2024/08/26-09:35,7632,7634,7609,7610,18491
 2024/08/26-09:40,7610,7610,7588,7596,29720
 2024/08/26-09:45,7596,7601,7587,7589,17790
 2024/08/26-09:50,7589,7609,7588,7605,15208
 2024/08/26-09:55,7606,7606,7594,7602,7590
 2024/08/26-10:00,7602,7608,7591,7607,9198
 2024/08/26-10:05,7606,7611,7598,7606,8124
 2024/08/26-10:10,7607,7614,7603,7613,7694
 2024/08/26-10:15,7613,7614,7608,7610,5587
 2024/08/26-10:35,7610,7610,7597,7599,8042
 2024/08/26-10:40,7599,7600,7592,7598,7781
 2024/08/26-10:45,7598,7599,7588,7593,8976
 2024/08/26-10:50,7593,7598,7591,7597,5106
 2024/08/26-10:55,7597,7604,7597,7601,5977
 2024/08/26-11:00,7601,7602,7579,7580,11812
 2024/08/26-11:05,7581,7586,7575,7584,14537
 2024/08/26-11:10,7583,7588,7576,7580,6716
 2024/08/26-11:15,7580,7585,7573,7581,6525
 2024/08/26-11:20,7581,7586,7580,7584,5514
 2024/08/26-11:25,7583,7585,7579,7583,4278
 2024/08/26-11:30,7583,7589,7582,7588,6116
 2024/08/26-13:35,7585,7587,7578,7585,9410
 2024/08/26-13:40,7585,7585,7571,7578,9136
 2024/08/26-13:45,7578,7590,7577,7587,9674
 2024/08/26-13:50,7587,7588,7581,7583,6256
 2024/08/26-13:55,7583,7584,7578,7583,4786
 2024/08/26-14:00,7582,7596,7580,7595,8830
 2024/08/26-14:05,7596,7606,7594,7597,11787
 2024/08/26-14:10,7597,7603,7594,7598,6326
 2024/08/26-14:15,7597,7604,7594,7602,5327
 2024/08/26-14:20,7602,7607,7600,7604,7509
 2024/08/26-14:25,7604,7605,7598,7600,4307
 2024/08/26-14:30,7600,7618,7600,7616,12761
 2024/08/26-14:35,7616,7624,7612,7621,16090
 2024/08/26-14:40,7621,7631,7621,7629,14781
 2024/08/26-14:45,7629,7644,7623,7635,26565
 2024/08/26-14:50,7635,7666,7635,7662,44253
 2024/08/26-14:55,7661,7673,7660,7671,26852
 2024/08/26-15:00,7670,7678,7664,7677,42189
 2024/08/27-21:05,7664,7665,7649,7657,48805
 2024/08/27-21:10,7657,7674,7651,7668,25441
 2024/08/27-21:15,7668,7676,7660,7668,18132
 2024/08/27-21:20,7668,7672,7661,7670,11643
 2024/08/27-21:25,7670,7687,7661,7682,26490
 2024/08/27-21:30,7683,7687,7673,7677,17089
 2024/08/27-21:35,7677,7684,7660,7660,22457
 2024/08/27-21:40,7661,7676,7657,7667,21390
 2024/08/27-21:45,7666,7674,7661,7667,13237
 2024/08/27-21:50,7667,7667,7646,7646,28544
 2024/08/27-21:55,7646,7655,7638,7642,27842
 2024/08/27-22:00,7643,7647,7630,7634,23540
 2024/08/27-22:05,7634,7638,7617,7636,38112
 2024/08/27-22:10,7637,7648,7637,7645,19366
 2024/08/27-22:15,7645,7648,7634,7637,14968
 2024/08/27-22:20,7638,7646,7633,7633,12501
 2024/08/27-22:25,7633,7643,7627,7630,12976
 2024/08/27-22:30,7630,7638,7628,7634,9761
 2024/08/27-22:35,7634,7642,7634,7635,12035
 2024/08/27-22:40,7635,7635,7614,7618,24665
 2024/08/27-22:45,7619,7630,7617,7628,12808
 2024/08/27-22:50,7628,7640,7627,7637,13444
 2024/08/27-22:55,7637,7638,7630,7630,8649
 2024/08/27-23:00,7631,7635,7624,7635,9871
 2024/08/27-23:05,7635,7635,7614,7617,18243
 2024/08/27-23:10,7617,7620,7610,7615,18144
 2024/08/27-23:15,7615,7620,7610,7620,10295
 2024/08/27-23:20,7620,7621,7610,7619,10747
 2024/08/27-23:25,7619,7624,7615,7621,8219
 2024/08/27-23:30,7621,7626,7618,7625,9149
 2024/08/27-23:35,7625,7632,7622,7630,10730
 2024/08/27-23:40,7630,7632,7621,7627,8135
 2024/08/27-23:45,7627,7632,7624,7625,5962
 2024/08/27-23:50,7625,7630,7624,7628,4475
 2024/08/27-23:55,7629,7638,7628,7637,10836
 2024/08/27-00:00,7637,7637,7628,7628,6956
 2024/08/27-00:05,7628,7631,7626,7626,5074
 2024/08/27-00:10,7626,7626,7619,7622,7639
 2024/08/27-00:15,7621,7625,7620,7624,3675
 2024/08/27-00:20,7623,7626,7618,7623,5885
 2024/08/27-00:25,7623,7631,7623,7631,6704
 2024/08/27-00:30,7631,7636,7627,7630,5782
 2024/08/27-00:35,7630,7635,7629,7635,2693
 2024/08/27-00:40,7634,7643,7633,7641,8258
 2024/08/27-00:45,7640,7652,7640,7651,10102
 2024/08/27-00:50,7651,7659,7646,7657,13403
 2024/08/27-00:55,7657,7661,7654,7656,8371
 2024/08/27-01:00,7656,7663,7656,7658,8214
 2024/08/27-01:05,7658,7675,7658,7667,15883
 2024/08/27-01:10,7667,7669,7659,7664,8867
 2024/08/27-01:15,7664,7666,7656,7661,6563
 2024/08/27-01:20,7661,7667,7657,7659,6876
 2024/08/27-01:25,7660,7665,7657,7665,4128
 2024/08/27-01:30,7665,7666,7659,7662,4243
 2024/08/27-01:35,7662,7664,7658,7659,3170
 2024/08/27-01:40,7659,7663,7653,7656,5723
 2024/08/27-01:45,7655,7662,7655,7659,2721
 2024/08/27-01:50,7659,7660,7655,7658,3199
 2024/08/27-01:55,7658,7660,7650,7654,5720
 2024/08/27-02:00,7654,7660,7653,7659,2836
 2024/08/27-02:05,7659,7666,7657,7660,4352
 2024/08/27-02:10,7660,7662,7655,7657,2753
 2024/08/27-02:15,7657,7660,7654,7659,2686
 2024/08/27-02:20,7658,7660,7657,7657,1429
 2024/08/27-02:25,7657,7660,7657,7658,2124
 2024/08/27-02:30,7658,7659,7645,7648,7865
 2024/08/27-09:05,7639,7639,7621,7631,26698
 2024/08/27-09:10,7630,7638,7624,7625,11795
 2024/08/27-09:15,7625,7628,7609,7617,23662
 2024/08/27-09:20,7617,7629,7616,7625,12848
 2024/08/27-09:25,7625,7633,7625,7630,8231
 2024/08/27-09:30,7629,7638,7629,7633,10531
 2024/08/27-09:35,7633,7635,7623,7627,8646
 2024/08/27-09:40,7628,7633,7624,7631,4815
 2024/08/27-09:45,7632,7634,7623,7623,6881
 2024/08/27-09:50,7624,7627,7619,7626,9164
 2024/08/27-09:55,7626,7635,7623,7633,8884
 2024/08/27-10:00,7633,7643,7632,7641,11360
 2024/08/27-10:05,7642,7649,7636,7636,12798
 2024/08/27-10:10,7637,7642,7625,7627,12139
 2024/08/27-10:15,7627,7632,7620,7626,10558
 2024/08/27-10:35,7627,7637,7625,7636,8172
 2024/08/27-10:40,7636,7647,7636,7643,12419
 2024/08/27-10:45,7642,7643,7632,7634,7951
 2024/08/27-10:50,7633,7646,7631,7644,6276
 2024/08/27-10:55,7644,7651,7644,7645,8934
 2024/08/27-11:00,7645,7650,7640,7641,6251
 2024/08/27-11:05,7641,7646,7637,7640,6029
 2024/08/27-11:10,7640,7643,7632,7633,5927
 2024/08/27-11:15,7633,7638,7631,7637,6221
 2024/08/27-11:20,7637,7638,7627,7637,6161
 2024/08/27-11:25,7637,7642,7635,7638,4954
 2024/08/27-11:30,7638,7642,7636,7639,4844
 2024/08/27-13:35,7644,7660,7644,7651,20068
 2024/08/27-13:40,7651,7658,7651,7653,8967
 2024/08/27-13:45,7653,7666,7653,7663,13294
 2024/08/27-13:50,7663,7675,7660,7672,14612
 2024/08/27-13:55,7673,7679,7669,7671,12518
 2024/08/27-14:00,7670,7675,7666,7671,7433
 2024/08/27-14:05,7671,7677,7669,7675,10082
 2024/08/27-14:10,7674,7677,7670,7672,6492
 2024/08/27-14:15,7671,7674,7663,7663,8050
 2024/08/27-14:20,7664,7669,7662,7663,7545
 2024/08/27-14:25,7663,7666,7652,7654,13135
 2024/08/27-14:30,7654,7662,7652,7661,9177
 2024/08/27-14:35,7661,7661,7649,7653,10154
 2024/08/27-14:40,7653,7658,7648,7649,7765
 2024/08/27-14:45,7650,7651,7640,7644,13118
 2024/08/27-14:50,7644,7651,7639,7650,8837
 2024/08/27-14:55,7650,7666,7649,7662,12674
 2024/08/27-15:00,7662,7665,7659,7660,13351
 2024/08/28-21:05,7647,7649,7631,7633,30090
 2024/08/28-21:10,7633,7646,7629,7644,15953
 2024/08/28-21:15,7644,7644,7624,7625,17889
 2024/08/28-21:20,7625,7631,7620,7620,14939
 2024/08/28-21:25,7620,7625,7613,7620,22536
 2024/08/28-21:30,7619,7626,7611,7626,18976
 2024/08/28-21:35,7626,7636,7622,7634,16052
 2024/08/28-21:40,7634,7648,7633,7640,29102
 2024/08/28-21:45,7639,7642,7619,7621,21070
 2024/08/28-21:50,7621,7635,7621,7631,14332
 2024/08/28-21:55,7631,7642,7631,7638,12151
 2024/08/28-22:00,7638,7643,7628,7629,12195
 2024/08/28-22:05,7628,7640,7592,7638,67228
 2024/08/28-22:10,7638,7639,7629,7632,19557
 2024/08/28-22:15,7632,7665,7632,7650,36339
 2024/08/28-22:20,7650,7667,7646,7663,26506
 2024/08/28-22:25,7663,7670,7656,7665,21909
 2024/08/28-22:30,7665,7671,7654,7660,17847
 2024/08/28-22:35,7661,7665,7653,7653,14489
 2024/08/28-22:40,7653,7660,7653,7657,9336
 2024/08/28-22:45,7657,7661,7653,7660,7681
 2024/08/28-22:50,7661,7672,7656,7670,17804
 2024/08/28-22:55,7670,7673,7666,7670,12959
 2024/08/28-23:00,7670,7671,7658,7659,14225
 2024/08/28-23:05,7660,7666,7654,7665,17425
 2024/08/28-23:10,7666,7668,7662,7663,9335
 2024/08/28-23:15,7663,7670,7660,7666,9814
 2024/08/28-23:20,7667,7675,7657,7659,16836
 2024/08/28-23:25,7659,7682,7659,7674,22711
 2024/08/28-23:30,7674,7675,7665,7666,14851
 2024/08/28-23:35,7666,7667,7648,7654,23714
 2024/08/28-23:40,7654,7659,7645,7646,16658
 2024/08/28-23:45,7646,7647,7636,7644,21847
 2024/08/28-23:50,7644,7647,7642,7645,9652
 2024/08/28-23:55,7645,7649,7640,7646,8094
 2024/08/28-00:00,7646,7649,7643,7645,5720
 2024/08/28-00:05,7644,7649,7640,7645,8125
 2024/08/28-00:10,7645,7645,7640,7643,6108
 2024/08/28-00:15,7643,7648,7640,7646,5972
 2024/08/28-00:20,7646,7653,7646,7648,9060
 2024/08/28-00:25,7648,7652,7647,7650,4684
 2024/08/28-00:30,7650,7656,7650,7653,6321
 2024/08/28-00:35,7654,7658,7653,7657,4292
 2024/08/28-00:40,7657,7662,7656,7657,7490
 2024/08/28-00:45,7657,7660,7655,7657,3165
 2024/08/28-00:50,7656,7659,7654,7658,3709
 2024/08/28-00:55,7658,7660,7656,7660,2267
 2024/08/28-01:00,7660,7663,7657,7657,4473
 2024/08/28-01:05,7657,7660,7655,7658,3518
 2024/08/28-01:10,7658,7658,7650,7652,4032
 2024/08/28-01:15,7652,7659,7651,7657,3614
 2024/08/28-01:20,7657,7663,7656,7660,3547
 2024/08/28-01:25,7660,7665,7660,7661,5441
 2024/08/28-01:30,7661,7664,7658,7658,2450
 2024/08/28-01:35,7659,7665,7658,7662,3356
 2024/08/28-01:40,7662,7667,7662,7667,3525
 2024/08/28-01:45,7667,7671,7666,7667,5974
 2024/08/28-01:50,7667,7668,7662,7664,3068
 2024/08/28-01:55,7664,7667,7663,7666,1677
 2024/08/28-02:00,7666,7668,7664,7668,1784
 2024/08/28-02:05,7668,7671,7666,7669,3802
 2024/08/28-02:10,7669,7671,7667,7668,1687
 2024/08/28-02:15,7668,7669,7666,7668,1813
 2024/08/28-02:20,7668,7669,7666,7668,1805
 2024/08/28-02:25,7669,7672,7665,7671,2803
 2024/08/28-02:30,7670,7677,7669,7676,8345
 2024/08/28-09:05,7672,7672,7660,7667,40596
 2024/08/28-09:10,7667,7674,7659,7664,11141
 2024/08/28-09:15,7664,7670,7663,7665,5818
 2024/08/28-09:20,7665,7674,7659,7668,10739
 2024/08/28-09:25,7668,7669,7656,7663,7575
 2024/08/28-09:30,7663,7663,7655,7655,7626
 2024/08/28-09:35,7656,7660,7652,7659,9970
 2024/08/28-09:40,7659,7660,7648,7648,10300
 2024/08/28-09:45,7649,7652,7644,7646,8816
 2024/08/28-09:50,7645,7650,7637,7642,14638
 2024/08/28-09:55,7642,7642,7629,7633,16878
 2024/08/28-10:00,7633,7638,7629,7632,10977
 2024/08/28-10:05,7631,7634,7624,7633,13683
 2024/08/28-10:10,7631,7634,7621,7621,10828
 2024/08/28-10:15,7621,7626,7615,7615,17289
 2024/08/28-10:35,7616,7619,7609,7614,17363
 2024/08/28-10:40,7614,7621,7610,7621,10932
 2024/08/28-10:45,7620,7629,7618,7629,10524
 2024/08/28-10:50,7629,7632,7627,7629,8006
 2024/08/28-10:55,7629,7635,7625,7633,8626
 2024/08/28-11:00,7633,7634,7626,7626,4437
 2024/08/28-11:05,7626,7627,7615,7615,8273
 2024/08/28-11:10,7615,7621,7612,7621,8271
 2024/08/28-11:15,7620,7622,7611,7614,7573
 2024/08/28-11:20,7614,7622,7613,7621,5630
 2024/08/28-11:25,7622,7628,7621,7626,4932
 2024/08/28-11:30,7626,7631,7625,7628,5842
 2024/08/28-13:35,7617,7617,7558,7565,74271
 2024/08/28-13:40,7565,7583,7564,7582,29556
 2024/08/28-13:45,7582,7584,7553,7554,32521
 2024/08/28-13:50,7555,7555,7533,7536,47174
 2024/08/28-13:55,7536,7546,7529,7532,28601
 2024/08/28-14:00,7533,7536,7520,7533,25044
 2024/08/28-14:05,7533,7534,7508,7516,31027
 2024/08/28-14:10,7515,7528,7515,7522,15087
 2024/08/28-14:15,7521,7532,7520,7522,13603
 2024/08/28-14:20,7521,7535,7521,7532,11972
 2024/08/28-14:25,7532,7539,7530,7536,12972
 2024/08/28-14:30,7535,7543,7528,7542,12569
 2024/08/28-14:35,7542,7548,7537,7546,13976
 2024/08/28-14:40,7546,7546,7526,7528,13867
 2024/08/28-14:45,7528,7528,7511,7515,20326
 2024/08/28-14:50,7515,7525,7515,7524,11835
 2024/08/28-14:55,7524,7537,7523,7534,14148
 2024/08/28-15:00,7534,7536,7531,7532,15007
 2024/08/29-21:05,7511,7520,7496,7518,44372
 2024/08/29-21:10,7518,7525,7512,7522,17451
 2024/08/29-21:15,7522,7530,7515,7525,18171
 2024/08/29-21:20,7525,7531,7520,7521,13570
 2024/08/29-21:25,7521,7524,7514,7522,12134
 2024/08/29-21:30,7521,7535,7521,7535,13713
 2024/08/29-21:35,7535,7535,7520,7521,17681
 2024/08/29-21:40,7521,7528,7520,7520,9686
 2024/08/29-21:45,7519,7520,7499,7513,32575
 2024/08/29-21:50,7513,7527,7513,7525,16466
 2024/08/29-21:55,7525,7527,7514,7516,11470
 2024/08/29-22:00,7516,7520,7504,7512,14366
 2024/08/29-22:05,7512,7517,7499,7500,18051
 2024/08/29-22:10,7499,7515,7499,7515,14342
 2024/08/29-22:15,7515,7522,7514,7515,12365
 2024/08/29-22:20,7515,7528,7514,7527,14352
 2024/08/29-22:25,7527,7530,7522,7523,10321
 2024/08/29-22:30,7524,7527,7517,7522,8437
 2024/08/29-22:35,7521,7528,7513,7526,11057
 2024/08/29-22:40,7526,7533,7524,7525,11296
 2024/08/29-22:45,7525,7527,7517,7519,8609
 2024/08/29-22:50,7519,7525,7514,7517,11334
 2024/08/29-22:55,7517,7524,7515,7522,8290
 2024/08/29-23:00,7522,7528,7516,7524,8779
 2024/08/29-23:05,7525,7529,7507,7514,20975
 2024/08/29-23:10,7513,7537,7513,7522,24113
 2024/08/29-23:15,7521,7524,7514,7516,14943
 2024/08/29-23:20,7516,7523,7514,7517,11422
 2024/08/29-23:25,7517,7519,7512,7515,11083
 2024/08/29-23:30,7515,7516,7505,7516,14486
 2024/08/29-23:35,7516,7518,7512,7514,4686
 2024/08/29-23:40,7514,7521,7514,7518,7226
 2024/08/29-23:45,7518,7521,7516,7518,4862
 2024/08/29-23:50,7519,7527,7519,7521,9074
 2024/08/29-23:55,7521,7528,7521,7522,6079
 2024/08/29-00:00,7522,7523,7515,7517,6857
 2024/08/29-00:05,7517,7517,7513,7515,7147
 2024/08/29-00:10,7515,7515,7509,7514,7351
 2024/08/29-00:15,7514,7514,7503,7505,9722
 2024/08/29-00:20,7504,7504,7463,7470,49860
 2024/08/29-00:25,7470,7470,7450,7452,32014
 2024/08/29-00:30,7452,7459,7444,7455,23337
 2024/08/29-00:35,7456,7470,7451,7470,18448
 2024/08/29-00:40,7470,7484,7470,7482,22391
 2024/08/29-00:45,7482,7492,7482,7485,18645
 2024/08/29-00:50,7485,7486,7478,7483,10753
 2024/08/29-00:55,7482,7486,7477,7481,7072
 2024/08/29-01:00,7481,7486,7480,7481,4018
 2024/08/29-01:05,7481,7488,7478,7484,8652
 2024/08/29-01:10,7485,7487,7483,7486,3924
 2024/08/29-01:15,7485,7488,7480,7480,6133
 2024/08/29-01:20,7481,7482,7478,7480,5414
 2024/08/29-01:25,7479,7483,7479,7481,4328
 2024/08/29-01:30,7481,7487,7479,7486,3341
 2024/08/29-01:35,7487,7501,7485,7500,12923
 2024/08/29-01:40,7501,7502,7496,7501,5156
 2024/08/29-01:45,7500,7501,7495,7499,5110
 2024/08/29-01:50,7500,7501,7494,7494,3214
 2024/08/29-01:55,7494,7495,7491,7492,3260
 2024/08/29-02:00,7492,7496,7486,7486,5388
 2024/08/29-02:05,7486,7486,7479,7486,5715
 2024/08/29-02:10,7486,7486,7482,7485,2913
 2024/08/29-02:15,7484,7485,7480,7480,3031
 2024/08/29-02:20,7480,7481,7474,7474,4658
 2024/08/29-02:25,7474,7482,7471,7480,5113
 2024/08/29-02:30,7480,7482,7475,7477,6156
 2024/08/29-09:05,7486,7531,7486,7523,42582
 2024/08/29-09:10,7523,7530,7520,7524,16859
 2024/08/29-09:15,7523,7524,7515,7517,10973
 2024/08/29-09:20,7517,7520,7508,7509,10221
 2024/08/29-09:25,7509,7509,7496,7503,16920
 2024/08/29-09:30,7502,7506,7486,7486,13124
 2024/08/29-09:35,7486,7493,7484,7490,14488
 2024/08/29-09:40,7491,7507,7490,7506,11262
 2024/08/29-09:45,7507,7513,7500,7502,11786
 2024/08/29-09:50,7502,7511,7501,7507,7698
 2024/08/29-09:55,7508,7521,7506,7512,10112
 2024/08/29-10:00,7511,7517,7510,7516,5099
 2024/08/29-10:05,7516,7518,7509,7514,6137
 2024/08/29-10:10,7515,7517,7507,7514,7153
 2024/08/29-10:15,7515,7523,7515,7521,9033
 2024/08/29-10:35,7517,7527,7513,7522,13139
 2024/08/29-10:40,7522,7522,7515,7519,5524
 2024/08/29-10:45,7519,7524,7515,7522,4066
 2024/08/29-10:50,7522,7526,7516,7525,5362
 2024/08/29-10:55,7526,7528,7521,7523,7445
 2024/08/29-11:00,7523,7526,7520,7521,4047
 2024/08/29-11:05,7521,7526,7521,7522,4069
 2024/08/29-11:10,7522,7529,7522,7527,5879
 2024/08/29-11:15,7527,7527,7522,7524,3735
 2024/08/29-11:20,7525,7525,7520,7520,3845
 2024/08/29-11:25,7520,7533,7520,7531,7275
 2024/08/29-11:30,7531,7547,7530,7543,17551
 2024/08/29-13:35,7545,7554,7539,7541,19647
 2024/08/29-13:40,7541,7545,7537,7544,6592
 2024/08/29-13:45,7544,7544,7539,7541,4203
 2024/08/29-13:50,7541,7542,7533,7535,8059
 2024/08/29-13:55,7535,7552,7535,7552,11297
 2024/08/29-14:00,7552,7559,7544,7545,15567
 2024/08/29-14:05,7545,7549,7538,7546,9013
 2024/08/29-14:10,7546,7561,7546,7557,11966
 2024/08/29-14:15,7557,7563,7556,7560,9939
 2024/08/29-14:20,7560,7572,7557,7568,13322
 2024/08/29-14:25,7569,7571,7562,7564,8083
 2024/08/29-14:30,7565,7570,7564,7569,7383
 2024/08/29-14:35,7569,7569,7558,7558,9369
 2024/08/29-14:40,7558,7562,7552,7554,10997
 2024/08/29-14:45,7555,7555,7546,7552,9753
 2024/08/29-14:50,7553,7559,7551,7551,8094
 2024/08/29-14:55,7552,7554,7548,7552,6159
 2024/08/29-15:00,7552,7552,7542,7543,15446
 2024/08/30-21:05,7512,7521,7494,7504,49671
 2024/08/30-21:10,7503,7510,7492,7504,24389
 2024/08/30-21:15,7503,7509,7496,7503,14167
 2024/08/30-21:20,7503,7508,7491,7503,20208
 2024/08/30-21:25,7503,7503,7477,7477,28423
 2024/08/30-21:30,7478,7483,7470,7475,28555
 2024/08/30-21:35,7476,7487,7464,7466,30036
 2024/08/30-21:40,7467,7475,7461,7474,28210
 2024/08/30-21:45,7474,7480,7464,7477,18865
 2024/08/30-21:50,7477,7489,7477,7487,26067
 2024/08/30-21:55,7487,7509,7486,7507,33537
 2024/08/30-22:00,7507,7517,7503,7511,26041
 2024/08/30-22:05,7511,7526,7511,7518,33261
 2024/08/30-22:10,7518,7521,7513,7517,16060
 2024/08/30-22:15,7517,7523,7512,7516,16349
 2024/08/30-22:20,7516,7518,7501,7504,19253
 2024/08/30-22:25,7504,7521,7501,7518,18441
 2024/08/30-22:30,7518,7526,7514,7515,15581
 2024/08/30-22:35,7515,7521,7509,7517,12717
 2024/08/30-22:40,7518,7530,7518,7529,14348
 2024/08/30-22:45,7529,7533,7522,7526,13770
 2024/08/30-22:50,7526,7542,7523,7541,22588
 2024/08/30-22:55,7542,7555,7537,7552,26252
 2024/08/30-23:00,7552,7555,7547,7551,20690
 2024/08/30-23:05,7552,7559,7546,7550,27246
 2024/08/30-23:10,7551,7564,7551,7559,19709
 2024/08/30-23:15,7559,7561,7550,7551,13302
 2024/08/30-23:20,7550,7550,7541,7543,19270
 2024/08/30-23:25,7544,7545,7538,7541,11887
 2024/08/30-23:30,7541,7541,7535,7539,13085
 2024/08/30-23:35,7539,7540,7534,7538,10659
 2024/08/30-23:40,7538,7539,7531,7535,11966
 2024/08/30-23:45,7536,7545,7535,7545,8436
 2024/08/30-23:50,7546,7546,7539,7542,7142
 2024/08/30-23:55,7541,7542,7537,7538,4557
 2024/08/30-00:00,7538,7542,7536,7538,4266
 2024/08/30-00:05,7538,7540,7528,7532,10779
 2024/08/30-00:10,7532,7532,7523,7524,10551
 2024/08/30-00:15,7525,7532,7521,7530,9113
 2024/08/30-00:20,7530,7539,7530,7538,8749
 2024/08/30-00:25,7538,7545,7538,7544,9460
 2024/08/30-00:30,7543,7545,7540,7542,4203
 2024/08/30-00:35,7542,7543,7535,7536,5863
 2024/08/30-00:40,7536,7540,7535,7537,4130
 2024/08/30-00:45,7537,7539,7534,7535,3117
 2024/08/30-00:50,7535,7545,7534,7544,7541
 2024/08/30-00:55,7544,7549,7540,7545,7101
 2024/08/30-01:00,7545,7550,7543,7545,6640
 2024/08/30-01:05,7545,7549,7545,7546,5200
 2024/08/30-01:10,7547,7551,7544,7547,4247
 2024/08/30-01:15,7547,7548,7542,7543,4166
 2024/08/30-01:20,7543,7544,7539,7543,4068
 2024/08/30-01:25,7543,7552,7542,7552,5761
 2024/08/30-01:30,7552,7558,7550,7551,8030
 2024/08/30-01:35,7550,7553,7549,7551,3057
 2024/08/30-01:40,7551,7555,7550,7550,2490
 2024/08/30-01:45,7550,7551,7543,7546,4177
 2024/08/30-01:50,7546,7546,7538,7538,5184
 2024/08/30-01:55,7538,7545,7537,7545,3670
 2024/08/30-02:00,7545,7550,7543,7548,2770
 2024/08/30-02:05,7548,7549,7540,7544,3070
 2024/08/30-02:10,7544,7546,7541,7545,1477
 2024/08/30-02:15,7545,7545,7540,7541,1657
 2024/08/30-02:20,7541,7544,7540,7541,1341
 2024/08/30-02:25,7541,7541,7536,7539,3297
 2024/08/30-02:30,7539,7540,7533,7535,6609
 2024/08/30-09:05,7526,7526,7513,7520,24698
 2024/08/30-09:10,7519,7524,7512,7516,12102
 2024/08/30-09:15,7516,7522,7512,7517,9586
 2024/08/30-09:20,7516,7534,7515,7530,14663
 2024/08/30-09:25,7531,7534,7525,7526,8231
 2024/08/30-09:30,7525,7531,7525,7528,5058
 2024/08/30-09:35,7528,7536,7526,7531,10051
 2024/08/30-09:40,7530,7533,7526,7532,5898
 2024/08/30-09:45,7532,7535,7528,7529,4791
 2024/08/30-09:50,7530,7530,7520,7522,7383
 2024/08/30-09:55,7522,7523,7496,7497,21612
 2024/08/30-10:00,7496,7509,7492,7507,16763
 2024/08/30-10:05,7507,7520,7506,7519,10543
 2024/08/30-10:10,7519,7519,7502,7505,8512
 2024/08/30-10:15,7505,7505,7491,7499,15555
 2024/08/30-10:35,7502,7511,7502,7509,9739
 2024/08/30-10:40,7509,7513,7503,7504,7090
 2024/08/30-10:45,7504,7511,7500,7506,6998
 2024/08/30-10:50,7506,7516,7503,7511,9016
 2024/08/30-10:55,7511,7512,7500,7503,7033
 2024/08/30-11:00,7502,7507,7498,7502,6961
 2024/08/30-11:05,7502,7502,7488,7498,14387
 2024/08/30-11:10,7498,7503,7494,7497,8255
 2024/08/30-11:15,7497,7499,7490,7491,8013
 2024/08/30-11:20,7491,7498,7482,7497,12626
 2024/08/30-11:25,7498,7505,7495,7499,9288
 2024/08/30-11:30,7499,7501,7489,7491,7297
 2024/08/30-13:35,7492,7512,7490,7508,16333
 2024/08/30-13:40,7508,7520,7507,7515,13412
 2024/08/30-13:45,7515,7516,7508,7509,8282
 2024/08/30-13:50,7509,7511,7501,7508,10129
 2024/08/30-13:55,7507,7526,7507,7526,14699
 2024/08/30-14:00,7526,7528,7515,7515,10932
 2024/08/30-14:05,7515,7517,7510,7510,9081
 2024/08/30-14:10,7510,7513,7504,7506,9151
 2024/08/30-14:15,7506,7507,7496,7501,12827
 2024/08/30-14:20,7501,7506,7496,7496,6971
 2024/08/30-14:25,7497,7510,7492,7506,11880
 2024/08/30-14:30,7506,7541,7506,7534,32435
 2024/08/30-14:35,7534,7534,7520,7521,15323
 2024/08/30-14:40,7521,7525,7507,7522,14699
 2024/08/30-14:45,7522,7526,7516,7518,7856
 2024/08/30-14:50,7519,7519,7511,7516,7684
 2024/08/30-14:55,7516,7516,7509,7509,7624
 2024/08/30-15:00,7510,7516,7507,7510,11648
 2024/09/02-21:05,7507,7507,7484,7484,32704
 2024/09/02-21:10,7485,7485,7459,7467,41411
 2024/09/02-21:15,7466,7477,7463,7463,19734
 2024/09/02-21:20,7463,7474,7448,7471,30748
 2024/09/02-21:25,7471,7482,7468,7469,17389
 2024/09/02-21:30,7470,7471,7435,7449,41925
 2024/09/02-21:35,7449,7453,7430,7451,38278
 2024/09/02-21:40,7450,7462,7449,7461,22888
 2024/09/02-21:45,7461,7471,7454,7469,19250
 2024/09/02-21:50,7469,7473,7456,7461,20330
 2024/09/02-21:55,7461,7468,7454,7459,15003
 2024/09/02-22:00,7458,7458,7449,7455,12887
 2024/09/02-22:05,7455,7462,7442,7446,23054
 2024/09/02-22:10,7446,7464,7436,7464,25044
 2024/09/02-22:15,7464,7473,7461,7464,20032
 2024/09/02-22:20,7464,7466,7453,7464,14768
 2024/09/02-22:25,7463,7463,7443,7446,16088
 2024/09/02-22:30,7446,7448,7395,7402,68796
 2024/09/02-22:35,7403,7408,7382,7385,54535
 2024/09/02-22:40,7386,7392,7374,7388,50783
 2024/09/02-22:45,7387,7400,7384,7391,26893
 2024/09/02-22:50,7391,7406,7388,7404,21944
 2024/09/02-22:55,7404,7412,7399,7411,23317
 2024/09/02-23:00,7411,7415,7395,7396,21091
 2024/09/02-23:05,7397,7401,7389,7391,23271
 2024/09/02-23:10,7391,7391,7374,7385,34884
 2024/09/02-23:15,7385,7391,7367,7386,38132
 2024/09/02-23:20,7387,7391,7374,7380,18893
 2024/09/02-23:25,7380,7385,7373,7376,13602
 2024/09/02-23:30,7376,7379,7371,7377,11751
 2024/09/02-23:35,7377,7380,7363,7378,24059
 2024/09/02-23:40,7379,7384,7376,7383,12406
 2024/09/02-23:45,7383,7384,7374,7378,9020
 2024/09/02-23:50,7378,7380,7369,7372,10905
 2024/09/02-23:55,7372,7377,7368,7376,9406
 2024/09/02-00:00,7376,7384,7374,7381,10545
 2024/09/02-00:05,7381,7384,7375,7384,8900
 2024/09/02-00:10,7384,7391,7384,7386,12347
 2024/09/02-00:15,7387,7391,7385,7388,7015
 2024/09/02-00:20,7388,7394,7380,7381,12545
 2024/09/02-00:25,7381,7384,7380,7381,4604
 2024/09/02-00:30,7381,7381,7375,7380,7465
 2024/09/02-00:35,7380,7385,7375,7376,7203
 2024/09/02-00:40,7376,7377,7368,7372,12435
 2024/09/02-00:45,7371,7372,7354,7362,24913
 2024/09/02-00:50,7362,7368,7360,7360,11076
 2024/09/02-00:55,7360,7365,7351,7352,12450
 2024/09/02-01:00,7352,7352,7333,7338,27262
 2024/09/02-01:05,7338,7339,7324,7337,25708
 2024/09/02-01:10,7337,7338,7329,7332,10729
 2024/09/02-01:15,7333,7341,7331,7335,10766
 2024/09/02-01:20,7335,7336,7330,7332,7284
 2024/09/02-01:25,7332,7338,7332,7336,6942
 2024/09/02-01:30,7337,7339,7330,7332,7846
 2024/09/02-01:35,7332,7344,7332,7341,10543
 2024/09/02-01:40,7341,7349,7340,7347,8312
 2024/09/02-01:45,7347,7348,7344,7347,6106
 2024/09/02-01:50,7347,7355,7346,7355,8199
 2024/09/02-01:55,7354,7355,7346,7355,6185
 2024/09/02-02:00,7354,7356,7350,7351,4726
 2024/09/02-02:05,7351,7356,7351,7354,4376
 2024/09/02-02:10,7355,7369,7353,7368,10343
 2024/09/02-02:15,7368,7371,7365,7366,7313
 2024/09/02-02:20,7366,7371,7366,7368,5018
 2024/09/02-02:25,7368,7370,7365,7370,4301
 2024/09/02-02:30,7370,7371,7364,7366,8586
 2024/09/02-09:05,7368,7376,7354,7370,35188
 2024/09/02-09:10,7371,7379,7359,7373,18523
 2024/09/02-09:15,7372,7381,7352,7354,19115
 2024/09/02-09:20,7354,7362,7347,7349,18055
 2024/09/02-09:25,7349,7365,7347,7363,11404
 2024/09/02-09:30,7363,7365,7353,7353,6813
 2024/09/02-09:35,7353,7368,7353,7365,8057
 2024/09/02-09:40,7366,7366,7353,7355,7192
 2024/09/02-09:45,7355,7355,7314,7322,32863
 2024/09/02-09:50,7322,7328,7298,7306,31387
 2024/09/02-09:55,7306,7307,7291,7300,22723
 2024/09/02-10:00,7300,7302,7289,7296,17205
 2024/09/02-10:05,7296,7299,7275,7276,24830
 2024/09/02-10:10,7277,7277,7252,7273,36454
 2024/09/02-10:15,7273,7274,7258,7259,17605
 2024/09/02-10:35,7263,7263,7244,7255,30569
 2024/09/02-10:40,7255,7256,7236,7253,22483
 2024/09/02-10:45,7253,7253,7232,7237,19146
 2024/09/02-10:50,7237,7243,7231,7237,13359
 2024/09/02-10:55,7238,7244,7227,7243,14615
 2024/09/02-11:00,7243,7253,7241,7248,14299
 2024/09/02-11:05,7248,7249,7240,7248,6152
 2024/09/02-11:10,7248,7248,7237,7240,8242
 2024/09/02-11:15,7240,7246,7236,7240,6643
 2024/09/02-11:20,7240,7243,7226,7229,10928
 2024/09/02-11:25,7229,7235,7224,7235,9996
 2024/09/02-11:30,7234,7255,7234,7248,13967
 2024/09/02-13:35,7253,7263,7248,7249,14894
 2024/09/02-13:40,7249,7261,7248,7250,9487
 2024/09/02-13:45,7250,7254,7247,7253,4923
 2024/09/02-13:50,7253,7253,7242,7245,7902
 2024/09/02-13:55,7245,7247,7240,7246,4568
 2024/09/02-14:00,7246,7246,7237,7240,6608
 2024/09/02-14:05,7241,7245,7232,7241,10247
 2024/09/02-14:10,7240,7244,7235,7238,6944
 2024/09/02-14:15,7238,7244,7235,7241,5633
 2024/09/02-14:20,7241,7247,7236,7236,6727
 2024/09/02-14:25,7236,7244,7235,7241,4743
 2024/09/02-14:30,7241,7252,7241,7250,8640
 2024/09/02-14:35,7249,7249,7229,7232,12492
 2024/09/02-14:40,7232,7233,7224,7229,13200
 2024/09/02-14:45,7229,7237,7229,7236,8338
 2024/09/02-14:50,7236,7242,7233,7239,8126
 2024/09/02-14:55,7239,7239,7226,7228,9058
 2024/09/02-15:00,7228,7232,7226,7230,16759
 2024/09/03-21:05,7279,7279,7257,7261,47771
 2024/09/03-21:10,7260,7264,7254,7258,15495
 2024/09/03-21:15,7258,7264,7256,7259,8448
 2024/09/03-21:20,7259,7270,7255,7266,14021
 2024/09/03-21:25,7265,7271,7262,7268,8465
 2024/09/03-21:30,7269,7269,7248,7250,17765
 2024/09/03-21:35,7250,7268,7250,7267,13066
 2024/09/03-21:40,7267,7269,7256,7260,8400
 2024/09/03-21:45,7259,7260,7252,7255,6741
 2024/09/03-21:50,7255,7265,7252,7258,7803
 2024/09/03-21:55,7258,7259,7244,7254,12956
 2024/09/03-22:00,7254,7257,7248,7250,5903
 2024/09/03-22:05,7249,7252,7238,7246,16660
 2024/09/03-22:10,7246,7252,7244,7250,6691
 2024/09/03-22:15,7250,7254,7245,7246,5740
 2024/09/03-22:20,7246,7260,7242,7260,11131
 2024/09/03-22:25,7259,7262,7253,7256,9158
 2024/09/03-22:30,7257,7267,7253,7265,9712
 2024/09/03-22:35,7265,7271,7261,7261,12763
 2024/09/03-22:40,7262,7266,7261,7266,4627
 2024/09/03-22:45,7266,7269,7263,7266,4770
 2024/09/03-22:50,7266,7271,7262,7263,7815
 2024/09/03-22:55,7262,7264,7256,7264,6662
 2024/09/03-23:00,7264,7269,7262,7266,6881
 2024/09/03-23:05,7266,7279,7266,7268,21917
 2024/09/03-23:10,7268,7269,7254,7257,16560
 2024/09/03-23:15,7257,7258,7252,7255,9095
 2024/09/03-23:20,7255,7257,7251,7252,8090
 2024/09/03-23:25,7253,7254,7248,7249,7866
 2024/09/03-23:30,7250,7257,7249,7254,6537
 2024/09/03-23:35,7254,7257,7253,7255,2729
 2024/09/03-23:40,7255,7261,7255,7260,5634
 2024/09/03-23:45,7261,7261,7251,7254,6163
 2024/09/03-23:50,7254,7257,7252,7256,2401
 2024/09/03-23:55,7256,7261,7256,7261,3264
 2024/09/03-00:00,7261,7264,7259,7264,5027
 2024/09/03-00:05,7264,7266,7261,7262,3173
 2024/09/03-00:10,7262,7266,7260,7263,3536
 2024/09/03-00:15,7264,7266,7263,7263,2816
 2024/09/03-00:20,7263,7263,7261,7263,1695
 2024/09/03-00:25,7263,7263,7259,7260,2073
 2024/09/03-00:30,7260,7264,7259,7262,2087
 2024/09/03-00:35,7261,7264,7261,7264,805
 2024/09/03-00:40,7263,7270,7263,7268,5101
 2024/09/03-00:45,7268,7268,7265,7265,2289
 2024/09/03-00:50,7265,7266,7264,7265,1184
 2024/09/03-00:55,7265,7266,7257,7259,4764
 2024/09/03-01:00,7260,7262,7259,7261,1713
 2024/09/03-01:05,7260,7261,7257,7260,2114
 2024/09/03-01:10,7260,7262,7259,7262,1130
 2024/09/03-01:15,7262,7262,7257,7258,2021
 2024/09/03-01:20,7257,7261,7256,7260,1387
 2024/09/03-01:25,7261,7261,7259,7260,924
 2024/09/03-01:30,7259,7260,7258,7259,827
 2024/09/03-01:35,7259,7262,7259,7261,1277
 2024/09/03-01:40,7261,7264,7261,7263,1241
 2024/09/03-01:45,7263,7265,7260,7262,1024
 2024/09/03-01:50,7263,7263,7261,7262,529
 2024/09/03-01:55,7262,7262,7260,7261,871
 2024/09/03-02:00,7260,7262,7259,7261,741
 2024/09/03-02:05,7262,7262,7257,7260,2189
 2024/09/03-02:10,7261,7263,7260,7261,1119
 2024/09/03-02:15,7261,7261,7258,7261,721
 2024/09/03-02:20,7260,7262,7259,7261,931
 2024/09/03-02:25,7261,7268,7261,7267,2299
 2024/09/03-02:30,7267,7278,7267,7269,8115
 2024/09/03-09:05,7261,7261,7239,7241,29356
 2024/09/03-09:10,7241,7247,7216,7216,35419
 2024/09/03-09:15,7217,7218,7192,7202,45167
 2024/09/03-09:20,7202,7226,7201,7223,32768
 2024/09/03-09:25,7223,7238,7218,7220,24751
 2024/09/03-09:30,7221,7226,7215,7220,10962
 2024/09/03-09:35,7220,7224,7214,7220,9902
 2024/09/03-09:40,7220,7228,7218,7224,7655
 2024/09/03-09:45,7224,7235,7223,7227,9871
 2024/09/03-09:50,7227,7247,7227,7247,12652
 2024/09/03-09:55,7247,7253,7242,7251,15040
 2024/09/03-10:00,7251,7258,7249,7252,12266
 2024/09/03-10:05,7252,7263,7250,7258,10856
 2024/09/03-10:10,7258,7267,7256,7266,10693
 2024/09/03-10:15,7266,7278,7263,7275,18465
 2024/09/03-10:35,7272,7272,7259,7270,17510
 2024/09/03-10:40,7270,7274,7264,7265,6811
 2024/09/03-10:45,7265,7268,7261,7264,5406
 2024/09/03-10:50,7264,7283,7263,7268,13929
 2024/09/03-10:55,7268,7268,7257,7258,9437
 2024/09/03-11:00,7259,7262,7256,7259,6594
 2024/09/03-11:05,7260,7266,7256,7265,7179
 2024/09/03-11:10,7265,7266,7249,7250,12801
 2024/09/03-11:15,7250,7253,7248,7253,5793
 2024/09/03-11:20,7253,7253,7244,7251,6949
 2024/09/03-11:25,7251,7257,7243,7252,7482
 2024/09/03-11:30,7253,7263,7253,7263,7681
 2024/09/03-13:35,7250,7252,7240,7247,18223
 2024/09/03-13:40,7247,7247,7227,7233,16616
 2024/09/03-13:45,7233,7244,7231,7244,12541
 2024/09/03-13:50,7244,7246,7236,7245,11024
 2024/09/03-13:55,7245,7253,7239,7242,10796
 2024/09/03-14:00,7242,7243,7230,7231,9382
 2024/09/03-14:05,7231,7233,7217,7224,16432
 2024/09/03-14:10,7224,7230,7219,7222,10425
 2024/09/03-14:15,7222,7225,7215,7221,10158
 2024/09/03-14:20,7221,7233,7219,7233,8307
 2024/09/03-14:25,7233,7242,7231,7234,11229
 2024/09/03-14:30,7234,7235,7226,7228,6424
 2024/09/03-14:35,7229,7229,7220,7222,8737
 2024/09/03-14:40,7222,7228,7221,7223,6104
 2024/09/03-14:45,7223,7228,7222,7227,5039
 2024/09/03-14:50,7227,7228,7222,7225,5314
 2024/09/03-14:55,7225,7232,7222,7229,7286
 2024/09/03-15:00,7228,7232,7227,7230,10278
 2024/09/04-21:05,7221,7231,7209,7217,31884
 2024/09/04-21:10,7217,7232,7215,7219,17079
 2024/09/04-21:15,7219,7222,7200,7206,23716
 2024/09/04-21:20,7206,7206,7194,7194,23187
 2024/09/04-21:25,7194,7201,7188,7195,24597
 2024/09/04-21:30,7195,7210,7190,7204,20230
 2024/09/04-21:35,7204,7210,7174,7180,33842
 2024/09/04-21:40,7180,7187,7157,7157,46533
 2024/09/04-21:45,7157,7162,7146,7157,44660
 2024/09/04-21:50,7157,7164,7122,7124,47715
 2024/09/04-21:55,7124,7128,7098,7100,62154
 2024/09/04-22:00,7101,7107,7093,7102,38442
 2024/09/04-22:05,7102,7109,7091,7107,45058
 2024/09/04-22:10,7108,7111,7092,7108,28968
 2024/09/04-22:15,7109,7130,7108,7109,44340
 2024/09/04-22:20,7110,7113,7078,7079,38581
 2024/09/04-22:25,7079,7091,7075,7081,33200
 2024/09/04-22:30,7081,7093,7079,7090,20434
 2024/09/04-22:35,7089,7106,7085,7095,25932
 2024/09/04-22:40,7095,7110,7085,7109,21931
 2024/09/04-22:45,7109,7111,7100,7109,17596
 2024/09/04-22:50,7110,7110,7102,7108,14779
 2024/09/04-22:55,7108,7108,7097,7106,14130
 2024/09/04-23:00,7107,7107,7094,7100,14813
 2024/09/04-23:05,7100,7115,7097,7103,24711
 2024/09/04-23:10,7102,7122,7099,7117,21236
 2024/09/04-23:15,7118,7127,7118,7120,18821
 2024/09/04-23:20,7120,7123,7114,7116,11465
 2024/09/04-23:25,7116,7121,7112,7116,8124
 2024/09/04-23:30,7116,7126,7116,7123,8660
 2024/09/04-23:35,7123,7128,7120,7124,11798
 2024/09/04-23:40,7125,7128,7121,7127,7221
 2024/09/04-23:45,7127,7131,7122,7125,9022
 2024/09/04-23:50,7125,7128,7122,7123,6397
 2024/09/04-23:55,7123,7130,7115,7127,15618
 2024/09/04-00:00,7128,7135,7124,7129,13117
 2024/09/04-00:05,7128,7131,7125,7125,5713
 2024/09/04-00:10,7125,7126,7119,7122,8622
 2024/09/04-00:15,7121,7127,7118,7124,6254
 2024/09/04-00:20,7125,7128,7120,7124,5682
 2024/09/04-00:25,7123,7124,7120,7121,3861
 2024/09/04-00:30,7122,7125,7117,7123,6949
 2024/09/04-00:35,7123,7127,7121,7122,3000
 2024/09/04-00:40,7122,7125,7119,7124,4282
 2024/09/04-00:45,7124,7127,7122,7123,3320
 2024/09/04-00:50,7124,7124,7120,7120,2356
 2024/09/04-00:55,7120,7124,7120,7122,1579
 2024/09/04-01:00,7123,7124,7121,7124,2288
 2024/09/04-01:05,7124,7125,7121,7123,2751
 2024/09/04-01:10,7122,7127,7122,7125,2592
 2024/09/04-01:15,7124,7126,7121,7124,1812
 2024/09/04-01:20,7124,7127,7123,7126,1870
 2024/09/04-01:25,7126,7131,7125,7128,4267
 2024/09/04-01:30,7129,7133,7128,7132,3711
 2024/09/04-01:35,7132,7144,7132,7134,11133
 2024/09/04-01:40,7134,7142,7134,7141,3956
 2024/09/04-01:45,7141,7142,7138,7141,2263
 2024/09/04-01:50,7141,7144,7139,7140,2473
 2024/09/04-01:55,7140,7141,7138,7139,1801
 2024/09/04-02:00,7139,7139,7130,7132,3371
 2024/09/04-02:05,7133,7133,7125,7128,5906
 2024/09/04-02:10,7127,7129,7125,7125,2367
 2024/09/04-02:15,7125,7128,7124,7126,1995
 2024/09/04-02:20,7126,7129,7125,7127,1508
 2024/09/04-02:25,7127,7131,7127,7131,2301
 2024/09/04-02:30,7130,7136,7129,7135,5125
 2024/09/04-09:05,7132,7132,7106,7111,27333
 2024/09/04-09:10,7110,7115,7102,7102,12021
 2024/09/04-09:15,7102,7112,7102,7112,9150
 2024/09/04-09:20,7112,7116,7110,7115,6988
 2024/09/04-09:25,7115,7115,7091,7093,16640
 2024/09/04-09:30,7094,7103,7086,7101,11547
 2024/09/04-09:35,7102,7110,7097,7098,11069
 2024/09/04-09:40,7097,7111,7094,7109,10043
 2024/09/04-09:45,7108,7111,7103,7104,7062
 2024/09/04-09:50,7103,7110,7100,7100,6819
 2024/09/04-09:55,7100,7103,7097,7100,6033
 2024/09/04-10:00,7100,7104,7097,7102,3835
 2024/09/04-10:05,7102,7102,7091,7094,9998
 2024/09/04-10:10,7094,7096,7088,7090,7272
 2024/09/04-10:15,7089,7100,7088,7099,5559
 2024/09/04-10:35,7101,7122,7101,7120,15454
 2024/09/04-10:40,7119,7130,7119,7124,12799
 2024/09/04-10:45,7123,7126,7118,7118,7486
 2024/09/04-10:50,7118,7120,7112,7118,8181
 2024/09/04-10:55,7119,7119,7111,7116,5384
 2024/09/04-11:00,7116,7119,7113,7119,3288
 2024/09/04-11:05,7119,7131,7119,7128,10136
 2024/09/04-11:10,7127,7128,7121,7122,4567
 2024/09/04-11:15,7122,7131,7122,7127,4919
 2024/09/04-11:20,7127,7133,7126,7127,5585
 2024/09/04-11:25,7127,7127,7116,7116,5413
 2024/09/04-11:30,7116,7119,7115,7116,4583
 2024/09/04-13:35,7119,7127,7112,7119,12194
 2024/09/04-13:40,7120,7121,7108,7109,7706
 2024/09/04-13:45,7108,7111,7102,7108,9707
 2024/09/04-13:50,7108,7109,7096,7096,9988
 2024/09/04-13:55,7097,7105,7096,7101,6240
 2024/09/04-14:00,7101,7101,7094,7097,6649
 2024/09/04-14:05,7097,7102,7094,7096,6647
 2024/09/04-14:10,7096,7101,7093,7100,4338
 2024/09/04-14:15,7099,7100,7091,7096,6296
 2024/09/04-14:20,7096,7099,7094,7097,5468
 2024/09/04-14:25,7098,7105,7092,7102,7360
 2024/09/04-14:30,7102,7104,7098,7100,6117
 2024/09/04-14:35,7100,7100,7072,7084,33273
 2024/09/04-14:40,7083,7097,7083,7086,11858
 2024/09/04-14:45,7085,7097,7085,7094,7847
 2024/09/04-14:50,7094,7095,7073,7074,11375
 2024/09/04-14:55,7074,7083,7074,7077,12443
 2024/09/04-15:00,7077,7080,7072,7072,17458
 2024/09/05-21:05,7125,7141,7117,7135,55856
 2024/09/05-21:10,7135,7141,7124,7126,23703
 2024/09/05-21:15,7126,7133,7122,7125,15190
 2024/09/05-21:20,7125,7135,7120,7125,15599
 2024/09/05-21:25,7124,7125,7115,7119,14764
 2024/09/05-21:30,7119,7123,7116,7121,7538
 2024/09/05-21:35,7121,7135,7117,7134,20325
 2024/09/05-21:40,7134,7136,7127,7130,11412
 2024/09/05-21:45,7131,7132,7118,7121,13173
 2024/09/05-21:50,7121,7123,7114,7118,14781
 2024/09/05-21:55,7118,7119,7111,7113,11530
 2024/09/05-22:00,7113,7122,7113,7121,8893
 2024/09/05-22:05,7120,7178,7120,7155,99487
 2024/09/05-22:10,7154,7160,7132,7141,39809
 2024/09/05-22:15,7142,7147,7132,7135,21514
 2024/09/05-22:20,7135,7139,7124,7132,20811
 2024/09/05-22:25,7132,7145,7129,7143,16889
 2024/09/05-22:30,7143,7148,7139,7143,12133
 2024/09/05-22:35,7143,7157,7143,7155,18818
 2024/09/05-22:40,7155,7159,7149,7158,14758
 2024/09/05-22:45,7158,7170,7153,7166,17848
 2024/09/05-22:50,7166,7167,7156,7163,16742
 2024/09/05-22:55,7163,7167,7152,7155,14363
 2024/09/05-23:00,7155,7155,7144,7150,14659
 2024/09/05-23:05,7150,7158,7148,7149,15394
 2024/09/05-23:10,7149,7152,7141,7145,15365
 2024/09/05-23:15,7145,7146,7140,7146,10419
 2024/09/05-23:20,7146,7150,7142,7149,8066
 2024/09/05-23:25,7149,7150,7137,7140,10906
 2024/09/05-23:30,7140,7142,7138,7139,6454
 2024/09/05-23:35,7140,7140,7134,7137,9392
 2024/09/05-23:40,7137,7137,7131,7134,6294
 2024/09/05-23:45,7134,7135,7129,7133,7853
 2024/09/05-23:50,7133,7136,7130,7132,7062
 2024/09/05-23:55,7132,7137,7128,7135,6671
 2024/09/05-00:00,7136,7138,7130,7132,6560
 2024/09/05-00:05,7131,7132,7126,7127,6619
 2024/09/05-00:10,7127,7135,7126,7134,5404
 2024/09/05-00:15,7135,7141,7134,7134,7464
 2024/09/05-00:20,7134,7135,7131,7135,3386
 2024/09/05-00:25,7135,7139,7134,7138,3104
 2024/09/05-00:30,7138,7139,7135,7137,2735
 2024/09/05-00:35,7136,7140,7135,7138,3473
 2024/09/05-00:40,7139,7147,7136,7145,5841
 2024/09/05-00:45,7145,7145,7137,7137,4796
 2024/09/05-00:50,7137,7138,7131,7132,5229
 2024/09/05-00:55,7132,7136,7131,7135,2721
 2024/09/05-01:00,7135,7140,7135,7138,3553
 2024/09/05-01:05,7139,7140,7134,7135,3393
 2024/09/05-01:10,7135,7137,7134,7136,1935
 2024/09/05-01:15,7136,7138,7136,7136,1223
 2024/09/05-01:20,7136,7137,7134,7135,1610
 2024/09/05-01:25,7135,7136,7123,7125,7273
 2024/09/05-01:30,7125,7128,7122,7123,4857
 2024/09/05-01:35,7124,7127,7123,7125,3144
 2024/09/05-01:40,7125,7128,7123,7127,2126
 2024/09/05-01:45,7127,7129,7126,7127,1730
 2024/09/05-01:50,7127,7128,7125,7126,1199
 2024/09/05-01:55,7127,7127,7124,7126,1773
 2024/09/05-02:00,7125,7129,7125,7129,1610
 2024/09/05-02:05,7128,7128,7124,7125,1870
 2024/09/05-02:10,7125,7126,7121,7125,3663
 2024/09/05-02:15,7125,7128,7124,7128,1579
 2024/09/05-02:20,7128,7130,7126,7129,1641
 2024/09/05-02:25,7129,7130,7126,7127,1528
 2024/09/05-02:30,7127,7133,7127,7131,5019
 2024/09/05-09:05,7140,7144,7132,7134,19526
 2024/09/05-09:10,7134,7142,7133,7141,8837
 2024/09/05-09:15,7142,7149,7138,7142,11481
 2024/09/05-09:20,7142,7153,7139,7145,10380
 2024/09/05-09:25,7145,7153,7145,7153,8067
 2024/09/05-09:30,7153,7154,7146,7147,5210
 2024/09/05-09:35,7146,7158,7146,7152,9469
 2024/09/05-09:40,7151,7161,7145,7161,10039
 2024/09/05-09:45,7159,7161,7152,7154,8110
 2024/09/05-09:50,7153,7155,7146,7148,5601
 2024/09/05-09:55,7149,7150,7140,7143,7529
 2024/09/05-10:00,7143,7148,7140,7141,8265
 2024/09/05-10:05,7141,7153,7139,7146,8232
 2024/09/05-10:10,7146,7150,7144,7147,3413
 2024/09/05-10:15,7148,7149,7142,7143,3637
 2024/09/05-10:35,7148,7158,7148,7158,10576
 2024/09/05-10:40,7157,7161,7154,7155,7881
 2024/09/05-10:45,7155,7157,7152,7156,3776
 2024/09/05-10:50,7156,7157,7151,7153,2949
 2024/09/05-10:55,7152,7165,7152,7161,8106
 2024/09/05-11:00,7161,7163,7157,7157,4627
 2024/09/05-11:05,7156,7159,7153,7155,4178
 2024/09/05-11:10,7154,7158,7149,7150,4254
 2024/09/05-11:15,7149,7150,7134,7140,14554
 2024/09/05-11:20,7140,7141,7129,7132,11979
 2024/09/05-11:25,7133,7138,7131,7135,5691
 2024/09/05-11:30,7135,7136,7123,7126,11391
 2024/09/05-13:35,7128,7128,7099,7115,32215
 2024/09/05-13:40,7115,7123,7114,7122,9802
 2024/09/05-13:45,7122,7124,7114,7123,8158
 2024/09/05-13:50,7123,7128,7117,7126,7386
 2024/09/05-13:55,7127,7141,7127,7131,17160
 2024/09/05-14:00,7131,7132,7122,7129,6651
 2024/09/05-14:05,7129,7130,7120,7122,6887
 2024/09/05-14:10,7122,7132,7118,7131,7547
 2024/09/05-14:15,7131,7139,7130,7137,12643
 2024/09/05-14:20,7137,7137,7128,7133,7564
 2024/09/05-14:25,7133,7135,7127,7128,5708
 2024/09/05-14:30,7128,7139,7127,7135,8945
 2024/09/05-14:35,7136,7139,7128,7132,7862
 2024/09/05-14:40,7132,7133,7117,7118,10883
 2024/09/05-14:45,7117,7120,7095,7100,25239
 2024/09/05-14:50,7100,7109,7090,7108,24063
 2024/09/05-14:55,7108,7113,7103,7103,13964
 2024/09/05-15:00,7103,7111,7101,7109,13998
 2024/09/06-21:05,7195,7224,7181,7191,82863
 2024/09/06-21:10,7192,7193,7182,7190,23934
 2024/09/06-21:15,7190,7192,7177,7185,22306
 2024/09/06-21:20,7185,7209,7184,7208,25554
 2024/09/06-21:25,7208,7211,7195,7196,20246
 2024/09/06-21:30,7196,7211,7195,7209,18583
 2024/09/06-21:35,7211,7221,7209,7215,27917
 2024/09/06-21:40,7215,7232,7213,7227,29582
 2024/09/06-21:45,7228,7229,7214,7222,18388
 2024/09/06-21:50,7221,7221,7201,7203,23957
 2024/09/06-21:55,7202,7215,7200,7206,16489
 2024/09/06-22:00,7206,7211,7197,7197,20037
 2024/09/06-22:05,7197,7201,7185,7196,36030
 2024/09/06-22:10,7196,7207,7189,7203,23222
 2024/09/06-22:15,7203,7226,7203,7223,24073
 2024/09/06-22:20,7224,7261,7223,7259,53069
 2024/09/06-22:25,7260,7266,7249,7258,32494
 2024/09/06-22:30,7258,7267,7253,7256,22533
 2024/09/06-22:35,7257,7268,7255,7263,16566
 2024/09/06-22:40,7262,7283,7260,7269,27913
 2024/09/06-22:45,7269,7269,7245,7248,26813
 2024/09/06-22:50,7248,7249,7241,7247,20400
 2024/09/06-22:55,7247,7250,7243,7249,11264
 2024/09/06-23:00,7249,7251,7240,7244,13661
 2024/09/06-23:05,7243,7245,7230,7239,24812
 2024/09/06-23:10,7240,7241,7231,7235,11340
 2024/09/06-23:15,7235,7237,7228,7235,12702
 2024/09/06-23:20,7235,7236,7224,7224,16047
 2024/09/06-23:25,7224,7230,7222,7223,11618
 2024/09/06-23:30,7223,7224,7214,7215,16809
 2024/09/06-23:35,7214,7223,7214,7222,12035
 2024/09/06-23:40,7222,7231,7220,7230,12665
 2024/09/06-23:45,7230,7230,7220,7222,7515
 2024/09/06-23:50,7221,7225,7219,7219,6913
 2024/09/06-23:55,7219,7219,7198,7201,23142
 2024/09/06-00:00,7200,7203,7195,7195,12198
 2024/09/06-00:05,7196,7211,7195,7206,12079
 2024/09/06-00:10,7205,7208,7195,7199,8337
 2024/09/06-00:15,7199,7199,7174,7187,26053
 2024/09/06-00:20,7187,7194,7182,7193,11023
 2024/09/06-00:25,7194,7202,7193,7196,10743
 2024/09/06-00:30,7196,7206,7196,7202,8060
 2024/09/06-00:35,7202,7204,7198,7203,6183
 2024/09/06-00:40,7203,7207,7201,7204,6194
 2024/09/06-00:45,7204,7205,7200,7201,5436
 2024/09/06-00:50,7201,7202,7198,7201,4426
 2024/09/06-00:55,7202,7206,7198,7201,5817
 2024/09/06-01:00,7201,7202,7199,7199,2487
 2024/09/06-01:05,7199,7205,7195,7198,5437
 2024/09/06-01:10,7198,7199,7196,7198,2528
 2024/09/06-01:15,7197,7205,7196,7203,4215
 2024/09/06-01:20,7203,7218,7200,7214,9535
 2024/09/06-01:25,7214,7216,7206,7211,6260
 2024/09/06-01:30,7211,7211,7204,7206,3923
 2024/09/06-01:35,7206,7208,7204,7205,2611
 2024/09/06-01:40,7206,7207,7194,7202,6827
 2024/09/06-01:45,7203,7210,7201,7209,4215
 2024/09/06-01:50,7208,7211,7207,7209,2460
 2024/09/06-01:55,7209,7214,7206,7212,3838
 2024/09/06-02:00,7211,7217,7211,7217,3569
 2024/09/06-02:05,7217,7225,7217,7221,7170
 2024/09/06-02:10,7221,7224,7219,7224,2920
 2024/09/06-02:15,7224,7227,7222,7224,3395
 2024/09/06-02:20,7224,7226,7222,7224,2769
 2024/09/06-02:25,7224,7233,7224,7230,5273
 2024/09/06-02:30,7230,7232,7226,7231,5737
 2024/09/06-09:05,7223,7223,7215,7219,19240
 2024/09/06-09:10,7218,7221,7203,7205,15111
 2024/09/06-09:15,7205,7209,7197,7200,12252
 2024/09/06-09:20,7200,7207,7196,7199,9361
 2024/09/06-09:25,7199,7202,7199,7199,5087
 2024/09/06-09:30,7200,7200,7188,7195,11044
 2024/09/06-09:35,7195,7198,7185,7196,10446
 2024/09/06-09:40,7196,7197,7182,7187,9839
 2024/09/06-09:45,7187,7201,7185,7199,9079
 2024/09/06-09:50,7200,7201,7189,7189,5490
 2024/09/06-09:55,7189,7199,7188,7197,4256
 2024/09/06-10:00,7196,7208,7196,7205,8643
 2024/09/06-10:05,7205,7207,7199,7202,6868
 2024/09/06-10:10,7202,7208,7198,7207,5136
 2024/09/06-10:15,7207,7213,7205,7211,8790
 2024/09/06-10:35,7212,7227,7212,7222,11777
 2024/09/06-10:40,7223,7228,7215,7217,9601
 2024/09/06-10:45,7218,7225,7217,7223,5303
 2024/09/06-10:50,7223,7230,7218,7222,6918
 2024/09/06-10:55,7221,7222,7217,7221,6341
 2024/09/06-11:00,7221,7229,7221,7228,5329
 2024/09/06-11:05,7228,7231,7224,7225,8159
 2024/09/06-11:10,7224,7225,7220,7222,4535
 2024/09/06-11:15,7222,7225,7218,7223,3318
 2024/09/06-11:20,7223,7224,7217,7218,3061
 2024/09/06-11:25,7219,7219,7213,7214,5896
 2024/09/06-11:30,7214,7215,7209,7211,6002
 2024/09/06-13:35,7218,7224,7200,7203,15548
 2024/09/06-13:40,7203,7207,7200,7200,7422
 2024/09/06-13:45,7200,7202,7194,7202,9763
 2024/09/06-13:50,7202,7214,7198,7213,10365
 2024/09/06-13:55,7213,7217,7210,7212,6570
 2024/09/06-14:00,7212,7226,7206,7224,10314
 2024/09/06-14:05,7223,7224,7212,7217,8852
 2024/09/06-14:10,7217,7222,7216,7219,4232
 2024/09/06-14:15,7219,7225,7218,7225,5706
 2024/09/06-14:20,7225,7244,7221,7239,19035
 2024/09/06-14:25,7240,7250,7233,7236,18357
 2024/09/06-14:30,7237,7237,7225,7229,10521
 2024/09/06-14:35,7229,7230,7218,7224,10851
 2024/09/06-14:40,7224,7231,7222,7226,7144
 2024/09/06-14:45,7226,7238,7226,7236,9294
 2024/09/06-14:50,7235,7240,7233,7236,7573
 2024/09/06-14:55,7236,7237,7229,7236,7241
 2024/09/06-15:00,7236,7252,7234,7251,18358
 2024/09/09-21:05,7268,7268,7224,7226,51500
 2024/09/09-21:10,7226,7235,7173,7177,60869
 2024/09/09-21:15,7178,7197,7161,7196,51719
 2024/09/09-21:20,7196,7196,7174,7187,27366
 2024/09/09-21:25,7187,7207,7176,7199,25782
 2024/09/09-21:30,7199,7200,7180,7185,20537
 2024/09/09-21:35,7184,7200,7182,7197,19642
 2024/09/09-21:40,7196,7203,7141,7157,75571
 2024/09/09-21:45,7157,7165,7146,7160,34578
 2024/09/09-21:50,7160,7188,7153,7172,36571
 2024/09/09-21:55,7172,7181,7163,7167,20790
 2024/09/09-22:00,7167,7181,7166,7175,12848
 2024/09/09-22:05,7175,7175,7157,7160,18408
 2024/09/09-22:10,7160,7163,7139,7145,32435
 2024/09/09-22:15,7145,7158,7144,7156,18723
 2024/09/09-22:20,7157,7162,7143,7152,18272
 2024/09/09-22:25,7153,7158,7144,7147,11508
 2024/09/09-22:30,7147,7147,7103,7109,50515
 2024/09/09-22:35,7109,7113,7086,7100,47286
 2024/09/09-22:40,7101,7121,7095,7121,25988
 2024/09/09-22:45,7121,7139,7120,7122,31942
 2024/09/09-22:50,7123,7130,7117,7122,15665
 2024/09/09-22:55,7121,7124,7091,7091,30112
 2024/09/09-23:00,7092,7101,7088,7094,25637
 2024/09/09-23:05,7094,7127,7091,7113,53733
 2024/09/09-23:10,7113,7123,7095,7098,30208
 2024/09/09-23:15,7098,7123,7098,7118,24970
 2024/09/09-23:20,7118,7123,7106,7112,19797
 2024/09/09-23:25,7111,7121,7107,7118,13487
 2024/09/09-23:30,7118,7123,7113,7121,14049
 2024/09/09-23:35,7120,7122,7112,7116,10270
 2024/09/09-23:40,7117,7121,7110,7114,12591
 2024/09/09-23:45,7113,7115,7102,7107,11827
 2024/09/09-23:50,7107,7108,7098,7100,12985
 2024/09/09-23:55,7100,7101,7035,7046,57258
 2024/09/09-00:00,7046,7051,7039,7043,27162
 2024/09/09-00:05,7043,7049,6987,6990,65802
 2024/09/09-00:10,6990,7007,6978,7002,48164
 2024/09/09-00:15,7002,7004,6983,6983,20047
 2024/09/09-00:20,6984,6984,6958,6973,47796
 2024/09/09-00:25,6974,6981,6924,6945,60954
 2024/09/09-00:30,6945,6964,6935,6964,32773
 2024/09/09-00:35,6963,6963,6946,6948,20792
 2024/09/09-00:40,6948,6952,6930,6930,24411
 2024/09/09-00:45,6930,6930,6901,6916,51475
 2024/09/09-00:50,6916,6921,6902,6910,24504
 2024/09/09-00:55,6909,6920,6904,6908,19754
 2024/09/09-01:00,6908,6938,6907,6934,24380
 2024/09/09-01:05,6934,6935,6922,6928,16744
 2024/09/09-01:10,6929,6950,6928,6947,22440
 2024/09/09-01:15,6947,6949,6937,6942,12813
 2024/09/09-01:20,6942,6951,6940,6940,10603
 2024/09/09-01:25,6940,6969,6939,6968,19882
 2024/09/09-01:30,6966,6977,6961,6966,22292
 2024/09/09-01:35,6967,6971,6958,6960,13486
 2024/09/09-01:40,6959,6959,6944,6947,17304
 2024/09/09-01:45,6947,6951,6940,6949,10490
 2024/09/09-01:50,6949,6964,6944,6962,11416
 2024/09/09-01:55,6961,6965,6959,6962,7446
 2024/09/09-02:00,6962,6989,6960,6980,21990
 2024/09/09-02:05,6980,6985,6971,6977,13095
 2024/09/09-02:10,6977,6996,6976,6986,14364
 2024/09/09-02:15,6986,6998,6983,6992,11169
 2024/09/09-02:20,6992,7003,6987,6987,11952
 2024/09/09-02:25,6987,6988,6977,6985,9976
 2024/09/09-02:30,6985,6990,6984,6986,12961
 2024/09/09-09:05,6986,6986,6986,6986,0
