time,open,high,low,close,volume,LH_MA_ALL.M1S   ,LH_MA_ALL.M2S   ,LH_MA_ALL.M3S   ,LH_MA_ALL.M2M   ,LH_MA_ALL.M3M   ,LH_MA_ALL.PV1   ,LH_MA_ALL.PV2   ,LH_MA_ALL.PV3   ,LH_MA_ALL.PEAK_PREV1,LH_MA_ALL.PEAK_PREV2,LH_MA_ALL.T_PREV1,LH_MA_ALL.T_PREV2,LH_VOL_TDX2.AMO1  ,LH_VOL_TDX2.VOLUME,LH_VOL_TDX2.MV1   ,LH_VOL_TDX2.MV2   ,LH_VOL_TDX2.MV3   ,LH_VOL_TDX2.      ,LH_VOL_TDX2.      ,LH_VOL_TDX2.      ,LH_VOL_TDX2.      ,LH_VOL_TDX2.      ,LH_VOL_TDX2.      ,LH_VOL_TDX2.      ,LH_VOL_TDX2.      ,LH_VOL_TDX2.      ,LH_VOL_TDX2.TL    ,LH_VOL_TDX2.      ,LH_VOL_TDX2.R23   ,LH_VOL_TDX2.R13   ,LH_VOL_TDX2.R12   ,LH_VOL_TDX2.V1S   ,LH_VOL_TDX2.V2S   ,LH_VOL_TDX2.V3S   ,LH_VOL_TDX2.VVRATIO,LH_VOL_TDX2.AMO1  ,LH_VOL_TDX2.VOLUME,LH_VOL_TDX2.MV1   ,LH_VOL_TDX2.MV2   ,LH_VOL_TDX2.MV3   ,LH_VOL_TDX2.      ,LH_VOL_TDX2.      ,LH_VOL_TDX2.      ,LH_VOL_TDX2.      ,LH_VOL_TDX2.      ,LH_VOL_TDX2.      ,LH_VOL_TDX2.      ,LH_VOL_TDX2.      ,LH_VOL_TDX2.      ,LH_VOL_TDX2.TL    ,LH_VOL_TDX2.      ,LH_VOL_TDX2.R23   ,LH_VOL_TDX2.R13   ,LH_VOL_TDX2.R12   ,LH_VOL_TDX2.V1S   ,LH_VOL_TDX2.V2S   ,LH_VOL_TDX2.V3S   ,LH_VOL_TDX2.VVRATIO
2025/07/21-09:35,6036,6051.2,6022.8,6046.2,4428,6046.2,6046.2,6046.2,6046.2,6046.2,6046.2,6046.2,6046.2,           ,           ,           ,           ,0,44.28,44.28,44.28,44.28,0,0,0,0,           ,0,0,0,0,           ,0,1,1,1,1,1,1,           ,0,44.28,44.28,44.28,44.28,0,0,0,0,           ,0,0,0,0,           ,0,1,1,1,1,1,1,           
2025/07/21-09:40,6046.8,6059.2,6045.4,6053,2867,6048.14,6047.25,6046.74,6046.48,6046.34,6048.42,6048.42,6047.29,           ,           ,           ,           ,0,28.67,41.44,43.52,28.67,0,0,0,0,41.44,1,0,0,0,0,0,1.52,1.45,0.95,0.69,0.66,1,0.65,0,28.67,41.44,43.52,28.67,0,0,0,0,41.44,1,0,0,0,0,0,1.52,1.45,0.95,0.69,0.66,1,0.65
2025/07/21-09:45,6053.6,6057.2,6043,6054,1842,6049.82,6048.29,6047.32,6046.78,6046.5,6050.63,6050.63,6048.38,           ,           ,           ,           ,0,18.42,37.26,42.29,21.84,0,0,0,0,37.26,1,0,0,0,0,0,1.94,1.71,0.88,0.49,0.44,0.84,0.64,0,18.42,37.26,42.29,21.84,0,0,0,0,37.26,1,0,0,0,0,0,1.94,1.71,0.88,0.49,0.44,0.84,0.64
2025/07/21-09:50,6054,6067.8,6041.2,6043.2,2057,6047.93,6047.5,6046.99,6046.64,6046.43,6052.85,6052.85,6049.47,           ,           ,           ,           ,0,20.57,34.22,41.23,21.2,0,0,0,0,34.22,1,0,0,0,0,0,1.94,1.61,0.83,0.6,0.5,0.97,1.12,0,20.57,34.22,41.23,21.2,0,0,0,0,34.22,1,0,0,0,0,0,1.94,1.61,0.83,0.6,0.5,0.97,1.12
2025/07/21-09:55,6043.2,6051.8,6040.2,6049.8,1243,6048.46,6047.86,6047.22,6046.77,6046.5,6055.07,6055.07,6050.56,           ,           ,           ,           ,0,12.43,30.26,39.83,17.69,0,0,0,0,30.26,1,0,0,0,0,0,2.25,1.71,0.76,0.41,0.31,0.7,0.6,0,12.43,30.26,39.83,17.69,0,0,0,0,30.26,1,0,0,0,0,0,2.25,1.71,0.76,0.41,0.31,0.7,0.6
2025/07/21-10:00,6050,6068,6048.8,6064.4,1581,6053.02,6050.4,6048.59,6047.49,6046.87,6057.28,6057.28,6051.65,           ,           ,           ,           ,0,15.81,27.63,38.66,17.07,0,0,0,0,27.63,1,0,0,0,0,0,2.27,1.62,0.71,0.57,0.41,0.93,1.27,0,15.81,27.63,38.66,17.07,0,0,0,0,27.63,1,0,0,0,0,0,2.27,1.62,0.71,0.57,0.41,0.93,1.27
2025/07/21-10:05,6064.4,6065,6053.6,6061.8,923,6055.52,6052.15,6049.65,6048.07,6047.18,6059.5,6059.5,6052.74,           ,           ,           ,           ,0,9.23,24.29,37.22,14.83,0,0,0,0,24.29,1,0,0,0,0,0,2.51,1.64,0.65,0.38,0.25,0.62,0.58,0,9.23,24.29,37.22,14.83,0,0,0,0,24.29,1,0,0,0,0,0,2.51,1.64,0.65,0.38,0.25,0.62,0.58
2025/07/21-10:10,6060.8,6061.6,6050.8,6060.6,633,6056.98,6053.45,6050.53,6048.58,6047.45,6061.72,6061.72,6053.83,           ,           ,           ,           ,0,6.33,21.02,35.72,12.7,0,0,0,0,21.02,1,0,0,0,0,0,2.81,1.65,0.59,0.3,0.18,0.5,0.69,0,6.33,21.02,35.72,12.7,0,0,0,0,21.02,1,0,0,0,0,0,2.81,1.65,0.59,0.3,0.18,0.5,0.69
2025/07/21-10:15,6060.6,6069.8,6060.4,6064.4,1086,6059.1,6055.14,6051.64,6049.23,6047.8,6063.93,6063.93,6054.92,           ,           ,           ,           ,0,10.86,19.17,34.5,12.29,0,0,0,0,19.17,1,0,0,1,0,0,2.81,1.56,0.56,0.57,0.31,0.88,1.72,0,10.86,19.17,34.5,12.29,0,0,0,0,19.17,1,0,0,1,0,0,2.81,1.56,0.56,0.57,0.31,0.88,1.72
2025/07/21-10:20,6064.4,6077.4,6062.6,6068.8,1805,6061.87,6057.24,6053.01,6050.03,6048.24,6066.15,6066.15,6056.01,           ,           ,           ,           ,0,18.05,18.97,33.7,13.44,0,0,0,0,18.97,0,1,0,1,0,0,2.51,1.41,0.56,0.95,0.54,1.34,1.66,0,18.05,18.97,33.7,13.44,0,0,0,0,18.97,0,1,0,1,0,0,2.51,1.41,0.56,0.95,0.54,1.34,1.66
2025/07/21-10:25,6068.4,6070.6,6065.8,6066.6,636,6063.22,6058.68,6054.1,6050.7,6048.61,6068.37,6068.37,6057.09,           ,           ,           ,           ,0,6.36,16.68,32.37,12.16,0,0,0,0,16.68,1,0,0,0,0,0,2.66,1.37,0.52,0.38,0.2,0.52,0.35,0,6.36,16.68,32.37,12.16,0,0,0,0,16.68,1,0,0,0,0,0,2.66,1.37,0.52,0.38,0.2,0.52,0.35
2025/07/21-10:30,6066.2,6066.2,6058.2,6063.2,711,6063.21,6059.38,6054.83,6051.21,6048.92,6070.58,6070.58,6058.18,           ,           ,           ,           ,0,7.11,14.94,31.13,11.32,0,0,0,0,14.94,1,0,0,0,0,0,2.75,1.32,0.48,0.48,0.23,0.63,1.12,0,7.11,14.94,31.13,11.32,0,0,0,0,14.94,1,0,0,0,0,0,2.75,1.32,0.48,0.48,0.23,0.63,1.12
2025/07/21-10:35,6063.6,6074.2,6062.6,6072.8,841,6065.95,6061.44,6056.26,6052.09,6049.41,6072.8,6072.8,6059.27,6072.8,6072.8,           ,           ,0,8.41,13.75,30.03,10.87,0,0,0,0,           ,1,0,0,0,0,0,2.76,1.27,0.46,0.61,0.28,0.77,1.18,0,8.41,13.75,30.03,10.87,0,0,0,0,           ,1,0,0,0,0,0,2.76,1.27,0.46,0.61,0.28,0.77,1.18
2025/07/21-10:40,6072,6073.2,6063.6,6067.8,563,6066.48,6062.42,6057.19,6052.73,6049.79,6070.46,6070.46,6060.36,6072.8,6072.8,           ,           ,0,5.63,12.27,28.84,10.12,0,0,0,0,           ,1,0,0,0,0,0,2.85,1.21,0.43,0.46,0.2,0.56,0.67,0,5.63,12.27,28.84,10.12,0,0,0,0,           ,1,0,0,0,0,0,2.85,1.21,0.43,0.46,0.2,0.56,0.67
2025/07/21-10:45,6067,6070.6,6061.8,6062.4,346,6065.31,6062.42,6057.6,6053.13,6050.05,6068.11,6068.11,6061.45,6072.8,6072.8,           ,           ,0,3.46,10.67,27.6,9.23,0,0,0,0,           ,1,0,0,0,0,0,2.99,1.16,0.39,0.32,0.13,0.37,0.61,0,3.46,10.67,27.6,9.23,0,0,0,0,           ,1,0,0,0,0,0,2.99,1.16,0.39,0.32,0.13,0.37,0.61
2025/07/21-10:50,6061.6,6064.6,6056.8,6058.2,601,6063.28,6061.77,6057.65,6053.34,6050.22,6065.77,6065.77,6062.54,6072.8,6072.8,           ,           ,0,6.01,9.82,26.55,8.83,0,0,0,0,           ,1,0,0,1,0,0,3.01,1.11,0.37,0.61,0.23,0.68,1.74,0,6.01,9.82,26.55,8.83,0,0,0,0,           ,1,0,0,1,0,0,3.01,1.11,0.37,0.61,0.23,0.68,1.74
2025/07/21-10:55,6057.6,6065,6056.6,6062.4,482,6063.03,6061.86,6058.03,6053.71,6050.47,6063.43,6063.43,6063.63,6072.8,6072.8,           ,           ,0,4.82,8.91,25.49,8.36,0,0,0,0,           ,1,0,0,0,0,0,3.05,1.07,0.35,0.54,0.19,0.58,0.8,0,4.82,8.91,25.49,8.36,0,0,0,0,           ,1,0,0,0,0,0,3.05,1.07,0.35,0.54,0.19,0.58,0.8
2025/07/21-11:00,6063.2,6063.2,6056,6060,349,6062.16,6061.58,6058.19,6053.96,6050.66,6061.09,6061.09,6064.72,6072.8,6072.8,           ,           ,0,3.49,7.93,24.41,7.82,0,0,0,0,           ,1,0,0,0,0,0,3.12,1.01,0.32,0.44,0.14,0.45,0.72,0,3.49,7.93,24.41,7.82,0,0,0,0,           ,1,0,0,0,0,0,3.12,1.01,0.32,0.44,0.14,0.45,0.72
2025/07/21-11:05,6060.2,6061.4,6056,6060.4,487,6061.66,6061.4,6058.37,6054.23,6050.86,6058.74,6058.74,6065.81,6072.8,6072.8,           ,           ,0,4.87,7.37,23.46,7.51,0,0,0,0,           ,1,0,0,0,0,0,3.13,0.98,0.31,0.66,0.21,0.65,1.4,0,4.87,7.37,23.46,7.51,0,0,0,0,           ,1,0,0,0,0,0,3.13,0.98,0.31,0.66,0.21,0.65,1.4
2025/07/21-11:10,6060.2,6061,6051,6051,423,6058.61,6059.8,6057.78,6054.09,6050.87,6056.4,6056.4,6066.9,6072.8,6072.8,           ,           ,0,4.23,6.8,22.52,7.18,0,0,0,0,           ,1,0,0,0,0,0,3.14,0.95,0.3,0.62,0.19,0.59,0.87,0,4.23,6.8,22.52,7.18,0,0,0,0,           ,1,0,0,0,0,0,3.14,0.95,0.3,0.62,0.19,0.59,0.87
2025/07/21-11:15,6051,6057.4,6047.2,6047.6,492,6055.47,6057.92,6056.96,6053.83,6050.8,6054.06,6054.06,6067.99,6072.8,6072.8,           ,           ,0,4.92,6.46,21.66,6.96,0,0,0,0,           ,1,0,0,0,0,0,3.11,0.93,0.3,0.76,0.23,0.71,1.16,0,4.92,6.46,21.66,6.96,0,0,0,0,           ,1,0,0,0,0,0,3.11,0.93,0.3,0.76,0.23,0.71,1.16
2025/07/21-11:20,6047,6049.4,6034.2,6040.2,1574,6051.11,6055.19,6055.62,6053.27,6050.58,6051.71,6051.71,6069.08,6072.8,6072.8,           ,           ,0,15.74,8.15,21.37,7.76,0,0,0,1,           ,0,0,1,1,0,0,2.75,1.05,0.38,1.93,0.74,2.03,3.2,0,15.74,8.15,21.37,7.76,0,0,0,1,           ,0,0,1,1,0,0,2.75,1.05,0.38,1.93,0.74,2.03,3.2
2025/07/21-11:25,6039.8,6054,6039.4,6052.2,859,6051.42,6054.73,6055.35,6053.23,6050.61,6049.37,6049.37,6070.17,6072.8,6072.8,           ,           ,0,8.59,8.23,20.75,7.83,0,0,0,0,           ,0,1,0,0,0,0,2.65,1.05,0.4,1.04,0.41,1.1,0.55,0,8.59,8.23,20.75,7.83,0,0,0,0,           ,0,1,0,0,0,0,2.65,1.05,0.4,1.04,0.41,1.1,0.55
2025/07/21-11:30,6051.4,6056,6049.4,6050.8,445,6051.24,6054.13,6054.98,6053.13,6050.62,6047.03,6047.03,6071.26,6072.8,6072.8,           ,           ,0,4.45,7.54,19.95,7.55,0,0,0,0,           ,1,0,0,0,0,0,2.64,1,0.38,0.59,0.22,0.59,0.52,0,4.45,7.54,19.95,7.55,0,0,0,0,           ,1,0,0,0,0,0,2.64,1,0.38,0.59,0.22,0.59,0.52
2025/07/21-13:05,6050.2,6050.8,6035.4,6040.2,1020,6048.09,6051.99,6053.8,6052.6,6050.4,6044.69,6044.69,6072.35,6072.8,6072.8,           ,           ,0,10.2,8.02,19.48,7.76,0,0,0,0,           ,0,0,1,1,0,0,2.51,1.03,0.41,1.27,0.52,1.31,2.29,0,10.2,8.02,19.48,7.76,0,0,0,0,           ,0,0,1,1,0,0,2.51,1.03,0.41,1.27,0.52,1.31,2.29
2025/07/21-13:10,6041,6044.6,6037.6,6041.6,669,6046.23,6050.39,6052.83,6052.15,6050.22,6042.34,6042.34,6073.44,6072.8,6072.8,           ,           ,0,6.69,7.78,18.86,7.68,0,0,0,0,           ,0,1,0,0,0,0,2.45,1.01,0.41,0.86,0.35,0.87,0.66,0,6.69,7.78,18.86,7.68,0,0,0,0,           ,0,1,0,0,0,0,2.45,1.01,0.41,0.86,0.35,0.87,0.66
2025/07/21-13:15,6041.8,6043,6036.6,6040,567,6044.45,6048.79,6051.8,6051.66,6050.01,6040,6040,6074.53,6072.8,6072.8,6040,6040,0,5.67,7.4,18.21,7.53,0,0,0,0,           ,1,0,0,0,0,0,2.42,0.98,0.41,0.77,0.31,0.75,0.85,0,5.67,7.4,18.21,7.53,0,0,0,0,           ,1,0,0,0,0,0,2.42,0.98,0.41,0.77,0.31,0.75,0.85
2025/07/21-13:20,6040.2,6051,6039.2,6046,759,6044.89,6048.36,6051.34,6051.43,6049.93,6044.13,6041.58,6075.62,6072.8,6072.8,6040,6040,0,7.59,7.43,17.69,7.54,0,0,0,0,           ,0,1,0,0,0,0,2.35,0.99,0.42,1.02,0.43,1.01,1.34,0,7.59,7.43,17.69,7.54,0,0,0,0,           ,0,1,0,0,0,0,2.35,0.99,0.42,1.02,0.43,1.01,1.34
2025/07/21-13:25,6045,6049.6,6041.6,6049,436,6046.07,6048.46,6051.15,6051.33,6049.91,6048.27,6043.17,6076.71,6072.8,6072.8,6040,6040,0,4.36,6.87,17.04,7.32,0,0,0,0,           ,1,0,0,0,0,0,2.33,0.94,0.4,0.63,0.26,0.6,0.57,0,4.36,6.87,17.04,7.32,0,0,0,0,           ,1,0,0,0,0,0,2.33,0.94,0.4,0.63,0.26,0.6,0.57
2025/07/21-13:30,6048.2,6053,6048,6050,394,6047.19,6048.7,6051.06,6051.27,6049.91,6052.4,6044.75,6077.79,6072.8,6072.8,6040,6040,0,3.94,6.34,16.4,7.09,0,0,0,0,           ,1,0,0,0,0,0,2.31,0.89,0.39,0.62,0.24,0.56,0.9,0,3.94,6.34,16.4,7.09,0,0,0,0,           ,1,0,0,0,0,0,2.31,0.89,0.39,0.62,0.24,0.56,0.9
2025/07/21-13:35,6050,6054.8,6048,6050.2,489,6048.05,6048.93,6050.99,6051.23,6049.92,6056.53,6046.33,6078.88,6072.8,6072.8,6040,6040,0,4.89,6.08,15.84,6.95,0,0,0,0,           ,0,1,0,0,0,0,2.28,0.87,0.38,0.8,0.31,0.7,1.24,0,4.89,6.08,15.84,6.95,0,0,0,0,           ,0,1,0,0,0,0,2.28,0.87,0.38,0.8,0.31,0.7,1.24
2025/07/21-13:40,6050,6060.4,6050,6060,676,6051.46,6050.63,6051.71,6051.59,6050.13,6060.67,6047.92,6079.97,6072.8,6072.8,6040,6040,0,6.76,6.2,15.4,6.94,0,0,0,0,           ,0,1,0,0,0,0,2.22,0.89,0.4,1.09,0.44,0.97,1.38,0,6.76,6.2,15.4,6.94,0,0,0,0,           ,0,1,0,0,0,0,2.22,0.89,0.4,1.09,0.44,0.97,1.38
2025/07/21-13:45,6059.4,6066.6,6058,6064.8,764,6055.27,6052.81,6052.76,6052.13,6050.43,6064.8,6049.5,6081.06,6064.8,6072.8,6040,6040,0,7.64,6.46,15.02,6.98,0,0,0,0,           ,0,1,0,0,0,0,2.15,0.93,0.43,1.18,0.51,1.09,1.13,0,7.64,6.46,15.02,6.98,0,0,0,0,           ,0,1,0,0,0,0,2.15,0.93,0.43,1.18,0.51,1.09,1.13
2025/07/21-13:50,6064.6,6065.2,6058,6060.6,605,6056.8,6054.01,6053.38,6052.47,6050.64,6060.2,6051.08,6082.15,6064.8,6072.8,6040,6040,0,6.05,6.39,14.58,6.93,0,0,0,0,           ,0,1,0,0,0,0,2.11,0.92,0.44,0.95,0.41,0.87,0.79,0,6.05,6.39,14.58,6.93,0,0,0,0,           ,0,1,0,0,0,0,2.11,0.92,0.44,0.95,0.41,0.87,0.79
2025/07/21-13:55,6060.6,6060.6,6053,6056,564,6056.57,6054.32,6053.59,6052.62,6050.75,6055.6,6052.67,6083.24,6064.8,6072.8,6040,6040,0,5.64,6.25,14.15,6.85,0,0,0,0,           ,0,1,0,0,0,0,2.06,0.91,0.44,0.9,0.4,0.82,0.93,0,5.64,6.25,14.15,6.85,0,0,0,0,           ,0,1,0,0,0,0,2.06,0.91,0.44,0.9,0.4,0.82,0.93
2025/07/21-14:00,6055.4,6055.4,6049.6,6051,461,6054.98,6053.81,6053.39,6052.55,6050.75,6051,6054.25,6084.33,6064.8,6072.8,6051,6040,0,4.61,5.95,13.68,6.73,0,0,0,0,           ,1,0,0,0,0,0,2.03,0.88,0.44,0.77,0.34,0.69,0.82,0,4.61,5.95,13.68,6.73,0,0,0,0,           ,1,0,0,0,0,0,2.03,0.88,0.44,0.77,0.34,0.69,0.82
2025/07/21-14:05,6051.8,6062,6050.8,6058.6,423,6056.01,6054.54,6053.8,6052.8,6050.92,6052.8,6055.83,6085.42,6064.8,6072.8,6051,6040,0,4.23,5.64,13.22,6.59,0,0,0,0,           ,1,0,0,0,0,0,2.01,0.86,0.43,0.75,0.32,0.64,0.92,0,4.23,5.64,13.22,6.59,0,0,0,0,           ,1,0,0,0,0,0,2.01,0.86,0.43,0.75,0.32,0.64,0.92
2025/07/21-14:10,6058.6,6063,6057.8,6060.2,371,6057.21,6055.41,6054.31,6053.1,6051.11,6054.6,6057.42,6086.51,6064.8,6072.8,6051,6040,0,3.71,5.29,12.76,6.44,0,0,0,0,           ,1,0,0,0,0,0,1.98,0.82,0.41,0.7,0.29,0.58,0.88,0,3.71,5.29,12.76,6.44,0,0,0,0,           ,1,0,0,0,0,0,1.98,0.82,0.41,0.7,0.29,0.58,0.88
2025/07/21-14:15,6060.8,6062,6059.4,6060.6,306,6058.18,6056.21,6054.82,6053.41,6051.3,6056.4,6059,6087.6,6064.8,6072.8,6051,6040,0,3.06,4.88,12.28,6.27,0,0,0,0,           ,1,0,0,0,0,0,1.96,0.78,0.4,0.63,0.25,0.49,0.82,0,3.06,4.88,12.28,6.27,0,0,0,0,           ,1,0,0,0,0,0,1.96,0.78,0.4,0.63,0.25,0.49,0.82
2025/07/21-14:20,6060,6065,6058.2,6059.6,611,6058.58,6056.73,6055.2,6053.66,6051.47,6058.2,6060.58,6088.69,6064.8,6072.8,6051,6040,0,6.11,5.11,11.98,6.26,0,0,0,0,           ,0,0,1,1,0,0,1.91,0.82,0.43,1.2,0.51,0.98,2,0,6.11,5.11,11.98,6.26,0,0,0,0,           ,0,0,1,1,0,0,1.91,0.82,0.43,1.2,0.51,0.98,2
2025/07/21-14:25,6059.8,6064.6,6059.8,6062.6,449,6059.73,6057.64,6055.79,6054.02,6051.7,6060,6062.17,6089.78,6064.8,6072.8,6051,6040,0,4.49,4.99,11.62,6.17,0,0,0,0,           ,0,1,0,0,0,0,1.88,0.81,0.43,0.9,0.39,0.73,0.73,0,4.49,4.99,11.62,6.17,0,0,0,0,           ,0,1,0,0,0,0,1.88,0.81,0.43,0.9,0.39,0.73,0.73
2025/07/21-14:30,6062.8,6068,6061.4,6063.4,635,6060.78,6058.52,6056.4,6054.41,6051.94,6061.8,6063.75,6090.87,6064.8,6072.8,6051,6040,0,6.35,5.24,11.36,6.18,0,0,0,0,           ,0,0,1,0,0,0,1.84,0.85,0.46,1.21,0.56,1.03,1.41,0,6.35,5.24,11.36,6.18,0,0,0,0,           ,0,0,1,0,0,0,1.84,0.85,0.46,1.21,0.56,1.03,1.41
2025/07/21-14:35,6063.8,6066.6,6062,6063.6,473,6061.59,6059.3,6056.98,6054.78,6052.18,6063.6,6065.33,6091.96,6064.8,6072.8,6051,6040,0,4.73,5.15,11.04,6.11,0,0,0,0,           ,0,1,0,0,0,0,1.81,0.84,0.47,0.92,0.43,0.77,0.74,0,4.73,5.15,11.04,6.11,0,0,0,0,           ,0,1,0,0,0,0,1.81,0.84,0.47,0.92,0.43,0.77,0.74
2025/07/21-14:40,6063.6,6063.6,6056,6062.4,709,6061.82,6059.78,6057.41,6055.09,6052.39,6065.4,6066.92,6093.05,6064.8,6072.8,6051,6040,0,7.09,5.5,10.84,6.16,0,0,0,0,           ,0,0,1,0,0,0,1.76,0.89,0.51,1.29,0.65,1.15,1.5,0,7.09,5.5,10.84,6.16,0,0,0,0,           ,0,0,1,0,0,0,1.76,0.89,0.51,1.29,0.65,1.15,1.5
2025/07/21-14:45,6061.6,6063.6,6060.2,6060.6,536,6061.47,6059.91,6057.67,6055.32,6052.56,6067.2,6068.5,6094.14,6064.8,6072.8,6051,6040,0,5.36,5.48,10.58,6.12,0,0,0,0,           ,0,1,0,0,0,0,1.73,0.89,0.52,0.98,0.51,0.88,0.76,0,5.36,5.48,10.58,6.12,0,0,0,0,           ,0,1,0,0,0,0,1.73,0.89,0.52,0.98,0.51,0.88,0.76
2025/07/21-14:50,6060.6,6062.2,6057,6061,810,6061.34,6060.07,6057.93,6055.55,6052.74,6069,6070.08,6095.23,6064.8,6072.8,6051,6040,0,8.1,5.95,10.46,6.21,0,0,0,0,           ,0,0,1,1,0,0,1.68,0.96,0.57,1.36,0.77,1.3,1.51,0,8.1,5.95,10.46,6.21,0,0,0,0,           ,0,0,1,1,0,0,1.68,0.96,0.57,1.36,0.77,1.3,1.51
2025/07/21-14:55,6061.2,6061.2,6056.2,6056.8,1090,6060.04,6059.57,6057.84,6055.6,6052.82,6070.8,6071.67,6096.32,6064.8,6072.8,6051,6040,0,10.9,6.85,10.48,6.41,0,0,0,0,           ,0,0,1,0,0,0,1.63,1.07,0.65,1.59,1.04,1.7,1.35,0,10.9,6.85,10.48,6.41,0,0,0,0,           ,0,0,1,0,0,0,1.63,1.07,0.65,1.59,1.04,1.7,1.35
2025/07/21-15:00,6056.6,6058,6055.4,6055.6,1373,6058.77,6058.96,6057.66,6055.6,6052.88,6072.6,6073.25,6097.41,6064.8,6072.8,6051,6040,0,13.73,8.1,10.64,6.71,0,0,0,1,           ,0,0,1,0,0,0,1.58,1.21,0.76,1.69,1.29,2.05,1.26,0,13.73,8.1,10.64,6.71,0,0,0,1,           ,0,0,1,0,0,0,1.58,1.21,0.76,1.69,1.29,2.05,1.26
2025/07/22-09:35,6064,6073.4,6056,6067.2,2962,6061.18,6060.23,6058.43,6056.07,6053.17,6074.4,6074.83,6098.49,6064.8,6072.8,6051,6040,0,29.62,12.01,11.56,7.65,0,1,0,1,12.01,0,0,1,1,1,1,1.51,1.57,1.04,2.47,2.56,3.87,2.16,0,29.62,12.01,11.56,7.65,0,1,0,1,12.01,0,0,1,1,1,1,1.51,1.57,1.04,2.47,2.56,3.87,2.16
2025/07/22-09:40,6067.2,6080.8,6066.6,6074.6,1751,6065.01,6062.44,6059.72,6056.83,6053.62,6076.2,6076.42,6099.58,6064.8,6072.8,6051,6040,0,17.51,13.01,11.85,8.04,0,0,0,1,13.01,0,0,1,0,0,0,1.47,1.62,1.1,1.35,1.48,2.18,0.59,0,17.51,13.01,11.85,8.04,0,0,0,1,13.01,0,0,1,0,0,0,1.47,1.62,1.1,1.35,1.48,2.18,0.59
2025/07/22-09:45,6074.4,6078,6069.2,6078,1204,6068.72,6064.83,6061.18,6057.69,6054.12,6078,6078,6100.67,6078,6078,6051,6040,0,12.04,12.84,11.86,8.2,0,0,0,0,12.84,0,1,0,0,0,0,1.45,1.57,1.08,0.94,1.02,1.47,0.69,0,12.04,12.84,11.86,8.2,0,0,0,0,12.84,0,1,0,0,0,0,1.45,1.57,1.08,0.94,1.02,1.47,0.69
2025/07/22-09:50,6078.6,6079.4,6067.2,6067.2,977,6068.29,6065.2,6061.66,6058.08,6054.39,6074.65,6074.65,6101.76,6078,6078,6051,6040,0,9.77,12.28,11.76,8.26,0,0,0,0,12.28,0,1,0,0,0,0,1.42,1.49,1.04,0.8,0.83,1.18,0.81,0,9.77,12.28,11.76,8.26,0,0,0,0,12.28,0,1,0,0,0,0,1.42,1.49,1.04,0.8,0.83,1.18,0.81
2025/07/22-09:55,6067,6075,6066.4,6074.2,733,6069.98,6066.58,6062.67,6058.74,6054.8,6071.3,6071.3,6102.85,6078,6078,6051,6040,0,7.33,11.38,11.54,8.23,0,0,0,0,11.38,1,0,0,0,0,0,1.4,1.38,0.99,0.64,0.63,0.89,0.75,0,7.33,11.38,11.54,8.23,0,0,0,0,11.38,1,0,0,0,0,0,1.4,1.38,0.99,0.64,0.63,0.89,0.75
2025/07/22-10:00,6074,6075.2,6063,6073.4,865,6070.96,6067.63,6063.53,6059.34,6055.18,6067.95,6067.95,6103.94,6078,6078,6051,6040,0,8.65,10.88,11.4,8.24,0,0,0,0,10.88,0,1,0,0,0,0,1.38,1.32,0.95,0.79,0.76,1.05,1.18,0,8.65,10.88,11.4,8.24,0,0,0,0,10.88,0,1,0,0,0,0,1.38,1.32,0.95,0.79,0.76,1.05,1.18
2025/07/22-10:05,6073.6,6076.8,6066,6069.6,782,6070.57,6067.93,6064.01,6059.76,6055.48,6064.6,6064.6,6105.03,6078,6078,6051,6040,0,7.82,10.33,11.23,8.23,0,0,0,0,           ,1,0,0,0,0,0,1.36,1.26,0.92,0.76,0.7,0.95,0.9,0,7.82,10.33,11.23,8.23,0,0,0,0,           ,1,0,0,0,0,0,1.36,1.26,0.92,0.76,0.7,0.95,0.9
2025/07/22-10:10,6069.6,6075,6069.6,6071.8,449,6070.92,6068.53,6064.63,6060.25,6055.81,6061.25,6061.25,6106.12,6078,6078,6051,6040,0,4.49,9.27,10.9,8.09,0,0,0,0,           ,1,0,0,0,0,0,1.35,1.14,0.85,0.48,0.41,0.55,0.57,0,4.49,9.27,10.9,8.09,0,0,0,0,           ,1,0,0,0,0,0,1.35,1.14,0.85,0.48,0.41,0.55,0.57
2025/07/22-10:15,6071.4,6075,6069,6074.4,541,6071.91,6069.43,6065.42,6060.83,6056.2,6057.9,6057.9,6107.21,6078,6078,6051,6040,0,5.41,8.56,10.63,8,0,0,0,0,           ,1,0,0,0,0,0,1.33,1.07,0.81,0.63,0.51,0.68,1.2,0,5.41,8.56,10.63,8,0,0,0,0,           ,1,0,0,0,0,0,1.33,1.07,0.81,0.63,0.51,0.68,1.2
2025/07/22-10:20,6073.6,6074.8,6062.8,6063.4,706,6069.48,6068.5,6065.25,6060.93,6056.35,6054.55,6054.55,6108.3,6078,6078,6051,6040,0,7.06,8.29,10.46,7.97,0,0,0,0,           ,0,1,0,0,0,0,1.31,1.04,0.79,0.85,0.68,0.89,1.3,0,7.06,8.29,10.46,7.97,0,0,0,0,           ,0,1,0,0,0,0,1.31,1.04,0.79,0.85,0.68,0.89,1.3
2025/07/22-10:25,6062.8,6064.6,6051.2,6051.2,1625,6064.26,6065.84,6064.13,6060.53,6056.24,6051.2,6051.2,6109.39,6078,6078,6051.2,6051.2,0,16.25,9.74,10.74,8.25,0,0,0,0,           ,0,0,1,1,0,0,1.3,1.18,0.91,1.67,1.51,1.97,2.3,0,16.25,9.74,10.74,8.25,0,0,0,0,           ,0,0,1,1,0,0,1.3,1.18,0.91,1.67,1.51,1.97,2.3
2025/07/22-10:30,6051,6059.8,6050,6057.4,1071,6062.3,6064.54,6063.59,6060.41,6056.26,6055.52,6055.52,6110.48,6078,6078,6051.2,6051.2,0,10.71,9.91,10.74,8.33,0,0,0,0,           ,0,1,0,0,0,0,1.29,1.19,0.92,1.08,1,1.29,0.66,0,10.71,9.91,10.74,8.33,0,0,0,0,           ,0,1,0,0,0,0,1.29,1.19,0.92,1.08,1,1.29,0.66
2025/07/22-10:35,6057,6066,6056,6066,925,6063.36,6064.77,6063.78,6060.64,6056.46,6059.84,6059.84,6111.57,6078,6078,6051.2,6051.2,0,9.25,9.79,10.67,8.36,0,0,0,0,           ,0,1,0,0,0,0,1.28,1.17,0.92,0.94,0.87,1.11,0.86,0,9.25,9.79,10.67,8.36,0,0,0,0,           ,0,1,0,0,0,0,1.28,1.17,0.92,0.94,0.87,1.11,0.86
2025/07/22-10:40,6066,6073.8,6064.6,6072.4,1002,6065.94,6065.94,6064.47,6061.12,6056.79,6064.17,6064.17,6112.66,6078,6078,6051.2,6051.2,0,10.02,9.83,10.63,8.41,0,0,0,0,           ,0,1,0,0,0,0,1.26,1.17,0.92,1.02,0.94,1.19,1.08,0,10.02,9.83,10.63,8.41,0,0,0,0,           ,0,1,0,0,0,0,1.26,1.17,0.92,1.02,0.94,1.19,1.08
2025/07/22-10:45,6072.4,6078.6,6071.4,6075.2,935,6068.59,6067.37,6065.33,6061.69,6057.17,6068.49,6068.49,6113.75,6078,6078,6051.2,6051.2,0,9.35,9.75,10.57,8.44,0,0,0,0,           ,0,1,0,0,0,0,1.25,1.15,0.92,0.96,0.88,1.11,0.93,0,9.35,9.75,10.57,8.44,0,0,0,0,           ,0,1,0,0,0,0,1.25,1.15,0.92,0.96,0.88,1.11,0.93
2025/07/22-10:50,6075.8,6089.8,6075,6089.6,1014,6074.59,6070.79,6067.27,6062.83,6057.84,6072.81,6072.81,6114.84,6078,6078,6051.2,6051.2,0,10.14,9.82,10.55,8.5,0,0,0,0,           ,0,1,0,0,0,0,1.24,1.16,0.93,1.03,0.96,1.19,1.08,0,10.14,9.82,10.55,8.5,0,0,0,0,           ,0,1,0,0,0,0,1.24,1.16,0.93,1.03,0.96,1.19,1.08
2025/07/22-10:55,6089.4,6095,6087.6,6094.6,1349,6080.31,6074.45,6069.46,6064.13,6058.6,6077.13,6077.13,6115.93,6078,6078,6051.2,6051.2,0,13.49,10.49,10.69,8.65,0,0,0,0,           ,0,0,1,0,0,0,1.24,1.21,0.98,1.29,1.26,1.56,1.33,0,13.49,10.49,10.69,8.65,0,0,0,0,           ,0,0,1,0,0,0,1.24,1.21,0.98,1.29,1.26,1.56,1.33
2025/07/22-11:00,6094,6095,6087.2,6091,799,6083.36,6077,6071.18,6065.22,6059.27,6081.46,6081.46,6117.02,6078,6078,6051.2,6051.2,0,7.99,10.03,10.56,8.63,0,0,0,0,           ,0,1,0,0,0,0,1.22,1.16,0.95,0.8,0.76,0.93,0.59,0,7.99,10.03,10.56,8.63,0,0,0,0,           ,0,1,0,0,0,0,1.22,1.16,0.95,0.8,0.76,0.93,0.59
2025/07/22-11:05,6091.6,6093,6085.2,6091.8,666,6085.77,6079.27,6072.83,6066.31,6059.94,6085.78,6085.78,6118.11,6078,6078,6051.2,6051.2,0,6.66,9.42,10.37,8.57,0,0,0,0,           ,1,0,0,0,0,0,1.21,1.1,0.91,0.71,0.64,0.78,0.83,0,6.66,9.42,10.37,8.57,0,0,0,0,           ,1,0,0,0,0,0,1.21,1.1,0.91,0.71,0.64,0.78,0.83
2025/07/22-11:10,6091.8,6091.8,6085,6089.8,355,6086.92,6080.89,6074.19,6067.27,6060.55,6090.1,6090.1,6119.19,6078,6078,6051.2,6051.2,0,3.55,8.35,10.04,8.42,0,0,0,0,           ,1,0,0,0,0,0,1.19,0.99,0.83,0.43,0.35,0.42,0.53,0,3.55,8.35,10.04,8.42,0,0,0,0,           ,1,0,0,0,0,0,1.19,0.99,0.83,0.43,0.35,0.42,0.53
2025/07/22-11:15,6089.6,6098,6087,6095.2,538,6089.29,6083.09,6075.87,6068.41,6061.27,6094.42,6094.42,6120.28,6078,6078,6051.2,6051.2,0,5.38,7.81,9.81,8.33,0,0,0,0,           ,1,0,0,1,0,0,1.18,0.94,0.8,0.69,0.55,0.65,1.52,0,5.38,7.81,9.81,8.33,0,0,0,0,           ,1,0,0,1,0,0,1.18,0.94,0.8,0.69,0.55,0.65,1.52
2025/07/22-11:20,6095,6099.4,6093.2,6098.6,483,6091.95,6085.48,6077.69,6069.64,6062.04,6098.74,6098.74,6121.37,6078,6078,6051.2,6051.2,0,4.83,7.27,9.57,8.23,0,0,0,0,           ,1,0,0,0,0,0,1.16,0.88,0.76,0.66,0.5,0.59,0.9,0,4.83,7.27,9.57,8.23,0,0,0,0,           ,1,0,0,0,0,0,1.16,0.88,0.76,0.66,0.5,0.59,0.9
2025/07/22-11:25,6098.6,6106,6093.4,6095.6,1081,6092.99,6087.04,6079.12,6070.7,6062.73,6103.07,6103.07,6122.46,6078,6078,6051.2,6051.2,0,10.81,7.91,9.63,8.31,0,0,0,0,           ,0,0,1,1,0,0,1.16,0.95,0.82,1.37,1.12,1.3,2.24,0,10.81,7.91,9.63,8.31,0,0,0,0,           ,0,0,1,1,0,0,1.16,0.95,0.82,1.37,1.12,1.3,2.24
2025/07/22-11:30,6094.8,6108,6094.8,6102.6,939,6095.74,6089.43,6081,6072,6063.55,6107.39,6107.39,6123.55,6078,6078,6051.2,6051.2,0,9.39,8.18,9.62,8.34,0,0,0,0,           ,0,1,0,0,0,0,1.15,0.98,0.85,1.15,0.98,1.13,0.87,0,9.39,8.18,9.62,8.34,0,0,0,0,           ,0,1,0,0,0,0,1.15,0.98,0.85,1.15,0.98,1.13,0.87
2025/07/22-13:05,6104,6106.4,6093.2,6095.6,2100,6095.7,6090.38,6082.17,6072.96,6064.21,6111.71,6111.71,6124.64,6078,6078,6051.2,6051.2,0,21,10.51,10.17,8.68,0,0,0,1,           ,0,0,1,1,0,0,1.17,1.21,1.03,2,2.06,2.42,2.24,0,21,10.51,10.17,8.68,0,0,0,1,           ,0,0,1,1,0,0,1.17,1.21,1.03,2,2.06,2.42,2.24
2025/07/22-13:10,6095.6,6104,6090,6098.6,1380,6096.53,6091.65,6083.48,6074.01,6064.92,6116.03,6116.03,6125.73,6078,6078,6051.2,6051.2,0,13.8,11.11,10.35,8.82,0,0,0,0,           ,0,0,1,0,0,0,1.17,1.26,1.07,1.24,1.33,1.56,0.66,0,13.8,11.11,10.35,8.82,0,0,0,0,           ,0,0,1,0,0,0,1.17,1.26,1.07,1.24,1.33,1.56,0.66
2025/07/22-13:15,6098.2,6108.8,6096.4,6102.4,1152,6098.21,6093.3,6085,6075.17,6065.69,6120.36,6120.36,6126.82,6078,6078,6051.2,6051.2,0,11.52,11.18,10.41,8.89,0,0,0,0,           ,0,1,0,0,0,0,1.17,1.26,1.07,1.03,1.11,1.3,0.83,0,11.52,11.18,10.41,8.89,0,0,0,0,           ,0,1,0,0,0,0,1.17,1.26,1.07,1.03,1.11,1.3,0.83
2025/07/22-13:20,6102.6,6109.4,6100,6105,826,6100.15,6095.1,6086.6,6076.39,6066.5,6124.68,6124.68,6127.91,6078,6078,6051.2,6051.2,0,8.26,10.65,10.3,8.88,0,0,0,0,           ,1,0,0,0,0,0,1.16,1.2,1.03,0.78,0.8,0.93,0.72,0,8.26,10.65,10.3,8.88,0,0,0,0,           ,1,0,0,0,0,0,1.16,1.2,1.03,0.78,0.8,0.93,0.72
2025/07/22-13:25,6104.8,6129,6102.4,6129,1897,6108.39,6100.31,6089.99,6078.53,6067.79,6129,6129,6129,6129,6129,6051.2,6051.2,0,18.97,12.17,10.72,9.14,0,0,0,1,12.17,0,0,1,1,0,0,1.17,1.33,1.13,1.56,1.77,2.08,2.3,0,18.97,12.17,10.72,9.14,0,0,0,1,12.17,0,0,1,1,0,0,1.17,1.33,1.13,1.56,1.77,2.08,2.3
2025/07/22-13:30,6129,6129,6114,6115.6,1206,6110.45,6102.67,6092.04,6080.05,6068.78,6124.62,6124.62,6124.62,6129,6129,6051.2,6051.2,0,12.06,12.15,10.79,9.21,0,0,0,0,12.15,0,1,0,0,0,0,1.17,1.32,1.13,0.99,1.12,1.31,0.64,0,12.06,12.15,10.79,9.21,0,0,0,0,12.15,0,1,0,0,0,0,1.17,1.32,1.13,0.99,1.12,1.31,0.64
2025/07/22-13:35,6116.4,6119.4,6101.2,6109.6,1235,6110.21,6103.73,6093.44,6081.25,6069.62,6120.24,6120.24,6120.24,6129,6129,6051.2,6051.2,0,12.35,12.18,10.87,9.29,0,0,0,0,12.18,0,1,0,0,0,0,1.17,1.31,1.12,1.01,1.14,1.33,1.02,0,12.35,12.18,10.87,9.29,0,0,0,0,12.18,0,1,0,0,0,0,1.17,1.31,1.12,1.01,1.14,1.33,1.02
2025/07/22-13:40,6109.6,6124.8,6109.6,6115,817,6111.58,6105.47,6095.17,6082.63,6070.56,6115.87,6115.87,6115.87,6129,6129,6051.2,6051.2,0,8.17,11.45,10.73,9.27,0,0,0,0,           ,1,0,0,0,0,0,1.16,1.24,1.07,0.71,0.76,0.88,0.66,0,8.17,11.45,10.73,9.27,0,0,0,0,           ,1,0,0,0,0,0,1.16,1.24,1.07,0.71,0.76,0.88,0.66
2025/07/22-13:45,6113.8,6117,6108.8,6110.2,464,6111.18,6106.19,6096.37,6083.76,6071.37,6111.49,6111.49,6111.49,6129,6129,6051.2,6051.2,0,4.64,10.21,10.44,9.15,0,0,0,0,           ,1,0,0,0,0,0,1.14,1.12,0.98,0.45,0.44,0.51,0.57,0,4.64,10.21,10.44,9.15,0,0,0,0,           ,1,0,0,0,0,0,1.14,1.12,0.98,0.45,0.44,0.51,0.57
2025/07/22-13:50,6109,6110.2,6102.8,6103.6,565,6109.02,6105.8,6096.95,6084.57,6072.04,6107.11,6107.11,6107.11,6129,6129,6051.2,6051.2,0,5.65,9.38,10.2,9.07,0,0,0,0,           ,1,0,0,0,0,0,1.13,1.04,0.92,0.6,0.55,0.62,1.22,0,5.65,9.38,10.2,9.07,0,0,0,0,           ,1,0,0,0,0,0,1.13,1.04,0.92,0.6,0.55,0.62,1.22
2025/07/22-13:55,6103.8,6104.2,6098.2,6099.6,685,6106.33,6104.84,6097.16,6085.18,6072.61,6102.73,6102.73,6102.73,6129,6129,6051.2,6051.2,0,6.85,8.92,10.04,9.01,0,0,0,0,           ,1,0,0,0,0,0,1.11,0.99,0.89,0.77,0.68,0.76,1.21,0,6.85,8.92,10.04,9.01,0,0,0,0,           ,1,0,0,0,0,0,1.11,0.99,0.89,0.77,0.68,0.76,1.21
2025/07/22-14:00,6099,6107.4,6098.4,6101.8,719,6105.03,6104.37,6097.53,6085.86,6073.21,6098.36,6098.36,6098.36,6129,6129,6051.2,6051.2,0,7.19,8.61,9.9,8.97,0,0,0,0,           ,0,1,0,0,0,0,1.1,0.96,0.87,0.84,0.73,0.8,1.05,0,7.19,8.61,9.9,8.97,0,0,0,0,           ,0,1,0,0,0,0,1.1,0.96,0.87,0.84,0.73,0.8,1.05
2025/07/22-14:05,6101.8,6107.4,6089.2,6089.8,1102,6100.68,6102.13,6096.91,6086.02,6073.55,6093.98,6093.98,6093.98,6129,6129,6051.2,6051.2,0,11.02,9.05,9.96,9.02,0,0,0,0,           ,0,0,1,1,0,0,1.1,1,0.91,1.22,1.11,1.22,1.53,0,11.02,9.05,9.96,9.02,0,0,0,0,           ,0,0,1,1,0,0,1.1,1,0.91,1.22,1.11,1.22,1.53
2025/07/22-14:10,6089.6,6100,6087,6089.6,1218,6097.51,6100.2,6096.33,6086.17,6073.88,6089.6,6089.6,6089.6,6129,6129,6089.6,6089.6,0,12.18,9.62,10.06,9.09,0,0,0,0,           ,0,0,1,0,0,0,1.11,1.06,0.96,1.27,1.21,1.34,1.11,0,12.18,9.62,10.06,9.09,0,0,0,0,           ,0,0,1,0,0,0,1.11,1.06,0.96,1.27,1.21,1.34,1.11
2025/07/22-14:15,6089.6,6099,6086.4,6097,920,6097.37,6099.71,6096.38,6086.61,6074.36,6093.58,6093.58,6091.96,6129,6129,6089.6,6089.6,0,9.2,9.54,10.02,9.09,0,0,0,0,           ,0,1,0,0,0,0,1.1,1.05,0.95,0.96,0.92,1.01,0.76,0,9.2,9.54,10.02,9.09,0,0,0,0,           ,0,1,0,0,0,0,1.1,1.05,0.95,0.96,0.92,1.01,0.76
2025/07/22-14:20,6097.8,6105.6,6096.8,6097.4,921,6097.38,6099.36,6096.46,6087.05,6074.83,6097.55,6097.55,6094.32,6129,6129,6089.6,6089.6,0,9.21,9.48,9.98,9.1,0,0,0,0,           ,0,1,0,0,0,0,1.1,1.04,0.95,0.97,0.92,1.01,1,0,9.21,9.48,9.98,9.1,0,0,0,0,           ,0,1,0,0,0,0,1.1,1.04,0.95,0.97,0.92,1.01,1
2025/07/22-14:25,6096.8,6110,6096.4,6108,558,6100.41,6100.69,6097.39,6087.9,6075.52,6101.52,6101.52,6096.69,6129,6129,6089.6,6089.6,0,5.58,8.77,9.77,9.02,0,0,0,0,           ,1,0,0,0,0,0,1.08,0.97,0.9,0.64,0.57,0.62,0.61,0,5.58,8.77,9.77,9.02,0,0,0,0,           ,1,0,0,0,0,0,1.08,0.97,0.9,0.64,0.57,0.62,0.61
2025/07/22-14:30,6107.6,6118.4,6104.6,6118.2,820,6105.49,6103.38,6099.05,6089.14,6076.4,6105.5,6105.5,6099.05,6129,6129,6089.6,6089.6,0,8.2,8.67,9.69,9,0,0,0,0,           ,0,1,0,0,0,0,1.08,0.96,0.89,0.95,0.85,0.91,1.47,0,8.2,8.67,9.69,9,0,0,0,0,           ,0,1,0,0,0,0,1.08,0.96,0.89,0.95,0.85,0.91,1.47
2025/07/22-14:35,6118.6,6129.8,6117.6,6122,1778,6110.21,6106.24,6100.89,6090.48,6077.34,6109.48,6109.48,6101.41,6129,6129,6089.6,6089.6,0,17.78,10.32,10.09,9.19,0,0,0,0,           ,0,0,1,1,0,0,1.1,1.12,1.02,1.72,1.76,1.93,2.17,0,17.78,10.32,10.09,9.19,0,0,0,0,           ,0,0,1,1,0,0,1.1,1.12,1.02,1.72,1.76,1.93,2.17
2025/07/22-14:40,6122.4,6125.2,6114.6,6119,981,6112.72,6108.21,6102.34,6091.65,6078.2,6113.45,6113.45,6103.77,6129,6129,6089.6,6089.6,0,9.81,10.23,10.07,9.21,0,0,0,0,           ,0,1,0,0,0,0,1.09,1.11,1.02,0.96,0.97,1.07,0.55,0,9.81,10.23,10.07,9.21,0,0,0,0,           ,0,1,0,0,0,0,1.09,1.11,1.02,0.96,0.97,1.07,0.55
2025/07/22-14:45,6119.6,6121.4,6112.2,6119,662,6114.52,6109.87,6103.67,6092.76,6079.04,6117.43,6117.43,6106.14,6129,6129,6089.6,6089.6,0,6.62,9.57,9.9,9.15,0,0,0,0,           ,1,0,0,0,0,0,1.08,1.05,0.97,0.69,0.67,0.72,0.67,0,6.62,9.57,9.9,9.15,0,0,0,0,           ,1,0,0,0,0,0,1.08,1.05,0.97,0.69,0.67,0.72,0.67
2025/07/22-14:50,6120.2,6121.8,6115.2,6117.8,707,6115.45,6111.09,6104.8,6093.78,6079.84,6121.4,6121.4,6108.5,6129,6129,6089.6,6089.6,0,7.07,9.12,9.77,9.11,0,0,0,0,           ,1,0,0,0,0,0,1.07,1,0.93,0.78,0.72,0.78,1.07,0,7.07,9.12,9.77,9.11,0,0,0,0,           ,1,0,0,0,0,0,1.07,1,0.93,0.78,0.72,0.78,1.07
2025/07/22-14:55,6118.4,6121.6,6115.2,6118,793,6116.18,6112.15,6105.86,6094.77,6080.62,6125.38,6125.38,6110.86,6129,6129,6089.6,6089.6,0,7.93,8.9,9.68,9.08,0,0,0,0,           ,0,1,0,0,0,0,1.07,0.98,0.92,0.89,0.82,0.87,1.12,0,7.93,8.9,9.68,9.08,0,0,0,0,           ,0,1,0,0,0,0,1.07,0.98,0.92,0.89,0.82,0.87,1.12
2025/07/22-15:00,6117.8,6132.8,6115.2,6129.4,1752,6119.96,6114.81,6107.74,6096.19,6081.63,6129.35,6129.35,6113.22,6129,6129,6089.6,6089.6,0,17.52,10.47,10.06,9.26,0,0,0,0,           ,0,0,1,1,0,0,1.09,1.13,1.04,1.67,1.74,1.89,2.21,0,17.52,10.47,10.06,9.26,0,0,0,0,           ,0,0,1,1,0,0,1.09,1.13,1.04,1.67,1.74,1.89,2.21
2025/07/23-09:35,6135.8,6148.2,6111.8,6119.8,4125,6119.91,6115.57,6108.7,6097.15,6082.42,6133.33,6133.33,6115.58,6129,6129,6089.6,6089.6,0,41.25,16.07,11.58,9.92,0,1,0,1,16.07,0,0,1,1,1,1,1.17,1.62,1.39,2.57,3.56,4.16,2.35,0,41.25,16.07,11.58,9.92,0,1,0,1,16.07,0,0,1,1,1,1,1.17,1.62,1.39,2.57,3.56,4.16,2.35
2025/07/23-09:40,6119.8,6139,6119.4,6132.8,2228,6123.6,6118.22,6110.63,6098.6,6083.46,6137.3,6137.3,6117.95,6129,6129,6089.6,6089.6,0,22.28,17.2,12.1,10.17,0,0,0,1,17.2,0,0,1,0,0,0,1.19,1.69,1.42,1.3,1.84,2.19,0.54,0,22.28,17.2,12.1,10.17,0,0,0,1,17.2,0,0,1,0,0,0,1.19,1.69,1.42,1.3,1.84,2.19,0.54
2025/07/23-09:45,6132,6133,6117.8,6129.6,1644,6125.31,6119.97,6112.15,6099.87,6084.41,6141.28,6141.28,6120.31,6129,6129,6089.6,6089.6,0,16.44,17.06,12.31,10.3,0,0,0,0,17.06,0,1,0,0,0,0,1.2,1.66,1.39,0.96,1.34,1.6,0.74,0,16.44,17.06,12.31,10.3,0,0,0,0,17.06,0,1,0,0,0,0,1.2,1.66,1.39,0.96,1.34,1.6,0.74
2025/07/23-09:50,6129.6,6144,6128.8,6132,1781,6127.22,6121.82,6113.74,6101.18,6085.39,6145.25,6145.25,6122.67,6129,6129,6089.6,6089.6,0,17.81,17.2,12.58,10.45,0,0,0,0,17.2,0,1,0,0,0,0,1.2,1.65,1.37,1.04,1.42,1.71,1.08,0,17.81,17.2,12.58,10.45,0,0,0,0,17.2,0,1,0,0,0,0,1.2,1.65,1.37,1.04,1.42,1.71,1.08
2025/07/23-09:55,6132,6145.6,6130.2,6143.2,1167,6131.79,6125.11,6116.09,6102.9,6086.58,6149.23,6149.23,6125.03,6129,6129,6089.6,6089.6,0,11.67,16.19,12.54,10.47,0,0,0,0,16.19,1,0,0,0,0,0,1.2,1.55,1.29,0.72,0.93,1.11,0.66,0,11.67,16.19,12.54,10.47,0,0,0,0,16.19,1,0,0,0,0,0,1.2,1.55,1.29,0.72,0.93,1.11,0.66
2025/07/23-10:00,6143.6,6158,6142,6153.2,1516,6137.91,6129.43,6119.06,6104.95,6087.95,6153.2,6153.2,6127.39,6153.2,6153.2,6089.6,6089.6,0,15.16,16,12.67,10.56,0,0,0,0,16,0,1,0,0,0,0,1.2,1.52,1.26,0.95,1.2,1.44,1.3,0,15.16,16,12.67,10.56,0,0,0,0,16,0,1,0,0,0,0,1.2,1.52,1.26,0.95,1.2,1.44,1.3
2025/07/23-10:05,6153.2,6156.8,6137,6142.8,1249,6139.3,6131.49,6120.96,6106.49,6089.09,6150.47,6150.47,6129.76,6153.2,6153.2,6089.6,6089.6,0,12.49,15.36,12.66,10.6,0,0,0,0,15.36,0,1,0,0,0,0,1.19,1.45,1.21,0.81,0.99,1.18,0.82,0,12.49,15.36,12.66,10.6,0,0,0,0,15.36,0,1,0,0,0,0,1.19,1.45,1.21,0.81,0.99,1.18,0.82
2025/07/23-10:10,6143.2,6155.8,6143.2,6152.8,951,6143.16,6134.77,6123.51,6108.38,6090.4,6147.75,6147.75,6132.12,6153.2,6153.2,6089.6,6089.6,0,9.51,14.3,12.5,10.58,0,0,0,0,14.3,1,0,0,0,0,0,1.18,1.35,1.14,0.67,0.76,0.9,0.76,0,9.51,14.3,12.5,10.58,0,0,0,0,14.3,1,0,0,0,0,0,1.18,1.35,1.14,0.67,0.76,0.9,0.76
2025/07/23-10:15,6153.4,6153.8,6137,6143,846,6143.11,6136.04,6125.07,6109.8,6091.48,6145.02,6145.02,6134.48,6153.2,6153.2,6089.6,6089.6,0,8.46,13.24,12.31,10.54,0,0,0,0,           ,1,0,0,0,0,0,1.17,1.26,1.08,0.64,0.69,0.8,0.89,0,8.46,13.24,12.31,10.54,0,0,0,0,           ,1,0,0,0,0,0,1.17,1.26,1.08,0.64,0.69,0.8,0.89
2025/07/23-10:20,6142.2,6143.6,6130.2,6131.4,826,6139.77,6135.32,6125.57,6110.68,6092.31,6142.29,6142.29,6136.84,6153.2,6153.2,6089.6,6089.6,0,8.26,12.33,12.11,10.5,0,0,0,0,           ,1,0,0,0,0,0,1.15,1.18,1.02,0.67,0.68,0.79,0.98,0,8.26,12.33,12.11,10.5,0,0,0,0,           ,1,0,0,0,0,0,1.15,1.18,1.02,0.67,0.68,0.79,0.98
2025/07/23-10:25,6131,6134.6,6126.8,6131.8,1076,6137.49,6134.78,6126.07,6111.54,6093.12,6139.56,6139.56,6139.21,6153.2,6153.2,6089.6,6089.6,0,10.76,12.05,12.04,10.5,0,0,0,0,           ,0,1,0,0,0,0,1.15,1.15,1,0.89,0.89,1.02,1.3,0,10.76,12.05,12.04,10.5,0,0,0,0,           ,0,1,0,0,0,0,1.15,1.15,1,0.89,0.89,1.02,1.3
2025/07/23-10:30,6132,6137.8,6126,6134.8,766,6136.72,6134.78,6126.77,6112.49,6093.98,6136.84,6136.84,6141.57,6153.2,6153.2,6089.6,6089.6,0,7.66,11.25,11.83,10.45,0,0,0,0,           ,1,0,0,0,0,0,1.13,1.08,0.95,0.68,0.65,0.73,0.71,0,7.66,11.25,11.83,10.45,0,0,0,0,           ,1,0,0,0,0,0,1.13,1.08,0.95,0.68,0.65,0.73,0.71
2025/07/23-10:35,6134.4,6141,6132.4,6135.2,586,6136.29,6134.85,6127.44,6113.42,6094.83,6134.11,6134.11,6143.93,6153.2,6153.2,6089.6,6089.6,0,5.86,10.27,11.54,10.36,0,0,0,0,           ,1,0,0,0,0,0,1.11,0.99,0.89,0.57,0.51,0.57,0.77,0,5.86,10.27,11.54,10.36,0,0,0,0,           ,1,0,0,0,0,0,1.11,0.99,0.89,0.57,0.51,0.57,0.77
2025/07/23-10:40,6135,6138.8,6131.6,6133.4,502,6135.46,6134.62,6127.92,6114.23,6095.63,6131.38,6131.38,6146.29,6153.2,6153.2,6089.6,6089.6,0,5.02,9.32,11.22,10.27,0,0,0,0,           ,1,0,0,0,0,0,1.09,0.91,0.83,0.54,0.45,0.49,0.86,0,5.02,9.32,11.22,10.27,0,0,0,0,           ,1,0,0,0,0,0,1.09,0.91,0.83,0.54,0.45,0.49,0.86
2025/07/23-10:45,6134.4,6135,6126.8,6127.6,520,6133.22,6133.54,6127.9,6114.78,6096.29,6128.65,6128.65,6148.65,6153.2,6153.2,6089.6,6089.6,0,5.2,8.57,10.93,10.17,0,0,0,0,           ,1,0,0,0,0,0,1.07,0.84,0.78,0.61,0.48,0.51,1.04,0,5.2,8.57,10.93,10.17,0,0,0,0,           ,1,0,0,0,0,0,1.07,0.84,0.78,0.61,0.48,0.51,1.04
2025/07/23-10:50,6126.8,6132.4,6124,6128.6,644,6131.9,6132.78,6127.95,6115.34,6096.95,6125.93,6125.93,6151.02,6153.2,6153.2,6089.6,6089.6,0,6.44,8.18,10.71,10.11,0,0,0,0,           ,0,1,0,0,0,0,1.06,0.81,0.76,0.79,0.6,0.64,1.24,0,6.44,8.18,10.71,10.11,0,0,0,0,           ,0,1,0,0,0,0,1.06,0.81,0.76,0.79,0.6,0.64,1.24
2025/07/23-10:55,6128.6,6129.2,6122.8,6123.2,522,6129.41,6131.31,6127.57,6115.66,6097.49,6123.2,6123.2,6153.38,6153.2,6153.2,6123.2,6123.2,0,5.22,7.64,10.44,10.02,0,0,0,0,           ,1,0,0,0,0,0,1.04,0.76,0.73,0.68,0.5,0.52,0.81,0,5.22,7.64,10.44,10.02,0,0,0,0,           ,1,0,0,0,0,0,1.04,0.76,0.73,0.68,0.5,0.52,0.81
2025/07/23-11:00,6122,6131,6122,6125.6,642,6128.32,6130.43,6127.41,6116.07,6098.07,6128.58,6128.58,6155.74,6153.2,6153.2,6123.2,6123.2,0,6.42,7.42,10.24,9.96,0,0,0,0,           ,0,1,0,0,0,0,1.03,0.75,0.72,0.87,0.63,0.64,1.23,0,6.42,7.42,10.24,9.96,0,0,0,0,           ,0,1,0,0,0,0,1.03,0.75,0.72,0.87,0.63,0.64,1.23
2025/07/23-11:05,6126.2,6136.8,6125,6130.8,539,6129.03,6130.49,6127.69,6116.67,6098.75,6133.96,6133.96,6158.1,6153.2,6153.2,6123.2,6123.2,0,5.39,7.05,10.01,9.88,0,0,0,0,           ,1,0,0,0,0,0,1.01,0.71,0.7,0.76,0.54,0.55,0.84,0,5.39,7.05,10.01,9.88,0,0,0,0,           ,1,0,0,0,0,0,1.01,0.71,0.7,0.76,0.54,0.55,0.84
2025/07/23-11:10,6132,6134.2,6128.4,6132.6,300,6130.05,6130.81,6128.08,6117.32,6099.45,6139.34,6139.34,6160.46,6153.2,6153.2,6123.2,6123.2,0,3,6.31,9.67,9.76,1,0,0,0,           ,1,0,0,0,0,0,0.99,0.65,0.65,0.48,0.31,0.31,0.56,0,3,6.31,9.67,9.76,1,0,0,0,           ,1,0,0,0,0,0,0.99,0.65,0.65,0.48,0.31,0.31,0.56
2025/07/23-11:15,6132.2,6146.2,6132,6141.4,883,6133.29,6132.44,6129.14,6118.3,6100.31,6144.72,6144.72,6162.83,6153.2,6153.2,6123.2,6123.2,0,8.83,6.77,9.62,9.74,0,0,0,0,           ,0,0,1,1,0,0,0.99,0.69,0.7,1.3,0.92,0.91,2.94,0,8.83,6.77,9.62,9.74,0,0,0,0,           ,0,0,1,1,0,0,0.99,0.69,0.7,1.3,0.92,0.91,2.94
2025/07/23-11:20,6141.6,6147.6,6135.6,6136.6,573,6134.24,6133.08,6129.74,6119.05,6101.06,6150.1,6150.1,6165.19,6153.2,6153.2,6123.2,6123.2,0,5.73,6.58,9.43,9.68,0,0,0,0,           ,0,1,0,0,0,0,0.97,0.68,0.7,0.87,0.61,0.59,0.65,0,5.73,6.58,9.43,9.68,0,0,0,0,           ,0,1,0,0,0,0,0.97,0.68,0.7,0.87,0.61,0.59,0.65
2025/07/23-11:25,6136.8,6152.8,6136.8,6152.2,942,6139.37,6136.02,6131.54,6120.4,6102.11,6155.48,6155.48,6167.55,6153.2,6153.2,6123.2,6123.2,0,9.42,7.1,9.43,9.67,0,0,0,0,           ,0,0,1,1,0,0,0.98,0.73,0.75,1.33,1,0.97,1.64,0,9.42,7.1,9.43,9.67,0,0,0,0,           ,0,0,1,1,0,0,0.98,0.73,0.75,1.33,1,0.97,1.64
2025/07/23-11:30,6152.6,6163.8,6151.4,6162.8,1686,6146.06,6140.14,6134.04,6122.13,6103.36,6160.86,6160.86,6169.91,6153.2,6153.2,6123.2,6123.2,0,16.86,8.87,9.8,9.79,0,0,0,0,           ,0,0,1,1,0,0,1,0.91,0.91,1.9,1.72,1.72,1.79,0,16.86,8.87,9.8,9.79,0,0,0,0,           ,0,0,1,1,0,0,1,0.91,0.91,1.9,1.72,1.72,1.79
2025/07/23-13:05,6164,6171,6155,6163.4,1715,6151.02,6143.72,6136.39,6123.82,6104.6,6166.24,6166.24,6172.28,6153.2,6153.2,6123.2,6123.2,0,17.15,10.38,10.15,9.91,0,0,0,0,           ,0,0,1,0,0,0,1.02,1.05,1.02,1.65,1.69,1.73,1.02,0,17.15,10.38,10.15,9.91,0,0,0,0,           ,0,0,1,0,0,0,1.02,1.05,1.02,1.65,1.69,1.73,1.02
2025/07/23-13:10,6162.6,6170,6157.6,6166.6,1101,6155.47,6147.24,6138.8,6125.56,6105.88,6171.62,6171.62,6174.64,6153.2,6153.2,6123.2,6123.2,0,11.01,10.49,10.2,9.93,0,0,0,0,           ,0,1,0,0,0,0,1.03,1.06,1.03,1.05,1.08,1.11,0.64,0,11.01,10.49,10.2,9.93,0,0,0,0,           ,0,1,0,0,0,0,1.03,1.06,1.03,1.05,1.08,1.11,0.64
2025/07/23-13:15,6167.4,6179.8,6162.2,6177,1175,6161.62,6151.82,6141.86,6127.66,6107.35,6177,6177,6177,6177,6177,6123.2,6123.2,0,11.75,10.72,10.27,9.96,0,0,0,0,           ,0,1,0,0,0,0,1.03,1.08,1.04,1.1,1.14,1.18,1.07,0,11.75,10.72,10.27,9.96,0,0,0,0,           ,0,1,0,0,0,0,1.03,1.08,1.04,1.1,1.14,1.18,1.07
2025/07/23-13:20,6176.8,6181.2,6170.6,6173.4,1079,6164.99,6155.14,6144.38,6129.53,6108.71,6172.76,6172.76,6172.76,6177,6177,6123.2,6123.2,0,10.79,10.73,10.3,9.97,0,0,0,0,           ,0,1,0,0,0,0,1.03,1.08,1.04,1.01,1.05,1.08,0.92,0,10.79,10.73,10.3,9.97,0,0,0,0,           ,0,1,0,0,0,0,1.03,1.08,1.04,1.01,1.05,1.08,0.92
2025/07/23-13:25,6173.2,6177.8,6160,6160.4,975,6163.68,6155.95,6145.66,6130.79,6109.77,6168.53,6168.53,6168.53,6177,6177,6123.2,6123.2,0,9.75,10.56,10.27,9.97,0,0,0,0,           ,0,1,0,0,0,0,1.03,1.06,1.03,0.92,0.95,0.98,0.9,0,9.75,10.56,10.27,9.97,0,0,0,0,           ,0,1,0,0,0,0,1.03,1.06,1.03,0.92,0.95,0.98,0.9
2025/07/23-13:30,6161,6171.4,6158,6168.2,901,6164.97,6157.83,6147.47,6132.32,6110.98,6164.29,6164.29,6164.29,6177,6177,6123.2,6123.2,0,9.01,10.27,10.21,9.96,0,0,0,0,           ,0,1,0,0,0,0,1.03,1.03,1.01,0.88,0.88,0.91,0.92,0,9.01,10.27,10.21,9.96,0,0,0,0,           ,0,1,0,0,0,0,1.03,1.03,1.01,0.88,0.88,0.91,0.92
2025/07/23-13:35,6169.4,6170.2,6152.2,6155.8,806,6162.35,6157.52,6148.13,6133.28,6111.9,6160.06,6160.06,6160.06,6177,6177,6123.2,6123.2,0,8.06,9.87,10.1,9.93,0,0,0,0,           ,0,1,0,0,0,0,1.02,0.99,0.98,0.82,0.8,0.81,0.89,0,8.06,9.87,10.1,9.93,0,0,0,0,           ,0,1,0,0,0,0,1.02,0.99,0.98,0.82,0.8,0.81,0.89
2025/07/23-13:40,6155.6,6156.4,6145,6145.4,1164,6157.51,6155.66,6147.92,6133.77,6112.59,6155.82,6155.82,6155.82,6177,6177,6123.2,6123.2,0,11.64,10.19,10.18,9.95,0,0,0,0,           ,0,1,0,0,0,0,1.02,1.02,1,1.14,1.14,1.17,1.44,0,11.64,10.19,10.18,9.95,0,0,0,0,           ,0,1,0,0,0,0,1.02,1.02,1,1.14,1.14,1.17,1.44
2025/07/23-13:45,6145.4,6150,6143.2,6144.6,987,6153.82,6153.96,6147.65,6134.21,6113.25,6151.59,6151.59,6151.59,6177,6177,6123.2,6123.2,0,9.87,10.13,10.16,9.95,0,0,0,0,           ,0,1,0,0,0,0,1.02,1.02,1,0.97,0.97,0.99,0.85,0,9.87,10.13,10.16,9.95,0,0,0,0,           ,0,1,0,0,0,0,1.02,1.02,1,0.97,0.97,0.99,0.85
2025/07/23-13:50,6145.4,6157.6,6144.2,6154,790,6153.87,6153.96,6148.16,6135.02,6114.09,6147.35,6147.35,6147.35,6177,6177,6123.2,6123.2,0,7.9,9.73,10.05,9.92,0,0,0,0,           ,0,1,0,0,0,0,1.01,0.98,0.97,0.81,0.79,0.8,0.8,0,7.9,9.73,10.05,9.92,0,0,0,0,           ,0,1,0,0,0,0,1.01,0.98,0.97,0.81,0.79,0.8,0.8
2025/07/23-13:55,6152.6,6162.8,6152,6152.6,947,6153.51,6153.75,6148.51,6135.74,6114.89,6143.12,6143.12,6143.12,6177,6177,6123.2,6123.2,0,9.47,9.68,10.03,9.91,0,0,0,0,           ,0,1,0,0,0,0,1.01,0.98,0.97,0.98,0.94,0.96,1.2,0,9.47,9.68,10.03,9.91,0,0,0,0,           ,0,1,0,0,0,0,1.01,0.98,0.97,0.98,0.94,0.96,1.2
2025/07/23-14:00,6152.4,6156.2,6146.4,6147,483,6151.65,6152.71,6148.39,6136.2,6115.55,6138.88,6138.88,6138.88,6177,6177,6123.2,6123.2,0,4.83,8.8,9.77,9.84,0,0,0,0,           ,1,0,0,0,0,0,0.99,0.89,0.9,0.55,0.49,0.49,0.51,0,4.83,8.8,9.77,9.84,0,0,0,0,           ,1,0,0,0,0,0,0.99,0.89,0.9,0.55,0.49,0.49,0.51
2025/07/23-14:05,6147,6153,6143.6,6144.6,593,6149.63,6151.47,6148.09,6136.54,6116.15,6134.65,6134.65,6134.65,6177,6177,6123.2,6123.2,0,5.93,8.28,9.58,9.78,0,0,0,0,           ,1,0,0,0,0,0,0.98,0.85,0.86,0.72,0.62,0.61,1.23,0,5.93,8.28,9.58,9.78,0,0,0,0,           ,1,0,0,0,0,0,0.98,0.85,0.86,0.72,0.62,0.61,1.23
2025/07/23-14:10,6144.6,6152.8,6144.6,6145.6,670,6148.48,6150.56,6147.89,6136.91,6116.76,6130.41,6130.41,6130.41,6177,6177,6123.2,6123.2,0,6.7,7.99,9.44,9.73,0,0,0,0,           ,0,1,0,0,0,0,0.97,0.82,0.85,0.84,0.71,0.69,1.13,0,6.7,7.99,9.44,9.73,0,0,0,0,           ,0,1,0,0,0,0,0.97,0.82,0.85,0.84,0.71,0.69,1.13
2025/07/23-14:15,6146.4,6150,6123.8,6125,1292,6141.77,6146.63,6146.06,6136.42,6116.93,6126.18,6126.18,6126.18,6177,6177,6123.2,6123.2,0,12.92,8.89,9.61,9.78,0,0,0,0,           ,0,0,1,1,0,0,0.98,0.91,0.92,1.45,1.34,1.32,1.93,0,12.92,8.89,9.61,9.78,0,0,0,0,           ,0,0,1,1,0,0,0.98,0.91,0.92,1.45,1.34,1.32,1.93
2025/07/23-14:20,6124.8,6136.8,6118.2,6118.8,2201,6135.21,6142.35,6143.88,6135.7,6116.97,6121.94,6121.94,6121.94,6177,6177,6123.2,6123.2,0,22.01,11.27,10.22,9.96,0,0,0,1,           ,0,0,1,1,0,0,1.03,1.13,1.1,1.95,2.15,2.21,1.7,0,22.01,11.27,10.22,9.96,0,0,0,1,           ,0,0,1,1,0,0,1.03,1.13,1.1,1.95,2.15,2.21,1.7
2025/07/23-14:25,6118,6120.4,6101.8,6110.2,3307,6128.06,6137.4,6141.18,6134.66,6116.83,6117.71,6117.71,6117.71,6177,6177,6123.2,6123.2,0,33.07,15.24,11.33,10.3,0,1,0,1,15.24,0,0,1,1,1,1,1.1,1.48,1.34,2.17,2.92,3.21,1.5,0,33.07,15.24,11.33,10.3,0,1,0,1,15.24,0,0,1,1,1,1,1.1,1.48,1.34,2.17,2.92,3.21,1.5
2025/07/23-14:30,6110.8,6122.8,6105.2,6120.8,2140,6125.99,6134.85,6139.55,6134.1,6116.91,6113.47,6113.47,6113.47,6177,6177,6123.2,6123.2,0,21.4,16.36,11.82,10.46,0,0,0,1,16.36,0,0,1,0,0,0,1.13,1.56,1.38,1.31,1.81,2.05,0.65,0,21.4,16.36,11.82,10.46,0,0,0,1,16.36,0,0,1,0,0,0,1.13,1.56,1.38,1.31,1.81,2.05,0.65
2025/07/23-14:35,6121,6127.8,6113.4,6117.8,849,6123.65,6132.23,6137.81,6133.43,6116.93,6109.24,6109.24,6109.24,6177,6177,6123.2,6123.2,0,8.49,14.93,11.66,10.43,0,0,0,0,14.93,1,0,0,0,0,0,1.12,1.43,1.28,0.57,0.73,0.81,0.4,0,8.49,14.93,11.66,10.43,0,0,0,0,14.93,1,0,0,0,0,0,1.12,1.43,1.28,0.57,0.73,0.81,0.4
2025/07/23-14:40,6117.8,6120.6,6105,6105,707,6118.32,6128.04,6135.19,6132.27,6116.68,6105,6105,6105,6177,6177,6105,6105,0,7.07,13.5,11.44,10.38,0,0,0,0,13.5,1,0,0,0,0,0,1.1,1.3,1.18,0.52,0.62,0.68,0.83,0,7.07,13.5,11.44,10.38,0,0,0,0,13.5,1,0,0,0,0,0,1.1,1.3,1.18,0.52,0.62,0.68,0.83
2025/07/23-14:45,6105.2,6122.2,6104,6120,1069,6118.8,6126.8,6133.97,6131.77,6116.75,6108.85,6107.49,6107.49,6177,6177,6105,6105,0,10.69,12.99,11.4,10.38,0,0,0,0,           ,0,1,0,1,0,0,1.1,1.25,1.14,0.82,0.94,1.03,1.51,0,10.69,12.99,11.4,10.38,0,0,0,0,           ,0,1,0,1,0,0,1.1,1.25,1.14,0.82,0.94,1.03,1.51
2025/07/23-14:50,6120.8,6123.2,6117.6,6122.6,625,6119.89,6126.15,6133.06,6131.4,6116.87,6112.71,6109.97,6109.97,6177,6177,6105,6105,0,6.25,11.76,11.15,10.33,0,0,0,0,           ,1,0,0,0,0,0,1.08,1.14,1.05,0.53,0.56,0.61,0.58,0,6.25,11.76,11.15,10.33,0,0,0,0,           ,1,0,0,0,0,0,1.08,1.14,1.05,0.53,0.56,0.61,0.58
2025/07/23-14:55,6122.6,6124.4,6120.4,6123,737,6120.78,6125.67,6132.26,6131.05,6117,6116.56,6112.46,6112.46,6177,6177,6105,6105,0,7.37,10.96,10.97,10.29,0,0,0,0,           ,1,0,0,0,0,0,1.07,1.07,1,0.67,0.67,0.72,1.18,0,7.37,10.96,10.97,10.29,0,0,0,0,           ,1,0,0,0,0,0,1.07,1.07,1,0.67,0.67,0.72,1.18
2025/07/23-15:00,6122.6,6124.6,6118.8,6120,1509,6120.55,6124.8,6131.28,6130.6,6117.06,6120.42,6114.95,6114.95,6177,6177,6105,6105,0,15.09,11.71,11.17,10.35,0,0,0,0,           ,0,0,1,1,0,0,1.08,1.13,1.05,1.29,1.35,1.46,2.05,0,15.09,11.71,11.17,10.35,0,0,0,0,           ,0,0,1,1,0,0,1.08,1.13,1.05,1.29,1.35,1.46,2.05
2025/07/24-09:35,6120.4,6149,6117.6,6147,3798,6128.11,6128.21,6132.54,6131.27,6117.68,6124.27,6117.43,6117.43,6177,6177,6105,6105,0,37.98,16.49,12.47,10.73,0,1,0,1,16.49,0,0,1,1,1,1,1.16,1.54,1.32,2.3,3.04,3.54,2.52,0,37.98,16.49,12.47,10.73,0,1,0,1,16.49,0,0,1,1,1,1,1.16,1.54,1.32,2.3,3.04,3.54,2.52
2025/07/24-09:40,6147.2,6150.8,6136.2,6150.8,1884,6134.59,6131.69,6134,6132.07,6118.36,6128.13,6119.92,6119.92,6177,6177,6105,6105,0,18.84,16.92,12.78,10.84,0,0,0,0,16.92,0,1,0,0,0,0,1.18,1.56,1.32,1.11,1.47,1.74,0.5,0,18.84,16.92,12.78,10.84,0,0,0,0,16.92,0,1,0,0,0,0,1.18,1.56,1.32,1.11,1.47,1.74,0.5
2025/07/24-09:45,6150.4,6155,6142.2,6150.2,1444,6139.05,6134.54,6135.29,6132.81,6119.02,6131.98,6122.4,6122.4,6177,6177,6105,6105,0,14.44,16.47,12.87,10.89,0,0,0,0,16.47,0,1,0,0,0,0,1.18,1.51,1.28,0.88,1.12,1.33,0.77,0,14.44,16.47,12.87,10.89,0,0,0,0,16.47,0,1,0,0,0,0,1.18,1.51,1.28,0.88,1.12,1.33,0.77
2025/07/24-09:50,6150.2,6154.6,6146,6149.2,1222,6141.95,6136.79,6136.41,6133.48,6119.64,6135.84,6124.89,6124.89,6177,6177,6105,6105,0,12.22,15.69,12.83,10.91,0,0,0,0,15.69,1,0,0,0,0,0,1.18,1.44,1.22,0.78,0.95,1.12,0.85,0,12.22,15.69,12.83,10.91,0,0,0,0,15.69,1,0,0,0,0,0,1.18,1.44,1.22,0.78,0.95,1.12,0.85
2025/07/24-09:55,6148.2,6164,6146.6,6161.4,1395,6147.51,6140.58,6138.4,6134.62,6120.5,6139.69,6127.38,6127.38,6177,6177,6105,6105,0,13.95,15.38,12.89,10.95,0,0,0,0,15.38,0,1,0,0,0,0,1.18,1.4,1.19,0.91,1.08,1.27,1.14,0,13.95,15.38,12.89,10.95,0,0,0,0,15.38,0,1,0,0,0,0,1.18,1.4,1.19,0.91,1.08,1.27,1.14
2025/07/24-10:00,6161,6168,6155,6162.6,1298,6151.82,6143.97,6140.34,6135.76,6121.37,6143.55,6129.86,6129.86,6177,6177,6105,6105,0,12.98,14.94,12.89,10.98,0,0,0,0,14.94,0,1,0,0,0,0,1.17,1.36,1.16,0.87,1.01,1.18,0.93,0,12.98,14.94,12.89,10.98,0,0,0,0,14.94,0,1,0,0,0,0,1.17,1.36,1.16,0.87,1.01,1.18,0.93
2025/07/24-10:05,6162.4,6165.4,6157,6158.2,1183,6153.64,6146.16,6141.77,6136.68,6122.13,6147.4,6132.35,6132.35,6177,6177,6105,6105,0,11.83,14.38,12.84,10.99,0,0,0,0,14.38,0,1,0,0,0,0,1.17,1.31,1.12,0.82,0.92,1.08,0.91,0,11.83,14.38,12.84,10.99,0,0,0,0,14.38,0,1,0,0,0,0,1.17,1.31,1.12,0.82,0.92,1.08,0.91
2025/07/24-10:10,6158.2,6158.6,6152.2,6154,941,6153.75,6147.36,6142.75,6137.38,6122.78,6151.25,6134.84,6134.84,6177,6177,6105,6105,0,9.41,13.47,12.67,10.97,0,0,0,0,           ,1,0,0,0,0,0,1.16,1.23,1.06,0.7,0.74,0.86,0.8,0,9.41,13.47,12.67,10.97,0,0,0,0,           ,1,0,0,0,0,0,1.16,1.23,1.06,0.7,0.74,0.86,0.8
2025/07/24-10:15,6155.2,6163.8,6151.6,6162.6,557,6156.27,6149.71,6144.34,6138.41,6123.6,6155.11,6137.32,6137.32,6177,6177,6105,6105,0,5.57,12.04,12.33,10.9,0,0,0,0,           ,1,0,0,0,0,0,1.13,1.1,0.98,0.46,0.45,0.51,0.59,0,5.57,12.04,12.33,10.9,0,0,0,0,           ,1,0,0,0,0,0,1.13,1.1,0.98,0.46,0.45,0.51,0.59
2025/07/24-10:20,6163.2,6176.6,6163.2,6169.6,1458,6160.08,6152.77,6146.36,6139.68,6124.55,6158.96,6139.81,6139.81,6177,6177,6105,6105,0,14.58,12.5,12.44,10.95,0,0,0,0,           ,0,1,0,1,0,0,1.14,1.14,1,1.17,1.17,1.33,2.62,0,14.58,12.5,12.44,10.95,0,0,0,0,           ,0,1,0,1,0,0,1.14,1.14,1,1.17,1.17,1.33,2.62
2025/07/24-10:25,6170.4,6175,6166.2,6166.2,846,6161.83,6154.83,6147.94,6140.77,6125.41,6162.82,6142.29,6142.29,6177,6177,6105,6105,0,8.46,11.76,12.24,10.91,0,0,0,0,           ,1,0,0,0,0,0,1.12,1.08,0.96,0.72,0.69,0.78,0.58,0,8.46,11.76,12.24,10.91,0,0,0,0,           ,1,0,0,0,0,0,1.12,1.08,0.96,0.72,0.69,0.78,0.58
2025/07/24-10:30,6166,6166,6161.8,6165.6,624,6162.91,6156.49,6149.36,6141.78,6126.24,6166.67,6144.78,6144.78,6177,6177,6105,6105,0,6.24,10.76,11.95,10.85,0,0,0,0,           ,1,0,0,0,0,0,1.1,0.99,0.9,0.58,0.52,0.57,0.74,0,6.24,10.76,11.95,10.85,0,0,0,0,           ,1,0,0,0,0,0,1.1,0.99,0.9,0.58,0.52,0.57,0.74
2025/07/24-10:35,6165.2,6172,6164.6,6169,603,6164.65,6158.42,6150.93,6142.89,6127.12,6170.53,6147.27,6147.27,6177,6177,6105,6105,0,6.03,9.9,11.66,10.79,0,0,0,0,           ,1,0,0,0,0,0,1.08,0.92,0.85,0.61,0.52,0.56,0.97,0,6.03,9.9,11.66,10.79,0,0,0,0,           ,1,0,0,0,0,0,1.08,0.92,0.85,0.61,0.52,0.56,0.97
2025/07/24-10:40,6169.4,6182.8,6168,6182.8,835,6169.83,6162.17,6153.48,6144.52,6128.27,6174.38,6149.75,6149.75,6177,6177,6105,6105,0,8.35,9.62,11.5,10.76,0,0,0,0,           ,0,1,0,0,0,0,1.07,0.89,0.84,0.87,0.73,0.78,1.38,0,8.35,9.62,11.5,10.76,0,0,0,0,           ,0,1,0,0,0,0,1.07,0.89,0.84,0.87,0.73,0.78,1.38
2025/07/24-10:45,6183,6191.4,6179.8,6183,1331,6173.6,6165.37,6155.84,6146.09,6129.4,6178.24,6152.24,6152.24,6177,6177,6105,6105,0,13.31,10.29,11.59,10.79,0,0,0,0,           ,0,0,1,1,0,0,1.07,0.95,0.89,1.29,1.15,1.23,1.59,0,13.31,10.29,11.59,10.79,0,0,0,0,           ,0,0,1,1,0,0,1.07,0.95,0.89,1.29,1.15,1.23,1.59
2025/07/24-10:50,6183.6,6189.6,6177.4,6185.8,896,6177.08,6168.51,6158.24,6147.71,6130.56,6182.09,6154.73,6154.73,6177,6177,6105,6105,0,8.96,10.05,11.46,10.77,0,0,0,0,           ,0,1,0,0,0,0,1.06,0.93,0.88,0.89,0.78,0.83,0.67,0,8.96,10.05,11.46,10.77,0,0,0,0,           ,0,1,0,0,0,0,1.06,0.93,0.88,0.89,0.78,0.83,0.67
2025/07/24-10:55,6184.8,6188.6,6176.2,6176.2,633,6176.83,6169.7,6159.67,6148.87,6131.5,6185.95,6157.21,6157.21,6177,6177,6105,6105,0,6.33,9.37,11.21,10.72,0,0,0,0,           ,1,0,0,0,0,0,1.05,0.87,0.84,0.68,0.56,0.59,0.71,0,6.33,9.37,11.21,10.72,0,0,0,0,           ,1,0,0,0,0,0,1.05,0.87,0.84,0.68,0.56,0.59,0.71
2025/07/24-11:00,6177,6190,6175.6,6189.8,684,6180.54,6172.79,6162.08,6150.54,6132.7,6189.8,6159.7,6159.7,6189.8,6177,6105,6105,0,6.84,8.91,11,10.67,0,0,0,0,           ,1,0,0,0,0,0,1.03,0.84,0.81,0.77,0.62,0.64,1.08,0,6.84,8.91,11,10.67,0,0,0,0,           ,1,0,0,0,0,0,1.03,0.84,0.81,0.77,0.62,0.64,1.08
2025/07/24-11:05,6189.4,6193,6170,6171,1002,6177.81,6172.51,6162.8,6151.38,6133.49,6171,6162.18,6162.18,6189.8,6177,6171,6105,0,10.02,9.11,10.95,10.66,0,0,0,0,           ,0,1,0,0,0,0,1.03,0.85,0.83,1.1,0.92,0.94,1.46,0,10.02,9.11,10.95,10.66,0,0,0,0,           ,0,1,0,0,0,0,1.03,0.85,0.83,1.1,0.92,0.94,1.46
2025/07/24-11:10,6171.4,6179.6,6167.2,6171.4,659,6175.98,6172.34,6163.49,6152.2,6134.28,6174.53,6164.67,6164.67,6189.8,6177,6171,6105,0,6.59,8.65,10.74,10.61,0,0,0,0,           ,1,0,0,0,0,0,1.01,0.82,0.81,0.76,0.61,0.62,0.66,0,6.59,8.65,10.74,10.61,0,0,0,0,           ,1,0,0,0,0,0,1.01,0.82,0.81,0.76,0.61,0.62,0.66
2025/07/24-11:15,6171.2,6184,6169.2,6183.2,611,6178.04,6174.01,6165.06,6153.46,6135.28,6178.05,6167.16,6167.16,6189.8,6177,6171,6105,0,6.11,8.19,10.51,10.56,0,0,0,0,           ,1,0,0,0,0,0,1,0.78,0.78,0.75,0.58,0.58,0.93,0,6.11,8.19,10.51,10.56,0,0,0,0,           ,1,0,0,0,0,0,1,0.78,0.78,0.75,0.58,0.58,0.93
2025/07/24-11:20,6182.4,6201.2,6181.8,6193.6,1633,6182.49,6177.03,6167.35,6155.1,6136.49,6181.58,6169.64,6169.64,6189.8,6177,6171,6105,0,16.33,9.67,10.79,10.63,0,0,0,0,           ,0,0,1,1,0,0,1.02,0.91,0.9,1.69,1.51,1.54,2.67,0,16.33,9.67,10.79,10.63,0,0,0,0,           ,0,0,1,1,0,0,1.02,0.91,0.9,1.69,1.51,1.54,2.67
2025/07/24-11:25,6192.6,6196.2,6183.6,6185.2,750,6183.26,6178.28,6168.77,6156.33,6137.49,6185.11,6172.13,6172.13,6189.8,6177,6171,6105,0,7.5,9.28,10.63,10.59,0,0,0,0,           ,0,1,0,0,0,0,1,0.88,0.87,0.81,0.71,0.71,0.46,0,7.5,9.28,10.63,10.59,0,0,0,0,           ,0,1,0,0,0,0,1,0.88,0.87,0.81,0.71,0.71,0.46
2025/07/24-11:30,6185.8,6194.6,6181,6193.8,632,6186.27,6180.67,6170.78,6157.86,6138.65,6188.64,6174.62,6174.62,6189.8,6177,6171,6105,0,6.32,8.74,10.42,10.54,0,0,0,0,           ,1,0,0,0,0,0,0.99,0.83,0.84,0.72,0.61,0.6,0.84,0,6.32,8.74,10.42,10.54,0,0,0,0,           ,1,0,0,0,0,0,0.99,0.83,0.84,0.72,0.61,0.6,0.84
2025/07/24-13:05,6194.8,6204.8,6192.4,6204.4,1257,6191.45,6184.32,6173.47,6159.76,6140.01,6192.16,6177.1,6177.1,6189.8,6177,6171,6105,0,12.57,9.44,10.53,10.56,0,0,0,0,           ,0,0,1,1,0,0,1,0.89,0.9,1.33,1.19,1.19,1.99,0,12.57,9.44,10.53,10.56,0,0,0,0,           ,0,0,1,1,0,0,1,0.89,0.9,1.33,1.19,1.19,1.99
2025/07/24-13:10,6203.6,6211,6200,6203.8,883,6194.98,6187.32,6175.89,6161.56,6141.32,6195.69,6179.59,6179.59,6189.8,6177,6171,6105,0,8.83,9.33,10.45,10.54,0,0,0,0,           ,0,1,0,0,0,0,0.99,0.88,0.89,0.95,0.85,0.84,0.7,0,8.83,9.33,10.45,10.54,0,0,0,0,           ,0,1,0,0,0,0,0.99,0.88,0.89,0.95,0.85,0.84,0.7
2025/07/24-13:15,6204,6205.4,6195.4,6202.6,813,6197.16,6189.67,6178.03,6163.23,6142.59,6199.22,6182.07,6182.07,6189.8,6177,6171,6105,0,8.13,9.11,10.33,10.51,0,0,0,0,           ,0,1,0,0,0,0,0.98,0.87,0.88,0.89,0.79,0.77,0.92,0,8.13,9.11,10.33,10.51,0,0,0,0,           ,0,1,0,0,0,0,0.98,0.87,0.88,0.89,0.79,0.77,0.92
2025/07/24-13:20,6202.2,6206,6196.6,6200.8,481,6198.2,6191.38,6179.85,6164.76,6143.79,6202.75,6184.56,6184.56,6189.8,6177,6171,6105,0,4.81,8.33,10.06,10.45,0,0,0,0,           ,1,0,0,0,0,0,0.96,0.8,0.83,0.58,0.48,0.46,0.59,0,4.81,8.33,10.06,10.45,0,0,0,0,           ,1,0,0,0,0,0,0.96,0.8,0.83,0.58,0.48,0.46,0.59
2025/07/24-13:25,6200.4,6204,6193.6,6201.8,505,6199.23,6192.98,6181.61,6166.28,6144.98,6206.27,6187.05,6187.05,6189.8,6177,6171,6105,0,5.05,7.73,9.82,10.38,0,0,0,0,           ,1,0,0,0,0,0,0.95,0.74,0.79,0.65,0.51,0.49,1.05,0,5.05,7.73,9.82,10.38,0,0,0,0,           ,1,0,0,0,0,0,0.95,0.74,0.79,0.65,0.51,0.49,1.05
2025/07/24-13:30,6203,6210.4,6200,6209.8,678,6202.25,6195.57,6183.86,6168.05,6146.32,6209.8,6189.53,6189.53,6209.8,6177,6171,6105,0,6.78,7.56,9.67,10.34,0,0,0,0,           ,0,1,0,0,0,0,0.93,0.73,0.78,0.9,0.7,0.66,1.34,0,6.78,7.56,9.67,10.34,0,0,0,0,           ,0,1,0,0,0,0,0.93,0.73,0.78,0.9,0.7,0.66,1.34
2025/07/24-13:35,6210,6212.2,6202.8,6202.8,703,6202.41,6196.68,6185.38,6169.47,6147.48,6201.93,6192.02,6192.02,6209.8,6177,6171,6105,0,7.03,7.46,9.54,10.3,0,0,0,0,           ,0,1,0,0,0,0,0.93,0.72,0.78,0.94,0.74,0.68,1.04,0,7.03,7.46,9.54,10.3,0,0,0,0,           ,0,1,0,0,0,0,0.93,0.72,0.78,0.94,0.74,0.68,1.04
2025/07/24-13:40,6202.6,6207.6,6200.2,6207.2,486,6203.78,6198.3,6187.12,6171.01,6148.72,6194.07,6194.51,6194.51,6209.8,6177,6171,6105,0,4.86,6.99,9.31,10.24,0,0,0,0,           ,1,0,0,0,0,0,0.91,0.68,0.75,0.7,0.52,0.47,0.69,0,4.86,6.99,9.31,10.24,0,0,0,0,           ,1,0,0,0,0,0,0.91,0.68,0.75,0.7,0.52,0.47,0.69
2025/07/24-13:45,6207.6,6211.4,6184.6,6186.2,1009,6198.75,6196.44,6187.05,6171.63,6149.49,6186.2,6196.99,6196.99,6209.8,6177,6186.2,6105,0,10.09,7.55,9.35,10.24,0,0,0,0,           ,0,0,1,1,0,0,0.91,0.74,0.81,1.34,1.08,0.99,2.08,0,10.09,7.55,9.35,10.24,0,0,0,0,           ,0,0,1,1,0,0,0.91,0.74,0.81,1.34,1.08,0.99,2.08
2025/07/24-13:50,6185.8,6205.8,6176,6199.6,1990,6199,6196.93,6188.05,6172.77,6150.52,6189.46,6199.48,6199.48,6209.8,6177,6186.2,6105,0,19.9,9.8,9.87,10.35,0,0,0,0,           ,0,0,1,1,0,0,0.95,0.95,0.99,2.03,2.02,1.92,1.97,0,19.9,9.8,9.87,10.35,0,0,0,0,           ,0,0,1,1,0,0,0.95,0.95,0.99,2.03,2.02,1.92,1.97
2025/07/24-13:55,6199.2,6201.4,6190,6198,802,6198.71,6197.09,6188.85,6173.8,6151.5,6192.71,6201.96,6201.96,6209.8,6177,6186.2,6105,0,8.02,9.47,9.78,10.32,0,0,0,0,           ,0,1,0,0,0,0,0.95,0.92,0.97,0.85,0.82,0.78,0.4,0,8.02,9.47,9.78,10.32,0,0,0,0,           ,0,1,0,0,0,0,0.95,0.92,0.97,0.85,0.82,0.78,0.4
2025/07/24-14:00,6198.6,6199,6179,6192.8,1143,6197.02,6196.43,6189.17,6174.58,6152.35,6195.97,6204.45,6204.45,6209.8,6177,6186.2,6105,0,11.43,9.83,9.86,10.34,0,0,0,0,           ,0,1,0,0,0,0,0.95,0.95,1,1.16,1.16,1.11,1.43,0,11.43,9.83,9.86,10.34,0,0,0,0,           ,0,1,0,0,0,0,0.95,0.95,1,1.16,1.16,1.11,1.43
2025/07/24-14:05,6194,6205.8,6191.4,6203.4,725,6198.84,6197.5,6190.3,6175.75,6153.4,6199.23,6206.94,6206.94,6209.8,6177,6186.2,6105,0,7.25,9.36,9.73,10.3,0,0,0,0,           ,1,0,0,0,0,0,0.94,0.91,0.96,0.77,0.75,0.7,0.63,0,7.25,9.36,9.73,10.3,0,0,0,0,           ,1,0,0,0,0,0,0.94,0.91,0.96,0.77,0.75,0.7,0.63
2025/07/24-14:10,6203.2,6208.2,6199.4,6204.8,787,6200.55,6198.63,6191.46,6176.94,6154.46,6202.49,6209.42,6209.42,6209.8,6177,6186.2,6105,0,7.87,9.09,9.64,10.28,0,0,0,0,           ,0,1,0,0,0,0,0.94,0.88,0.94,0.87,0.82,0.77,1.09,0,7.87,9.09,9.64,10.28,0,0,0,0,           ,0,1,0,0,0,0,0.94,0.88,0.94,0.87,0.82,0.77,1.09
2025/07/24-14:15,6205,6208.4,6200,6206.4,525,6202.22,6199.82,6192.66,6178.14,6155.54,6205.74,6211.91,6211.91,6209.8,6177,6186.2,6105,0,5.25,8.39,9.42,10.22,0,0,0,0,           ,1,0,0,0,0,0,0.92,0.82,0.89,0.63,0.56,0.51,0.67,0,5.25,8.39,9.42,10.22,0,0,0,0,           ,1,0,0,0,0,0,0.92,0.82,0.89,0.63,0.56,0.51,0.67
2025/07/24-14:20,6205.8,6211,6202.6,6205,615,6203.01,6200.62,6193.65,6179.24,6156.56,6209,6214.4,6214.4,6209.8,6177,6186.2,6105,0,6.15,7.98,9.26,10.18,0,0,0,0,           ,1,0,0,0,0,0,0.91,0.78,0.86,0.77,0.66,0.6,1.17,0,6.15,7.98,9.26,10.18,0,0,0,0,           ,1,0,0,0,0,0,0.91,0.78,0.86,0.77,0.66,0.6,1.17
2025/07/24-14:25,6205,6210.8,6203.2,6208.8,505,6204.67,6201.88,6194.86,6180.44,6157.63,6212.26,6216.88,6216.88,6209.8,6177,6186.2,6105,0,5.05,7.45,9.06,10.12,0,0,0,0,           ,1,0,0,0,0,0,0.9,0.74,0.82,0.68,0.56,0.5,0.82,0,5.05,7.45,9.06,10.12,0,0,0,0,           ,1,0,0,0,0,0,0.9,0.74,0.82,0.68,0.56,0.5,0.82
2025/07/24-14:30,6209.2,6217.8,6206.8,6213,843,6207.05,6203.59,6196.31,6181.77,6158.77,6215.51,6219.37,6219.37,6209.8,6177,6186.2,6105,0,8.43,7.63,9.03,10.1,0,0,0,0,           ,0,1,0,1,0,0,0.89,0.76,0.84,1.11,0.93,0.83,1.67,0,8.43,7.63,9.03,10.1,0,0,0,0,           ,0,1,0,1,0,0,0.89,0.76,0.84,1.11,0.93,0.83,1.67
2025/07/24-14:35,6213.8,6225.8,6210.8,6225.8,1078,6212.41,6207.01,6198.67,6183.57,6160.16,6218.77,6221.85,6221.85,6209.8,6177,6186.2,6105,0,10.78,8.2,9.11,10.11,0,0,0,0,           ,0,0,1,0,0,0,0.9,0.81,0.9,1.31,1.18,1.07,1.28,0,10.78,8.2,9.11,10.11,0,0,0,0,           ,0,0,1,0,0,0,0.9,0.81,0.9,1.31,1.18,1.07,1.28
2025/07/24-14:40,6226,6229.6,6219,6228,1183,6216.86,6210.24,6201.02,6185.38,6161.55,6222.03,6224.34,6224.34,6209.8,6177,6186.2,6105,0,11.83,8.86,9.25,10.13,0,0,0,0,           ,0,0,1,0,0,0,0.91,0.87,0.96,1.34,1.28,1.17,1.1,0,11.83,8.86,9.25,10.13,0,0,0,0,           ,0,0,1,0,0,0,0.91,0.87,0.96,1.34,1.28,1.17,1.1
2025/07/24-14:45,6228,6228.6,6215.2,6221.4,1101,6218.16,6211.95,6202.65,6186.85,6162.79,6225.29,6226.83,6226.83,6209.8,6177,6186.2,6105,0,11.01,9.25,9.33,10.14,0,0,0,0,           ,0,1,0,0,0,0,0.92,0.91,0.99,1.19,1.18,1.09,0.93,0,11.01,9.25,9.33,10.14,0,0,0,0,           ,0,1,0,0,0,0,0.92,0.91,0.99,1.19,1.18,1.09,0.93
2025/07/24-14:50,6221.4,6223,6214.6,6221.4,772,6219.08,6213.41,6204.15,6188.26,6164,6228.54,6229.31,6229.31,6209.8,6177,6186.2,6105,0,7.72,8.97,9.25,10.11,0,0,0,0,           ,0,1,0,0,0,0,0.92,0.89,0.97,0.86,0.83,0.76,0.7,0,7.72,8.97,9.25,10.11,0,0,0,0,           ,0,1,0,0,0,0,0.92,0.89,0.97,0.86,0.83,0.76,0.7
2025/07/24-14:55,6221.4,6232.8,6217.8,6231.8,1560,6222.72,6216.24,6206.36,6190.04,6165.4,6231.8,6231.8,6231.8,6231.8,6231.8,6186.2,6105,0,15.6,10.18,9.56,10.17,0,0,0,0,           ,0,0,1,1,0,0,0.94,1,1.06,1.53,1.63,1.53,2.02,0,15.6,10.18,9.56,10.17,0,0,0,0,           ,0,0,1,1,0,0,0.94,1,1.06,1.53,1.63,1.53,2.02
2025/07/24-15:00,6232,6234.6,6222.2,6226,1929,6223.66,6217.74,6207.93,6191.51,6166.64,6226.2,6230.01,6230.76,6231.8,6231.8,6186.2,6105,0,19.29,11.83,10.04,10.26,0,0,0,0,           ,0,0,1,0,0,0,0.98,1.15,1.18,1.63,1.92,1.88,1.24,0,19.29,11.83,10.04,10.26,0,0,0,0,           ,0,0,1,0,0,0,0.98,1.15,1.18,1.63,1.92,1.88,1.24
2025/07/25-09:35,6218,6226.4,6207.2,6218.4,3784,6222.15,6217.84,6208.77,6192.61,6167.71,6220.6,6228.22,6229.71,6231.8,6231.8,6186.2,6105,0,37.84,16.56,11.39,10.55,0,1,0,1,16.56,0,0,1,1,1,1,1.08,1.57,1.45,2.28,3.32,3.59,1.96,0,37.84,16.56,11.39,10.55,0,1,0,1,16.56,0,0,1,1,1,1,1.08,1.57,1.45,2.28,3.32,3.59,1.96
2025/07/25-09:40,6218.6,6222,6204.4,6217.6,1839,6220.85,6217.8,6209.47,6193.63,6168.74,6215,6226.43,6228.67,6231.8,6231.8,6186.2,6105,0,18.39,16.9,11.74,10.63,0,0,0,0,16.9,0,1,0,0,0,0,1.1,1.59,1.44,1.09,1.57,1.73,0.49,0,18.39,16.9,11.74,10.63,0,0,0,0,16.9,0,1,0,0,0,0,1.1,1.59,1.44,1.09,1.57,1.73,0.49
2025/07/25-09:45,6217.6,6217.6,6207,6208.4,1422,6217.29,6216.36,6209.39,6194.23,6169.56,6209.4,6224.64,6227.62,6231.8,6231.8,6186.2,6105,0,14.22,16.41,11.86,10.67,0,0,0,0,16.41,0,1,0,0,0,0,1.11,1.54,1.38,0.87,1.2,1.33,0.77,0,14.22,16.41,11.86,10.67,0,0,0,0,16.41,0,1,0,0,0,0,1.11,1.54,1.38,0.87,1.2,1.33,0.77
2025/07/25-09:50,6208,6210,6200.2,6203.8,1453,6213.44,6214.42,6208.94,6194.62,6170.26,6203.8,6222.85,6226.58,6231.8,6231.8,6203.8,6105,0,14.53,16.07,11.99,10.71,0,0,0,0,16.07,0,1,0,0,0,0,1.12,1.5,1.34,0.9,1.21,1.36,1.02,0,14.53,16.07,11.99,10.71,0,0,0,0,16.07,0,1,0,0,0,0,1.12,1.5,1.34,0.9,1.21,1.36,1.02
2025/07/25-09:55,6203.8,6224.8,6201.6,6223.4,1388,6216.29,6215.81,6210.1,6195.79,6171.36,6211.73,6221.06,6225.54,6231.8,6231.8,6203.8,6105,0,13.88,15.67,12.08,10.74,0,0,0,0,15.67,0,1,0,0,0,0,1.12,1.46,1.3,0.89,1.15,1.29,0.96,0,13.88,15.67,12.08,10.74,0,0,0,0,15.67,0,1,0,0,0,0,1.12,1.46,1.3,0.89,1.15,1.29,0.96
2025/07/25-10:00,6223.4,6228.8,6219.6,6220.2,1164,6217.4,6216.48,6210.91,6196.79,6172.37,6219.67,6219.27,6224.49,6231.8,6231.8,6203.8,6105,0,11.64,14.94,12.06,10.75,0,0,0,0,14.94,1,0,0,0,0,0,1.12,1.39,1.24,0.78,0.97,1.08,0.84,0,11.64,14.94,12.06,10.75,0,0,0,0,14.94,1,0,0,0,0,0,1.12,1.39,1.24,0.78,0.97,1.08,0.84
2025/07/25-10:05,6219.8,6227.8,6217.6,6227.6,879,6220.32,6218.19,6212.24,6198.05,6173.51,6227.6,6217.48,6223.45,6227.6,6231.8,6203.8,6105,0,8.79,13.82,11.9,10.73,0,0,0,0,           ,1,0,0,0,0,0,1.11,1.29,1.16,0.64,0.74,0.82,0.76,0,8.79,13.82,11.9,10.73,0,0,0,0,           ,1,0,0,0,0,0,1.11,1.29,1.16,0.64,0.74,0.82,0.76
2025/07/25-10:10,6227.8,6228.2,6209,6213.4,943,6218.34,6217.45,6212.33,6198.67,6174.33,6221.87,6215.69,6222.4,6227.6,6231.8,6203.8,6105,0,9.43,13.02,11.78,10.72,0,0,0,0,           ,1,0,0,0,0,0,1.1,1.22,1.11,0.72,0.8,0.88,1.07,0,9.43,13.02,11.78,10.72,0,0,0,0,           ,1,0,0,0,0,0,1.1,1.22,1.11,0.72,0.8,0.88,1.07
2025/07/25-10:15,6213.4,6219.2,6207,6216.2,999,6217.73,6217.26,6212.64,6199.39,6175.19,6216.13,6213.91,6221.36,6227.6,6231.8,6203.8,6105,0,9.99,12.47,11.69,10.71,0,0,0,0,           ,0,1,0,0,0,0,1.09,1.16,1.07,0.8,0.85,0.93,1.06,0,9.99,12.47,11.69,10.71,0,0,0,0,           ,0,1,0,0,0,0,1.09,1.16,1.07,0.8,0.85,0.93,1.06
2025/07/25-10:20,6216.2,6216.6,6208.6,6210.4,492,6215.63,6216.21,6212.46,6199.84,6175.92,6210.4,6212.12,6220.32,6227.6,6231.8,6210.4,6105,0,4.92,11.1,11.36,10.65,0,0,0,0,           ,1,0,0,0,0,0,1.07,1.04,0.98,0.44,0.43,0.46,0.49,0,4.92,11.1,11.36,10.65,0,0,0,0,           ,1,0,0,0,0,0,1.07,1.04,0.98,0.44,0.43,0.46,0.49
2025/07/25-10:25,6209.2,6215.4,6204.2,6212.4,587,6214.71,6215.62,6212.46,6200.35,6176.67,6216.47,6210.33,6219.27,6227.6,6231.8,6210.4,6105,0,5.87,10.15,11.09,10.6,0,0,0,0,           ,1,0,0,0,0,0,1.05,0.96,0.91,0.58,0.53,0.55,1.19,0,5.87,10.15,11.09,10.6,0,0,0,0,           ,1,0,0,0,0,0,1.05,0.96,0.91,0.58,0.53,0.55,1.19
2025/07/25-10:30,6212,6216,6209.4,6216,386,6215.08,6215.68,6212.74,6200.99,6177.48,6222.53,6208.54,6218.23,6227.6,6231.8,6210.4,6105,0,3.86,9,10.74,10.54,0,0,0,0,           ,1,0,0,0,0,0,1.02,0.85,0.84,0.43,0.36,0.37,0.66,0,3.86,9,10.74,10.54,0,0,0,0,           ,1,0,0,0,0,0,1.02,0.85,0.84,0.43,0.36,0.37,0.66
2025/07/25-10:35,6216,6228.8,6215.2,6228.6,748,6218.94,6217.67,6214.01,6202.12,6178.54,6228.6,6206.75,6217.18,6228.6,6231.8,6210.4,6105,0,7.48,8.73,10.58,10.51,0,0,0,0,           ,0,1,0,1,0,0,1.01,0.83,0.82,0.86,0.71,0.71,1.94,0,7.48,8.73,10.58,10.51,0,0,0,0,           ,0,1,0,1,0,0,1.01,0.83,0.82,0.86,0.71,0.71,1.94
2025/07/25-10:40,6228,6231,6221.8,6222,803,6219.82,6218.33,6214.65,6202.93,6179.43,6222.44,6204.96,6216.14,6228.6,6231.8,6210.4,6105,0,8.03,8.6,10.46,10.48,0,0,0,0,           ,0,1,0,0,0,0,1,0.82,0.82,0.93,0.77,0.77,1.07,0,8.03,8.6,10.46,10.48,0,0,0,0,           ,0,1,0,0,0,0,1,0.82,0.82,0.93,0.77,0.77,1.07
2025/07/25-10:45,6221.4,6223.8,6217.2,6219.6,532,6219.75,6218.53,6215.05,6203.61,6180.26,6216.28,6203.17,6215.1,6228.6,6231.8,6210.4,6105,0,5.32,8,10.21,10.43,0,0,0,0,           ,1,0,0,0,0,0,0.98,0.77,0.78,0.66,0.52,0.51,0.66,0,5.32,8,10.21,10.43,0,0,0,0,           ,1,0,0,0,0,0,0.98,0.77,0.78,0.66,0.52,0.51,0.66
2025/07/25-10:50,6219.6,6222,6212,6217.6,490,6219.14,6218.39,6215.25,6204.18,6181.03,6210.12,6201.38,6214.05,6228.6,6231.8,6210.4,6105,0,4.9,7.44,9.95,10.37,0,0,0,0,           ,1,0,0,0,0,0,0.96,0.72,0.75,0.66,0.49,0.47,0.92,0,4.9,7.44,9.95,10.37,0,0,0,0,           ,1,0,0,0,0,0,0.96,0.72,0.75,0.66,0.49,0.47,0.92
2025/07/25-10:55,6216.8,6218.6,6209,6211,514,6216.81,6217.25,6214.91,6204.46,6181.65,6203.96,6199.59,6213.01,6228.6,6231.8,6210.4,6105,0,5.14,7.02,9.71,10.32,0,0,0,0,           ,1,0,0,0,0,0,0.94,0.68,0.72,0.73,0.53,0.5,1.05,0,5.14,7.02,9.71,10.32,0,0,0,0,           ,1,0,0,0,0,0,0.94,0.68,0.72,0.73,0.53,0.5,1.05
2025/07/25-11:00,6211,6211.2,6189.6,6197.8,1952,6211.38,6214.26,6213.54,6204.19,6181.98,6197.8,6197.8,6211.96,6228.6,6231.8,6197.8,6197.8,0,19.52,9.29,10.19,10.41,0,0,0,0,           ,0,0,1,1,0,0,0.98,0.89,0.91,2.1,1.92,1.87,3.8,0,19.52,9.29,10.19,10.41,0,0,0,0,           ,0,0,1,1,0,0,0.98,0.89,0.91,2.1,1.92,1.87,3.8
2025/07/25-11:05,6197.4,6207.8,6196,6202.6,973,6208.87,6212.46,6212.67,6204.12,6182.41,6199.09,6198.69,6210.92,6228.6,6231.8,6197.8,6197.8,0,9.73,9.37,10.17,10.41,0,0,0,0,           ,0,1,0,0,0,0,0.98,0.9,0.92,1.04,0.96,0.93,0.5,0,9.73,9.37,10.17,10.41,0,0,0,0,           ,0,1,0,0,0,0,0.98,0.9,0.92,1.04,0.96,0.93,0.5
2025/07/25-11:10,6202.4,6205.2,6191.6,6205.2,795,6207.82,6211.35,6212.07,6204.17,6182.88,6200.39,6199.59,6209.88,6228.6,6231.8,6197.8,6197.8,0,7.95,9.11,10.06,10.38,0,0,0,0,           ,0,1,0,0,0,0,0.97,0.88,0.91,0.87,0.79,0.77,0.82,0,7.95,9.11,10.06,10.38,0,0,0,0,           ,0,1,0,0,0,0,0.97,0.88,0.91,0.87,0.79,0.77,0.82
2025/07/25-11:15,6205.2,6214.6,6204.2,6211,762,6208.73,6211.29,6211.98,6204.44,6183.46,6201.68,6200.48,6208.83,6228.6,6231.8,6197.8,6197.8,0,7.62,8.84,9.94,10.36,0,0,0,0,           ,0,1,0,0,0,0,0.96,0.85,0.89,0.86,0.77,0.74,0.96,0,7.62,8.84,9.94,10.36,0,0,0,0,           ,0,1,0,0,0,0,0.96,0.85,0.89,0.86,0.77,0.74,0.96
2025/07/25-11:20,6211.6,6214,6207.4,6213.2,364,6210.01,6211.59,6212.08,6204.8,6184.07,6202.98,6201.37,6207.79,6228.6,6231.8,6197.8,6197.8,0,3.64,7.9,9.63,10.29,0,0,0,0,           ,1,0,0,0,0,0,0.94,0.77,0.82,0.46,0.38,0.35,0.48,0,3.64,7.9,9.63,10.29,0,0,0,0,           ,1,0,0,0,0,0,0.94,0.77,0.82,0.46,0.38,0.35,0.48
2025/07/25-11:25,6213.8,6214.4,6206,6210.8,341,6210.23,6211.47,6211.98,6205.05,6184.62,6204.27,6202.26,6206.74,6228.6,6231.8,6197.8,6197.8,0,3.41,7.08,9.33,10.22,0,0,0,0,           ,1,0,0,0,0,0,0.91,0.69,0.76,0.48,0.37,0.33,0.94,0,3.41,7.08,9.33,10.22,0,0,0,0,           ,1,0,0,0,0,0,0.91,0.69,0.76,0.48,0.37,0.33,0.94
2025/07/25-11:30,6211,6211,6203.8,6204.2,428,6208.51,6210.35,6211.36,6205.01,6185.02,6205.57,6203.16,6205.7,6228.6,6231.8,6197.8,6197.8,0,4.28,6.57,9.08,10.16,0,0,0,0,           ,1,0,0,0,0,0,0.89,0.65,0.72,0.65,0.47,0.42,1.26,0,4.28,6.57,9.08,10.16,0,0,0,0,           ,1,0,0,0,0,0,0.89,0.65,0.72,0.65,0.47,0.42,1.26
2025/07/25-13:05,6203.4,6211,6198,6206,1030,6207.79,6209.68,6210.93,6205.05,6185.46,6206.86,6204.05,6204.66,6228.6,6231.8,6197.8,6197.8,0,10.3,7.25,9.14,10.16,0,0,0,0,           ,0,0,1,1,0,0,0.9,0.71,0.79,1.42,1.13,1.01,2.41,0,10.3,7.25,9.14,10.16,0,0,0,0,           ,0,0,1,1,0,0,0.9,0.71,0.79,1.42,1.13,1.01,2.41
2025/07/25-13:10,6204.8,6213.8,6202.8,6212,481,6208.99,6210.04,6211.01,6205.34,6186,6208.16,6204.94,6203.61,6228.6,6231.8,6197.8,6197.8,0,4.81,6.81,8.93,10.11,0,0,0,0,           ,1,0,0,0,0,0,0.88,0.67,0.76,0.71,0.54,0.48,0.47,0,4.81,6.81,8.93,10.11,0,0,0,0,           ,1,0,0,0,0,0,0.88,0.67,0.76,0.71,0.54,0.48,0.47
2025/07/25-13:15,6211.6,6214.6,6201.8,6203.6,523,6207.45,6209.05,6210.42,6205.27,6186.37,6209.45,6205.84,6202.57,6228.6,6231.8,6197.8,6197.8,0,5.23,6.52,8.75,10.06,0,0,0,0,           ,0,1,0,0,0,0,0.87,0.65,0.74,0.8,0.6,0.52,1.09,0,5.23,6.52,8.75,10.06,0,0,0,0,           ,0,1,0,0,0,0,0.87,0.65,0.74,0.8,0.6,0.52,1.09
2025/07/25-13:20,6203.8,6208.8,6202,6203.6,302,6206.35,6208.21,6209.87,6205.2,6186.72,6210.75,6206.73,6201.52,6228.6,6231.8,6197.8,6197.8,0,3.02,5.88,8.47,9.99,1,0,0,0,           ,1,0,0,0,0,0,0.85,0.59,0.69,0.51,0.36,0.3,0.58,0,3.02,5.88,8.47,9.99,1,0,0,0,           ,1,0,0,0,0,0,0.85,0.59,0.69,0.51,0.36,0.3,0.58
2025/07/25-13:25,6204.2,6211.4,6202.4,6210.2,366,6207.45,6208.51,6209.9,6205.4,6187.21,6212.04,6207.62,6200.48,6228.6,6231.8,6197.8,6197.8,0,3.66,5.48,8.24,9.93,0,0,0,0,           ,1,0,0,0,0,0,0.83,0.55,0.67,0.67,0.44,0.37,1.21,0,3.66,5.48,8.24,9.93,0,0,0,0,           ,1,0,0,0,0,0,0.83,0.55,0.67,0.67,0.44,0.37,1.21
2025/07/25-13:30,6211,6215.6,6209,6213,590,6209.04,6209.2,6210.15,6205.71,6187.74,6213.34,6208.51,6199.44,6228.6,6231.8,6197.8,6197.8,0,5.9,5.56,8.12,9.89,0,0,0,0,           ,0,1,0,1,0,0,0.82,0.56,0.68,1.06,0.73,0.6,1.61,0,5.9,5.56,8.12,9.89,0,0,0,0,           ,0,1,0,1,0,0,0.82,0.56,0.68,1.06,0.73,0.6,1.61
2025/07/25-13:35,6213,6219,6206.4,6217.8,683,6211.54,6210.53,6210.76,6206.21,6188.36,6214.63,6209.41,6198.39,6228.6,6231.8,6197.8,6197.8,0,6.83,5.79,8.06,9.86,0,0,0,0,           ,0,1,0,0,0,0,0.82,0.59,0.72,1.18,0.85,0.69,1.16,0,6.83,5.79,8.06,9.86,0,0,0,0,           ,0,1,0,0,0,0,0.82,0.59,0.72,1.18,0.85,0.69,1.16
2025/07/25-13:40,6218.4,6218.4,6207.2,6208.8,424,6210.76,6210.26,6210.6,6206.31,6188.78,6215.93,6210.3,6197.35,6228.6,6231.8,6197.8,6197.8,0,4.24,5.51,7.87,9.8,0,0,0,0,           ,1,0,0,0,0,0,0.8,0.56,0.7,0.77,0.54,0.43,0.62,0,4.24,5.51,7.87,9.8,0,0,0,0,           ,1,0,0,0,0,0,0.8,0.56,0.7,0.77,0.54,0.43,0.62
2025/07/25-13:45,6209.6,6214,6204.6,6206.4,362,6209.51,6209.67,6210.27,6206.31,6189.14,6217.22,6211.19,6196.3,6228.6,6231.8,6197.8,6197.8,0,3.62,5.16,7.67,9.74,0,0,0,0,           ,1,0,0,0,0,0,0.79,0.53,0.67,0.7,0.47,0.37,0.85,0,3.62,5.16,7.67,9.74,0,0,0,0,           ,1,0,0,0,0,0,0.79,0.53,0.67,0.7,0.47,0.37,0.85
2025/07/25-13:50,6206,6211.8,6206,6208.8,267,6209.31,6209.53,6210.15,6206.42,6189.55,6218.52,6212.09,6195.26,6228.6,6231.8,6197.8,6197.8,0,2.67,4.71,7.42,9.67,1,0,0,0,           ,1,0,0,0,0,0,0.77,0.49,0.63,0.57,0.36,0.28,0.74,0,2.67,4.71,7.42,9.67,1,0,0,0,           ,1,0,0,0,0,0,0.77,0.49,0.63,0.57,0.36,0.28,0.74
2025/07/25-13:55,6208.6,6213,6207,6213,244,6210.36,6210.07,6210.38,6206.68,6190.03,6219.81,6212.98,6194.22,6228.6,6231.8,6197.8,6197.8,0,2.44,4.3,7.18,9.6,1,0,0,0,           ,1,0,0,0,0,0,0.75,0.45,0.6,0.57,0.34,0.25,0.91,0,2.44,4.3,7.18,9.6,1,0,0,0,           ,1,0,0,0,0,0,0.75,0.45,0.6,0.57,0.34,0.25,0.91
2025/07/25-14:00,6212,6221,6210.2,6220.2,588,6213.17,6211.63,6211.16,6207.24,6190.65,6221.1,6213.87,6193.17,6228.6,6231.8,6197.8,6197.8,0,5.88,4.58,7.12,9.56,0,0,0,0,           ,0,0,1,1,0,0,0.74,0.48,0.64,1.28,0.83,0.62,2.41,0,5.88,4.58,7.12,9.56,0,0,0,0,           ,0,0,1,1,0,0,0.74,0.48,0.64,1.28,0.83,0.62,2.41
2025/07/25-14:05,6220.4,6224.8,6217,6222.4,774,6215.81,6213.28,6212.06,6207.86,6191.31,6222.4,6214.76,6192.13,6222.4,6231.8,6197.8,6197.8,0,7.74,5.16,7.15,9.54,0,0,0,0,           ,0,0,1,0,0,0,0.75,0.54,0.72,1.5,1.08,0.81,1.32,0,7.74,5.16,7.15,9.54,0,0,0,0,           ,0,0,1,0,0,0,0.75,0.54,0.72,1.5,1.08,0.81,1.32
2025/07/25-14:10,6222.6,6226.2,6219.2,6219.4,660,6216.84,6214.22,6212.65,6208.33,6191.89,6217.45,6215.66,6191.08,6222.4,6231.8,6197.8,6197.8,0,6.6,5.42,7.12,9.51,0,0,0,0,           ,0,0,1,0,0,0,0.75,0.57,0.76,1.22,0.93,0.69,0.85,0,6.6,5.42,7.12,9.51,0,0,0,0,           ,0,0,1,0,0,0,0.75,0.57,0.76,1.22,0.93,0.69,0.85
2025/07/25-14:15,6219.2,6221.6,6213.2,6215.8,492,6216.54,6214.47,6212.9,6208.63,6192.38,6212.5,6216.55,6190.04,6222.4,6231.8,6197.8,6197.8,0,4.92,5.33,7.01,9.47,0,0,0,0,           ,0,1,0,0,0,0,0.74,0.56,0.76,0.92,0.7,0.52,0.75,0,4.92,5.33,7.01,9.47,0,0,0,0,           ,0,1,0,0,0,0,0.74,0.56,0.76,0.92,0.7,0.52,0.75
2025/07/25-14:20,6215.6,6219.6,6211.4,6213.2,423,6215.59,6214.27,6212.93,6208.82,6192.81,6207.55,6217.44,6189,6222.4,6231.8,6197.8,6197.8,0,4.23,5.13,6.88,9.42,0,0,0,0,           ,0,1,0,0,0,0,0.73,0.54,0.75,0.82,0.62,0.45,0.86,0,4.23,5.13,6.88,9.42,0,0,0,0,           ,0,1,0,0,0,0,0.73,0.54,0.75,0.82,0.62,0.45,0.86
2025/07/25-14:25,6213,6215.8,6196.6,6202.6,1008,6211.88,6212.48,6212.1,6208.56,6193.01,6202.6,6218.34,6187.95,6222.4,6231.8,6202.6,6197.8,0,10.08,6.03,7.03,9.42,0,0,0,0,           ,0,0,1,1,0,0,0.75,0.64,0.86,1.67,1.43,1.07,2.38,0,10.08,6.03,7.03,9.42,0,0,0,0,           ,0,0,1,1,0,0,0.75,0.64,0.86,1.67,1.43,1.07,2.38
2025/07/25-14:30,6203.4,6213.8,6202.8,6211.8,1132,6211.85,6212.37,6212.08,6208.7,6193.4,6206.64,6219.23,6186.91,6222.4,6231.8,6202.6,6197.8,0,11.32,6.99,7.24,9.44,0,0,0,0,           ,0,0,1,0,0,0,0.77,0.74,0.97,1.62,1.56,1.2,1.12,0,11.32,6.99,7.24,9.44,0,0,0,0,           ,0,0,1,0,0,0,0.77,0.74,0.97,1.62,1.56,1.2,1.12
2025/07/25-14:35,6211.8,6222.4,6211.8,6222,681,6214.75,6213.85,6212.87,6209.24,6193.99,6210.68,6220.12,6185.86,6222.4,6231.8,6202.6,6197.8,0,6.81,6.96,7.22,9.41,0,0,0,0,           ,0,1,0,0,0,0,0.77,0.74,0.96,0.98,0.94,0.72,0.6,0,6.81,6.96,7.22,9.41,0,0,0,0,           ,0,1,0,0,0,0,0.77,0.74,0.96,0.98,0.94,0.72,0.6
2025/07/25-14:40,6222.4,6223,6216.2,6219.6,742,6216.14,6214.74,6213.41,6209.66,6194.52,6214.72,6221.01,6184.82,6222.4,6231.8,6202.6,6197.8,0,7.42,7.04,7.23,9.39,0,0,0,0,           ,0,1,0,0,0,0,0.77,0.75,0.97,1.05,1.03,0.79,1.09,0,7.42,7.04,7.23,9.39,0,0,0,0,           ,0,1,0,0,0,0,0.77,0.75,0.97,1.05,1.03,0.79,1.09
2025/07/25-14:45,6219.8,6222,6215,6217.2,575,6216.44,6215.12,6213.71,6209.97,6194.98,6218.76,6221.91,6183.78,6222.4,6231.8,6202.6,6197.8,0,5.75,6.81,7.16,9.36,0,0,0,0,           ,0,1,0,0,0,0,0.76,0.73,0.95,0.84,0.8,0.61,0.77,0,5.75,6.81,7.16,9.36,0,0,0,0,           ,0,1,0,0,0,0,0.76,0.73,0.95,0.84,0.8,0.61,0.77
2025/07/25-14:50,6218.2,6225.8,6216.8,6222.8,671,6218.26,6216.3,6214.44,6210.49,6195.56,6222.8,6222.8,6182.73,6222.8,6222.8,6202.6,6197.8,0,6.71,6.79,7.14,9.33,0,0,0,0,           ,0,1,0,0,0,0,0.76,0.73,0.95,0.99,0.94,0.72,1.17,0,6.71,6.79,7.14,9.33,0,0,0,0,           ,0,1,0,0,0,0,0.76,0.73,0.95,0.99,0.94,0.72,1.17
2025/07/25-14:55,6223,6225,6218.4,6219.2,779,6218.53,6216.75,6214.82,6210.85,6196.05,6208.4,6208.4,6181.69,6222.8,6222.8,6202.6,6197.8,0,7.79,6.97,7.17,9.32,0,0,0,0,           ,0,1,0,0,0,0,0.77,0.75,0.97,1.12,1.09,0.84,1.16,0,7.79,6.97,7.17,9.32,0,0,0,0,           ,0,1,0,0,0,0,0.77,0.75,0.97,1.12,1.09,0.84,1.16
2025/07/25-15:00,6219.2,6220,6214.8,6216,1243,6217.81,6216.63,6214.91,6211.06,6196.46,6194,6194,6180.64,6222.8,6222.8,6202.6,6197.8,0,12.43,7.96,7.43,9.35,0,0,0,0,           ,0,0,1,1,0,0,0.79,0.85,1.07,1.56,1.67,1.33,1.6,0,12.43,7.96,7.43,9.35,0,0,0,0,           ,0,0,1,1,0,0,0.79,0.85,1.07,1.56,1.67,1.33,1.6
2025/07/28-09:35,6218.4,6220.4,6176.2,6179.6,5314,6206.89,6210.93,6212.09,6209.77,6196.11,6179.6,6179.6,6179.6,6222.8,6222.8,6179.6,6179.6,0,53.14,16.18,9.66,9.78,0,1,0,1,16.18,0,0,1,1,1,1,0.99,1.65,1.68,3.28,5.5,5.43,4.28,0,53.14,16.18,9.66,9.78,0,1,0,1,16.18,0,0,1,1,1,1,0.99,1.65,1.68,3.28,5.5,5.43,4.28
2025/07/28-09:40,6180.4,6192.8,6178.8,6190.8,2851,6202.29,6207.84,6210.39,6209,6196,6184,6184,6184,6222.8,6222.8,6179.6,6179.6,0,28.51,18.42,10.57,9.97,0,0,0,1,18.42,0,0,1,0,0,0,1.06,1.85,1.74,1.55,2.7,2.86,0.54,0,28.51,18.42,10.57,9.97,0,0,0,1,18.42,0,0,1,0,0,0,1.06,1.85,1.74,1.55,2.7,2.86,0.54
2025/07/28-09:45,6190.4,6204.8,6188.4,6202.2,1550,6202.27,6206.97,6209.73,6208.72,6196.13,6188.4,6188.4,6188.4,6222.8,6222.8,6179.6,6179.6,0,15.5,17.89,10.82,10.02,0,0,0,0,17.89,0,1,0,0,0,0,1.08,1.78,1.65,0.87,1.43,1.55,0.54,0,15.5,17.89,10.82,10.02,0,0,0,0,17.89,0,1,0,0,0,0,1.08,1.78,1.65,0.87,1.43,1.55,0.54
2025/07/28-09:50,6202,6203.2,6191,6199.6,1160,6201.5,6205.83,6208.92,6208.35,6196.2,6192.8,6192.8,6192.8,6222.8,6222.8,6179.6,6179.6,0,11.6,16.75,10.85,10.04,0,0,0,0,16.75,1,0,0,0,0,0,1.08,1.67,1.54,0.69,1.07,1.16,0.75,0,11.6,16.75,10.85,10.04,0,0,0,0,16.75,1,0,0,0,0,0,1.08,1.67,1.54,0.69,1.07,1.16,0.75
2025/07/28-09:55,6199.8,6224.8,6199.8,6224.6,1631,6208.1,6208.72,6210.17,6209.01,6196.79,6197.2,6197.2,6197.2,6222.8,6222.8,6179.6,6179.6,0,16.31,16.67,11.12,10.1,0,0,0,0,16.67,0,1,0,0,0,0,1.1,1.65,1.5,0.98,1.47,1.61,1.41,0,16.31,16.67,11.12,10.1,0,0,0,0,16.67,0,1,0,0,0,0,1.1,1.65,1.5,0.98,1.47,1.61,1.41
2025/07/28-10:00,6224.6,6232,6222,6224.8,1783,6212.87,6211.2,6211.34,6209.66,6197.36,6201.6,6201.6,6201.6,6222.8,6222.8,6179.6,6179.6,0,17.83,16.88,11.45,10.18,0,0,0,0,16.88,0,1,0,0,0,0,1.12,1.66,1.47,1.06,1.56,1.75,1.09,0,17.83,16.88,11.45,10.18,0,0,0,0,16.88,0,1,0,0,0,0,1.12,1.66,1.47,1.06,1.56,1.75,1.09
2025/07/28-10:05,6225.4,6228.6,6218.2,6225.6,974,6216.51,6213.41,6212.48,6210.31,6197.94,6206,6206,6206,6222.8,6222.8,6179.6,6179.6,0,9.74,15.58,11.36,10.18,0,0,0,0,15.58,1,0,0,0,0,0,1.12,1.53,1.37,0.63,0.86,0.96,0.55,0,9.74,15.58,11.36,10.18,0,0,0,0,15.58,1,0,0,0,0,0,1.12,1.53,1.37,0.63,0.86,0.96,0.55
2025/07/28-10:10,6224.8,6242.2,6224.8,6240.8,1365,6223.45,6217.63,6214.75,6211.55,6198.83,6210.4,6210.4,6210.4,6222.8,6222.8,6179.6,6179.6,0,13.65,15.23,11.48,10.21,0,0,0,0,15.23,0,1,0,0,0,0,1.12,1.49,1.33,0.9,1.19,1.34,1.4,0,13.65,15.23,11.48,10.21,0,0,0,0,15.23,0,1,0,0,0,0,1.12,1.49,1.33,0.9,1.19,1.34,1.4
2025/07/28-10:15,6240.4,6248,6239.2,6247,1400,6230.18,6222.14,6217.33,6213,6199.82,6214.8,6214.8,6214.8,6222.8,6222.8,6179.6,6179.6,0,14,15.01,11.6,10.25,0,0,0,0,15.01,0,1,0,0,0,0,1.13,1.46,1.29,0.93,1.21,1.37,1.03,0,14,15.01,11.6,10.25,0,0,0,0,15.01,0,1,0,0,0,0,1.13,1.46,1.29,0.93,1.21,1.37,1.03
2025/07/28-10:20,6247.8,6249.8,6242,6246,978,6234.7,6225.81,6219.62,6214.35,6200.77,6219.2,6219.2,6219.2,6222.8,6222.8,6179.6,6179.6,0,9.78,14.06,11.51,10.24,0,0,0,0,14.06,1,0,0,0,0,0,1.12,1.37,1.22,0.7,0.85,0.95,0.7,0,9.78,14.06,11.51,10.24,0,0,0,0,14.06,1,0,0,0,0,0,1.12,1.37,1.22,0.7,0.85,0.95,0.7
2025/07/28-10:25,6245.6,6246.2,6233,6242.4,1084,6236.9,6228.37,6221.45,6215.49,6201.63,6223.6,6223.6,6223.6,6222.8,6222.8,6179.6,6179.6,0,10.84,13.47,11.48,10.25,0,0,0,0,13.47,0,1,0,0,0,0,1.12,1.31,1.17,0.8,0.94,1.06,1.11,0,10.84,13.47,11.48,10.25,0,0,0,0,13.47,0,1,0,0,0,0,1.12,1.31,1.17,0.8,0.94,1.06,1.11
2025/07/28-10:30,6241.6,6246.8,6235.4,6240.8,679,6238.01,6230.28,6222.99,6216.53,6202.44,6228,6228,6228,6222.8,6222.8,6179.6,6179.6,0,6.79,12.26,11.25,10.21,0,0,0,0,           ,1,0,0,0,0,0,1.1,1.2,1.09,0.55,0.6,0.66,0.63,0,6.79,12.26,11.25,10.21,0,0,0,0,           ,1,0,0,0,0,0,1.1,1.2,1.09,0.55,0.6,0.66,0.63
2025/07/28-10:35,6241.4,6246.2,6239,6246.2,555,6240.35,6232.73,6224.85,6217.74,6203.34,6232.4,6232.4,6232.4,6222.8,6222.8,6179.6,6179.6,0,5.55,11.04,10.97,10.17,0,0,0,0,           ,1,0,0,0,0,0,1.08,1.09,1.01,0.5,0.51,0.55,0.82,0,5.55,11.04,10.97,10.17,0,0,0,0,           ,1,0,0,0,0,0,1.08,1.09,1.01,0.5,0.51,0.55,0.82
2025/07/28-10:40,6246.2,6250.6,6240,6240.8,581,6240.48,6233.97,6226.13,6218.68,6204.11,6236.8,6236.8,6236.8,6222.8,6222.8,6179.6,6179.6,0,5.81,10.09,10.72,10.12,0,0,0,0,           ,1,0,0,0,0,0,1.06,1,0.94,0.58,0.54,0.57,1.05,0,5.81,10.09,10.72,10.12,0,0,0,0,           ,1,0,0,0,0,0,1.06,1,0.94,0.58,0.54,0.57,1.05
2025/07/28-10:45,6241.6,6247.6,6238.2,6245,281,6241.77,6235.67,6227.64,6219.75,6204.96,6241.2,6241.2,6241.2,6222.8,6222.8,6179.6,6179.6,0,2.81,8.76,10.33,10.05,1,0,0,0,           ,1,0,0,0,0,0,1.03,0.87,0.85,0.32,0.27,0.28,0.48,0,2.81,8.76,10.33,10.05,1,0,0,0,           ,1,0,0,0,0,0,1.03,0.87,0.85,0.32,0.27,0.28,0.48
2025/07/28-10:50,6245.4,6251.6,6244.2,6245.2,556,6242.75,6237.13,6229.04,6220.79,6205.79,6245.6,6245.6,6245.6,6222.8,6222.8,6179.6,6179.6,0,5.56,8.18,10.1,10.01,0,0,0,0,           ,1,0,0,1,0,0,1.01,0.82,0.81,0.68,0.55,0.56,1.98,0,5.56,8.18,10.1,10.01,0,0,0,0,           ,1,0,0,1,0,0,1.01,0.82,0.81,0.68,0.55,0.56,1.98
2025/07/28-10:55,6244,6250,6244,6250,271,6244.82,6239.11,6230.72,6221.98,6206.7,6250,6250,6250,6250,6250,6179.6,6179.6,0,2.71,7.19,9.74,9.93,1,0,0,0,           ,1,0,0,0,0,0,0.98,0.72,0.74,0.38,0.28,0.27,0.49,0,2.71,7.19,9.74,9.93,1,0,0,0,           ,1,0,0,0,0,0,0.98,0.72,0.74,0.38,0.28,0.27,0.49
2025/07/28-11:00,6250.6,6251.4,6233.8,6243.8,896,6244.53,6239.83,6231.76,6222.87,6207.46,6242.29,6242.29,6247.83,6250,6250,6179.6,6179.6,0,8.96,7.51,9.7,9.93,0,0,0,0,           ,0,1,0,1,0,0,0.98,0.76,0.77,1.19,0.92,0.9,3.31,0,8.96,7.51,9.7,9.93,0,0,0,0,           ,0,1,0,1,0,0,0.98,0.76,0.77,1.19,0.92,0.9,3.31
2025/07/28-11:05,6243.8,6249,6240.6,6245.2,397,6244.72,6240.66,6232.84,6223.79,6208.24,6234.57,6234.57,6245.67,6250,6250,6179.6,6179.6,0,3.97,6.87,9.42,9.87,0,0,0,0,           ,1,0,0,0,0,0,0.96,0.7,0.73,0.58,0.42,0.4,0.44,0,3.97,6.87,9.42,9.87,0,0,0,0,           ,1,0,0,0,0,0,0.96,0.7,0.73,0.58,0.42,0.4,0.44
2025/07/28-11:10,6245.2,6249.6,6241,6241,296,6243.66,6240.71,6233.49,6224.49,6208.92,6226.86,6226.86,6243.5,6250,6250,6179.6,6179.6,0,2.96,6.16,9.11,9.8,1,0,0,0,           ,1,0,0,0,0,0,0.93,0.63,0.68,0.48,0.33,0.3,0.75,0,2.96,6.16,9.11,9.8,1,0,0,0,           ,1,0,0,0,0,0,0.93,0.63,0.68,0.48,0.33,0.3,0.75
2025/07/28-11:15,6241.8,6247.2,6238.4,6240.4,340,6242.73,6240.66,6234.04,6225.14,6209.57,6219.14,6219.14,6241.33,6250,6250,6179.6,6179.6,0,3.4,5.65,8.83,9.73,0,0,0,0,           ,1,0,0,0,0,0,0.91,0.58,0.64,0.6,0.39,0.35,1.15,0,3.4,5.65,8.83,9.73,0,0,0,0,           ,1,0,0,0,0,0,0.91,0.58,0.64,0.6,0.39,0.35,1.15
2025/07/28-11:20,6240.6,6246.6,6233,6233,476,6239.95,6239.48,6233.96,6225.46,6210.05,6211.43,6211.43,6239.16,6250,6250,6179.6,6179.6,0,4.76,5.49,8.63,9.68,0,0,0,0,           ,0,1,0,0,0,0,0.89,0.57,0.64,0.87,0.55,0.49,1.4,0,4.76,5.49,8.63,9.68,0,0,0,0,           ,0,1,0,0,0,0,0.89,0.57,0.64,0.87,0.55,0.49,1.4
2025/07/28-11:25,6232.4,6233.4,6216.2,6218,1727,6233.68,6236.18,6232.68,6225.15,6210.21,6203.71,6203.71,6236.99,6250,6250,6179.6,6179.6,0,17.27,7.63,9.05,9.76,0,0,0,0,           ,0,0,1,1,0,0,0.93,0.78,0.84,2.26,1.91,1.77,3.63,0,17.27,7.63,9.05,9.76,0,0,0,0,           ,0,0,1,1,0,0,0.93,0.78,0.84,2.26,1.91,1.77,3.63
2025/07/28-11:30,6218.8,6224.8,6195.4,6196,2259,6222.91,6230,6229.75,6223.96,6209.92,6196,6196,6234.83,6250,6250,6196,6196,0,22.59,10.35,9.71,9.89,0,0,0,1,           ,0,0,1,0,0,0,0.98,1.05,1.07,2.18,2.33,2.28,1.31,0,22.59,10.35,9.71,9.89,0,0,0,1,           ,0,0,1,0,0,0,0.98,1.05,1.07,2.18,2.33,2.28,1.31
2025/07/28-13:05,6195,6223,6192.8,6219,2100,6221.79,6228.31,6228.89,6223.76,6210.11,6198.95,6198.95,6232.66,6250,6250,6196,6196,0,21,12.29,10.26,10,0,0,0,1,           ,0,0,1,0,0,0,1.03,1.23,1.2,1.71,2.05,2.1,0.93,0,21,12.29,10.26,10,0,0,0,1,           ,0,0,1,0,0,0,1.03,1.23,1.2,1.71,2.05,2.1,0.93
2025/07/28-13:10,6218.6,6223.8,6216.2,6219.4,1071,6221.11,6226.94,6228.13,6223.58,6210.3,6201.9,6201.9,6230.49,6250,6250,6196,6196,0,10.71,12,10.28,10,0,0,0,0,           ,0,1,0,0,0,0,1.03,1.2,1.17,0.89,1.04,1.07,0.51,0,10.71,12,10.28,10,0,0,0,0,           ,0,1,0,0,0,0,1.03,1.2,1.17,0.89,1.04,1.07,0.51
2025/07/28-13:15,6219.4,6226,6219.2,6226,619,6222.51,6226.79,6227.96,6223.68,6210.62,6204.85,6204.85,6228.32,6250,6250,6196,6196,0,6.19,10.94,10.08,9.97,0,0,0,0,           ,1,0,0,0,0,0,1.01,1.1,1.09,0.57,0.61,0.62,0.58,0,6.19,10.94,10.08,9.97,0,0,0,0,           ,1,0,0,0,0,0,1.01,1.1,1.09,0.57,0.61,0.62,0.58
2025/07/28-13:20,6226,6232.2,6224.4,6228.8,793,6224.31,6227.1,6228.03,6223.89,6211,6207.8,6207.8,6226.16,6250,6250,6196,6196,0,7.93,10.4,9.98,9.95,0,0,0,0,           ,1,0,0,0,0,0,1,1.05,1.04,0.76,0.79,0.8,1.28,0,7.93,10.4,9.98,9.95,0,0,0,0,           ,1,0,0,0,0,0,1,1.05,1.04,0.76,0.79,0.8,1.28
2025/07/28-13:25,6229.4,6230.6,6223.2,6226.6,519,6224.96,6227.02,6227.91,6224,6211.32,6210.75,6210.75,6223.99,6250,6250,6196,6196,0,5.19,9.45,9.75,9.9,0,0,0,0,           ,1,0,0,0,0,0,0.98,0.95,0.97,0.55,0.53,0.52,0.65,0,5.19,9.45,9.75,9.9,0,0,0,0,           ,1,0,0,0,0,0,0.98,0.95,0.97,0.55,0.53,0.52,0.65
2025/07/28-13:30,6226.8,6229,6223,6225.6,363,6225.14,6226.8,6227.73,6224.07,6211.61,6213.7,6213.7,6221.82,6250,6250,6196,6196,0,3.63,8.39,9.45,9.84,0,0,0,0,           ,1,0,0,0,0,0,0.96,0.85,0.89,0.43,0.38,0.37,0.7,0,3.63,8.39,9.45,9.84,0,0,0,0,           ,1,0,0,0,0,0,0.96,0.85,0.89,0.43,0.38,0.37,0.7
2025/07/28-13:35,6226,6230.6,6223.2,6228.6,419,6226.13,6227.08,6227.8,6224.25,6211.96,6216.65,6216.65,6219.65,6250,6250,6196,6196,0,4.19,7.63,9.19,9.78,0,0,0,0,           ,1,0,0,0,0,0,0.94,0.78,0.83,0.55,0.46,0.43,1.15,0,4.19,7.63,9.19,9.78,0,0,0,0,           ,1,0,0,0,0,0,0.94,0.78,0.83,0.55,0.46,0.43,1.15
2025/07/28-13:40,6227.4,6233.8,6224,6229.4,686,6227.07,6227.44,6227.93,6224.46,6212.32,6219.6,6219.6,6217.49,6250,6250,6196,6196,0,6.86,7.49,9.08,9.75,0,0,0,0,           ,0,1,0,1,0,0,0.93,0.77,0.82,0.92,0.76,0.7,1.64,0,6.86,7.49,9.08,9.75,0,0,0,0,           ,0,1,0,1,0,0,0.93,0.77,0.82,0.92,0.76,0.7,1.64
2025/07/28-13:45,6228.8,6232.8,6224.8,6229,479,6227.62,6227.68,6228.01,6224.65,6212.67,6222.55,6222.55,6215.32,6250,6250,6196,6196,0,4.79,7,8.87,9.7,0,0,0,0,           ,1,0,0,0,0,0,0.91,0.72,0.79,0.68,0.54,0.49,0.7,0,4.79,7,8.87,9.7,0,0,0,0,           ,1,0,0,0,0,0,0.91,0.72,0.79,0.68,0.54,0.49,0.7
2025/07/28-13:50,6229,6230.4,6211.2,6218.4,1047,6224.98,6226.25,6227.24,6224.39,6212.79,6225.5,6225.5,6213.15,6250,6250,6196,6196,0,10.47,7.63,8.95,9.71,0,0,0,0,           ,0,0,1,1,0,0,0.92,0.79,0.85,1.37,1.17,1.08,2.19,0,10.47,7.63,8.95,9.71,0,0,0,0,           ,0,0,1,1,0,0,0.92,0.79,0.85,1.37,1.17,1.08,2.19
2025/07/28-13:55,6218.4,6232.2,6218.4,6230.4,642,6226.53,6226.89,6227.5,6224.64,6213.15,6228.45,6228.45,6210.98,6250,6250,6196,6196,0,6.42,7.41,8.82,9.68,0,0,0,0,           ,0,1,0,0,0,0,0.91,0.77,0.84,0.87,0.73,0.66,0.61,0,6.42,7.41,8.82,9.68,0,0,0,0,           ,0,1,0,0,0,0,0.91,0.77,0.84,0.87,0.73,0.66,0.61
2025/07/28-14:00,6230.4,6232.2,6227.2,6231.4,378,6227.92,6227.58,6227.81,6224.91,6213.52,6231.4,6231.4,6208.82,6231.4,6231.4,6196,6196,0,3.78,6.75,8.58,9.62,0,0,0,0,           ,1,0,0,0,0,0,0.89,0.7,0.79,0.56,0.44,0.39,0.59,0,3.78,6.75,8.58,9.62,0,0,0,0,           ,1,0,0,0,0,0,0.89,0.7,0.79,0.56,0.44,0.39,0.59
2025/07/28-14:05,6231.6,6236.8,6228,6228.2,738,6228,6227.68,6227.84,6225.05,6213.83,6227.24,6227.98,6206.65,6231.4,6231.4,6196,6196,0,7.38,6.86,8.52,9.6,0,0,0,0,           ,0,1,0,1,0,0,0.89,0.72,0.81,1.08,0.87,0.77,1.95,0,7.38,6.86,8.52,9.6,0,0,0,0,           ,0,1,0,1,0,0,0.89,0.72,0.81,1.08,0.87,0.77,1.95
2025/07/28-14:10,6227.6,6233,6217.8,6218.6,552,6225.32,6226.28,6227.1,6224.78,6213.93,6223.08,6224.56,6204.48,6231.4,6231.4,6196,6196,0,5.52,6.62,8.37,9.56,0,0,0,0,           ,0,1,0,0,0,0,0.88,0.69,0.79,0.83,0.66,0.58,0.75,0,5.52,6.62,8.37,9.56,0,0,0,0,           ,0,1,0,0,0,0,0.88,0.69,0.79,0.83,0.66,0.58,0.75
2025/07/28-14:15,6218.8,6223.2,6215.2,6222.8,595,6224.6,6225.75,6226.76,6224.7,6214.11,6218.92,6221.13,6202.31,6231.4,6231.4,6196,6196,0,5.95,6.5,8.25,9.52,0,0,0,0,           ,0,1,0,0,0,0,0.87,0.68,0.79,0.92,0.72,0.63,1.08,0,5.95,6.5,8.25,9.52,0,0,0,0,           ,0,1,0,0,0,0,0.87,0.68,0.79,0.92,0.72,0.63,1.08
2025/07/28-14:20,6222.4,6224.6,6211.8,6216.6,532,6222.31,6224.34,6225.94,6224.37,6214.16,6214.76,6217.71,6200.15,6231.4,6231.4,6196,6196,0,5.32,6.28,8.11,9.48,0,0,0,0,           ,0,1,0,0,0,0,0.86,0.66,0.77,0.85,0.66,0.56,0.89,0,5.32,6.28,8.11,9.48,0,0,0,0,           ,0,1,0,0,0,0,0.86,0.66,0.77,0.85,0.66,0.56,0.89
2025/07/28-14:25,6216.8,6216.8,6209.2,6210.6,843,6218.97,6222.22,6224.72,6223.81,6214.09,6210.6,6214.29,6197.98,6231.4,6231.4,6210.6,6196,0,8.43,6.67,8.13,9.47,0,0,0,0,           ,0,0,1,1,0,0,0.86,0.7,0.82,1.26,1.04,0.89,1.58,0,8.43,6.67,8.13,9.47,0,0,0,0,           ,0,0,1,1,0,0,0.86,0.7,0.82,1.26,1.04,0.89,1.58
2025/07/28-14:30,6210.6,6219.6,6210.4,6219.4,492,6219.09,6221.79,6224.29,6223.63,6214.2,6213.72,6210.87,6195.81,6231.4,6231.4,6210.6,6196,0,4.92,6.36,7.97,9.42,0,0,0,0,           ,1,0,0,0,0,0,0.85,0.67,0.8,0.77,0.62,0.52,0.58,0,4.92,6.36,7.97,9.42,0,0,0,0,           ,1,0,0,0,0,0,0.85,0.67,0.8,0.77,0.62,0.52,0.58
2025/07/28-14:35,6219.8,6222.4,6216,6218,515,6218.78,6221.21,6223.79,6223.4,6214.28,6216.84,6207.44,6193.64,6231.4,6231.4,6210.6,6196,0,5.15,6.14,7.83,9.38,0,0,0,0,           ,0,1,0,0,0,0,0.84,0.65,0.78,0.84,0.66,0.55,1.05,0,5.15,6.14,7.83,9.38,0,0,0,0,           ,0,1,0,0,0,0,0.84,0.65,0.78,0.84,0.66,0.55,1.05
2025/07/28-14:40,6219.2,6225,6218.4,6225,506,6220.56,6221.79,6223.88,6223.47,6214.5,6219.96,6204.02,6191.48,6231.4,6231.4,6210.6,6196,0,5.06,5.94,7.7,9.34,0,0,0,0,           ,0,1,0,0,0,0,0.82,0.64,0.77,0.85,0.66,0.54,0.98,0,5.06,5.94,7.7,9.34,0,0,0,0,           ,0,1,0,0,0,0,0.82,0.64,0.77,0.85,0.66,0.54,0.98
2025/07/28-14:45,6225,6227.8,6224,6224,467,6221.54,6222.13,6223.89,6223.49,6214.69,6223.08,6200.6,6189.31,6231.4,6231.4,6210.6,6196,0,4.67,5.71,7.55,9.29,0,0,0,0,           ,0,1,0,0,0,0,0.81,0.61,0.76,0.82,0.62,0.5,0.92,0,4.67,5.71,7.55,9.29,0,0,0,0,           ,0,1,0,0,0,0,0.81,0.61,0.76,0.82,0.62,0.5,0.92
2025/07/28-14:50,6224.6,6226.6,6222,6226.2,584,6222.87,6222.76,6224.08,6223.6,6214.93,6226.2,6197.18,6187.14,6226.2,6231.4,6210.6,6196,0,5.84,5.73,7.47,9.26,0,0,0,0,           ,0,1,0,0,0,0,0.81,0.62,0.77,1.02,0.78,0.63,1.25,0,5.84,5.73,7.47,9.26,0,0,0,0,           ,0,1,0,0,0,0,0.81,0.62,0.77,1.02,0.78,0.63,1.25
2025/07/28-14:55,6226.4,6226.4,6222.6,6224.4,864,6223.31,6223.01,6224.1,6223.63,6215.13,6219.15,6193.76,6184.97,6226.2,6231.4,6210.6,6196,0,8.64,6.26,7.52,9.25,0,0,0,0,           ,0,0,1,0,0,0,0.81,0.68,0.83,1.38,1.15,0.93,1.48,0,8.64,6.26,7.52,9.25,0,0,0,0,           ,0,0,1,0,0,0,0.81,0.68,0.83,1.38,1.15,0.93,1.48
2025/07/28-15:00,6224.4,6225,6220.6,6222,1145,6222.93,6222.85,6223.94,6223.56,6215.27,6212.1,6190.33,6182.81,6226.2,6231.4,6210.6,6196,0,11.45,7.2,7.72,9.27,0,0,0,0,           ,0,0,1,0,0,0,0.83,0.78,0.93,1.59,1.48,1.23,1.33,0,11.45,7.2,7.72,9.27,0,0,0,0,           ,0,0,1,0,0,0,0.83,0.78,0.93,1.59,1.48,1.23,1.33
2025/07/29-09:35,6211,6218,6201,6203,3099,6217.24,6219.8,6222.26,6222.73,6215.01,6205.05,6186.91,6180.64,6226.2,6231.4,6210.6,6196,0,30.99,11.53,8.85,9.49,0,1,0,1,           ,0,0,1,1,1,1,0.93,1.22,1.3,2.69,3.5,3.27,2.71,0,30.99,11.53,8.85,9.49,0,1,0,1,           ,0,0,1,1,1,1,0.93,1.22,1.3,2.69,3.5,3.27,2.71
2025/07/29-09:40,6203.2,6213,6203.2,6209.6,1444,6215.06,6218.23,6221.25,6222.19,6214.9,6198,6183.49,6178.47,6226.2,6231.4,6210.6,6196,0,14.44,12.06,9.12,9.54,0,0,0,0,           ,0,0,1,0,0,0,0.96,1.26,1.32,1.2,1.58,1.51,0.47,0,14.44,12.06,9.12,9.54,0,0,0,0,           ,0,0,1,0,0,0,0.96,1.26,1.32,1.2,1.58,1.51,0.47
2025/07/29-09:45,6210.4,6212.6,6184,6184.8,2374,6206.41,6213.09,6218.33,6220.66,6214.28,6190.95,6180.07,6176.3,6226.2,6231.4,6210.6,6196,0,23.74,14.18,9.84,9.68,0,0,0,1,14.18,0,0,1,1,0,0,1.02,1.47,1.44,1.67,2.41,2.45,1.64,0,23.74,14.18,9.84,9.68,0,0,0,1,14.18,0,0,1,1,0,0,1.02,1.47,1.44,1.67,2.41,2.45,1.64
2025/07/29-09:50,6184,6194.8,6181,6190.4,1940,6201.84,6209.6,6216.1,6219.43,6213.79,6183.9,6176.64,6174.13,6226.2,6231.4,6210.6,6196,0,19.4,15.13,10.3,9.78,0,0,0,0,15.13,0,0,1,0,0,0,1.05,1.55,1.47,1.28,1.88,1.98,0.82,0,19.4,15.13,10.3,9.78,0,0,0,0,15.13,0,0,1,0,0,0,1.05,1.55,1.47,1.28,1.88,1.98,0.82
2025/07/29-09:55,6190.4,6192.8,6184.8,6192,977,6199.03,6206.89,6214.17,6218.31,6213.34,6176.85,6173.22,6171.97,6226.2,6231.4,6210.6,6196,0,9.77,14.16,10.28,9.78,0,0,0,0,14.16,1,0,0,0,0,0,1.05,1.45,1.38,0.69,0.95,1,0.5,0,9.77,14.16,10.28,9.78,0,0,0,0,14.16,1,0,0,0,0,0,1.05,1.45,1.38,0.69,0.95,1,0.5
2025/07/29-10:00,6191.2,6191.2,6168,6169.8,2774,6190.68,6201.18,6210.62,6216.33,6212.44,6169.8,6169.8,6169.8,6226.2,6231.4,6169.8,6169.8,0,27.74,16.63,11.13,9.95,0,0,0,1,16.63,0,0,1,1,0,0,1.12,1.67,1.49,1.67,2.49,2.79,2.84,0,27.74,16.63,11.13,9.95,0,0,0,1,16.63,0,0,1,1,0,0,1.12,1.67,1.49,1.67,2.49,2.79,2.84
2025/07/29-10:05,6169,6179.4,6162,6177.8,2477,6187,6197.59,6207.99,6214.76,6211.73,6180.13,6172.02,6171.53,6226.2,6231.4,6169.8,6169.8,0,24.77,18.11,11.79,10.1,0,0,0,1,18.11,0,0,1,0,0,0,1.17,1.79,1.54,1.37,2.1,2.45,0.89,0,24.77,18.11,11.79,10.1,0,0,0,1,18.11,0,0,1,0,0,0,1.17,1.79,1.54,1.37,2.1,2.45,0.89
2025/07/29-10:10,6178.4,6187,6175.6,6184.6,1363,6186.31,6195.59,6206.12,6213.52,6211.17,6190.47,6174.24,6173.26,6226.2,6231.4,6169.8,6169.8,0,13.63,17.29,11.88,10.14,0,0,0,0,17.29,0,1,0,0,0,0,1.17,1.71,1.46,0.79,1.15,1.34,0.55,0,13.63,17.29,11.88,10.14,0,0,0,0,17.29,0,1,0,0,0,0,1.17,1.71,1.46,0.79,1.15,1.34,0.55
2025/07/29-10:15,6184,6201,6184,6200.8,1245,6190.45,6196.39,6205.7,6213.01,6210.95,6200.8,6176.46,6175,6200.8,6231.4,6169.8,6169.8,0,12.45,16.41,11.91,10.16,0,0,0,0,16.41,1,0,0,0,0,0,1.17,1.62,1.38,0.76,1.05,1.23,0.91,0,12.45,16.41,11.91,10.16,0,0,0,0,16.41,1,0,0,0,0,0,1.17,1.62,1.38,0.76,1.05,1.23,0.91
2025/07/29-10:20,6201,6201.4,6190.8,6195.8,1176,6191.98,6196.3,6204.91,6212.3,6210.64,6198.08,6178.68,6176.73,6200.8,6231.4,6169.8,6169.8,0,11.76,15.57,11.9,10.18,0,0,0,0,15.57,1,0,0,0,0,0,1.17,1.53,1.31,0.76,0.99,1.16,0.94,0,11.76,15.57,11.9,10.18,0,0,0,0,15.57,1,0,0,0,0,0,1.17,1.53,1.31,0.76,0.99,1.16,0.94
2025/07/29-10:25,6195.6,6196.6,6185,6190.6,816,6191.59,6195.42,6203.76,6211.42,6210.23,6195.36,6180.9,6178.46,6200.8,6231.4,6169.8,6169.8,0,8.16,14.22,11.72,10.16,0,0,0,0,14.22,1,0,0,0,0,0,1.15,1.4,1.21,0.57,0.7,0.8,0.69,0,8.16,14.22,11.72,10.16,0,0,0,0,14.22,1,0,0,0,0,0,1.15,1.4,1.21,0.57,0.7,0.8,0.69
2025/07/29-10:30,6191.6,6199,6190,6192.4,546,6191.82,6194.96,6202.85,6210.64,6209.86,6192.64,6183.11,6180.19,6200.8,6231.4,6169.8,6169.8,0,5.46,12.63,11.42,10.11,0,0,0,0,           ,1,0,0,0,0,0,1.13,1.25,1.11,0.43,0.48,0.54,0.67,0,5.46,12.63,11.42,10.11,0,0,0,0,           ,1,0,0,0,0,0,1.13,1.25,1.11,0.43,0.48,0.54,0.67
2025/07/29-10:35,6192,6196.8,6187.2,6187.4,441,6190.56,6193.79,6201.62,6209.69,6209.4,6189.92,6185.33,6181.93,6200.8,6231.4,6169.8,6169.8,0,4.41,11.13,11.07,10.05,0,0,0,0,           ,1,0,0,0,0,0,1.1,1.11,1.01,0.4,0.4,0.44,0.81,0,4.41,11.13,11.07,10.05,0,0,0,0,           ,1,0,0,0,0,0,1.1,1.11,1.01,0.4,0.4,0.44,0.81
2025/07/29-10:40,6188.2,6191,6181.4,6187.2,642,6189.6,6192.78,6200.46,6208.77,6208.94,6187.2,6187.55,6183.66,6200.8,6231.4,6187.2,6169.8,0,6.42,10.28,10.85,10.02,0,0,0,0,           ,1,0,0,0,0,0,1.08,1.03,0.95,0.62,0.59,0.64,1.46,0,6.42,10.28,10.85,10.02,0,0,0,0,           ,1,0,0,0,0,0,1.08,1.03,0.95,0.62,0.59,0.64,1.46
2025/07/29-10:45,6187,6195.6,6185,6195.4,447,6191.25,6193.18,6200.06,6208.23,6208.66,6191.28,6189.77,6185.39,6200.8,6231.4,6187.2,6169.8,0,4.47,9.22,10.54,9.96,0,0,0,0,           ,1,0,0,0,0,0,1.06,0.93,0.88,0.48,0.42,0.45,0.7,0,4.47,9.22,10.54,9.96,0,0,0,0,           ,1,0,0,0,0,0,1.06,0.93,0.88,0.48,0.42,0.45,0.7
2025/07/29-10:50,6195.4,6196.6,6186,6189,376,6190.61,6192.54,6199.17,6207.44,6208.26,6195.35,6191.99,6187.12,6200.8,6231.4,6187.2,6169.8,0,3.76,8.23,10.21,9.9,0,0,0,0,           ,1,0,0,0,0,0,1.03,0.83,0.81,0.46,0.37,0.38,0.84,0,3.76,8.23,10.21,9.9,0,0,0,0,           ,1,0,0,0,0,0,1.03,0.83,0.81,0.46,0.37,0.38,0.84
2025/07/29-10:55,6189.6,6198,6188.4,6195.6,567,6192.04,6193.01,6198.89,6206.96,6208,6199.42,6194.21,6188.85,6200.8,6231.4,6187.2,6169.8,0,5.67,7.76,9.98,9.86,0,0,0,0,           ,1,0,0,1,0,0,1.01,0.79,0.78,0.73,0.57,0.58,1.51,0,5.67,7.76,9.98,9.86,0,0,0,0,           ,1,0,0,1,0,0,1.01,0.79,0.78,0.73,0.57,0.58,1.51
2025/07/29-11:00,6195.6,6205,6194.2,6203.4,947,6195.28,6194.61,6199.25,6206.81,6207.9,6203.5,6196.43,6190.59,6200.8,6231.4,6187.2,6169.8,0,9.47,8.07,9.96,9.85,0,0,0,0,           ,0,1,0,1,0,0,1.01,0.82,0.81,1.17,0.95,0.96,1.67,0,9.47,8.07,9.96,9.85,0,0,0,0,           ,0,1,0,1,0,0,1.01,0.82,0.81,1.17,0.95,0.96,1.67
2025/07/29-11:05,6203.8,6206.4,6197.4,6202.8,627,6197.43,6195.87,6199.53,6206.65,6207.8,6207.58,6198.65,6192.32,6200.8,6231.4,6187.2,6169.8,0,6.27,7.75,9.78,9.82,0,0,0,0,           ,0,1,0,0,0,0,1,0.79,0.79,0.81,0.64,0.64,0.66,0,6.27,7.75,9.78,9.82,0,0,0,0,           ,0,1,0,0,0,0,1,0.79,0.79,0.81,0.64,0.64,0.66
2025/07/29-11:10,6204.2,6211.8,6202.6,6208.2,638,6200.51,6197.77,6200.23,6206.71,6207.8,6211.65,6200.87,6194.05,6200.8,6231.4,6187.2,6169.8,0,6.38,7.5,9.61,9.78,0,0,0,0,           ,0,1,0,0,0,0,0.98,0.77,0.78,0.85,0.66,0.65,1.02,0,6.38,7.5,9.61,9.78,0,0,0,0,           ,0,1,0,0,0,0,0.98,0.77,0.78,0.85,0.66,0.65,1.02
2025/07/29-11:15,6208.4,6210.4,6204.4,6209,434,6202.93,6199.49,6200.93,6206.81,6207.83,6215.72,6203.09,6195.78,6200.8,6231.4,6187.2,6169.8,0,4.34,6.92,9.36,9.73,0,0,0,0,           ,1,0,0,0,0,0,0.96,0.71,0.74,0.63,0.46,0.45,0.68,0,4.34,6.92,9.36,9.73,0,0,0,0,           ,1,0,0,0,0,0,0.96,0.71,0.74,0.63,0.46,0.45,0.68
2025/07/29-11:20,6209,6227.8,6209,6219.8,1326,6207.75,6202.62,6202.44,6207.34,6208.08,6219.8,6205.3,6197.52,6219.8,6231.4,6187.2,6169.8,0,13.26,8.08,9.55,9.76,0,0,0,0,           ,0,0,1,1,0,0,0.98,0.83,0.85,1.64,1.39,1.36,3.06,0,13.26,8.08,9.55,9.76,0,0,0,0,           ,0,0,1,1,0,0,0.98,0.83,0.85,1.64,1.39,1.36,3.06
2025/07/29-11:25,6220.6,6226,6215.2,6215.2,825,6209.88,6204.55,6203.46,6207.66,6208.22,6213.2,6207.52,6199.25,6219.8,6231.4,6187.2,6169.8,0,8.25,8.11,9.48,9.75,0,0,0,0,           ,0,1,0,0,0,0,0.97,0.83,0.85,1.02,0.87,0.85,0.62,0,8.25,8.11,9.48,9.75,0,0,0,0,           ,0,1,0,0,0,0,0.97,0.83,0.85,1.02,0.87,0.85,0.62
2025/07/29-11:30,6215.2,6218.2,6204.4,6206.6,682,6208.94,6204.87,6203.71,6207.62,6208.19,6206.6,6209.74,6200.98,6219.8,6231.4,6206.6,6169.8,0,6.82,7.87,9.35,9.72,0,0,0,0,           ,0,1,0,0,0,0,0.96,0.81,0.84,0.87,0.73,0.7,0.83,0,6.82,7.87,9.35,9.72,0,0,0,0,           ,0,1,0,0,0,0,0.96,0.81,0.84,0.87,0.73,0.7,0.83
2025/07/29-13:05,6206.4,6222.8,6205,6222.2,863,6212.73,6207.54,6205.19,6208.21,6208.48,6222.2,6211.96,6202.71,6222.2,6231.4,6206.6,6169.8,0,8.63,8.01,9.32,9.71,0,0,0,0,           ,0,1,0,0,0,0,0.96,0.83,0.86,1.08,0.93,0.89,1.27,0,8.63,8.01,9.32,9.71,0,0,0,0,           ,0,1,0,0,0,0,0.96,0.83,0.86,1.08,0.93,0.89,1.27
2025/07/29-13:10,6222.8,6224.6,6206,6207.2,658,6211.15,6207.48,6205.35,6208.17,6208.45,6214.67,6214.18,6204.44,6222.2,6231.4,6206.6,6169.8,0,6.58,7.75,9.18,9.68,0,0,0,0,           ,0,1,0,0,0,0,0.95,0.8,0.84,0.85,0.72,0.68,0.76,0,6.58,7.75,9.18,9.68,0,0,0,0,           ,0,1,0,0,0,0,0.95,0.8,0.84,0.85,0.72,0.68,0.76
2025/07/29-13:15,6207,6210.8,6200,6203.8,605,6209.05,6206.92,6205.23,6207.99,6208.36,6207.13,6216.4,6206.18,6222.2,6231.4,6206.6,6169.8,0,6.05,7.44,9.03,9.64,0,0,0,0,           ,0,1,0,0,0,0,0.94,0.77,0.82,0.81,0.67,0.63,0.92,0,6.05,7.44,9.03,9.64,0,0,0,0,           ,0,1,0,0,0,0,0.94,0.77,0.82,0.81,0.67,0.63,0.92
2025/07/29-13:20,6203.6,6203.6,6198.6,6199.6,575,6206.35,6205.79,6204.78,6207.65,6208.18,6199.6,6218.62,6207.91,6222.2,6231.4,6199.6,6169.8,0,5.75,7.13,8.87,9.6,0,0,0,0,           ,0,1,0,0,0,0,0.92,0.74,0.8,0.81,0.65,0.6,0.95,0,5.75,7.13,8.87,9.6,0,0,0,0,           ,0,1,0,0,0,0,0.92,0.74,0.8,0.81,0.65,0.6,0.95
2025/07/29-13:25,6199.6,6204.4,6198.6,6200.4,565,6204.65,6204.96,6204.43,6207.35,6208.02,6202.77,6220.84,6209.64,6222.2,6231.4,6199.6,6169.8,0,5.65,6.86,8.71,9.56,0,0,0,0,           ,0,1,0,0,0,0,0.91,0.72,0.79,0.82,0.65,0.59,0.98,0,5.65,6.86,8.71,9.56,0,0,0,0,           ,0,1,0,0,0,0,0.91,0.72,0.79,0.82,0.65,0.59,0.98
2025/07/29-13:30,6200.6,6206.2,6198.8,6203.6,501,6204.35,6204.75,6204.36,6207.2,6207.92,6205.94,6223.06,6211.37,6222.2,6231.4,6199.6,6169.8,0,5.01,6.53,8.53,9.52,0,0,0,0,           ,1,0,0,0,0,0,0.9,0.69,0.76,0.77,0.59,0.53,0.89,0,5.01,6.53,8.53,9.52,0,0,0,0,           ,1,0,0,0,0,0,0.9,0.69,0.76,0.77,0.59,0.53,0.89
2025/07/29-13:35,6203.8,6210.8,6203.8,6207.6,381,6205.28,6205.19,6204.62,6207.22,6207.92,6209.11,6225.28,6213.1,6222.2,6231.4,6199.6,6169.8,0,3.81,6.03,8.3,9.46,0,0,0,0,           ,1,0,0,0,0,0,0.88,0.64,0.73,0.63,0.46,0.4,0.76,0,3.81,6.03,8.3,9.46,0,0,0,0,           ,1,0,0,0,0,0,0.88,0.64,0.73,0.63,0.46,0.4,0.76
2025/07/29-13:40,6207.2,6210.4,6199,6199.8,501,6203.71,6204.36,6204.23,6206.91,6207.75,6212.28,6227.5,6214.84,6222.2,6231.4,6199.6,6169.8,0,5.01,5.85,8.14,9.42,0,0,0,0,           ,0,1,0,0,0,0,0.86,0.62,0.72,0.86,0.62,0.53,1.31,0,5.01,5.85,8.14,9.42,0,0,0,0,           ,0,1,0,0,0,0,0.86,0.62,0.72,0.86,0.62,0.53,1.31
2025/07/29-13:45,6200.6,6211.4,6200,6210.8,422,6205.74,6205.35,6204.76,6207.07,6207.81,6215.45,6229.71,6216.57,6222.2,6231.4,6199.6,6169.8,0,4.22,5.55,7.95,9.37,0,0,0,0,           ,1,0,0,0,0,0,0.85,0.59,0.7,0.76,0.53,0.45,0.84,0,4.22,5.55,7.95,9.37,0,0,0,0,           ,1,0,0,0,0,0,0.85,0.59,0.7,0.76,0.53,0.45,0.84
2025/07/29-13:50,6211.8,6216.6,6211.2,6214.6,511,6208.27,6206.77,6205.55,6207.38,6207.95,6218.62,6231.93,6218.3,6222.2,6231.4,6199.6,6169.8,0,5.11,5.47,7.81,9.32,0,0,0,0,           ,0,1,0,0,0,0,0.84,0.59,0.7,0.93,0.65,0.55,1.21,0,5.11,5.47,7.81,9.32,0,0,0,0,           ,0,1,0,0,0,0,0.84,0.59,0.7,0.93,0.65,0.55,1.21
2025/07/29-13:55,6214,6216.8,6206.6,6208,531,6208.19,6206.96,6205.74,6207.4,6207.95,6221.79,6234.15,6220.03,6222.2,6231.4,6199.6,6169.8,0,5.31,5.44,7.69,9.28,0,0,0,0,           ,0,1,0,0,0,0,0.83,0.59,0.71,0.98,0.69,0.57,1.04,0,5.31,5.44,7.69,9.28,0,0,0,0,           ,0,1,0,0,0,0,0.83,0.59,0.71,0.98,0.69,0.57,1.04
2025/07/29-14:00,6207.6,6214.4,6206,6209.4,511,6208.54,6207.34,6206.03,6207.49,6207.98,6224.96,6236.37,6221.77,6222.2,6231.4,6199.6,6169.8,0,5.11,5.38,7.56,9.24,0,0,0,0,           ,0,1,0,0,0,0,0.82,0.58,0.71,0.95,0.68,0.55,0.96,0,5.11,5.38,7.56,9.24,0,0,0,0,           ,0,1,0,0,0,0,0.82,0.58,0.71,0.95,0.68,0.55,0.96
2025/07/29-14:05,6209,6226.6,6209,6226.4,999,6213.64,6210.27,6207.66,6208.26,6208.36,6228.13,6238.59,6223.5,6222.2,6231.4,6199.6,6169.8,0,9.99,6.22,7.68,9.25,0,0,0,0,           ,0,0,1,1,0,0,0.83,0.67,0.81,1.61,1.3,1.08,1.95,0,9.99,6.22,7.68,9.25,0,0,0,0,           ,0,0,1,1,0,0,0.83,0.67,0.81,1.61,1.3,1.08,1.95
2025/07/29-14:10,6226.4,6232.6,6221.2,6223,1305,6216.31,6212.23,6208.89,6208.86,6208.67,6231.3,6240.81,6225.23,6222.2,6231.4,6199.6,6169.8,0,13.05,7.46,7.94,9.29,0,0,0,0,           ,0,0,1,0,0,0,0.86,0.8,0.94,1.75,1.64,1.41,1.31,0,13.05,7.46,7.94,9.29,0,0,0,0,           ,0,0,1,0,0,0,0.86,0.8,0.94,1.75,1.64,1.41,1.31
2025/07/29-14:15,6222.8,6228.2,6218.4,6227.2,662,6219.42,6214.53,6210.36,6209.61,6209.05,6234.47,6243.03,6226.96,6222.2,6231.4,6199.6,6169.8,0,6.62,7.31,7.88,9.26,0,0,0,0,           ,0,1,0,0,0,0,0.85,0.79,0.93,0.91,0.84,0.71,0.51,0,6.62,7.31,7.88,9.26,0,0,0,0,           ,0,1,0,0,0,0,0.85,0.79,0.93,0.91,0.84,0.71,0.51
2025/07/29-14:20,6226.6,6232.4,6226.6,6229.4,665,6222.27,6216.82,6211.88,6210.42,6209.47,6237.64,6245.25,6228.69,6222.2,6231.4,6199.6,6169.8,0,6.65,7.19,7.82,9.23,0,0,0,0,           ,0,1,0,0,0,0,0.85,0.78,0.92,0.93,0.85,0.72,1,0,6.65,7.19,7.82,9.23,0,0,0,0,           ,0,1,0,0,0,0,0.85,0.78,0.92,0.93,0.85,0.72,1
2025/07/29-14:25,6229.4,6244.6,6227.2,6244.2,1130,6228.54,6221.03,6214.46,6211.79,6210.18,6240.81,6247.47,6230.43,6222.2,6231.4,6199.6,6169.8,0,11.3,7.94,7.99,9.26,0,0,0,0,           ,0,0,1,1,0,0,0.86,0.86,0.99,1.42,1.41,1.22,1.7,0,11.3,7.94,7.99,9.26,0,0,0,0,           ,0,0,1,1,0,0,0.86,0.86,0.99,1.42,1.41,1.22,1.7
2025/07/29-14:30,6244,6250,6240.2,6244,1164,6232.96,6224.57,6216.83,6213.11,6210.88,6243.98,6249.69,6232.16,6222.2,6231.4,6199.6,6169.8,0,11.64,8.61,8.17,9.28,0,0,0,0,           ,0,0,1,0,0,0,0.88,0.93,1.05,1.35,1.43,1.25,1.03,0,11.64,8.61,8.17,9.28,0,0,0,0,           ,0,0,1,0,0,0,0.88,0.93,1.05,1.35,1.43,1.25,1.03
2025/07/29-14:35,6243,6249.8,6240.6,6242,783,6235.54,6227.25,6218.84,6214.29,6211.52,6247.15,6251.9,6233.89,6222.2,6231.4,6199.6,6169.8,0,7.83,8.47,8.15,9.26,0,0,0,0,           ,0,1,0,0,0,0,0.88,0.91,1.04,0.92,0.96,0.85,0.67,0,7.83,8.47,8.15,9.26,0,0,0,0,           ,0,1,0,0,0,0,0.88,0.91,1.04,0.92,0.96,0.85,0.67
2025/07/29-14:40,6242,6248.2,6239.6,6244.2,574,6238.01,6229.86,6220.87,6215.51,6212.2,6250.32,6254.12,6235.62,6222.2,6231.4,6199.6,6169.8,0,5.74,7.97,8.03,9.23,0,0,0,0,           ,1,0,0,0,0,0,0.87,0.86,0.99,0.72,0.71,0.62,0.73,0,5.74,7.97,8.03,9.23,0,0,0,0,           ,1,0,0,0,0,0,0.87,0.86,0.99,0.72,0.71,0.62,0.73
2025/07/29-14:45,6244,6244.8,6239.4,6241.6,595,6239.04,6231.66,6222.53,6216.57,6212.8,6253.49,6256.34,6237.36,6222.2,6231.4,6199.6,6169.8,0,5.95,7.6,7.93,9.2,0,0,0,0,           ,1,0,0,0,0,0,0.86,0.83,0.96,0.78,0.75,0.65,1.04,0,5.95,7.6,7.93,9.2,0,0,0,0,           ,1,0,0,0,0,0,0.86,0.83,0.96,0.78,0.75,0.65,1.04
2025/07/29-14:50,6241.8,6251.8,6240.4,6249,858,6241.89,6234.33,6224.65,6217.9,6213.55,6256.66,6258.56,6239.09,6222.2,6231.4,6199.6,6169.8,0,8.58,7.78,7.96,9.19,0,0,0,0,           ,0,1,0,0,0,0,0.87,0.85,0.98,1.1,1.08,0.93,1.44,0,8.58,7.78,7.96,9.19,0,0,0,0,           ,0,1,0,0,0,0,0.87,0.85,0.98,1.1,1.08,0.93,1.44
2025/07/29-14:55,6249,6258.2,6246,6257,1259,6246.2,6237.82,6227.23,6219.49,6214.44,6259.83,6260.78,6240.82,6222.2,6231.4,6199.6,6169.8,0,12.59,8.66,8.19,9.22,0,0,0,0,           ,0,0,1,0,0,0,0.89,0.94,1.06,1.45,1.54,1.36,1.47,0,12.59,8.66,8.19,9.22,0,0,0,0,           ,0,0,1,0,0,0,0.89,0.94,1.06,1.45,1.54,1.36,1.47
2025/07/29-15:00,6257.2,6267,6256.6,6263,1869,6251,6241.69,6230.1,6221.27,6215.45,6263,6263,6242.55,6263,6263,6199.6,6169.8,0,18.69,10.48,8.7,9.32,0,0,0,1,           ,0,0,1,0,0,0,0.93,1.12,1.2,1.78,2.15,2.01,1.48,0,18.69,10.48,8.7,9.32,0,0,0,1,           ,0,0,1,0,0,0,0.93,1.12,1.2,1.78,2.15,2.01,1.48
2025/07/30-09:35,6261,6261,6222.6,6228,5047,6244.43,6239.59,6229.93,6221.54,6215.7,6228,6228,6244.28,6263,6263,6228,6228,0,50.47,17.75,10.74,9.73,0,1,0,1,17.75,0,0,1,1,1,1,1.1,1.82,1.65,2.84,4.7,5.19,2.7,0,50.47,17.75,10.74,9.73,0,1,0,1,17.75,0,0,1,1,1,1,1.1,1.82,1.65,2.84,4.7,5.19,2.7
2025/07/30-09:40,6228,6243.2,6223.8,6237.6,2348,6242.48,6239.28,6230.54,6222.2,6216.16,6231.8,6230.75,6246.02,6263,6263,6228,6228,0,23.48,18.79,11.36,9.86,0,0,0,1,18.79,0,0,1,0,0,0,1.15,1.91,1.65,1.25,2.07,2.38,0.47,0,23.48,18.79,11.36,9.86,0,0,0,1,18.79,0,0,1,0,0,0,1.15,1.91,1.65,1.25,2.07,2.38,0.47
2025/07/30-09:45,6237.8,6248.8,6231.8,6239.4,1836,6241.6,6239.3,6231.25,6222.9,6216.64,6235.6,6233.5,6247.75,6263,6263,6228,6228,0,18.36,18.71,11.7,9.95,0,0,0,0,18.71,0,1,0,0,0,0,1.18,1.88,1.6,0.98,1.57,1.85,0.78,0,18.36,18.71,11.7,9.95,0,0,0,0,18.71,0,1,0,0,0,0,1.18,1.88,1.6,0.98,1.57,1.85,0.78
2025/07/30-09:50,6238.6,6252,6237,6249.4,1403,6243.83,6240.85,6232.7,6223.98,6217.31,6239.4,6236.25,6249.48,6263,6263,6228,6228,0,14.03,17.86,11.82,9.99,0,0,0,0,17.86,1,0,0,0,0,0,1.18,1.79,1.51,0.79,1.19,1.4,0.76,0,14.03,17.86,11.82,9.99,0,0,0,0,17.86,1,0,0,0,0,0,1.18,1.79,1.51,0.79,1.19,1.4,0.76
2025/07/30-09:55,6251,6251.6,6236.8,6239.4,1562,6242.56,6240.63,6233.24,6224.61,6217.77,6243.2,6239,6251.21,6263,6263,6228,6228,0,15.62,17.45,12,10.05,0,0,0,0,17.45,0,1,0,0,0,0,1.19,1.74,1.45,0.89,1.3,1.55,1.11,0,15.62,17.45,12,10.05,0,0,0,0,17.45,0,1,0,0,0,0,1.19,1.74,1.45,0.89,1.3,1.55,1.11
2025/07/30-10:00,6238.8,6255.8,6238.2,6245,1564,6243.26,6241.3,6234.18,6225.45,6218.33,6247,6241.75,6252.95,6263,6263,6228,6228,0,15.64,17.12,12.18,10.1,0,0,0,0,17.12,0,1,0,0,0,0,1.21,1.7,1.41,0.91,1.28,1.55,1,0,15.64,17.12,12.18,10.1,0,0,0,0,17.12,0,1,0,0,0,0,1.21,1.7,1.41,0.91,1.28,1.55,1
2025/07/30-10:05,6245,6259.6,6243.8,6253,1282,6246.04,6243.1,6235.69,6226.57,6219.04,6250.8,6244.5,6254.68,6263,6263,6228,6228,0,12.82,16.34,12.21,10.13,0,0,0,0,16.34,1,0,0,0,0,0,1.21,1.61,1.34,0.78,1.05,1.27,0.82,0,12.82,16.34,12.21,10.13,0,0,0,0,16.34,1,0,0,0,0,0,1.21,1.61,1.34,0.78,1.05,1.27,0.82
2025/07/30-10:10,6253.2,6256.2,6248,6254.6,806,6248.49,6244.87,6237.2,6227.71,6219.78,6254.6,6247.25,6256.41,6254.6,6263,6228,6228,0,8.06,14.84,12.01,10.11,0,0,0,0,14.84,1,0,0,0,0,0,1.19,1.47,1.24,0.54,0.67,0.8,0.63,0,8.06,14.84,12.01,10.11,0,0,0,0,14.84,1,0,0,0,0,0,1.19,1.47,1.24,0.54,0.67,0.8,0.63
2025/07/30-10:15,6255,6257.2,6240.2,6241,828,6246.35,6244.27,6237.5,6228.26,6220.21,6241,6250,6258.14,6254.6,6263,6241,6228,0,8.28,13.64,11.83,10.09,0,0,0,0,13.64,1,0,0,0,0,0,1.17,1.35,1.15,0.61,0.7,0.82,1.03,0,8.28,13.64,11.83,10.09,0,0,0,0,13.64,1,0,0,0,0,0,1.17,1.35,1.15,0.61,0.7,0.82,1.03
2025/07/30-10:20,6241,6243.4,6232,6241.8,1306,6245.05,6243.89,6237.85,6228.81,6220.66,6244.88,6252.75,6259.87,6254.6,6263,6241,6228,0,13.06,13.54,11.89,10.12,0,0,0,0,13.54,0,1,0,1,0,0,1.17,1.34,1.14,0.96,1.1,1.29,1.58,0,13.06,13.54,11.89,10.12,0,0,0,0,13.54,0,1,0,1,0,0,1.17,1.34,1.14,0.96,1.1,1.29,1.58
2025/07/30-10:25,6241.4,6250,6238,6250,711,6246.46,6244.83,6238.82,6229.67,6221.26,6248.75,6255.5,6261.61,6254.6,6263,6241,6228,0,7.11,12.37,11.65,10.09,0,0,0,0,           ,1,0,0,0,0,0,1.15,1.23,1.06,0.57,0.61,0.7,0.54,0,7.11,12.37,11.65,10.09,0,0,0,0,           ,1,0,0,0,0,0,1.15,1.23,1.06,0.57,0.61,0.7,0.54
2025/07/30-10:30,6250.2,6256.8,6248.2,6256.8,818,6249.42,6246.67,6240.26,6230.78,6222,6252.63,6258.25,6263.34,6254.6,6263,6241,6228,0,8.18,11.61,11.48,10.07,0,0,0,0,           ,1,0,0,0,0,0,1.14,1.15,1.01,0.7,0.71,0.81,1.15,0,8.18,11.61,11.48,10.07,0,0,0,0,           ,1,0,0,0,0,0,1.14,1.15,1.01,0.7,0.71,0.81,1.15
2025/07/30-10:35,6256.2,6265.2,6255.2,6259.2,1254,6252.21,6248.6,6241.77,6231.94,6222.76,6256.5,6261,6265.07,6254.6,6263,6241,6228,0,12.54,11.78,11.54,10.1,0,0,0,0,           ,0,1,0,1,0,0,1.14,1.17,1.02,1.06,1.09,1.24,1.53,0,12.54,11.78,11.54,10.1,0,0,0,0,           ,0,1,0,1,0,0,1.14,1.17,1.02,1.06,1.09,1.24,1.53
2025/07/30-10:40,6259,6267,6254,6257.4,800,6253.69,6249.96,6243.02,6232.98,6223.48,6260.38,6263.75,6266.8,6254.6,6263,6241,6228,0,8,11.09,11.36,10.07,0,0,0,0,           ,1,0,0,0,0,0,1.13,1.1,0.98,0.72,0.7,0.79,0.64,0,8,11.09,11.36,10.07,0,0,0,0,           ,1,0,0,0,0,0,1.13,1.1,0.98,0.72,0.7,0.79,0.64
2025/07/30-10:45,6258.2,6268.6,6255,6266.8,792,6257.44,6252.55,6244.92,6234.36,6224.37,6264.25,6266.5,6268.54,6254.6,6263,6241,6228,0,7.92,10.51,11.19,10.05,0,0,0,0,           ,1,0,0,0,0,0,1.11,1.05,0.94,0.75,0.71,0.79,0.99,0,7.92,10.51,11.19,10.05,0,0,0,0,           ,1,0,0,0,0,0,1.11,1.05,0.94,0.75,0.71,0.79,0.99
2025/07/30-10:50,6267.2,6273.2,6260.8,6265.2,845,6259.66,6254.49,6246.55,6235.62,6225.21,6268.13,6269.25,6270.27,6254.6,6263,6241,6228,0,8.45,10.14,11.06,10.04,0,0,0,0,           ,0,1,0,0,0,0,1.1,1.01,0.92,0.83,0.76,0.84,1.07,0,8.45,10.14,11.06,10.04,0,0,0,0,           ,0,1,0,0,0,0,1.1,1.01,0.92,0.83,0.76,0.84,1.07
2025/07/30-10:55,6265,6273,6263,6272,680,6263.18,6257.19,6248.58,6237.1,6226.18,6272,6272,6272,6272,6272,6241,6228,0,6.8,9.53,10.85,10,0,0,0,0,           ,1,0,0,0,0,0,1.08,0.95,0.88,0.71,0.63,0.68,0.8,0,6.8,9.53,10.85,10,0,0,0,0,           ,1,0,0,0,0,0,1.08,0.95,0.88,0.71,0.63,0.68,0.8
2025/07/30-11:00,6271.4,6275,6261,6265.8,789,6263.93,6258.51,6249.96,6238.28,6227,6267.21,6267.21,6267.21,6272,6272,6241,6228,0,7.89,9.23,10.71,9.98,0,0,0,0,           ,0,1,0,0,0,0,1.07,0.92,0.86,0.85,0.74,0.79,1.16,0,7.89,9.23,10.71,9.98,0,0,0,0,           ,0,1,0,0,0,0,1.07,0.92,0.86,0.85,0.74,0.79,1.16
2025/07/30-11:05,6266,6268,6257.6,6257.8,649,6262.18,6258.4,6250.59,6239.07,6227.63,6262.42,6262.42,6262.42,6272,6272,6241,6228,0,6.49,8.73,10.5,9.95,0,0,0,0,           ,1,0,0,0,0,0,1.06,0.88,0.83,0.74,0.62,0.65,0.82,0,6.49,8.73,10.5,9.95,0,0,0,0,           ,1,0,0,0,0,0,1.06,0.88,0.83,0.74,0.62,0.65,0.82
2025/07/30-11:10,6258.4,6266.4,6257.4,6261.6,445,6262.01,6258.89,6251.47,6239.99,6228.33,6257.63,6257.63,6257.63,6272,6272,6241,6228,0,4.45,7.96,10.21,9.89,0,0,0,0,           ,1,0,0,0,0,0,1.03,0.8,0.78,0.56,0.44,0.45,0.69,0,4.45,7.96,10.21,9.89,0,0,0,0,           ,1,0,0,0,0,0,1.03,0.8,0.78,0.56,0.44,0.45,0.69
2025/07/30-11:15,6260.8,6271.8,6260.6,6267,436,6263.44,6260.14,6252.71,6241.09,6229.13,6252.84,6252.84,6252.84,6272,6272,6241,6228,0,4.36,7.3,9.92,9.84,0,0,0,0,           ,1,0,0,0,0,0,1.01,0.74,0.74,0.6,0.44,0.44,0.98,0,4.36,7.3,9.92,9.84,0,0,0,0,           ,1,0,0,0,0,0,1.01,0.74,0.74,0.6,0.44,0.44,0.98
2025/07/30-11:20,6266.8,6269,6252,6253.6,605,6260.63,6259.14,6252.78,6241.6,6229.63,6248.05,6248.05,6248.05,6272,6272,6241,6228,0,6.05,7.07,9.73,9.8,0,0,0,0,           ,0,1,0,0,0,0,0.99,0.72,0.73,0.86,0.62,0.62,1.39,0,6.05,7.07,9.73,9.8,0,0,0,0,           ,0,1,0,0,0,0,0.99,0.72,0.73,0.86,0.62,0.62,1.39
2025/07/30-11:25,6254,6260.8,6244.6,6246,1235,6256.45,6257.11,6252.24,6241.78,6229.97,6243.26,6243.26,6243.26,6272,6272,6241,6228,0,12.35,8.03,9.86,9.83,0,0,0,0,           ,0,0,1,1,0,0,1,0.82,0.81,1.54,1.25,1.26,2.04,0,12.35,8.03,9.86,9.83,0,0,0,0,           ,0,0,1,1,0,0,1,0.82,0.81,1.54,1.25,1.26,2.04
2025/07/30-11:30,6246.8,6253.8,6245.6,6252.4,493,6255.29,6256.39,6252.25,6242.22,6230.43,6238.47,6238.47,6238.47,6272,6272,6241,6228,0,4.93,7.47,9.62,9.78,0,0,0,0,           ,1,0,0,0,0,0,0.98,0.76,0.78,0.66,0.51,0.5,0.4,0,4.93,7.47,9.62,9.78,0,0,0,0,           ,1,0,0,0,0,0,0.98,0.76,0.78,0.66,0.51,0.5,0.4
2025/07/30-13:05,6252.2,6257,6247.8,6253,842,6254.64,6255.87,6252.31,6242.66,6230.9,6233.68,6233.68,6233.68,6272,6272,6241,6228,0,8.42,7.64,9.56,9.76,0,0,0,0,           ,0,1,0,1,0,0,0.98,0.78,0.8,1.1,0.88,0.86,1.71,0,8.42,7.64,9.56,9.76,0,0,0,0,           ,0,1,0,1,0,0,0.98,0.78,0.8,1.1,0.88,0.86,1.71
2025/07/30-13:10,6253.2,6253.6,6246,6246,584,6252.17,6254.35,6251.81,6242.79,6231.21,6228.89,6228.89,6228.89,6272,6272,6241,6228,0,5.84,7.31,9.38,9.73,0,0,0,0,           ,0,1,0,0,0,0,0.96,0.75,0.78,0.8,0.62,0.6,0.69,0,5.84,7.31,9.38,9.73,0,0,0,0,           ,0,1,0,0,0,0,0.96,0.75,0.78,0.8,0.62,0.6,0.69
2025/07/30-13:15,6246.2,6247.6,6242.2,6243.6,536,6249.72,6252.7,6251.15,6242.83,6231.46,6224.1,6224.1,6224.1,6272,6272,6241,6228,0,5.36,6.96,9.18,9.68,0,0,0,0,           ,1,0,0,0,0,0,0.95,0.72,0.76,0.77,0.58,0.55,0.92,0,5.36,6.96,9.18,9.68,0,0,0,0,           ,1,0,0,0,0,0,0.95,0.72,0.76,0.77,0.58,0.55,0.92
2025/07/30-13:20,6244.2,6244.2,6234.8,6236.4,900,6245.91,6250.19,6249.97,6242.56,6231.57,6219.31,6219.31,6219.31,6272,6272,6241,6228,0,9,7.33,9.18,9.68,0,0,0,0,           ,0,0,1,1,0,0,0.95,0.76,0.8,1.23,0.98,0.93,1.68,0,9,7.33,9.18,9.68,0,0,0,0,           ,0,0,1,1,0,0,0.95,0.76,0.8,1.23,0.98,0.93,1.68
2025/07/30-13:25,6236.4,6238.8,6232.6,6236,936,6243.08,6248.01,6248.85,6242.3,6231.66,6214.52,6214.52,6214.52,6272,6272,6241,6228,0,9.36,7.7,9.18,9.67,0,0,0,0,           ,0,0,1,0,0,0,0.95,0.8,0.84,1.22,1.02,0.97,1.04,0,9.36,7.7,9.18,9.67,0,0,0,0,           ,0,0,1,0,0,0,0.95,0.8,0.84,1.22,1.02,0.97,1.04
2025/07/30-13:30,6235.4,6238.6,6231.4,6236.2,632,6241.12,6246.19,6247.84,6242.05,6231.75,6209.73,6209.73,6209.73,6272,6272,6241,6228,0,6.32,7.45,9.04,9.64,0,0,0,0,           ,0,1,0,0,0,0,0.94,0.77,0.82,0.85,0.7,0.66,0.68,0,6.32,7.45,9.04,9.64,0,0,0,0,           ,0,1,0,0,0,0,0.94,0.77,0.82,0.85,0.7,0.66,0.68
2025/07/30-13:35,6237.2,6246.2,6235.4,6239.4,679,6240.63,6245.15,6247.17,6241.94,6231.91,6204.94,6204.94,6204.94,6272,6272,6241,6228,0,6.79,7.33,8.93,9.61,0,0,0,0,           ,0,1,0,0,0,0,0.93,0.76,0.82,0.93,0.76,0.71,1.07,0,6.79,7.33,8.93,9.61,0,0,0,0,           ,0,1,0,0,0,0,0.93,0.76,0.82,0.93,0.76,0.71,1.07
2025/07/30-13:40,6240.2,6240.8,6219.6,6219.6,1347,6234.62,6241.21,6244.96,6241.03,6231.65,6200.15,6200.15,6200.15,6272,6272,6241,6228,0,13.47,8.45,9.16,9.65,0,0,0,0,           ,0,0,1,1,0,0,0.95,0.88,0.92,1.59,1.47,1.4,1.98,0,13.47,8.45,9.16,9.65,0,0,0,0,           ,0,0,1,1,0,0,0.95,0.88,0.92,1.59,1.47,1.4,1.98
2025/07/30-13:45,6219.6,6227.8,6211.2,6218.4,1774,6229.98,6237.71,6242.83,6240.1,6231.38,6195.36,6195.36,6195.36,6272,6272,6241,6228,0,17.74,10.14,9.57,9.73,0,0,0,0,           ,0,0,1,0,0,0,0.98,1.04,1.06,1.75,1.85,1.82,1.32,0,17.74,10.14,9.57,9.73,0,0,0,0,           ,0,0,1,0,0,0,0.98,1.04,1.06,1.75,1.85,1.82,1.32
2025/07/30-13:50,6218.4,6218.8,6201,6209.8,1879,6224.22,6233.41,6240.19,6238.87,6230.94,6190.57,6190.57,6190.57,6272,6272,6241,6228,0,18.79,11.71,10.02,9.82,0,0,0,0,           ,0,0,1,0,0,0,1.02,1.19,1.17,1.6,1.87,1.91,1.06,0,18.79,11.71,10.02,9.82,0,0,0,0,           ,0,0,1,0,0,0,1.02,1.19,1.17,1.6,1.87,1.91,1.06
2025/07/30-13:55,6209.8,6210.6,6200.6,6206,1513,6219.01,6229.19,6237.46,6237.53,6230.42,6185.78,6185.78,6185.78,6272,6272,6241,6228,0,15.13,12.33,10.27,9.87,0,0,0,0,           ,0,0,1,0,0,0,1.04,1.25,1.2,1.23,1.47,1.53,0.81,0,15.13,12.33,10.27,9.87,0,0,0,0,           ,0,0,1,0,0,0,1.04,1.25,1.2,1.23,1.47,1.53,0.81
2025/07/30-14:00,6207,6207,6180,6199.8,3464,6213.52,6224.67,6234.44,6235.99,6229.79,6180.99,6180.99,6180.99,6272,6272,6241,6228,0,34.64,16.39,11.46,10.12,0,1,0,1,16.39,0,0,1,1,1,1,1.13,1.62,1.43,2.11,3.02,3.42,2.29,0,34.64,16.39,11.46,10.12,0,1,0,1,16.39,0,0,1,1,1,1,1.13,1.62,1.43,2.11,3.02,3.42,2.29
2025/07/30-14:05,6198.8,6198.8,6175,6176.2,2392,6202.86,6217.22,6229.78,6233.55,6228.69,6176.2,6176.2,6176.2,6272,6272,6176.2,6176.2,0,23.92,17.76,12.07,10.26,0,0,0,1,17.76,0,0,1,0,0,0,1.18,1.73,1.47,1.35,1.98,2.33,0.69,0,23.92,17.76,12.07,10.26,0,0,0,1,17.76,0,0,1,0,0,0,1.18,1.73,1.47,1.35,1.98,2.33,0.69
2025/07/30-14:10,6175.2,6204.4,6173.6,6200.8,2125,6202.27,6214.69,6227.47,6232.21,6228.11,6185.47,6185.47,6185.47,6272,6272,6176.2,6176.2,0,21.25,18.39,12.52,10.37,0,0,0,1,18.39,0,1,0,0,0,0,1.21,1.77,1.47,1.16,1.7,2.05,0.89,0,21.25,18.39,12.52,10.37,0,0,0,1,18.39,0,1,0,0,0,0,1.21,1.77,1.47,1.16,1.7,2.05,0.89
2025/07/30-14:15,6200.6,6203.2,6183.6,6192.8,951,6199.56,6211.32,6224.69,6230.6,6227.38,6194.73,6194.73,6194.73,6272,6272,6176.2,6176.2,0,9.51,16.78,12.37,10.36,0,0,0,0,16.78,1,0,0,0,0,0,1.19,1.62,1.36,0.57,0.77,0.92,0.45,0,9.51,16.78,12.37,10.36,0,0,0,0,16.78,1,0,0,0,0,0,1.19,1.62,1.36,0.57,0.77,0.92,0.45
2025/07/30-14:20,6193.6,6215.6,6193,6212.2,1300,6203.17,6211.46,6223.69,6229.85,6227.07,6204,6204,6204,6272,6272,6176.2,6176.2,0,13,16.09,12.4,10.38,0,0,0,0,16.09,0,1,0,0,0,0,1.19,1.55,1.3,0.81,1.05,1.25,1.37,0,13,16.09,12.4,10.38,0,0,0,0,16.09,0,1,0,0,0,0,1.19,1.55,1.3,0.81,1.05,1.25,1.37
2025/07/30-14:25,6212.8,6227.8,6212.8,6226.2,1222,6209.75,6213.73,6223.89,6229.7,6227.05,6213.27,6213.27,6213.27,6272,6272,6176.2,6176.2,0,12.22,15.39,12.39,10.4,0,0,0,0,15.39,0,1,0,0,0,0,1.19,1.48,1.24,0.79,0.99,1.17,0.94,0,12.22,15.39,12.39,10.4,0,0,0,0,15.39,0,1,0,0,0,0,1.19,1.48,1.24,0.79,0.99,1.17,0.94
2025/07/30-14:30,6226.2,6232,6220.8,6230.6,1201,6215.71,6216.32,6224.43,6229.74,6227.13,6222.53,6222.53,6222.53,6272,6272,6176.2,6176.2,0,12.01,14.77,12.37,10.42,0,0,0,0,14.77,0,1,0,0,0,0,1.19,1.42,1.19,0.81,0.97,1.15,0.98,0,12.01,14.77,12.37,10.42,0,0,0,0,14.77,0,1,0,0,0,0,1.19,1.42,1.19,0.81,0.97,1.15,0.98
2025/07/30-14:35,6230.2,6235.8,6221.6,6231.8,910,6220.31,6218.7,6225.02,6229.82,6227.22,6231.8,6231.8,6231.8,6231.8,6231.8,6176.2,6176.2,0,9.1,13.74,12.21,10.4,0,0,0,0,13.74,1,0,0,0,0,0,1.17,1.32,1.13,0.66,0.75,0.87,0.76,0,9.1,13.74,12.21,10.4,0,0,0,0,13.74,1,0,0,0,0,0,1.17,1.32,1.13,0.66,0.75,0.87,0.76
2025/07/30-14:40,6232,6233.8,6222.4,6223.8,637,6221.3,6219.49,6224.92,6229.58,6227.15,6227.9,6227.45,6228.9,6231.8,6231.8,6176.2,6176.2,0,6.37,12.4,11.93,10.36,0,0,0,0,           ,1,0,0,0,0,0,1.15,1.2,1.04,0.51,0.53,0.61,0.7,0,6.37,12.4,11.93,10.36,0,0,0,0,           ,1,0,0,0,0,0,1.15,1.2,1.04,0.51,0.53,0.61,0.7
2025/07/30-14:45,6224.2,6226.6,6219.2,6222.2,788,6221.56,6219.9,6224.7,6229.27,6227.05,6224,6223.1,6226.01,6231.8,6231.8,6176.2,6176.2,0,7.88,11.58,11.73,10.34,0,0,0,0,           ,1,0,0,0,0,0,1.13,1.12,0.99,0.68,0.67,0.76,1.24,0,7.88,11.58,11.73,10.34,0,0,0,0,           ,1,0,0,0,0,0,1.13,1.12,0.99,0.68,0.67,0.76,1.24
2025/07/30-14:50,6221.6,6226.6,6216.8,6224.4,855,6222.37,6220.6,6224.68,6229.08,6226.99,6220.1,6218.76,6223.11,6231.8,6231.8,6176.2,6176.2,0,8.55,11.03,11.58,10.32,0,0,0,0,           ,1,0,0,0,0,0,1.12,1.07,0.95,0.78,0.74,0.83,1.09,0,8.55,11.03,11.58,10.32,0,0,0,0,           ,1,0,0,0,0,0,1.12,1.07,0.95,0.78,0.74,0.83,1.09
2025/07/30-14:55,6224.4,6225,6221.4,6223.4,789,6222.67,6221.03,6224.58,6228.84,6226.92,6216.2,6214.41,6220.22,6231.8,6231.8,6176.2,6176.2,0,7.89,10.46,11.4,10.3,0,0,0,0,           ,1,0,0,0,0,0,1.11,1.02,0.92,0.75,0.69,0.77,0.92,0,7.89,10.46,11.4,10.3,0,0,0,0,           ,1,0,0,0,0,0,1.11,1.02,0.92,0.75,0.69,0.77,0.92
2025/07/30-15:00,6223.8,6225.8,6215.4,6215.4,1490,6220.59,6220.16,6223.84,6228.3,6226.68,6212.3,6210.06,6217.32,6231.8,6231.8,6176.2,6176.2,0,14.9,11.27,11.57,10.34,0,0,0,0,           ,0,0,1,1,0,0,1.12,1.09,0.97,1.32,1.29,1.44,1.89,0,14.9,11.27,11.57,10.34,0,0,0,0,           ,0,0,1,1,0,0,1.12,1.09,0.97,1.32,1.29,1.44,1.89
2025/07/31-09:35,6198.4,6214.6,6194.2,6208.4,4175,6217.11,6218.35,6222.61,6227.48,6226.31,6208.4,6205.72,6214.42,6231.8,6231.8,6208.4,6176.2,0,41.75,16.81,13.04,10.66,0,1,0,1,16.81,0,0,1,1,1,1,1.22,1.58,1.29,2.48,3.2,3.92,2.8,0,41.75,16.81,13.04,10.66,0,1,0,1,16.81,0,0,1,1,1,1,1.22,1.58,1.29,2.48,3.2,3.92,2.8
2025/07/31-09:40,6207.8,6225.2,6207.2,6225,2443,6219.36,6219.38,6222.8,6227.38,6226.28,6225,6201.37,6211.53,6225,6231.8,6208.4,6176.2,0,24.43,18.19,13.6,10.79,0,0,0,1,18.19,0,0,1,0,0,0,1.26,1.69,1.34,1.34,1.8,2.26,0.59,0,24.43,18.19,13.6,10.79,0,0,0,1,18.19,0,0,1,0,0,0,1.26,1.69,1.34,1.34,1.8,2.26,0.59
2025/07/31-09:45,6225.2,6226.2,6218.4,6221.4,1570,6219.94,6219.69,6222.69,6227.14,6226.18,6218.68,6197.02,6208.63,6225,6231.8,6208.4,6176.2,0,15.7,17.74,13.7,10.84,0,0,0,0,17.74,0,1,0,0,0,0,1.26,1.64,1.3,0.88,1.15,1.45,0.64,0,15.7,17.74,13.7,10.84,0,0,0,0,17.74,0,1,0,0,0,0,1.26,1.64,1.3,0.88,1.15,1.45,0.64
2025/07/31-09:50,6221.4,6228,6203.8,6206.2,1650,6216.02,6217.61,6221.37,6226.28,6225.77,6212.37,6192.67,6205.74,6225,6231.8,6208.4,6176.2,0,16.5,17.51,13.83,10.9,0,0,0,0,17.51,0,1,0,0,0,0,1.27,1.61,1.27,0.94,1.19,1.51,1.05,0,16.5,17.51,13.83,10.9,0,0,0,0,17.51,0,1,0,0,0,0,1.27,1.61,1.27,0.94,1.19,1.51,1.05
2025/07/31-09:55,6206.8,6215.6,6202.8,6207.8,1201,6213.67,6216.1,6220.28,6225.53,6225.4,6206.05,6188.33,6202.84,6225,6231.8,6208.4,6176.2,0,12.01,16.51,13.75,10.91,0,0,0,0,16.51,1,0,0,0,0,0,1.26,1.51,1.2,0.73,0.87,1.1,0.73,0,12.01,16.51,13.75,10.91,0,0,0,0,16.51,1,0,0,0,0,0,1.26,1.51,1.2,0.73,0.87,1.1,0.73
2025/07/31-10:00,6208,6208.4,6186,6186,1843,6205.76,6211.47,6217.54,6223.92,6224.58,6199.73,6183.98,6199.95,6225,6231.8,6208.4,6176.2,0,18.43,16.86,13.97,10.98,0,0,0,0,16.86,0,1,0,1,0,0,1.27,1.54,1.21,1.09,1.32,1.68,1.53,0,18.43,16.86,13.97,10.98,0,0,0,0,16.86,0,1,0,1,0,0,1.27,1.54,1.21,1.09,1.32,1.68,1.53
2025/07/31-10:05,6187.4,6189.6,6161.2,6178.4,3131,6197.95,6206.38,6214.41,6222.06,6223.63,6193.42,6179.63,6197.05,6225,6231.8,6208.4,6176.2,0,31.31,19.49,14.82,11.19,0,0,0,1,19.49,0,0,1,1,0,0,1.32,1.74,1.32,1.61,2.11,2.8,1.7,0,31.31,19.49,14.82,11.19,0,0,0,1,19.49,0,0,1,1,0,0,1.32,1.74,1.32,1.61,2.11,2.8,1.7
2025/07/31-10:10,6178.4,6192.6,6171.6,6190,1886,6195.68,6203.86,6212.46,6220.75,6222.94,6187.1,6175.28,6194.15,6225,6231.8,6208.4,6176.2,0,18.86,19.37,15.02,11.26,0,0,0,0,19.37,0,1,0,0,0,0,1.33,1.72,1.29,0.97,1.26,1.67,0.6,0,18.86,19.37,15.02,11.26,0,0,0,0,19.37,0,1,0,0,0,0,1.33,1.72,1.29,0.97,1.26,1.67,0.6
2025/07/31-10:15,6188.8,6198,6184.4,6185,1141,6192.63,6200.96,6210.26,6219.29,6222.16,6180.78,6170.94,6191.26,6225,6231.8,6208.4,6176.2,0,11.41,17.93,14.84,11.26,0,0,0,0,17.93,1,0,0,0,0,0,1.32,1.59,1.21,0.64,0.77,1.01,0.6,0,11.41,17.93,14.84,11.26,0,0,0,0,17.93,1,0,0,0,0,0,1.32,1.59,1.21,0.64,0.77,1.01,0.6
2025/07/31-10:20,6184.4,6186.8,6178.8,6181.2,757,6189.36,6197.92,6207.94,6217.74,6221.31,6174.47,6166.59,6188.36,6225,6231.8,6208.4,6176.2,0,7.57,16.04,14.49,11.23,0,0,0,0,16.04,1,0,0,0,0,0,1.29,1.43,1.11,0.47,0.52,0.67,0.66,0,7.57,16.04,14.49,11.23,0,0,0,0,16.04,1,0,0,0,0,0,1.29,1.43,1.11,0.47,0.52,0.67,0.66
2025/07/31-10:25,6180.8,6188,6168,6169,995,6183.54,6193.47,6204.82,6215.75,6220.23,6168.15,6162.24,6185.47,6225,6231.8,6208.4,6176.2,0,9.95,14.94,14.27,11.21,0,0,0,0,14.94,1,0,0,0,0,0,1.27,1.33,1.05,0.67,0.7,0.89,1.31,0,9.95,14.94,14.27,11.21,0,0,0,0,14.94,1,0,0,0,0,0,1.27,1.33,1.05,0.67,0.7,0.89,1.31
2025/07/31-10:30,6169.2,6172,6154.2,6158.8,2428,6176.47,6188.14,6201.14,6213.42,6218.97,6161.83,6157.9,6182.57,6225,6231.8,6208.4,6176.2,0,24.28,16.63,14.75,11.34,0,0,0,1,16.63,0,0,1,1,0,0,1.3,1.47,1.13,1.46,1.65,2.14,2.44,0,24.28,16.63,14.75,11.34,0,0,0,1,16.63,0,0,1,1,0,0,1.3,1.47,1.13,1.46,1.65,2.14,2.44
2025/07/31-10:35,6159.2,6159.6,6147.6,6158.4,2069,6171.31,6183.56,6197.72,6211.18,6217.72,6155.52,6153.55,6179.67,6225,6231.8,6208.4,6176.2,0,20.69,17.37,15.04,11.44,0,0,0,0,17.37,0,1,0,0,0,0,1.32,1.52,1.15,1.19,1.38,1.81,0.85,0,20.69,17.37,15.04,11.44,0,0,0,0,17.37,0,1,0,0,0,0,1.32,1.52,1.15,1.19,1.38,1.81,0.85
2025/07/31-10:40,6158.2,6160.2,6146.6,6149.2,1538,6164.99,6178.28,6193.84,6208.65,6216.3,6149.2,6149.2,6176.78,6225,6231.8,6149.2,6149.2,0,15.38,17.01,15.06,11.48,0,0,0,0,17.01,0,1,0,0,0,0,1.31,1.48,1.13,0.9,1.02,1.34,0.74,0,15.38,17.01,15.06,11.48,0,0,0,0,17.01,0,1,0,0,0,0,1.31,1.48,1.13,0.9,1.02,1.34,0.74
2025/07/31-10:45,6150.4,6159,6145.8,6158.2,996,6163.05,6175.19,6190.99,6206.59,6215.11,6157.5,6152.27,6173.88,6225,6231.8,6149.2,6149.2,0,9.96,15.73,14.81,11.46,0,0,0,0,15.73,1,0,0,0,0,0,1.29,1.37,1.06,0.63,0.67,0.87,0.65,0,9.96,15.73,14.81,11.46,0,0,0,0,15.73,1,0,0,0,0,0,1.29,1.37,1.06,0.63,0.67,0.87,0.65
2025/07/31-10:50,6159,6164.6,6151.4,6162.6,1042,6162.92,6173.25,6188.72,6204.79,6214.02,6165.8,6155.35,6170.99,6225,6231.8,6149.2,6149.2,0,10.42,14.76,14.6,11.45,0,0,0,0,           ,1,0,0,0,0,0,1.27,1.29,1.01,0.71,0.71,0.91,1.05,0,10.42,14.76,14.6,11.45,0,0,0,0,           ,1,0,0,0,0,0,1.27,1.29,1.01,0.71,0.71,0.91,1.05
2025/07/31-10:55,6162.6,6173.6,6159.8,6172.2,1067,6165.57,6173.09,6187.4,6203.46,6213.16,6174.1,6158.42,6168.09,6225,6231.8,6149.2,6149.2,0,10.67,14.02,14.41,11.44,0,0,0,0,           ,1,0,0,0,0,0,1.26,1.23,0.97,0.76,0.74,0.93,1.02,0,10.67,14.02,14.41,11.44,0,0,0,0,           ,1,0,0,0,0,0,1.26,1.23,0.97,0.76,0.74,0.93,1.02
2025/07/31-11:00,6171.8,6183,6170.6,6182.4,1002,6170.38,6174.52,6187,6202.6,6212.53,6182.4,6161.49,6165.2,6182.4,6231.8,6149.2,6149.2,0,10.02,13.29,14.19,11.43,0,0,0,0,           ,1,0,0,0,0,0,1.24,1.16,0.94,0.75,0.71,0.88,0.94,0,10.02,13.29,14.19,11.43,0,0,0,0,           ,1,0,0,0,0,0,1.24,1.16,0.94,0.75,0.71,0.88,0.94
2025/07/31-11:05,6182.8,6186.4,6174.8,6176,1102,6171.99,6174.75,6186.12,6201.52,6211.77,6178.65,6164.56,6162.3,6182.4,6231.8,6149.2,6149.2,0,11.02,12.88,14.04,11.43,0,0,0,0,           ,0,1,0,0,0,0,1.23,1.13,0.92,0.86,0.79,0.96,1.1,0,11.02,12.88,14.04,11.43,0,0,0,0,           ,0,1,0,0,0,0,1.23,1.13,0.92,0.86,0.79,0.96,1.1
2025/07/31-11:10,6177,6183.2,6174.8,6180.6,580,6174.45,6175.65,6185.67,6200.66,6211.13,6174.9,6167.64,6159.4,6182.4,6231.8,6149.2,6149.2,0,5.8,11.59,13.63,11.37,0,0,0,0,           ,1,0,0,0,0,0,1.2,1.02,0.85,0.5,0.43,0.51,0.53,0,5.8,11.59,13.63,11.37,0,0,0,0,           ,1,0,0,0,0,0,1.2,1.02,0.85,0.5,0.43,0.51,0.53
2025/07/31-11:15,6179.6,6180,6172.6,6175.2,498,6174.66,6175.58,6184.84,6199.62,6210.39,6171.15,6170.71,6156.51,6182.4,6231.8,6149.2,6149.2,0,4.98,10.39,13.21,11.31,0,0,0,0,           ,1,0,0,0,0,0,1.17,0.92,0.79,0.48,0.38,0.44,0.86,0,4.98,10.39,13.21,11.31,0,0,0,0,           ,1,0,0,0,0,0,1.17,0.92,0.79,0.48,0.38,0.44,0.86
2025/07/31-11:20,6175.2,6175.2,6165,6167.4,747,6172.59,6174.32,6183.44,6198.31,6209.5,6167.4,6173.78,6153.61,6182.4,6231.8,6167.4,6149.2,0,7.47,9.86,12.93,11.27,0,0,0,0,           ,1,0,0,1,0,0,1.15,0.87,0.76,0.76,0.58,0.66,1.5,0,7.47,9.86,12.93,11.27,0,0,0,0,           ,1,0,0,1,0,0,1.15,0.87,0.76,0.76,0.58,0.66,1.5
2025/07/31-11:25,6167.8,6175,6161,6174,606,6172.99,6174.27,6182.69,6197.32,6208.77,6172.6,6176.85,6150.72,6182.4,6231.8,6167.4,6149.2,0,6.06,9.17,12.6,11.22,0,0,0,0,           ,1,0,0,0,0,0,1.12,0.82,0.73,0.66,0.48,0.54,0.81,0,6.06,9.17,12.6,11.22,0,0,0,0,           ,1,0,0,0,0,0,1.12,0.82,0.73,0.66,0.48,0.54,0.81
2025/07/31-11:30,6175,6178,6168.4,6176.8,484,6174.08,6174.66,6182.22,6196.48,6208.11,6177.8,6179.93,6147.82,6182.4,6231.8,6167.4,6149.2,0,4.84,8.38,12.22,11.15,0,0,0,0,           ,1,0,0,0,0,0,1.1,0.75,0.69,0.58,0.4,0.43,0.8,0,4.84,8.38,12.22,11.15,0,0,0,0,           ,1,0,0,0,0,0,1.1,0.75,0.69,0.58,0.4,0.43,0.8
2025/07/31-13:05,6177.4,6188.4,6175,6183,1333,6176.63,6175.94,6182.28,6195.93,6207.6,6183,6183,6144.92,6183,6183,6167.4,6149.2,0,13.33,9.28,12.27,11.17,0,0,0,0,           ,0,0,1,1,0,0,1.1,0.83,0.76,1.44,1.09,1.19,2.75,0,13.33,9.28,12.27,11.17,0,0,0,0,           ,0,0,1,1,0,0,1.1,0.83,0.76,1.44,1.09,1.19,2.75
2025/07/31-13:10,6183,6183,6171.4,6173,659,6175.59,6175.49,6181.54,6194.99,6206.88,6175.8,6177.99,6142.03,6183,6183,6167.4,6149.2,0,6.59,8.79,12,11.13,0,0,0,0,           ,1,0,0,0,0,0,1.08,0.79,0.73,0.75,0.55,0.59,0.49,0,6.59,8.79,12,11.13,0,0,0,0,           ,1,0,0,0,0,0,1.08,0.79,0.73,0.75,0.55,0.59,0.49
2025/07/31-13:15,6173,6173,6161,6166.2,930,6172.91,6174.06,6180.31,6193.82,6206.04,6168.6,6172.98,6139.13,6183,6183,6167.4,6149.2,0,9.3,8.88,11.86,11.11,0,0,0,0,           ,0,1,0,0,0,0,1.07,0.8,0.75,1.05,0.78,0.84,1.41,0,9.3,8.88,11.86,11.11,0,0,0,0,           ,0,1,0,0,0,0,1.07,0.8,0.75,1.05,0.78,0.84,1.41
2025/07/31-13:20,6166,6173.6,6162.4,6166,524,6170.93,6172.82,6179.16,6192.68,6205.22,6161.4,6167.97,6136.24,6183,6183,6167.4,6149.2,0,5.24,8.22,11.54,11.05,0,0,0,0,           ,1,0,0,0,0,0,1.04,0.74,0.71,0.64,0.45,0.47,0.56,0,5.24,8.22,11.54,11.05,0,0,0,0,           ,1,0,0,0,0,0,1.04,0.74,0.71,0.64,0.45,0.47,0.56
2025/07/31-13:25,6165.8,6168.4,6152.8,6162.6,664,6168.55,6171.25,6177.84,6191.45,6204.34,6154.2,6162.96,6133.34,6183,6183,6167.4,6149.2,0,6.64,7.93,11.3,11.01,0,0,0,0,           ,0,1,0,0,0,0,1.03,0.72,0.7,0.84,0.59,0.6,1.27,0,6.64,7.93,11.3,11.01,0,0,0,0,           ,0,1,0,0,0,0,1.03,0.72,0.7,0.84,0.59,0.6,1.27
2025/07/31-13:30,6162.8,6166.4,6151,6151,640,6163.54,6168.13,6175.69,6189.8,6203.24,6147,6157.94,6130.45,6183,6183,6167.4,6149.2,0,6.4,7.66,11.06,10.96,0,0,0,0,           ,0,1,0,0,0,0,1.01,0.7,0.69,0.84,0.58,0.58,0.96,0,6.4,7.66,11.06,10.96,0,0,0,0,           ,0,1,0,0,0,0,1.01,0.7,0.69,0.84,0.58,0.58,0.96
2025/07/31-13:35,6151.4,6157,6141.4,6142,975,6157.38,6164.11,6173,6187.85,6201.98,6139.8,6152.93,6127.55,6183,6183,6167.4,6149.2,0,9.75,8.04,11,10.95,0,0,0,0,           ,0,0,1,1,0,0,1,0.73,0.73,1.21,0.89,0.89,1.52,0,9.75,8.04,11,10.95,0,0,0,0,           ,0,0,1,1,0,0,1,0.73,0.73,1.21,0.89,0.89,1.52
2025/07/31-13:40,6141,6145.2,6125.6,6132.6,2312,6150.3,6159.27,6169.77,6185.6,6200.55,6132.6,6147.92,6124.65,6183,6183,6132.6,6149.2,0,23.12,10.78,11.59,11.07,0,0,0,0,           ,0,0,1,1,0,0,1.05,0.97,0.93,2.15,1.99,2.09,2.37,0,23.12,10.78,11.59,11.07,0,0,0,0,           ,0,0,1,1,0,0,1.05,0.97,0.93,2.15,1.99,2.09,2.37
2025/07/31-13:45,6132.6,6142.4,6130.2,6142.2,1105,6147.99,6156.64,6167.56,6183.82,6199.34,6138.35,6142.91,6121.76,6183,6183,6132.6,6149.2,0,11.05,10.83,11.56,11.07,0,0,0,0,           ,0,1,0,0,0,0,1.04,0.98,0.94,1.02,0.96,1,0.48,0,11.05,10.83,11.56,11.07,0,0,0,0,           ,0,1,0,0,0,0,1.04,0.98,0.94,1.02,0.96,1,0.48
2025/07/31-13:50,6142.6,6152,6140.4,6152,844,6149.13,6155.93,6166.32,6182.53,6198.37,6144.1,6137.9,6118.86,6183,6183,6132.6,6149.2,0,8.44,10.39,11.41,11.04,0,0,0,0,           ,0,1,0,0,0,0,1.03,0.94,0.91,0.81,0.74,0.76,0.76,0,8.44,10.39,11.41,11.04,0,0,0,0,           ,0,1,0,0,0,0,1.03,0.94,0.91,0.81,0.74,0.76,0.76
2025/07/31-13:55,6151.8,6154,6146.2,6147.4,726,6148.64,6154.61,6164.8,6181.09,6197.32,6149.85,6132.89,6115.97,6183,6183,6132.6,6149.2,0,7.26,9.82,11.21,11.01,0,0,0,0,           ,1,0,0,0,0,0,1.02,0.89,0.88,0.74,0.65,0.66,0.86,0,7.26,9.82,11.21,11.01,0,0,0,0,           ,1,0,0,0,0,0,1.02,0.89,0.88,0.74,0.65,0.66,0.86
2025/07/31-14:00,6148,6160.6,6148,6155.6,1029,6150.63,6154.77,6164.07,6180.05,6196.46,6155.6,6127.88,6113.07,6155.6,6183,6132.6,6149.2,0,10.29,9.91,11.16,11,0,0,0,0,           ,0,1,0,0,0,0,1.01,0.9,0.89,1.04,0.92,0.94,1.42,0,10.29,9.91,11.16,11,0,0,0,0,           ,0,1,0,0,0,0,1.01,0.9,0.89,1.04,0.92,0.94,1.42
2025/07/31-14:05,6156,6156,6134.2,6146.2,1073,6149.36,6153.45,6162.64,6178.67,6195.42,6146.63,6122.87,6110.17,6155.6,6183,6132.6,6149.2,0,10.73,10.06,11.14,11,0,0,0,0,           ,0,1,0,0,0,0,1.01,0.91,0.9,1.07,0.96,0.98,1.04,0,10.73,10.06,11.14,11,0,0,0,0,           ,0,1,0,0,0,0,1.01,0.91,0.9,1.07,0.96,0.98,1.04
2025/07/31-14:10,6146.8,6148.4,6119.8,6121.6,1456,6141.43,6148.55,6159.35,6176.34,6193.9,6137.66,6117.86,6107.28,6155.6,6183,6132.6,6149.2,0,14.56,10.88,11.31,11.03,0,0,0,0,           ,0,0,1,0,0,0,1.03,0.99,0.96,1.34,1.29,1.32,1.36,0,14.56,10.88,11.31,11.03,0,0,0,0,           ,0,0,1,0,0,0,1.03,0.99,0.96,1.34,1.29,1.32,1.36
2025/07/31-14:15,6121,6131.2,6118,6120.8,1763,6135.54,6144.28,6156.27,6174.07,6192.39,6128.69,6112.84,6104.38,6155.6,6183,6132.6,6149.2,0,17.63,12.1,11.62,11.1,0,0,0,0,           ,0,0,1,0,0,0,1.05,1.09,1.04,1.46,1.52,1.59,1.21,0,17.63,12.1,11.62,11.1,0,0,0,0,           ,0,0,1,0,0,0,1.05,1.09,1.04,1.46,1.52,1.59,1.21
2025/07/31-14:20,6120.8,6121.4,6108.8,6115,1589,6129.67,6139.77,6152.97,6171.66,6190.79,6119.71,6107.83,6101.49,6155.6,6183,6132.6,6149.2,0,15.89,12.79,11.83,11.15,0,0,0,0,           ,0,0,1,0,0,0,1.06,1.15,1.08,1.24,1.34,1.43,0.9,0,15.89,12.79,11.83,11.15,0,0,0,0,           ,0,0,1,0,0,0,1.06,1.15,1.08,1.24,1.34,1.43,0.9
2025/07/31-14:25,6115,6117.8,6103.6,6105.4,1656,6122.73,6134.49,6149.16,6168.96,6189.03,6110.74,6102.82,6098.59,6155.6,6183,6132.6,6149.2,0,16.56,13.48,12.06,11.2,0,0,0,0,           ,0,0,1,0,0,0,1.08,1.2,1.12,1.23,1.37,1.48,1.04,0,16.56,13.48,12.06,11.2,0,0,0,0,           ,0,0,1,0,0,0,1.08,1.2,1.12,1.23,1.37,1.48,1.04
2025/07/31-14:30,6105.8,6117.6,6094.2,6094.8,1858,6114.75,6128.38,6144.81,6165.93,6187.09,6101.77,6097.81,6095.7,6155.6,6183,6132.6,6149.2,0,18.58,14.41,12.38,11.27,0,0,0,0,           ,0,0,1,0,0,0,1.1,1.28,1.16,1.29,1.5,1.65,1.12,0,18.58,14.41,12.38,11.27,0,0,0,0,           ,0,0,1,0,0,0,1.1,1.28,1.16,1.29,1.5,1.65,1.12
2025/07/31-14:35,6094.4,6100.4,6084.6,6092.8,1883,6108.48,6122.91,6140.65,6162.95,6185.15,6092.8,6092.8,6092.8,6155.6,6183,6092.8,6092.8,0,18.83,15.21,12.69,11.35,0,0,0,0,15.21,0,0,1,0,0,0,1.12,1.34,1.2,1.24,1.48,1.66,1.01,0,18.83,15.21,12.69,11.35,0,0,0,0,15.21,0,0,1,0,0,0,1.12,1.34,1.2,1.24,1.48,1.66,1.01
2025/07/31-14:40,6096,6111.2,6090.6,6095.8,1422,6104.86,6118.74,6137.06,6160.2,6183.3,6097.33,6097.33,6097.33,6155.6,6183,6092.8,6092.8,0,14.22,15.03,12.76,11.38,0,0,0,0,15.03,0,1,0,0,0,0,1.12,1.32,1.18,0.95,1.11,1.25,0.76,0,14.22,15.03,12.76,11.38,0,0,0,0,15.03,0,1,0,0,0,0,1.12,1.32,1.18,0.95,1.11,1.25,0.76
2025/07/31-14:45,6095.8,6101.2,6085.2,6096.6,1476,6102.5,6115.33,6133.83,6157.61,6181.52,6101.87,6101.87,6101.87,6155.6,6183,6092.8,6092.8,0,14.76,14.98,12.86,11.41,0,0,0,0,14.98,0,1,0,0,0,0,1.13,1.31,1.16,0.99,1.15,1.29,1.04,0,14.76,14.98,12.86,11.41,0,0,0,0,14.98,0,1,0,0,0,0,1.13,1.31,1.16,0.99,1.15,1.29,1.04
2025/07/31-14:50,6096.6,6108.4,6091.4,6108.4,1193,6104.18,6114.26,6131.79,6155.6,6180.01,6106.4,6106.4,6106.4,6155.6,6183,6092.8,6092.8,0,11.93,14.43,12.82,11.42,0,0,0,0,           ,0,1,0,0,0,0,1.12,1.26,1.13,0.83,0.93,1.05,0.81,0,11.93,14.43,12.82,11.42,0,0,0,0,           ,0,1,0,0,0,0,1.12,1.26,1.13,0.83,0.93,1.05,0.81
2025/07/31-14:55,6108.4,6122,6108.4,6121,1590,6108.99,6115.3,6130.93,6154.19,6178.79,6110.93,6110.93,6110.93,6155.6,6183,6092.8,6092.8,0,15.9,14.69,12.97,11.46,0,0,0,0,           ,0,1,0,0,0,0,1.13,1.28,1.13,1.08,1.23,1.39,1.33,0,15.9,14.69,12.97,11.46,0,0,0,0,           ,0,1,0,0,0,0,1.13,1.28,1.13,1.08,1.23,1.39,1.33
2025/07/31-15:00,6120.2,6128,6116.8,6124,2108,6113.28,6116.64,6130.37,6152.96,6177.66,6115.47,6115.47,6115.47,6155.6,6183,6092.8,6092.8,0,21.08,15.86,13.36,11.56,0,0,0,0,15.86,0,0,1,0,0,0,1.16,1.37,1.19,1.33,1.58,1.82,1.33,0,21.08,15.86,13.36,11.56,0,0,0,0,15.86,0,0,1,0,0,0,1.16,1.37,1.19,1.33,1.58,1.82,1.33
2025/08/01-09:35,6130,6134,6108.4,6133.4,4346,6119.03,6119.22,6130.62,6152.16,6176.75,6120,6120,6120,6155.6,6183,6092.8,6092.8,0,43.46,20.87,14.83,11.87,0,1,0,1,20.87,0,0,1,1,1,1,1.25,1.76,1.41,2.08,2.93,3.66,2.06,0,43.46,20.87,14.83,11.87,0,1,0,1,20.87,0,0,1,1,1,1,1.25,1.76,1.41,2.08,2.93,3.66,2.06
2025/08/01-09:40,6134.6,6146.4,6129.8,6135.4,3339,6123.71,6121.71,6131,6151.47,6175.9,6124.53,6124.53,6124.53,6155.6,6183,6092.8,6092.8,0,33.39,23.15,15.74,12.09,0,0,0,1,23.15,0,0,1,0,0,0,1.3,1.92,1.47,1.44,2.12,2.76,0.77,0,33.39,23.15,15.74,12.09,0,0,0,1,23.15,0,0,1,0,0,0,1.3,1.92,1.47,1.44,2.12,2.76,0.77
2025/08/01-09:45,6135.2,6149.6,6134,6139.4,1833,6128.19,6124.43,6131.67,6150.98,6175.15,6129.07,6129.07,6129.07,6155.6,6183,6092.8,6092.8,0,18.33,22.27,15.86,12.15,0,0,0,0,22.27,0,1,0,0,0,0,1.31,1.83,1.4,0.82,1.16,1.51,0.55,0,18.33,22.27,15.86,12.15,0,0,0,0,22.27,0,1,0,0,0,0,1.31,1.83,1.4,0.82,1.16,1.51,0.55
2025/08/01-09:50,6140,6147.4,6127.2,6144,1771,6132.71,6127.44,6132.66,6150.7,6174.5,6133.6,6133.6,6133.6,6155.6,6183,6092.8,6092.8,0,17.71,21.44,15.95,12.21,0,0,0,0,21.44,0,1,0,0,0,0,1.31,1.76,1.34,0.83,1.11,1.45,0.97,0,17.71,21.44,15.95,12.21,0,0,0,0,21.44,0,1,0,0,0,0,1.31,1.76,1.34,0.83,1.11,1.45,0.97
2025/08/01-09:55,6144,6146.8,6136.6,6145.4,1124,6136.33,6130.2,6133.68,6150.48,6173.9,6138.13,6138.13,6138.13,6155.6,6183,6092.8,6092.8,0,11.24,19.59,15.72,12.2,0,0,0,0,19.59,1,0,0,0,0,0,1.29,1.61,1.25,0.57,0.71,0.92,0.63,0,11.24,19.59,15.72,12.2,0,0,0,0,19.59,1,0,0,0,0,0,1.29,1.61,1.25,0.57,0.71,0.92,0.63
2025/08/01-10:00,6145.6,6150.8,6137,6146,1286,6139.1,6132.63,6134.66,6150.3,6173.33,6142.67,6142.67,6142.67,6155.6,6183,6092.8,6092.8,0,12.86,18.37,15.58,12.2,0,0,0,0,18.37,1,0,0,0,0,0,1.28,1.51,1.18,0.7,0.83,1.05,1.14,0,12.86,18.37,15.58,12.2,0,0,0,0,18.37,1,0,0,0,0,0,1.28,1.51,1.18,0.7,0.83,1.05,1.14
2025/08/01-10:05,6146,6163,6145.6,6159.8,1903,6145.01,6136.81,6136.67,6150.68,6173.05,6147.2,6147.2,6147.2,6155.6,6183,6092.8,6092.8,0,19.03,18.49,15.75,12.27,0,0,0,0,18.49,0,1,0,0,0,0,1.28,1.51,1.17,1.03,1.21,1.55,1.48,0,19.03,18.49,15.75,12.27,0,0,0,0,18.49,0,1,0,0,0,0,1.28,1.51,1.17,1.03,1.21,1.55,1.48
2025/08/01-10:10,6160,6161.6,6152.8,6156.8,864,6148.38,6139.89,6138.28,6150.93,6172.71,6151.73,6151.73,6151.73,6155.6,6183,6092.8,6092.8,0,8.64,16.7,15.4,12.23,0,0,0,0,16.7,1,0,0,0,0,0,1.26,1.36,1.08,0.52,0.56,0.71,0.45,0,8.64,16.7,15.4,12.23,0,0,0,0,16.7,1,0,0,0,0,0,1.26,1.36,1.08,0.52,0.56,0.71,0.45
2025/08/01-10:15,6157,6160.6,6155,6159.4,636,6151.53,6142.89,6139.97,6151.28,6172.44,6156.27,6156.27,6156.27,6155.6,6183,6092.8,6092.8,0,6.36,14.82,14.96,12.18,0,0,0,0,           ,1,0,0,0,0,0,1.23,1.22,0.99,0.43,0.43,0.52,0.74,0,6.36,14.82,14.96,12.18,0,0,0,0,           ,1,0,0,0,0,0,1.23,1.22,0.99,0.43,0.43,0.52,0.74
2025/08/01-10:20,6160.8,6162.2,6155.2,6160.8,783,6154.18,6145.65,6141.64,6151.67,6172.2,6160.8,6160.8,6160.8,6160.8,6160.8,6092.8,6092.8,0,7.83,13.55,14.62,12.13,0,0,0,0,           ,1,0,0,0,0,0,1.2,1.12,0.93,0.58,0.54,0.65,1.23,0,7.83,13.55,14.62,12.13,0,0,0,0,           ,1,0,0,0,0,0,1.2,1.12,0.93,0.58,0.54,0.65,1.23
2025/08/01-10:25,6161.6,6163.2,6146,6156.2,886,6154.75,6147.27,6142.8,6151.85,6171.87,6155.29,6157.53,6157.53,6160.8,6160.8,6092.8,6092.8,0,8.86,12.69,14.33,12.1,0,0,0,0,           ,1,0,0,0,0,0,1.18,1.05,0.89,0.7,0.62,0.73,1.13,0,8.86,12.69,14.33,12.1,0,0,0,0,           ,1,0,0,0,0,0,1.18,1.05,0.89,0.7,0.62,0.73,1.13
2025/08/01-10:30,6157,6161.6,6156.4,6158.2,546,6155.74,6148.95,6144.04,6152.11,6171.59,6149.78,6154.25,6154.25,6160.8,6160.8,6092.8,6092.8,0,5.46,11.38,13.9,12.03,0,0,0,0,           ,1,0,0,0,0,0,1.16,0.95,0.82,0.48,0.39,0.45,0.62,0,5.46,11.38,13.9,12.03,0,0,0,0,           ,1,0,0,0,0,0,1.16,0.95,0.82,0.48,0.39,0.45,0.62
2025/08/01-10:35,6157.6,6159.4,6141,6142.8,681,6152.04,6148,6143.94,6151.73,6170.99,6144.27,6150.98,6150.98,6160.8,6160.8,6092.8,6092.8,0,6.81,10.55,13.56,11.98,0,0,0,0,           ,1,0,0,0,0,0,1.13,0.88,0.78,0.65,0.5,0.57,1.25,0,6.81,10.55,13.56,11.98,0,0,0,0,           ,1,0,0,0,0,0,1.13,0.88,0.78,0.65,0.5,0.57,1.25
2025/08/01-10:40,6142,6146.8,6139.8,6144.8,672,6149.97,6147.51,6144.01,6151.45,6170.45,6138.76,6147.71,6147.71,6160.8,6160.8,6092.8,6092.8,0,6.72,9.85,13.22,11.93,0,0,0,0,           ,1,0,0,0,0,0,1.11,0.83,0.75,0.68,0.51,0.56,0.99,0,6.72,9.85,13.22,11.93,0,0,0,0,           ,1,0,0,0,0,0,1.11,0.83,0.75,0.68,0.51,0.56,0.99
2025/08/01-10:45,6143.4,6144.8,6130.2,6133.8,863,6145.35,6145.4,6143.19,6150.73,6169.7,6133.24,6144.44,6144.44,6160.8,6160.8,6092.8,6092.8,0,8.63,9.63,13,11.9,0,0,0,0,           ,0,1,0,0,0,0,1.09,0.81,0.74,0.9,0.66,0.73,1.28,0,8.63,9.63,13,11.9,0,0,0,0,           ,0,1,0,0,0,0,1.09,0.81,0.74,0.9,0.66,0.73,1.28
2025/08/01-10:50,6133.8,6133.8,6123,6127,1063,6140.11,6142.57,6141.89,6149.76,6168.82,6127.73,6141.16,6141.16,6160.8,6160.8,6092.8,6092.8,0,10.63,9.81,12.88,11.88,0,0,0,0,           ,0,1,0,0,0,0,1.08,0.83,0.76,1.08,0.83,0.89,1.23,0,10.63,9.81,12.88,11.88,0,0,0,0,           ,0,1,0,0,0,0,1.08,0.83,0.76,1.08,0.83,0.89,1.23
2025/08/01-10:55,6126.4,6128,6117,6117.6,923,6133.68,6138.73,6139.95,6148.45,6167.76,6122.22,6137.89,6137.89,6160.8,6160.8,6092.8,6092.8,0,9.23,9.71,12.7,11.86,0,0,0,0,           ,0,1,0,0,0,0,1.07,0.82,0.76,0.95,0.73,0.78,0.87,0,9.23,9.71,12.7,11.86,0,0,0,0,           ,0,1,0,0,0,0,1.07,0.82,0.76,0.95,0.73,0.78,0.87
2025/08/01-11:00,6117.6,6121.4,6112.4,6119,779,6129.48,6135.69,6138.27,6147.25,6166.76,6116.71,6134.62,6134.62,6160.8,6160.8,6092.8,6092.8,0,7.79,9.36,12.46,11.82,0,0,0,0,           ,0,1,0,0,0,0,1.05,0.79,0.75,0.83,0.62,0.66,0.84,0,7.79,9.36,12.46,11.82,0,0,0,0,           ,0,1,0,0,0,0,1.05,0.79,0.75,0.83,0.62,0.66,0.84
2025/08/01-11:05,6119,6122.6,6109.4,6111.2,789,6124.26,6131.93,6136.11,6145.77,6165.61,6111.2,6131.35,6131.35,6160.8,6160.8,6111.2,6092.8,0,7.89,9.09,12.24,11.78,0,0,0,0,           ,0,1,0,0,0,0,1.04,0.77,0.74,0.87,0.64,0.67,1.01,0,7.89,9.09,12.24,11.78,0,0,0,0,           ,0,1,0,0,0,0,1.04,0.77,0.74,0.87,0.64,0.67,1.01
2025/08/01-11:10,6111.6,6124.8,6110.8,6122.6,692,6123.79,6130.49,6135.03,6144.83,6164.72,6114.4,6128.07,6128.07,6160.8,6160.8,6111.2,6092.8,0,6.92,8.7,11.98,11.73,0,0,0,0,           ,0,1,0,0,0,0,1.02,0.74,0.73,0.8,0.58,0.59,0.88,0,6.92,8.7,11.98,11.73,0,0,0,0,           ,0,1,0,0,0,0,1.02,0.74,0.73,0.8,0.58,0.59,0.88
2025/08/01-11:15,6122.6,6124.4,6114.8,6121.4,429,6123.1,6129.09,6133.94,6143.87,6163.83,6117.6,6124.8,6124.8,6160.8,6160.8,6111.2,6092.8,0,4.29,7.89,11.61,11.66,0,0,0,0,           ,1,0,0,0,0,0,1,0.68,0.68,0.54,0.37,0.37,0.62,0,4.29,7.89,11.61,11.66,0,0,0,0,           ,1,0,0,0,0,0,1,0.68,0.68,0.54,0.37,0.37,0.62
2025/08/01-11:20,6121.6,6122.4,6116.4,6122,318,6122.79,6128,6132.98,6142.98,6162.97,6120.8,6121.53,6121.53,6160.8,6160.8,6111.2,6092.8,0,3.18,7.04,11.2,11.57,1,0,0,0,           ,1,0,0,0,0,0,0.97,0.61,0.63,0.45,0.28,0.27,0.74,0,3.18,7.04,11.2,11.57,1,0,0,0,           ,1,0,0,0,0,0,0.97,0.61,0.63,0.45,0.28,0.27,0.74
2025/08/01-11:25,6122.8,6128,6120.8,6124,567,6123.13,6127.39,6132.26,6142.21,6162.16,6124,6118.25,6118.25,6124,6160.8,6111.2,6092.8,0,5.67,6.79,10.93,11.51,0,0,0,0,           ,0,1,0,1,0,0,0.95,0.59,0.62,0.84,0.52,0.49,1.78,0,5.67,6.79,10.93,11.51,0,0,0,0,           ,0,1,0,1,0,0,0.95,0.59,0.62,0.84,0.52,0.49,1.78
2025/08/01-11:30,6124,6124.2,6111,6111,567,6119.67,6124.86,6130.56,6140.93,6161.11,6120.09,6114.98,6114.98,6124,6160.8,6111.2,6092.8,0,5.67,6.59,10.67,11.45,0,0,0,0,           ,0,1,0,0,0,0,0.93,0.57,0.62,0.86,0.53,0.5,1,0,5.67,6.59,10.67,11.45,0,0,0,0,           ,0,1,0,0,0,0,0.93,0.57,0.62,0.86,0.53,0.5,1
2025/08/01-13:05,6111,6117.4,6101,6113.8,1179,6117.99,6123.16,6129.22,6139.82,6160.13,6116.18,6111.71,6111.71,6124,6160.8,6111.2,6092.8,0,11.79,7.53,10.72,11.46,0,0,0,0,           ,0,0,1,1,0,0,0.94,0.66,0.7,1.57,1.1,1.03,2.08,0,11.79,7.53,10.72,11.46,0,0,0,0,           ,0,0,1,1,0,0,0.94,0.66,0.7,1.57,1.1,1.03,2.08
2025/08/01-13:10,6114,6120.8,6111.6,6114.8,596,6117.08,6121.88,6128.07,6138.8,6159.2,6112.27,6108.44,6108.44,6124,6160.8,6111.2,6092.8,0,5.96,7.25,10.49,11.4,0,0,0,0,           ,0,1,0,0,0,0,0.92,0.64,0.69,0.82,0.57,0.52,0.51,0,5.96,7.25,10.49,11.4,0,0,0,0,           ,0,1,0,0,0,0,0.92,0.64,0.69,0.82,0.57,0.52,0.51
2025/08/01-13:15,6114.8,6116.8,6105,6106,529,6113.91,6119.43,6126.3,6137.46,6158.1,6108.36,6105.16,6105.16,6124,6160.8,6111.2,6092.8,0,5.29,6.89,10.24,11.34,0,0,0,0,           ,1,0,0,0,0,0,0.9,0.61,0.67,0.77,0.52,0.47,0.89,0,5.29,6.89,10.24,11.34,0,0,0,0,           ,1,0,0,0,0,0,0.9,0.61,0.67,0.77,0.52,0.47,0.89
2025/08/01-13:20,6105,6111.2,6099.4,6108.2,928,6112.28,6117.71,6124.85,6136.27,6157.07,6104.44,6101.89,6101.89,6124,6160.8,6111.2,6092.8,0,9.28,7.32,10.19,11.32,0,0,0,0,           ,0,0,1,1,0,0,0.9,0.65,0.72,1.27,0.91,0.82,1.75,0,9.28,7.32,10.19,11.32,0,0,0,0,           ,0,0,1,1,0,0,0.9,0.65,0.72,1.27,0.91,0.82,1.75
2025/08/01-13:25,6109,6111,6097.4,6098,708,6108.2,6114.67,6122.71,6134.71,6155.86,6100.53,6098.62,6098.62,6124,6160.8,6111.2,6092.8,0,7.08,7.28,10.04,11.28,0,0,0,0,           ,0,1,0,0,0,0,0.89,0.65,0.73,0.97,0.71,0.63,0.76,0,7.08,7.28,10.04,11.28,0,0,0,0,           ,0,1,0,0,0,0,0.89,0.65,0.73,0.97,0.71,0.63,0.76
2025/08/01-13:30,6097.8,6102.8,6095,6095.8,675,6104.66,6111.77,6120.55,6133.12,6154.62,6096.62,6095.35,6095.35,6124,6160.8,6111.2,6092.8,0,6.75,7.18,9.88,11.23,0,0,0,0,           ,0,1,0,0,0,0,0.88,0.64,0.73,0.94,0.68,0.6,0.95,0,6.75,7.18,9.88,11.23,0,0,0,0,           ,0,1,0,0,0,0,0.88,0.64,0.73,0.94,0.68,0.6,0.95
2025/08/01-13:35,6096.6,6104.2,6088.8,6089.8,1212,6100.41,6108.39,6118.09,6131.35,6153.28,6092.71,6092.07,6092.07,6124,6160.8,6111.2,6092.8,0,12.12,8.08,9.99,11.24,0,0,0,0,           ,0,0,1,1,0,0,0.89,0.72,0.81,1.5,1.21,1.08,1.8,0,12.12,8.08,9.99,11.24,0,0,0,0,           ,0,0,1,1,0,0,0.89,0.72,0.81,1.5,1.21,1.08,1.8
2025/08/01-13:40,6089.4,6091.4,6078.8,6088.8,1837,6097.09,6105.38,6115.75,6129.61,6151.95,6088.8,6088.8,6088.8,6124,6160.8,6088.8,6088.8,0,18.37,9.95,10.4,11.31,0,0,0,0,           ,0,0,1,1,0,0,0.92,0.88,0.96,1.85,1.77,1.62,1.52,0,18.37,9.95,10.4,11.31,0,0,0,0,           ,0,0,1,1,0,0,0.92,0.88,0.96,1.85,1.77,1.62,1.52
2025/08/01-13:45,6088.6,6092.4,6084.6,6089.8,799,6095.01,6102.98,6113.67,6127.99,6150.67,6093.2,6093.2,6089.95,6124,6160.8,6088.8,6088.8,0,7.99,9.6,10.28,11.28,0,0,0,0,           ,0,1,0,0,0,0,0.91,0.85,0.93,0.83,0.78,0.71,0.43,0,7.99,9.6,10.28,11.28,0,0,0,0,           ,0,1,0,0,0,0,0.91,0.85,0.93,0.83,0.78,0.71,0.43
2025/08/01-13:50,6091,6106.2,6090,6106,1171,6098.15,6103.44,6113.06,6127.09,6149.75,6097.6,6097.6,6091.1,6124,6160.8,6088.8,6088.8,0,11.71,9.98,10.35,11.29,0,0,0,0,           ,0,1,0,0,0,0,0.92,0.88,0.96,1.17,1.13,1.04,1.47,0,11.71,9.98,10.35,11.29,0,0,0,0,           ,0,1,0,0,0,0,0.92,0.88,0.96,1.17,1.13,1.04,1.47
2025/08/01-13:55,6106,6114,6103.6,6109.2,931,6101.31,6104.33,6112.75,6126.36,6148.91,6102,6102,6092.25,6124,6160.8,6088.8,6088.8,0,9.31,9.86,10.3,11.27,0,0,0,0,           ,0,1,0,0,0,0,0.91,0.88,0.96,0.94,0.9,0.83,0.8,0,9.31,9.86,10.3,11.27,0,0,0,0,           ,0,1,0,0,0,0,0.91,0.88,0.96,0.94,0.9,0.83,0.8
2025/08/01-14:00,6110,6111.6,6098,6098,643,6100.36,6103.36,6111.57,6125.2,6147.86,6106.4,6106.4,6093.4,6124,6160.8,6088.8,6088.8,0,6.43,9.23,10.11,11.22,0,0,0,0,           ,1,0,0,0,0,0,0.9,0.82,0.91,0.7,0.64,0.57,0.69,0,6.43,9.23,10.11,11.22,0,0,0,0,           ,1,0,0,0,0,0,0.9,0.82,0.91,0.7,0.64,0.57,0.69
2025/08/01-14:05,6098,6111.2,6095.2,6097.8,973,6099.63,6102.5,6110.47,6124.09,6146.83,6110.8,6110.8,6094.55,6124,6160.8,6088.8,6088.8,0,9.73,9.32,10.09,11.2,0,0,0,0,           ,0,1,0,1,0,0,0.9,0.83,0.92,1.04,0.96,0.87,1.51,0,9.73,9.32,10.09,11.2,0,0,0,0,           ,0,1,0,1,0,0,0.9,0.83,0.92,1.04,0.96,0.87,1.51
2025/08/01-14:10,6097.8,6106.4,6092,6105.4,759,6101.28,6102.95,6110.06,6123.32,6145.98,6115.2,6115.2,6095.7,6124,6160.8,6088.8,6088.8,0,7.59,9.01,9.97,11.17,0,0,0,0,           ,0,1,0,0,0,0,0.89,0.81,0.9,0.84,0.76,0.68,0.78,0,7.59,9.01,9.97,11.17,0,0,0,0,           ,0,1,0,0,0,0,0.89,0.81,0.9,0.84,0.76,0.68,0.78
2025/08/01-14:15,6105.2,6121.2,6100,6119.6,961,6106.51,6105.51,6110.83,6123.17,6145.43,6119.6,6119.6,6096.85,6119.6,6119.6,6088.8,6088.8,0,9.61,9.12,9.95,11.15,0,0,0,0,           ,0,1,0,0,0,0,0.89,0.82,0.92,1.05,0.97,0.86,1.27,0,9.61,9.12,9.95,11.15,0,0,0,0,           ,0,1,0,0,0,0,0.89,0.82,0.92,1.05,0.97,0.86,1.27
2025/08/01-14:20,6120.2,6121.8,6113.6,6116.6,930,6109.4,6107.22,6111.29,6122.9,6144.84,6116.72,6116.72,6098,6119.6,6119.6,6088.8,6088.8,0,9.3,9.15,9.92,11.13,0,0,0,0,           ,0,1,0,0,0,0,0.89,0.82,0.92,1.02,0.94,0.84,0.97,0,9.3,9.15,9.92,11.13,0,0,0,0,           ,0,1,0,0,0,0,0.89,0.82,0.92,1.02,0.94,0.84,0.97
2025/08/01-14:25,6116,6121.6,6112.6,6119.6,678,6112.31,6109.12,6111.95,6122.77,6144.32,6113.84,6113.84,6099.15,6119.6,6119.6,6088.8,6088.8,0,6.78,8.72,9.77,11.09,0,0,0,0,           ,1,0,0,0,0,0,0.88,0.79,0.89,0.78,0.69,0.61,0.73,0,6.78,8.72,9.77,11.09,0,0,0,0,           ,1,0,0,0,0,0,0.88,0.79,0.89,0.78,0.69,0.61,0.73
2025/08/01-14:30,6119.6,6120.6,6112.2,6115.4,566,6113.19,6110.09,6112.23,6122.47,6143.72,6110.96,6110.96,6100.3,6119.6,6119.6,6088.8,6088.8,0,5.66,8.16,9.57,11.04,0,0,0,0,           ,1,0,0,0,0,0,0.87,0.74,0.85,0.69,0.59,0.51,0.83,0,5.66,8.16,9.57,11.04,0,0,0,0,           ,1,0,0,0,0,0,0.87,0.74,0.85,0.69,0.59,0.51,0.83
2025/08/01-14:35,6115.4,6119.8,6106.2,6112,848,6112.85,6110.38,6112.21,6122.04,6143.07,6108.08,6108.08,6101.45,6119.6,6119.6,6088.8,6088.8,0,8.48,8.22,9.51,11.01,0,0,0,0,           ,0,1,0,0,0,0,0.86,0.75,0.86,1.03,0.89,0.77,1.5,0,8.48,8.22,9.51,11.01,0,0,0,0,           ,0,1,0,0,0,0,0.86,0.75,0.86,1.03,0.89,0.77,1.5
2025/08/01-14:40,6111.8,6113.6,6106.6,6110.8,659,6112.27,6110.45,6112.1,6121.58,6142.4,6105.2,6105.2,6102.6,6119.6,6119.6,6088.8,6088.8,0,6.59,7.92,9.37,10.97,0,0,0,0,           ,0,1,0,0,0,0,0.85,0.72,0.85,0.83,0.7,0.6,0.78,0,6.59,7.92,9.37,10.97,0,0,0,0,           ,0,1,0,0,0,0,0.85,0.72,0.85,0.83,0.7,0.6,0.78
2025/08/01-14:45,6110,6114.4,6108,6111,815,6111.9,6110.53,6112.01,6121.15,6141.75,6102.32,6102.32,6103.75,6119.6,6119.6,6088.8,6088.8,0,8.15,7.97,9.31,10.94,0,0,0,0,           ,0,1,0,0,0,0,0.85,0.73,0.86,1.02,0.88,0.75,1.24,0,8.15,7.97,9.31,10.94,0,0,0,0,           ,0,1,0,0,0,0,0.85,0.73,0.86,1.02,0.88,0.75,1.24
2025/08/01-14:50,6110.4,6112,6106.4,6111.2,704,6111.7,6110.63,6111.95,6120.74,6141.12,6099.44,6099.44,6104.9,6119.6,6119.6,6088.8,6088.8,0,7.04,7.8,9.2,10.9,0,0,0,0,           ,0,1,0,0,0,0,0.84,0.72,0.85,0.9,0.77,0.65,0.86,0,7.04,7.8,9.2,10.9,0,0,0,0,           ,0,1,0,0,0,0,0.84,0.72,0.85,0.9,0.77,0.65,0.86
2025/08/01-14:55,6111.2,6111.8,6106.6,6109.4,912,6111.04,6110.44,6111.74,6120.28,6140.47,6096.56,6096.56,6106.05,6119.6,6119.6,6088.8,6088.8,0,9.12,8.04,9.2,10.88,0,0,0,0,           ,0,1,0,0,0,0,0.85,0.74,0.87,1.13,0.99,0.84,1.3,0,9.12,8.04,9.2,10.88,0,0,0,0,           ,0,1,0,0,0,0,0.85,0.74,0.87,1.13,0.99,0.84,1.3
2025/08/01-15:00,6109.4,6110.8,6100.8,6104,1530,6109.03,6109.45,6111.12,6119.62,6139.72,6093.68,6093.68,6107.2,6119.6,6119.6,6088.8,6088.8,0,15.3,9.36,9.49,10.93,0,0,0,0,           ,0,0,1,1,0,0,0.87,0.86,0.99,1.63,1.61,1.4,1.68,0,15.3,9.36,9.49,10.93,0,0,0,0,           ,0,0,1,1,0,0,0.87,0.86,0.99,1.63,1.61,1.4,1.68
2025/08/04-09:35,6084,6105.6,6083.2,6090.8,4074,6103.82,6106.58,6109.5,6118.44,6138.71,6090.8,6090.8,6108.35,6119.6,6119.6,6090.8,6090.8,0,40.74,15.06,11.02,11.22,0,1,0,1,15.06,0,0,1,1,1,1,0.98,1.34,1.37,2.7,3.7,3.63,2.66,0,40.74,15.06,11.02,11.22,0,1,0,1,15.06,0,0,1,1,1,1,0.98,1.34,1.37,2.7,3.7,3.63,2.66
2025/08/04-09:40,6090.4,6115.8,6087,6115.8,2338,6107.24,6108,6110,6118.33,6138.24,6115.8,6092.07,6109.51,6115.8,6119.6,6090.8,6090.8,0,23.38,16.58,11.62,11.34,0,0,0,1,16.58,0,0,1,0,0,0,1.02,1.46,1.43,1.41,2.01,2.06,0.57,0,23.38,16.58,11.62,11.34,0,0,0,1,16.58,0,0,1,0,0,0,1.02,1.46,1.43,1.41,2.01,2.06,0.57
2025/08/04-09:45,6115,6116.8,6098.8,6100.4,1850,6105.29,6106.83,6109.23,6117.6,6137.46,6107.4,6093.34,6110.66,6115.8,6119.6,6090.8,6090.8,0,18.5,16.93,11.96,11.41,0,0,0,0,16.93,0,1,0,0,0,0,1.05,1.48,1.42,1.09,1.55,1.62,0.79,0,18.5,16.93,11.96,11.41,0,0,0,0,16.93,0,1,0,0,0,0,1.05,1.48,1.42,1.09,1.55,1.62,0.79
2025/08/04-09:50,6100,6107,6090.2,6099,1302,6103.49,6105.63,6108.41,6116.84,6136.66,6099,6094.62,6111.81,6115.8,6119.6,6099,6090.8,0,13.02,16.22,12.01,11.43,0,0,0,0,16.22,0,1,0,0,0,0,1.05,1.42,1.35,0.8,1.08,1.14,0.7,0,13.02,16.22,12.01,11.43,0,0,0,0,16.22,0,1,0,0,0,0,1.05,1.42,1.35,0.8,1.08,1.14,0.7
2025/08/04-09:55,6099,6116.8,6097,6114.8,1336,6106.72,6107.04,6108.92,6116.76,6136.21,6102.91,6095.89,6112.96,6115.8,6119.6,6099,6090.8,0,13.36,15.7,12.08,11.45,0,0,0,0,15.7,0,1,0,0,0,0,1.05,1.37,1.3,0.85,1.11,1.17,1.03,0,13.36,15.7,12.08,11.45,0,0,0,0,15.7,0,1,0,0,0,0,1.05,1.37,1.3,0.85,1.11,1.17,1.03
2025/08/04-10:00,6114.2,6118,6110.6,6115.4,874,6109.2,6108.32,6109.44,6116.7,6135.78,6106.83,6097.16,6114.11,6115.8,6119.6,6099,6090.8,0,8.74,14.43,11.91,11.42,0,0,0,0,           ,1,0,0,0,0,0,1.04,1.26,1.21,0.61,0.73,0.77,0.65,0,8.74,14.43,11.91,11.42,0,0,0,0,           ,1,0,0,0,0,0,1.04,1.26,1.21,0.61,0.73,0.77,0.65
2025/08/04-10:05,6113.8,6114.4,6103,6107,846,6108.57,6108.12,6109.25,6116.31,6135.19,6110.74,6098.43,6115.26,6115.8,6119.6,6099,6090.8,0,8.46,13.35,11.74,11.39,0,0,0,0,           ,1,0,0,0,0,0,1.03,1.17,1.14,0.63,0.72,0.74,0.97,0,8.46,13.35,11.74,11.39,0,0,0,0,           ,1,0,0,0,0,0,1.03,1.17,1.14,0.63,0.72,0.74,0.97
2025/08/04-10:10,6107,6121.2,6103.4,6119.8,951,6111.78,6109.92,6110.09,6116.45,6134.87,6114.66,6099.71,6116.41,6115.8,6119.6,6099,6090.8,0,9.51,12.65,11.63,11.37,0,0,0,0,           ,1,0,0,0,0,0,1.02,1.11,1.09,0.75,0.82,0.84,1.12,0,9.51,12.65,11.63,11.37,0,0,0,0,           ,1,0,0,0,0,0,1.02,1.11,1.09,0.75,0.82,0.84,1.12
2025/08/04-10:15,6120.6,6125,6112.8,6118.6,946,6113.73,6111.25,6110.77,6116.54,6134.54,6118.57,6100.98,6117.56,6115.8,6119.6,6099,6090.8,0,9.46,12.07,11.53,11.36,0,0,0,0,           ,1,0,0,0,0,0,1.02,1.06,1.05,0.78,0.82,0.83,0.99,0,9.46,12.07,11.53,11.36,0,0,0,0,           ,1,0,0,0,0,0,1.02,1.06,1.05,0.78,0.82,0.83,0.99
2025/08/04-10:20,6119,6126,6119,6124.6,784,6116.83,6113.31,6111.88,6116.87,6134.33,6122.49,6102.25,6118.71,6115.8,6119.6,6099,6090.8,0,7.84,11.3,11.35,11.32,0,0,0,0,           ,1,0,0,0,0,0,1,1,1,0.69,0.69,0.69,0.83,0,7.84,11.3,11.35,11.32,0,0,0,0,           ,1,0,0,0,0,0,1,1,1,0.69,0.69,0.69,0.83
2025/08/04-10:25,6125.6,6130,6122.8,6126.4,737,6119.57,6115.32,6113.04,6117.25,6134.17,6126.4,6103.52,6119.86,6126.4,6119.6,6099,6090.8,0,7.37,10.59,11.15,11.28,0,0,0,0,           ,1,0,0,0,0,0,0.99,0.94,0.95,0.7,0.66,0.65,0.94,0,7.37,10.59,11.15,11.28,0,0,0,0,           ,1,0,0,0,0,0,0.99,0.94,0.95,0.7,0.66,0.65,0.94
2025/08/04-10:30,6127.4,6129.2,6120,6121,510,6119.98,6116.19,6113.68,6117.41,6133.9,6123.7,6104.79,6121.01,6126.4,6119.6,6099,6090.8,0,5.1,9.59,10.86,11.22,0,0,0,0,           ,1,0,0,0,0,0,0.97,0.85,0.88,0.53,0.47,0.45,0.69,0,5.1,9.59,10.86,11.22,0,0,0,0,           ,1,0,0,0,0,0,0.97,0.85,0.88,0.53,0.47,0.45,0.69
2025/08/04-10:35,6121.4,6126.2,6116.8,6117.8,776,6119.35,6116.44,6114.01,6117.42,6133.57,6121,6106.07,6122.16,6126.4,6119.6,6099,6090.8,0,7.76,9.26,10.71,11.19,0,0,0,0,           ,0,1,0,1,0,0,0.96,0.83,0.86,0.84,0.72,0.69,1.52,0,7.76,9.26,10.71,11.19,0,0,0,0,           ,0,1,0,1,0,0,0.96,0.83,0.86,0.84,0.72,0.69,1.52
2025/08/04-10:40,6118,6122.6,6112.6,6112.6,568,6117.42,6115.85,6113.89,6117.23,6133.13,6118.3,6107.34,6123.31,6126.4,6119.6,6099,6090.8,0,5.68,8.61,10.46,11.13,0,0,0,0,           ,1,0,0,0,0,0,0.94,0.77,0.82,0.66,0.54,0.51,0.73,0,5.68,8.61,10.46,11.13,0,0,0,0,           ,1,0,0,0,0,0,0.94,0.77,0.82,0.66,0.54,0.51,0.73
2025/08/04-10:45,6113.6,6124.2,6112.6,6123,482,6119.02,6116.95,6114.62,6117.46,6132.92,6115.6,6108.61,6124.46,6126.4,6119.6,6099,6090.8,0,4.82,7.92,10.19,11.07,0,0,0,0,           ,1,0,0,0,0,0,0.92,0.72,0.78,0.61,0.47,0.44,0.85,0,4.82,7.92,10.19,11.07,0,0,0,0,           ,1,0,0,0,0,0,0.92,0.72,0.78,0.61,0.47,0.44,0.85
2025/08/04-10:50,6123,6125,6115,6115.2,481,6117.93,6116.68,6114.67,6117.37,6132.56,6112.9,6109.88,6125.61,6126.4,6119.6,6099,6090.8,0,4.81,7.35,9.93,11.01,0,0,0,0,           ,1,0,0,0,0,0,0.9,0.67,0.74,0.65,0.48,0.44,1,0,4.81,7.35,9.93,11.01,0,0,0,0,           ,1,0,0,0,0,0,0.9,0.67,0.74,0.65,0.48,0.44,1
2025/08/04-10:55,6116,6118.6,6108.2,6110.2,440,6115.72,6115.68,6114.31,6117.08,6132.1,6110.2,6111.16,6126.76,6126.4,6119.6,6110.2,6090.8,0,4.4,6.82,9.66,10.94,0,0,0,0,           ,1,0,0,0,0,0,0.88,0.62,0.71,0.65,0.46,0.4,0.91,0,4.4,6.82,9.66,10.94,0,0,0,0,           ,1,0,0,0,0,0,0.88,0.62,0.71,0.65,0.46,0.4,0.91
2025/08/04-11:00,6110.8,6114.2,6109.4,6110.4,394,6114.2,6114.87,6114,6116.81,6131.65,6112.23,6112.43,6127.91,6126.4,6119.6,6110.2,6090.8,0,3.94,6.29,9.38,10.87,0,0,0,0,           ,1,0,0,0,0,0,0.86,0.58,0.67,0.63,0.42,0.36,0.9,0,3.94,6.29,9.38,10.87,0,0,0,0,           ,1,0,0,0,0,0,0.86,0.58,0.67,0.63,0.42,0.36,0.9
2025/08/04-11:05,6110.4,6117.8,6107.8,6115,491,6114.43,6114.89,6114.08,6116.73,6131.31,6114.25,6113.7,6129.06,6126.4,6119.6,6110.2,6090.8,0,4.91,6.04,9.16,10.81,0,0,0,0,           ,0,1,0,0,0,0,0.85,0.56,0.66,0.81,0.54,0.45,1.25,0,4.91,6.04,9.16,10.81,0,0,0,0,           ,0,1,0,0,0,0,0.85,0.56,0.66,0.81,0.54,0.45,1.25
2025/08/04-11:10,6114.8,6118.8,6112.8,6118.8,317,6115.68,6115.49,6114.46,6116.82,6131.05,6116.28,6114.97,6130.21,6126.4,6119.6,6110.2,6090.8,0,3.17,5.52,8.87,10.73,1,0,0,0,           ,1,0,0,0,0,0,0.83,0.51,0.62,0.57,0.36,0.3,0.65,0,3.17,5.52,8.87,10.73,1,0,0,0,           ,1,0,0,0,0,0,0.83,0.51,0.62,0.57,0.36,0.3,0.65
2025/08/04-11:15,6117.8,6117.8,6113,6115,231,6115.48,6115.42,6114.5,6116.74,6130.72,6118.3,6116.24,6131.36,6126.4,6119.6,6110.2,6090.8,0,2.31,4.94,8.55,10.65,1,0,0,0,           ,1,0,0,0,0,0,0.8,0.46,0.58,0.47,0.27,0.22,0.73,0,2.31,4.94,8.55,10.65,1,0,0,0,           ,1,0,0,0,0,0,0.8,0.46,0.58,0.47,0.27,0.22,0.73
2025/08/04-11:20,6115.4,6122.4,6115.4,6118.6,474,6116.37,6115.91,6114.83,6116.82,6130.47,6120.33,6117.52,6132.51,6126.4,6119.6,6110.2,6090.8,0,4.74,4.9,8.36,10.59,0,0,0,0,           ,0,1,0,1,0,0,0.79,0.46,0.59,0.97,0.57,0.45,2.05,0,4.74,4.9,8.36,10.59,0,0,0,0,           ,0,1,0,1,0,0,0.79,0.46,0.59,0.97,0.57,0.45,2.05
2025/08/04-11:25,6118,6131,6118,6121.8,903,6117.92,6116.81,6115.39,6117.02,6130.29,6122.35,6118.79,6133.66,6126.4,6119.6,6110.2,6090.8,0,9.03,5.65,8.39,10.58,0,0,0,0,           ,0,0,1,1,0,0,0.79,0.53,0.67,1.6,1.08,0.85,1.91,0,9.03,5.65,8.39,10.58,0,0,0,0,           ,0,0,1,1,0,0,0.79,0.53,0.67,1.6,1.08,0.85,1.91
2025/08/04-11:30,6121.6,6122.6,6110,6110.2,579,6115.72,6115.8,6114.97,6116.74,6129.88,6124.38,6120.06,6134.81,6126.4,6119.6,6110.2,6090.8,0,5.79,5.68,8.27,10.53,0,0,0,0,           ,0,1,0,0,0,0,0.79,0.54,0.69,1.02,0.7,0.55,0.64,0,5.79,5.68,8.27,10.53,0,0,0,0,           ,0,1,0,0,0,0,0.79,0.54,0.69,1.02,0.7,0.55,0.64
2025/08/04-13:05,6109.6,6130,6109.6,6123.6,1029,6117.97,6117,6115.66,6117.02,6129.75,6126.41,6121.33,6135.96,6126.4,6119.6,6110.2,6090.8,0,10.29,6.52,8.37,10.53,0,0,0,0,           ,0,0,1,1,0,0,0.79,0.62,0.78,1.58,1.23,0.98,1.78,0,10.29,6.52,8.37,10.53,0,0,0,0,           ,0,0,1,1,0,0,0.79,0.62,0.78,1.58,1.23,0.98,1.78
2025/08/04-13:10,6123.8,6130,6121.2,6124.6,651,6119.86,6118.17,6116.38,6117.33,6129.64,6128.43,6122.61,6137.11,6126.4,6119.6,6110.2,6090.8,0,6.51,6.51,8.28,10.49,0,0,0,0,           ,0,1,0,0,0,0,0.79,0.62,0.79,1,0.79,0.62,0.63,0,6.51,6.51,8.28,10.49,0,0,0,0,           ,0,1,0,0,0,0,0.79,0.62,0.79,1,0.79,0.62,0.63
2025/08/04-13:15,6124.6,6125.6,6118,6118,413,6119.33,6118.14,6116.51,6117.36,6129.4,6130.46,6123.88,6138.26,6126.4,6119.6,6110.2,6090.8,0,4.13,6.08,8.07,10.42,0,0,0,0,           ,1,0,0,0,0,0,0.77,0.58,0.75,0.68,0.51,0.4,0.63,0,4.13,6.08,8.07,10.42,0,0,0,0,           ,1,0,0,0,0,0,0.77,0.58,0.75,0.68,0.51,0.4,0.63
2025/08/04-13:20,6117.8,6129.8,6116.4,6129.8,520,6122.32,6119.93,6117.57,6117.87,6129.41,6132.48,6125.15,6139.41,6126.4,6119.6,6110.2,6090.8,0,5.2,5.92,7.93,10.37,0,0,0,0,           ,0,1,0,0,0,0,0.76,0.57,0.75,0.88,0.66,0.5,1.26,0,5.2,5.92,7.93,10.37,0,0,0,0,           ,0,1,0,0,0,0,0.76,0.57,0.75,0.88,0.66,0.5,1.26
2025/08/04-13:25,6129.4,6132.2,6126.8,6130,765,6124.52,6121.48,6118.56,6118.36,6129.42,6134.51,6126.42,6140.56,6126.4,6119.6,6110.2,6090.8,0,7.65,6.24,7.92,10.34,0,0,0,0,           ,0,0,1,0,0,0,0.77,0.6,0.79,1.23,0.97,0.74,1.47,0,7.65,6.24,7.92,10.34,0,0,0,0,           ,0,0,1,0,0,0,0.77,0.6,0.79,1.23,0.97,0.74,1.47
2025/08/04-13:30,6130.2,6132.8,6127,6130.6,406,6126.25,6122.89,6119.53,6118.86,6129.45,6136.53,6127.69,6141.71,6126.4,6119.6,6110.2,6090.8,0,4.06,5.84,7.73,10.28,0,0,0,0,           ,1,0,0,0,0,0,0.75,0.57,0.76,0.7,0.53,0.39,0.53,0,4.06,5.84,7.73,10.28,0,0,0,0,           ,1,0,0,0,0,0,0.75,0.57,0.76,0.7,0.53,0.39,0.53
2025/08/04-13:35,6131.2,6135,6124,6125.2,788,6125.95,6123.24,6119.98,6119.12,6129.36,6138.56,6128.97,6142.86,6126.4,6119.6,6110.2,6090.8,0,7.88,6.21,7.74,10.26,0,0,0,0,           ,0,0,1,1,0,0,0.75,0.61,0.8,1.27,1.02,0.77,1.94,0,7.88,6.21,7.74,10.26,0,0,0,0,           ,0,0,1,1,0,0,0.75,0.61,0.8,1.27,1.02,0.77,1.94
2025/08/04-13:40,6125.4,6128.2,6123,6125.6,326,6125.85,6123.6,6120.43,6119.38,6129.28,6140.58,6130.24,6144.01,6126.4,6119.6,6110.2,6090.8,0,3.26,5.67,7.52,10.19,1,0,0,0,           ,1,0,0,0,0,0,0.74,0.56,0.75,0.57,0.43,0.32,0.41,0,3.26,5.67,7.52,10.19,1,0,0,0,           ,1,0,0,0,0,0,0.74,0.56,0.75,0.57,0.43,0.32,0.41
2025/08/04-13:45,6125.4,6129.8,6124.4,6128.8,414,6126.69,6124.4,6121.1,6119.77,6129.27,6142.61,6131.51,6145.17,6126.4,6119.6,6110.2,6090.8,0,4.14,5.4,7.35,10.13,0,0,0,0,           ,1,0,0,0,0,0,0.73,0.53,0.73,0.77,0.56,0.41,1.27,0,4.14,5.4,7.35,10.13,0,0,0,0,           ,1,0,0,0,0,0,0.73,0.53,0.73,0.77,0.56,0.41,1.27
2025/08/04-13:50,6128,6129.8,6125,6126.8,323,6126.72,6124.77,6121.56,6120.06,6129.22,6144.64,6132.78,6146.32,6126.4,6119.6,6110.2,6090.8,0,3.23,5,7.15,10.06,1,0,0,0,           ,1,0,0,0,0,0,0.71,0.5,0.7,0.65,0.45,0.32,0.78,0,3.23,5,7.15,10.06,1,0,0,0,           ,1,0,0,0,0,0,0.71,0.5,0.7,0.65,0.45,0.32,0.78
2025/08/04-13:55,6127,6131.2,6126.2,6126.6,409,6126.69,6125.05,6121.96,6120.32,6129.17,6146.66,6134.06,6147.47,6126.4,6119.6,6110.2,6090.8,0,4.09,4.84,7,10,0,0,0,0,           ,0,1,0,0,0,0,0.7,0.48,0.69,0.85,0.58,0.41,1.27,0,4.09,4.84,7,10,0,0,0,0,           ,0,1,0,0,0,0,0.7,0.48,0.69,0.85,0.58,0.41,1.27
2025/08/04-14:00,6127.6,6129.2,6123,6127.2,601,6126.83,6125.38,6122.38,6120.6,6129.13,6148.69,6135.33,6148.62,6126.4,6119.6,6110.2,6090.8,0,6.01,5.05,6.96,9.96,0,0,0,0,           ,0,1,0,0,0,0,0.7,0.51,0.73,1.19,0.86,0.6,1.47,0,6.01,5.05,6.96,9.96,0,0,0,0,           ,0,1,0,0,0,0,0.7,0.51,0.73,1.19,0.86,0.6,1.47
2025/08/04-14:05,6127.2,6142.6,6127.2,6142.4,1035,6131.28,6128,6123.98,6121.49,6129.4,6150.71,6136.6,6149.77,6126.4,6119.6,6110.2,6090.8,0,10.35,6.01,7.12,9.96,0,0,0,0,           ,0,0,1,1,0,0,0.71,0.6,0.84,1.72,1.45,1.04,1.72,0,10.35,6.01,7.12,9.96,0,0,0,0,           ,0,0,1,1,0,0,0.71,0.6,0.84,1.72,1.45,1.04,1.72
2025/08/04-14:10,6142.8,6152.6,6140.6,6152.6,1576,6137.37,6131.79,6126.27,6122.76,6129.88,6152.74,6137.87,6150.92,6126.4,6119.6,6110.2,6090.8,0,15.76,7.79,7.54,10.02,0,0,0,0,           ,0,0,1,1,0,0,0.75,0.78,1.03,2.02,2.09,1.57,1.52,0,15.76,7.79,7.54,10.02,0,0,0,0,           ,0,0,1,1,0,0,0.75,0.78,1.03,2.02,2.09,1.57,1.52
2025/08/04-14:15,6152.8,6157.2,6148.2,6157.2,1076,6143.04,6135.7,6128.74,6124.17,6130.44,6154.76,6139.14,6152.07,6126.4,6119.6,6110.2,6090.8,0,10.76,8.33,7.7,10.03,0,0,0,0,           ,0,0,1,0,0,0,0.77,0.83,1.08,1.29,1.4,1.07,0.68,0,10.76,8.33,7.7,10.03,0,0,0,0,           ,0,0,1,0,0,0,0.77,0.83,1.08,1.29,1.4,1.07,0.68
2025/08/04-14:20,6156.4,6164.4,6152,6160.6,1453,6148.06,6139.53,6131.29,6125.66,6131.06,6156.79,6140.42,6153.22,6126.4,6119.6,6110.2,6090.8,0,14.53,9.45,8.03,10.07,0,0,0,0,           ,0,0,1,0,0,0,0.8,0.94,1.18,1.54,1.81,1.44,1.35,0,14.53,9.45,8.03,10.07,0,0,0,0,           ,0,0,1,0,0,0,0.8,0.94,1.18,1.54,1.81,1.44,1.35
2025/08/04-14:25,6160.4,6164.2,6157.2,6163.4,934,6152.44,6143.2,6133.86,6127.2,6131.73,6158.82,6141.69,6154.37,6126.4,6119.6,6110.2,6090.8,0,9.34,9.43,8.1,10.07,0,0,0,0,           ,0,1,0,0,0,0,0.8,0.94,1.17,0.99,1.15,0.93,0.64,0,9.34,9.43,8.1,10.07,0,0,0,0,           ,0,1,0,0,0,0,0.8,0.94,1.17,0.99,1.15,0.93,0.64
2025/08/04-14:30,6163.4,6169.2,6160.8,6164.2,1142,6155.8,6146.43,6136.29,6128.71,6132.4,6160.84,6142.96,6155.52,6126.4,6119.6,6110.2,6090.8,0,11.42,9.79,8.26,10.08,0,0,0,0,           ,0,1,0,0,0,0,0.82,0.97,1.19,1.17,1.38,1.13,1.22,0,11.42,9.79,8.26,10.08,0,0,0,0,           ,0,1,0,0,0,0,0.82,0.97,1.19,1.17,1.38,1.13,1.22
2025/08/04-14:35,6165,6165.8,6158.2,6159.4,674,6156.83,6148.43,6138.14,6129.96,6132.96,6162.87,6144.23,6156.67,6126.4,6119.6,6110.2,6090.8,0,6.74,9.24,8.18,10.05,0,0,0,0,           ,1,0,0,0,0,0,0.81,0.92,1.13,0.73,0.82,0.67,0.59,0,6.74,9.24,8.18,10.05,0,0,0,0,           ,1,0,0,0,0,0,0.81,0.92,1.13,0.73,0.82,0.67,0.59
2025/08/04-14:40,6160.4,6169.8,6159.4,6166.4,938,6159.56,6151.19,6140.4,6131.45,6133.65,6164.89,6145.51,6157.82,6126.4,6119.6,6110.2,6090.8,0,9.38,9.26,8.24,10.04,0,0,0,0,           ,0,1,0,0,0,0,0.82,0.92,1.12,1.01,1.14,0.93,1.39,0,9.38,9.26,8.24,10.04,0,0,0,0,           ,0,1,0,0,0,0,0.82,0.92,1.12,1.01,1.14,0.93,1.39
2025/08/04-14:45,6166.4,6166.8,6160.2,6160.2,755,6159.75,6152.58,6141.98,6132.62,6134.19,6166.92,6146.78,6158.97,6126.4,6119.6,6110.2,6090.8,0,7.55,8.95,8.21,10.02,0,0,0,0,           ,0,1,0,0,0,0,0.82,0.89,1.09,0.84,0.92,0.75,0.8,0,7.55,8.95,8.21,10.02,0,0,0,0,           ,0,1,0,0,0,0,0.82,0.89,1.09,0.84,0.92,0.75,0.8
2025/08/04-14:50,6160.6,6163,6157.6,6162,872,6160.39,6154.03,6143.58,6133.82,6134.77,6168.94,6148.05,6160.12,6126.4,6119.6,6110.2,6090.8,0,8.72,8.91,8.23,10,0,0,0,0,           ,0,1,0,0,0,0,0.82,0.89,1.08,0.98,1.06,0.87,1.15,0,8.72,8.91,8.23,10,0,0,0,0,           ,0,1,0,0,0,0,0.82,0.89,1.08,0.98,1.06,0.87,1.15
2025/08/04-14:55,6161.8,6162.4,6159.4,6161.2,1010,6160.62,6155.13,6144.99,6134.94,6135.31,6170.97,6149.32,6161.27,6126.4,6119.6,6110.2,6090.8,0,10.1,9.13,8.33,10,0,0,0,0,           ,0,1,0,0,0,0,0.83,0.91,1.1,1.11,1.21,1.01,1.16,0,10.1,9.13,8.33,10,0,0,0,0,           ,0,1,0,0,0,0,0.83,0.91,1.1,1.11,1.21,1.01,1.16
2025/08/04-15:00,6162,6169,6159.6,6169,2091,6163.02,6157.26,6146.91,6136.33,6136.01,6173,6150.59,6162.42,6126.4,6119.6,6110.2,6090.8,0,20.91,11.27,8.94,10.11,0,0,0,1,           ,0,0,1,1,0,0,0.88,1.11,1.26,1.86,2.34,2.07,2.07,0,20.91,11.27,8.94,10.11,0,0,0,1,           ,0,0,1,1,0,0,0.88,1.11,1.26,1.86,2.34,2.07,2.07
2025/08/05-09:35,6177,6197,6177,6184.4,3433,6169.13,6161.44,6149.91,6138.29,6137,6175.02,6151.87,6163.57,6126.4,6119.6,6110.2,6090.8,0,34.33,15.46,10.18,10.35,0,1,0,1,15.46,0,0,1,1,1,1,0.98,1.49,1.52,2.22,3.37,3.32,1.64,0,34.33,15.46,10.18,10.35,0,1,0,1,15.46,0,0,1,1,1,1,0.98,1.49,1.52,2.22,3.37,3.32,1.64
2025/08/05-09:40,6185.6,6190.8,6177.8,6179,1470,6171.95,6164.14,6152.24,6139.95,6137.87,6177.05,6153.14,6164.72,6126.4,6119.6,6110.2,6090.8,0,14.7,15.32,10.4,10.4,0,0,0,0,15.32,0,1,0,0,0,0,1,1.47,1.47,0.96,1.41,1.41,0.43,0,14.7,15.32,10.4,10.4,0,0,0,0,15.32,0,1,0,0,0,0,1,1.47,1.47,0.96,1.41,1.41,0.43
2025/08/05-09:45,6179.4,6194.8,6178.4,6185.6,1457,6175.85,6167.44,6154.91,6141.81,6138.85,6179.07,6154.41,6165.87,6126.4,6119.6,6110.2,6090.8,0,14.57,15.19,10.6,10.44,0,0,0,0,15.19,0,1,0,0,0,0,1.02,1.45,1.43,0.96,1.37,1.4,0.99,0,14.57,15.19,10.6,10.44,0,0,0,0,15.19,0,1,0,0,0,0,1.02,1.45,1.43,0.96,1.37,1.4,0.99
2025/08/05-09:50,6184,6188,6179.2,6183,1026,6177.89,6169.84,6157.16,6143.5,6139.76,6181.1,6155.68,6167.02,6126.4,6119.6,6110.2,6090.8,0,10.26,14.29,10.58,10.44,0,0,0,0,14.29,1,0,0,0,0,0,1.01,1.37,1.35,0.72,0.97,0.98,0.7,0,10.26,14.29,10.58,10.44,0,0,0,0,14.29,1,0,0,0,0,0,1.01,1.37,1.35,0.72,0.97,0.98,0.7
2025/08/05-09:55,6182.2,6183.2,6174.8,6180.2,955,6178.55,6171.43,6159,6144.99,6140.6,6183.12,6156.96,6168.17,6126.4,6119.6,6110.2,6090.8,0,9.55,13.43,10.53,10.43,0,0,0,0,           ,1,0,0,0,0,0,1.01,1.29,1.27,0.71,0.91,0.92,0.93,0,9.55,13.43,10.53,10.43,0,0,0,0,           ,1,0,0,0,0,0,1.01,1.29,1.27,0.71,0.91,0.92,0.93
2025/08/05-10:00,6180,6182.6,6171.4,6175.6,781,6177.71,6172.07,6160.33,6146.24,6141.32,6185.15,6158.23,6169.32,6126.4,6119.6,6110.2,6090.8,0,7.81,12.41,10.4,10.4,0,0,0,0,           ,1,0,0,0,0,0,1,1.19,1.19,0.63,0.75,0.75,0.82,0,7.81,12.41,10.4,10.4,0,0,0,0,           ,1,0,0,0,0,0,1,1.19,1.19,0.63,0.75,0.75,0.82
2025/08/05-10:05,6176,6183,6171.2,6181.2,760,6178.71,6173.48,6162,6147.67,6142.14,6187.17,6159.5,6170.47,6126.4,6119.6,6110.2,6090.8,0,7.6,11.53,10.26,10.37,0,0,0,0,           ,1,0,0,0,0,0,0.99,1.11,1.12,0.66,0.74,0.73,0.97,0,7.6,11.53,10.26,10.37,0,0,0,0,           ,1,0,0,0,0,0,0.99,1.11,1.12,0.66,0.74,0.73,0.97
2025/08/05-10:10,6182.2,6192.2,6181.4,6189.2,918,6181.7,6175.9,6164.17,6149.36,6143.11,6189.2,6160.77,6171.62,6189.2,6119.6,6110.2,6090.8,0,9.18,11.11,10.21,10.36,0,0,0,0,           ,0,1,0,0,0,0,0.99,1.07,1.09,0.83,0.9,0.89,1.21,0,9.18,11.11,10.21,10.36,0,0,0,0,           ,0,1,0,0,0,0,0.99,1.07,1.09,0.83,0.9,0.89,1.21
2025/08/05-10:15,6189.2,6192.2,6185,6187,519,6183.22,6177.6,6166,6150.9,6144.02,6186.18,6162.04,6172.77,6189.2,6119.6,6110.2,6090.8,0,5.19,10.03,9.97,10.31,0,0,0,0,           ,1,0,0,0,0,0,0.97,0.97,1.01,0.52,0.52,0.5,0.57,0,5.19,10.03,9.97,10.31,0,0,0,0,           ,1,0,0,0,0,0,0.97,0.97,1.01,0.52,0.52,0.5,0.57
2025/08/05-10:20,6185.6,6187,6171.6,6174,810,6180.58,6177.05,6166.64,6151.84,6144.63,6183.15,6163.32,6173.92,6189.2,6119.6,6110.2,6090.8,0,8.1,9.68,9.88,10.29,0,0,0,0,           ,0,1,0,1,0,0,0.96,0.94,0.98,0.84,0.82,0.79,1.56,0,8.1,9.68,9.88,10.29,0,0,0,0,           ,0,1,0,1,0,0,0.96,0.94,0.98,0.84,0.82,0.79,1.56
2025/08/05-10:25,6175,6182.8,6173,6182,566,6180.99,6177.81,6167.87,6153.07,6145.41,6180.13,6164.59,6175.07,6189.2,6119.6,6110.2,6090.8,0,5.66,8.95,9.67,10.24,0,0,0,0,           ,1,0,0,0,0,0,0.94,0.87,0.93,0.63,0.59,0.55,0.7,0,5.66,8.95,9.67,10.24,0,0,0,0,           ,1,0,0,0,0,0,0.94,0.87,0.93,0.63,0.59,0.55,0.7
2025/08/05-10:30,6181.8,6181.8,6170.2,6171.2,563,6178.19,6176.79,6168.14,6153.81,6145.94,6177.1,6165.86,6176.22,6189.2,6119.6,6110.2,6090.8,0,5.63,8.34,9.47,10.2,0,0,0,0,           ,1,0,0,0,0,0,0.93,0.82,0.88,0.67,0.59,0.55,0.99,0,5.63,8.34,9.47,10.2,0,0,0,0,           ,1,0,0,0,0,0,0.93,0.82,0.88,0.67,0.59,0.55,0.99
2025/08/05-10:35,6171.2,6177.4,6166.2,6172,643,6176.42,6176.06,6168.44,6154.56,6146.47,6174.08,6167.13,6177.37,6189.2,6119.6,6110.2,6090.8,0,6.43,8,9.32,10.16,0,0,0,0,           ,0,1,0,0,0,0,0.92,0.79,0.86,0.8,0.69,0.63,1.14,0,6.43,8,9.32,10.16,0,0,0,0,           ,0,1,0,0,0,0,0.92,0.79,0.86,0.8,0.69,0.63,1.14
2025/08/05-10:40,6172.8,6175.8,6168,6168.2,422,6174.07,6174.85,6168.43,6155.11,6146.92,6171.05,6168.41,6178.52,6189.2,6119.6,6110.2,6090.8,0,4.22,7.31,9.08,10.1,0,0,0,0,           ,1,0,0,0,0,0,0.9,0.72,0.81,0.58,0.46,0.42,0.66,0,4.22,7.31,9.08,10.1,0,0,0,0,           ,1,0,0,0,0,0,0.9,0.72,0.81,0.58,0.46,0.42,0.66
2025/08/05-10:45,6168.4,6169.8,6165.2,6167.2,598,6172.11,6173.67,6168.33,6155.61,6147.34,6168.02,6169.68,6179.67,6189.2,6119.6,6110.2,6090.8,0,5.98,7.07,8.92,10.06,0,0,0,0,           ,0,1,0,0,0,0,0.89,0.7,0.79,0.85,0.67,0.59,1.42,0,5.98,7.07,8.92,10.06,0,0,0,0,           ,0,1,0,0,0,0,0.89,0.7,0.79,0.85,0.67,0.59,1.42
2025/08/05-10:50,6166,6170.8,6163.2,6165,663,6170.08,6172.34,6168.06,6155.99,6147.7,6165,6170.95,6180.82,6189.2,6119.6,6165,6090.8,0,6.63,6.99,8.81,10.02,0,0,0,0,           ,0,1,0,0,0,0,0.88,0.7,0.79,0.95,0.75,0.66,1.11,0,6.63,6.99,8.81,10.02,0,0,0,0,           ,0,1,0,0,0,0,0.88,0.7,0.79,0.95,0.75,0.66,1.11
2025/08/05-10:55,6164.4,6168.2,6163.6,6167.6,386,6169.37,6171.61,6168.02,6156.46,6148.11,6166.5,6172.22,6181.98,6189.2,6119.6,6165,6090.8,0,3.86,6.42,8.57,9.96,0,0,0,0,           ,1,0,0,0,0,0,0.86,0.64,0.75,0.6,0.45,0.39,0.58,0,3.86,6.42,8.57,9.96,0,0,0,0,           ,1,0,0,0,0,0,0.86,0.64,0.75,0.6,0.45,0.39,0.58
2025/08/05-11:00,6167.6,6171.8,6166.6,6171,412,6169.84,6171.51,6168.26,6157.06,6148.59,6168,6173.49,6183.13,6189.2,6119.6,6165,6090.8,0,4.12,6,8.35,9.9,0,0,0,0,           ,1,0,0,0,0,0,0.84,0.61,0.72,0.69,0.49,0.42,1.07,0,4.12,6,8.35,9.9,0,0,0,0,           ,1,0,0,0,0,0,0.84,0.61,0.72,0.69,0.49,0.42,1.07
2025/08/05-11:05,6171,6174.2,6168.4,6171.4,405,6170.28,6171.5,6168.51,6157.64,6149.06,6169.5,6174.77,6184.28,6189.2,6119.6,6165,6090.8,0,4.05,5.65,8.14,9.85,0,0,0,0,           ,1,0,0,0,0,0,0.83,0.57,0.69,0.72,0.5,0.41,0.98,0,4.05,5.65,8.14,9.85,0,0,0,0,           ,1,0,0,0,0,0,0.83,0.57,0.69,0.72,0.5,0.41,0.98
2025/08/05-11:10,6170.2,6171,6165.2,6168,492,6169.63,6170.96,6168.47,6158.07,6149.45,6171,6176.04,6185.43,6189.2,6119.6,6165,6090.8,0,4.92,5.51,7.99,9.8,0,0,0,0,           ,0,1,0,0,0,0,0.82,0.56,0.69,0.89,0.62,0.5,1.21,0,4.92,5.51,7.99,9.8,0,0,0,0,           ,0,1,0,0,0,0,0.82,0.56,0.69,0.89,0.62,0.5,1.21
2025/08/05-11:15,6168,6168.6,6160,6165.8,440,6168.54,6170.17,6168.26,6158.38,6149.78,6172.5,6177.31,6186.58,6189.2,6119.6,6165,6090.8,0,4.4,5.31,7.81,9.74,0,0,0,0,           ,0,1,0,0,0,0,0.8,0.55,0.68,0.83,0.56,0.45,0.89,0,4.4,5.31,7.81,9.74,0,0,0,0,           ,0,1,0,0,0,0,0.8,0.55,0.68,0.83,0.56,0.45,0.89
2025/08/05-11:20,6165.6,6169.6,6163.2,6168,396,6168.38,6169.83,6168.24,6158.77,6150.16,6174,6178.58,6187.73,6189.2,6119.6,6165,6090.8,0,3.96,5.07,7.62,9.69,0,0,0,0,           ,1,0,0,0,0,0,0.79,0.52,0.66,0.78,0.52,0.41,0.9,0,3.96,5.07,7.62,9.69,0,0,0,0,           ,1,0,0,0,0,0,0.79,0.52,0.66,0.78,0.52,0.41,0.9
2025/08/05-11:25,6168,6174.8,6168,6173.6,567,6169.87,6170.41,6168.67,6159.38,6150.64,6175.5,6179.86,6188.88,6189.2,6119.6,6165,6090.8,0,5.67,5.18,7.53,9.65,0,0,0,0,           ,0,1,0,0,0,0,0.78,0.54,0.69,1.1,0.75,0.59,1.43,0,5.67,5.18,7.53,9.65,0,0,0,0,           ,0,1,0,0,0,0,0.78,0.54,0.69,1.1,0.75,0.59,1.43
2025/08/05-11:30,6173.4,6173.8,6166,6167,348,6169.05,6169.89,6168.53,6159.69,6150.98,6177,6181.13,6190.03,6189.2,6119.6,6165,6090.8,0,3.48,4.87,7.33,9.59,0,0,0,0,           ,1,0,0,0,0,0,0.76,0.51,0.66,0.71,0.47,0.36,0.61,0,3.48,4.87,7.33,9.59,0,0,0,0,           ,1,0,0,0,0,0,0.76,0.51,0.66,0.71,0.47,0.36,0.61
2025/08/05-13:05,6167.6,6173.2,6165.2,6168.2,487,6168.81,6169.63,6168.51,6160.04,6151.34,6178.5,6182.4,6191.18,6189.2,6119.6,6165,6090.8,0,4.87,4.87,7.21,9.54,0,0,0,0,           ,0,1,0,0,0,0,0.76,0.51,0.68,1,0.68,0.51,1.4,0,4.87,4.87,7.21,9.54,0,0,0,0,           ,0,1,0,0,0,0,0.76,0.51,0.68,1,0.68,0.51,1.4
2025/08/05-13:10,6167.6,6172.8,6163,6169.8,421,6169.09,6169.65,6168.61,6160.44,6151.72,6180,6183.67,6192.33,6189.2,6119.6,6165,6090.8,0,4.21,4.75,7.06,9.49,0,0,0,0,           ,0,1,0,0,0,0,0.74,0.5,0.67,0.89,0.6,0.44,0.86,0,4.21,4.75,7.06,9.49,0,0,0,0,           ,0,1,0,0,0,0,0.74,0.5,0.67,0.89,0.6,0.44,0.86
2025/08/05-13:15,6169.8,6178.4,6169,6177.4,682,6171.47,6170.85,6169.31,6161.13,6152.25,6181.5,6184.94,6193.48,6189.2,6119.6,6165,6090.8,0,6.82,5.13,7.05,9.46,0,0,0,0,           ,0,0,1,1,0,0,0.75,0.54,0.73,1.33,0.97,0.72,1.62,0,6.82,5.13,7.05,9.46,0,0,0,0,           ,0,0,1,1,0,0,0.75,0.54,0.73,1.33,0.97,0.72,1.62
2025/08/05-13:20,6177.8,6182.4,6177,6180.2,979,6173.96,6172.28,6170.18,6161.91,6152.82,6183,6186.22,6194.63,6189.2,6119.6,6165,6090.8,0,9.79,5.97,7.19,9.46,0,0,0,0,           ,0,0,1,0,0,0,0.76,0.63,0.83,1.64,1.36,1.03,1.44,0,9.79,5.97,7.19,9.46,0,0,0,0,           ,0,0,1,0,0,0,0.76,0.63,0.83,1.64,1.36,1.03,1.44
2025/08/05-13:25,6179.2,6183.6,6178.6,6181.2,699,6176.03,6173.66,6171.07,6162.69,6153.41,6184.5,6187.49,6195.78,6189.2,6119.6,6165,6090.8,0,6.99,6.16,7.18,9.44,0,0,0,0,           ,0,1,0,0,0,0,0.76,0.65,0.86,1.14,0.97,0.74,0.71,0,6.99,6.16,7.18,9.44,0,0,0,0,           ,0,1,0,0,0,0,0.76,0.65,0.86,1.14,0.97,0.74,0.71
2025/08/05-13:30,6180.2,6183.2,6174.4,6176.2,525,6176.08,6174.05,6171.48,6163.25,6153.88,6186,6188.76,6196.93,6189.2,6119.6,6165,6090.8,0,5.25,5.99,7.08,9.4,0,0,0,0,           ,0,1,0,0,0,0,0.75,0.64,0.85,0.88,0.74,0.56,0.75,0,5.25,5.99,7.08,9.4,0,0,0,0,           ,0,1,0,0,0,0,0.75,0.64,0.85,0.88,0.74,0.56,0.75
2025/08/05-13:35,6177.2,6178.6,6169.4,6171.6,668,6174.8,6173.67,6171.49,6163.59,6154.24,6187.5,6190.03,6198.08,6189.2,6119.6,6165,6090.8,0,6.68,6.12,7.06,9.37,0,0,0,0,           ,0,1,0,0,0,0,0.75,0.65,0.87,1.09,0.95,0.71,1.27,0,6.68,6.12,7.06,9.37,0,0,0,0,           ,0,1,0,0,0,0,0.75,0.65,0.87,1.09,0.95,0.71,1.27
2025/08/05-13:40,6171,6183,6171,6182.4,400,6176.97,6175.01,6172.36,6164.35,6154.82,6189,6191.31,6199.23,6189.2,6119.6,6165,6090.8,0,4,5.73,6.91,9.32,0,0,0,0,           ,1,0,0,0,0,0,0.74,0.62,0.83,0.7,0.58,0.43,0.6,0,4,5.73,6.91,9.32,0,0,0,0,           ,1,0,0,0,0,0,0.74,0.62,0.83,0.7,0.58,0.43,0.6
2025/08/05-13:45,6183,6189.4,6182.8,6186,759,6179.55,6176.7,6173.45,6165.24,6155.47,6190.5,6192.58,6200.38,6189.2,6119.6,6165,6090.8,0,7.59,6.07,6.95,9.3,0,0,0,0,           ,0,0,1,1,0,0,0.75,0.65,0.87,1.25,1.09,0.82,1.9,0,7.59,6.07,6.95,9.3,0,0,0,0,           ,0,0,1,1,0,0,0.75,0.65,0.87,1.25,1.09,0.82,1.9
2025/08/05-13:50,6186.2,6187.2,6180.6,6181,390,6179.96,6177.37,6174.05,6165.88,6155.99,6192,6193.85,6201.53,6189.2,6119.6,6165,6090.8,0,3.9,5.68,6.8,9.24,0,0,0,0,           ,1,0,0,0,0,0,0.74,0.61,0.83,0.69,0.57,0.42,0.51,0,3.9,5.68,6.8,9.24,0,0,0,0,           ,1,0,0,0,0,0,0.74,0.61,0.83,0.69,0.57,0.42,0.51
2025/08/05-13:55,6180.8,6185,6180.2,6181.8,295,6180.49,6178.05,6174.67,6166.53,6156.52,6193.5,6195.12,6202.68,6189.2,6119.6,6165,6090.8,0,2.95,5.18,6.61,9.18,1,0,0,0,           ,1,0,0,0,0,0,0.72,0.56,0.78,0.57,0.45,0.32,0.76,0,2.95,5.18,6.61,9.18,1,0,0,0,           ,1,0,0,0,0,0,0.72,0.56,0.78,0.57,0.45,0.32,0.76
2025/08/05-14:00,6180.2,6182.4,6174.4,6180.8,438,6180.58,6178.47,6175.16,6167.11,6157.02,6195,6196.39,6203.83,6189.2,6119.6,6165,6090.8,0,4.38,5.03,6.5,9.13,0,0,0,0,           ,0,1,0,0,0,0,0.71,0.55,0.77,0.87,0.67,0.48,1.48,0,4.38,5.03,6.5,9.13,0,0,0,0,           ,0,1,0,0,0,0,0.71,0.55,0.77,0.87,0.67,0.48,1.48
2025/08/05-14:05,6180,6188,6179.6,6186.2,417,6182.18,6179.66,6176.05,6167.89,6157.63,6196.5,6197.67,6204.98,6189.2,6119.6,6165,6090.8,0,4.17,4.88,6.39,9.08,0,0,0,0,           ,0,1,0,0,0,0,0.7,0.54,0.76,0.85,0.65,0.46,0.95,0,4.17,4.88,6.39,9.08,0,0,0,0,           ,0,1,0,0,0,0,0.7,0.54,0.76,0.85,0.65,0.46,0.95
2025/08/05-14:10,6186.6,6193.2,6186.2,6193.2,786,6185.33,6181.74,6177.42,6168.93,6158.36,6198,6198.94,6206.13,6189.2,6119.6,6165,6090.8,0,7.86,5.42,6.46,9.07,0,0,0,0,           ,0,0,1,1,0,0,0.71,0.6,0.84,1.45,1.22,0.87,1.88,0,7.86,5.42,6.46,9.07,0,0,0,0,           ,0,0,1,1,0,0,0.71,0.6,0.84,1.45,1.22,0.87,1.88
2025/08/05-14:15,6193.6,6198.8,6191,6191.6,944,6187.12,6183.26,6178.55,6169.85,6159.05,6199.5,6200.21,6207.28,6189.2,6119.6,6165,6090.8,0,9.44,6.15,6.6,9.08,0,0,0,0,           ,0,0,1,0,0,0,0.73,0.68,0.93,1.53,1.43,1.04,1.2,0,9.44,6.15,6.6,9.08,0,0,0,0,           ,0,0,1,0,0,0,0.73,0.68,0.93,1.53,1.43,1.04,1.2
2025/08/05-14:20,6191.8,6198,6190.4,6193.6,469,6188.97,6184.85,6179.76,6170.82,6159.76,6201,6201.48,6208.43,6189.2,6119.6,6165,6090.8,0,4.69,5.89,6.51,9.03,0,0,0,0,           ,0,1,0,0,0,0,0.72,0.65,0.9,0.8,0.72,0.52,0.5,0,4.69,5.89,6.51,9.03,0,0,0,0,           ,0,1,0,0,0,0,0.72,0.65,0.9,0.8,0.72,0.52,0.5
2025/08/05-14:25,6193.4,6199.2,6192.2,6197.2,642,6191.32,6186.75,6181.15,6171.9,6160.53,6202.5,6202.76,6209.58,6189.2,6119.6,6165,6090.8,0,6.42,5.98,6.51,9.01,0,0,0,0,           ,0,1,0,0,0,0,0.72,0.66,0.92,1.07,0.99,0.71,1.37,0,6.42,5.98,6.51,9.01,0,0,0,0,           ,0,1,0,0,0,0,0.72,0.66,0.92,1.07,0.99,0.71,1.37
2025/08/05-14:30,6197.4,6198.8,6194.6,6195.6,608,6192.55,6188.11,6182.31,6172.86,6161.25,6204,6204.03,6210.73,6189.2,6119.6,6165,6090.8,0,6.08,6,6.49,8.98,0,0,0,0,           ,0,1,0,0,0,0,0.72,0.67,0.93,1.01,0.94,0.68,0.95,0,6.08,6,6.49,8.98,0,0,0,0,           ,0,1,0,0,0,0,0.72,0.67,0.93,1.01,0.94,0.68,0.95
2025/08/05-14:35,6196,6197.2,6190.4,6192.6,513,6192.56,6188.8,6183.13,6173.67,6161.9,6205.5,6205.3,6211.88,6189.2,6119.6,6165,6090.8,0,5.13,5.84,6.42,8.94,0,0,0,0,           ,0,1,0,0,0,0,0.72,0.65,0.91,0.88,0.8,0.57,0.84,0,5.13,5.84,6.42,8.94,0,0,0,0,           ,0,1,0,0,0,0,0.72,0.65,0.91,0.88,0.8,0.57,0.84
2025/08/05-14:40,6192.8,6196.6,6192.2,6193.4,351,6192.8,6189.51,6183.95,6174.48,6162.55,6207,6206.57,6213.03,6189.2,6119.6,6165,6090.8,0,3.51,5.42,6.28,8.88,0,0,0,0,           ,1,0,0,0,0,0,0.71,0.61,0.86,0.65,0.56,0.4,0.68,0,3.51,5.42,6.28,8.88,0,0,0,0,           ,1,0,0,0,0,0,0.71,0.61,0.86,0.65,0.56,0.4,0.68
2025/08/05-14:45,6193,6199,6193,6198.4,393,6194.4,6190.88,6185.11,6175.45,6163.29,6208.5,6207.84,6214.18,6189.2,6119.6,6165,6090.8,0,3.93,5.15,6.16,8.84,0,0,0,0,           ,1,0,0,0,0,0,0.7,0.58,0.84,0.76,0.64,0.44,1.12,0,3.93,5.15,6.16,8.84,0,0,0,0,           ,1,0,0,0,0,0,0.7,0.58,0.84,0.76,0.64,0.44,1.12
2025/08/05-14:50,6198,6200.6,6195.2,6199.6,750,6195.89,6192.22,6186.27,6176.44,6164.04,6210,6209.12,6215.33,6189.2,6119.6,6165,6090.8,0,7.5,5.58,6.23,8.82,0,0,0,0,           ,0,0,1,1,0,0,0.71,0.63,0.9,1.35,1.2,0.85,1.91,0,7.5,5.58,6.23,8.82,0,0,0,0,           ,0,0,1,1,0,0,0.71,0.63,0.9,1.35,1.2,0.85,1.91
2025/08/05-14:55,6199.4,6200.6,6196.6,6199.6,715,6196.95,6193.35,6187.33,6177.38,6164.77,6211.5,6210.39,6216.48,6189.2,6119.6,6165,6090.8,0,7.15,5.86,6.27,8.81,0,0,0,0,           ,0,0,1,0,0,0,0.71,0.67,0.93,1.22,1.14,0.81,0.95,0,7.15,5.86,6.27,8.81,0,0,0,0,           ,0,0,1,0,0,0,0.71,0.67,0.93,1.22,1.14,0.81,0.95
2025/08/05-15:00,6199.8,6203.6,6198,6198.6,1718,6197.42,6194.16,6188.24,6178.25,6165.47,6213,6211.66,6217.63,6189.2,6119.6,6165,6090.8,0,17.18,7.92,6.81,8.89,0,0,0,0,           ,0,0,1,1,0,0,0.77,0.89,1.16,2.17,2.52,1.93,2.4,0,17.18,7.92,6.81,8.89,0,0,0,0,           ,0,0,1,1,0,0,0.77,0.89,1.16,2.17,2.52,1.93,2.4
2025/08/06-09:35,6198,6207.4,6192,6195,2275,6196.73,6194.29,6188.78,6178.93,6166.08,6214.5,6212.93,6218.79,6189.2,6119.6,6165,6090.8,0,22.75,10.62,7.58,9.03,0,0,0,1,           ,0,0,1,0,0,0,0.84,1.18,1.4,2.14,3,2.52,1.32,0,22.75,10.62,7.58,9.03,0,0,0,1,           ,0,0,1,0,0,0,0.84,1.18,1.4,2.14,3,2.52,1.32
2025/08/06-09:40,6195.6,6209,6193.2,6207.8,1169,6199.89,6196.37,6190.3,6180.11,6166.94,6216,6214.21,6219.94,6189.2,6119.6,6165,6090.8,0,11.69,10.81,7.78,9.05,0,0,0,0,           ,0,1,0,0,0,0,0.86,1.19,1.39,1.08,1.5,1.29,0.51,0,11.69,10.81,7.78,9.05,0,0,0,0,           ,0,1,0,0,0,0,0.86,1.19,1.39,1.08,1.5,1.29,0.51
2025/08/06-09:45,6207.2,6216.8,6204,6216.8,1055,6204.72,6199.51,6192.42,6181.61,6167.97,6217.5,6215.48,6221.09,6189.2,6119.6,6165,6090.8,0,10.55,10.76,7.92,9.07,0,0,0,0,           ,0,1,0,0,0,0,0.87,1.19,1.36,0.98,1.33,1.16,0.9,0,10.55,10.76,7.92,9.07,0,0,0,0,           ,0,1,0,0,0,0,0.87,1.19,1.36,0.98,1.33,1.16,0.9
2025/08/06-09:50,6216,6220.4,6208.2,6210.6,1280,6206.4,6201.22,6193.87,6182.79,6168.84,6219,6216.75,6222.24,6189.2,6119.6,6165,6090.8,0,12.8,11.13,8.16,9.11,0,0,0,0,           ,0,1,0,0,0,0,0.9,1.22,1.36,1.15,1.57,1.41,1.21,0,12.8,11.13,8.16,9.11,0,0,0,0,           ,0,1,0,0,0,0,0.9,1.22,1.36,1.15,1.57,1.41,1.21
2025/08/06-09:55,6210.6,6223,6210.6,6214,948,6208.57,6203.18,6195.48,6184.07,6169.78,6220.5,6218.02,6223.39,6189.2,6119.6,6165,6090.8,0,9.48,10.83,8.22,9.11,0,0,0,0,           ,0,1,0,0,0,0,0.9,1.19,1.32,0.88,1.15,1.04,0.74,0,9.48,10.83,8.22,9.11,0,0,0,0,           ,0,1,0,0,0,0,0.9,1.19,1.32,0.88,1.15,1.04,0.74
2025/08/06-10:00,6213.4,6223,6211,6217.8,594,6211.21,6205.43,6197.27,6185.44,6170.77,6222,6219.29,6224.54,6189.2,6119.6,6165,6090.8,0,5.94,9.94,8.11,9.08,0,0,0,0,           ,1,0,0,0,0,0,0.89,1.1,1.23,0.6,0.73,0.65,0.63,0,5.94,9.94,8.11,9.08,0,0,0,0,           ,1,0,0,0,0,0,0.89,1.1,1.23,0.6,0.73,0.65,0.63
2025/08/06-10:05,6217.4,6224,6216.4,6222.6,879,6214.46,6208.07,6199.3,6186.96,6171.83,6223.5,6220.57,6225.69,6189.2,6119.6,6165,6090.8,0,8.79,9.73,8.14,9.07,0,0,0,0,           ,0,1,0,0,0,0,0.9,1.07,1.2,0.9,1.08,0.97,1.48,0,8.79,9.73,8.14,9.07,0,0,0,0,           ,0,1,0,0,0,0,0.9,1.07,1.2,0.9,1.08,0.97,1.48
2025/08/06-10:10,6222.8,6226.8,6218.2,6223.2,740,6216.96,6210.4,6201.21,6188.44,6172.89,6225,6221.84,6226.84,6189.2,6119.6,6165,6090.8,0,7.4,9.31,8.11,9.06,0,0,0,0,           ,0,1,0,0,0,0,0.9,1.03,1.15,0.79,0.91,0.82,0.84,0,7.4,9.31,8.11,9.06,0,0,0,0,           ,0,1,0,0,0,0,0.9,1.03,1.15,0.79,0.91,0.82,0.84
2025/08/06-10:15,6222.8,6228.4,6219.6,6221.4,661,6218.23,6212.09,6202.82,6189.78,6173.89,6226.5,6223.11,6227.99,6189.2,6119.6,6165,6090.8,0,6.61,8.82,8.03,9.03,0,0,0,0,           ,1,0,0,0,0,0,0.89,0.98,1.1,0.75,0.82,0.73,0.89,0,6.61,8.82,8.03,9.03,0,0,0,0,           ,1,0,0,0,0,0,0.89,0.98,1.1,0.75,0.82,0.73,0.89
2025/08/06-10:20,6221,6227.8,6220.6,6220.8,550,6218.96,6213.43,6204.26,6191.05,6174.86,6228,6224.38,6229.14,6189.2,6119.6,6165,6090.8,0,5.5,8.22,7.91,9,0,0,0,0,           ,1,0,0,0,0,0,0.88,0.91,1.04,0.67,0.7,0.61,0.83,0,5.5,8.22,7.91,9,0,0,0,0,           ,1,0,0,0,0,0,0.88,0.91,1.04,0.67,0.7,0.61,0.83
2025/08/06-10:25,6221.2,6226,6215.8,6217.6,460,6218.57,6214.07,6205.33,6192.13,6175.74,6229.5,6225.66,6230.29,6189.2,6119.6,6165,6090.8,0,4.6,7.56,7.75,8.95,0,0,0,0,           ,1,0,0,0,0,0,0.87,0.84,0.98,0.61,0.59,0.51,0.84,0,4.6,7.56,7.75,8.95,0,0,0,0,           ,1,0,0,0,0,0,0.87,0.84,0.98,0.61,0.59,0.51,0.84
2025/08/06-10:30,6217.4,6219.8,6212,6213.4,705,6217.1,6213.97,6205.97,6193,6176.52,6231,6226.93,6231.44,6189.2,6119.6,6165,6090.8,0,7.05,7.47,7.71,8.94,0,0,0,0,           ,0,1,0,1,0,0,0.86,0.84,0.97,0.94,0.91,0.79,1.53,0,7.05,7.47,7.71,8.94,0,0,0,0,           ,0,1,0,1,0,0,0.86,0.84,0.97,0.94,0.91,0.79,1.53
2025/08/06-10:35,6213.4,6218.2,6210,6218.2,746,6217.41,6214.62,6206.95,6194.03,6177.38,6232.5,6228.2,6232.59,6189.2,6119.6,6165,6090.8,0,7.46,7.46,7.7,8.92,0,0,0,0,           ,0,1,0,0,0,0,0.86,0.84,0.97,1,0.97,0.84,1.06,0,7.46,7.46,7.7,8.92,0,0,0,0,           ,0,1,0,0,0,0,0.86,0.84,0.97,1,0.97,0.84,1.06
2025/08/06-10:40,6218.8,6223,6218.4,6221,554,6218.44,6215.6,6208.08,6195.13,6178.28,6234,6229.47,6233.74,6189.2,6119.6,6165,6090.8,0,5.54,7.11,7.6,8.89,0,0,0,0,           ,1,0,0,0,0,0,0.85,0.8,0.94,0.78,0.73,0.62,0.74,0,5.54,7.11,7.6,8.89,0,0,0,0,           ,1,0,0,0,0,0,0.85,0.8,0.94,0.78,0.73,0.62,0.74
2025/08/06-10:45,6221.8,6227.2,6220.6,6226.4,530,6220.71,6217.26,6209.54,6196.41,6179.27,6235.5,6230.74,6234.89,6189.2,6119.6,6165,6090.8,0,5.3,6.78,7.48,8.85,0,0,0,0,           ,1,0,0,0,0,0,0.85,0.77,0.91,0.78,0.71,0.6,0.96,0,5.3,6.78,7.48,8.85,0,0,0,0,           ,1,0,0,0,0,0,0.85,0.77,0.91,0.78,0.71,0.6,0.96
2025/08/06-10:50,6226.2,6232,6224.8,6230.2,649,6223.42,6219.25,6211.19,6197.79,6180.32,6237,6232.02,6236.04,6189.2,6119.6,6165,6090.8,0,6.49,6.73,7.44,8.83,0,0,0,0,           ,0,1,0,0,0,0,0.84,0.76,0.91,0.96,0.87,0.74,1.22,0,6.49,6.73,7.44,8.83,0,0,0,0,           ,0,1,0,0,0,0,0.84,0.76,0.91,0.96,0.87,0.74,1.22
2025/08/06-10:55,6230.4,6239.6,6229.8,6235.6,1141,6226.9,6221.77,6213.15,6199.33,6181.46,6238.5,6233.29,6237.19,6189.2,6119.6,6165,6090.8,0,11.41,7.58,7.63,8.85,0,0,0,0,           ,0,0,1,1,0,0,0.86,0.86,0.99,1.5,1.5,1.29,1.76,0,11.41,7.58,7.63,8.85,0,0,0,0,           ,0,0,1,1,0,0,0.86,0.86,0.99,1.5,1.5,1.29,1.76
2025/08/06-11:00,6235.2,6243,6234.8,6241.2,765,6230.99,6224.76,6215.39,6201.04,6182.69,6240,6234.56,6238.34,6189.2,6119.6,6165,6090.8,0,7.65,7.59,7.63,8.84,0,0,0,0,           ,0,1,0,0,0,0,0.86,0.86,1,1.01,1,0.87,0.67,0,7.65,7.59,7.63,8.84,0,0,0,0,           ,0,1,0,0,0,0,0.86,0.86,1,1.01,1,0.87,0.67
2025/08/06-11:05,6241.6,6245.8,6236.2,6236.2,1018,6232.48,6226.52,6217.06,6202.47,6183.79,6241.5,6235.83,6239.49,6189.2,6119.6,6165,6090.8,0,10.18,8.06,7.76,8.86,0,0,0,0,           ,0,0,1,0,0,0,0.88,0.91,1.04,1.26,1.31,1.15,1.33,0,10.18,8.06,7.76,8.86,0,0,0,0,           ,0,0,1,0,0,0,0.88,0.91,1.04,1.26,1.31,1.15,1.33
2025/08/06-11:10,6236.6,6241.8,6234,6235.6,504,6233.37,6227.92,6218.54,6203.83,6184.86,6243,6237.11,6240.64,6189.2,6119.6,6165,6090.8,0,5.04,7.51,7.62,8.82,0,0,0,0,           ,1,0,0,0,0,0,0.86,0.85,0.99,0.67,0.66,0.57,0.5,0,5.04,7.51,7.62,8.82,0,0,0,0,           ,1,0,0,0,0,0,0.86,0.85,0.99,0.67,0.66,0.57,0.5
2025/08/06-11:15,6235.2,6242.4,6231,6241,573,6235.55,6229.93,6220.34,6205.34,6186.02,6244.5,6238.38,6241.79,6189.2,6119.6,6165,6090.8,0,5.73,7.19,7.53,8.79,0,0,0,0,           ,0,1,0,0,0,0,0.86,0.82,0.95,0.8,0.76,0.65,1.14,0,5.73,7.19,7.53,8.79,0,0,0,0,           ,0,1,0,0,0,0,0.86,0.82,0.95,0.8,0.76,0.65,1.14
2025/08/06-11:20,6241,6242.8,6236.6,6238,431,6236.25,6231.17,6221.75,6206.68,6187.09,6246,6239.65,6242.94,6189.2,6119.6,6165,6090.8,0,4.31,6.67,7.37,8.74,0,0,0,0,           ,1,0,0,0,0,0,0.84,0.76,0.9,0.65,0.58,0.49,0.75,0,4.31,6.67,7.37,8.74,0,0,0,0,           ,1,0,0,0,0,0,0.84,0.76,0.9,0.65,0.58,0.49,0.75
2025/08/06-11:25,6238,6248,6236.4,6243.6,881,6238.35,6233.08,6223.5,6208.18,6188.26,6247.5,6240.92,6244.09,6189.2,6119.6,6165,6090.8,0,8.81,7.06,7.44,8.74,0,0,0,0,           ,0,0,1,1,0,0,0.85,0.81,0.95,1.25,1.18,1.01,2.04,0,8.81,7.06,7.44,8.74,0,0,0,0,           ,0,0,1,1,0,0,0.85,0.81,0.95,1.25,1.18,1.01,2.04
2025/08/06-11:30,6243.8,6254.8,6240.6,6249,933,6241.39,6235.53,6225.54,6209.85,6189.51,6249,6242.19,6245.24,6249,6119.6,6165,6090.8,0,9.33,7.47,7.54,8.75,0,0,0,0,           ,0,0,1,0,0,0,0.86,0.85,0.99,1.25,1.24,1.07,1.06,0,9.33,7.47,7.54,8.75,0,0,0,0,           ,0,0,1,0,0,0,0.86,0.85,0.99,1.25,1.24,1.07,1.06
2025/08/06-13:05,6246.8,6247.6,6234.6,6238.8,1248,6240.65,6236.03,6226.6,6211.03,6190.53,6246.33,6243.47,6246.39,6249,6119.6,6165,6090.8,0,12.48,8.38,7.78,8.79,0,0,0,0,           ,0,0,1,0,0,0,0.89,0.95,1.08,1.49,1.6,1.42,1.34,0,12.48,8.38,7.78,8.79,0,0,0,0,           ,0,0,1,0,0,0,0.89,0.95,1.08,1.49,1.6,1.42,1.34
2025/08/06-13:10,6237.8,6246.2,6232.8,6245.2,688,6241.95,6237.44,6228.09,6212.43,6191.65,6243.67,6244.74,6247.54,6249,6119.6,6165,6090.8,0,6.88,8.11,7.73,8.77,0,0,0,0,           ,0,1,0,0,0,0,0.88,0.92,1.05,0.85,0.89,0.78,0.55,0,6.88,8.11,7.73,8.77,0,0,0,0,           ,0,1,0,0,0,0,0.88,0.92,1.05,0.85,0.89,0.78,0.55
2025/08/06-13:15,6246.2,6248.8,6243,6247.6,341,6243.56,6239.01,6229.65,6213.86,6192.81,6241,6246.01,6248.69,6249,6119.6,6165,6090.8,0,3.41,7.25,7.52,8.71,0,0,0,0,           ,1,0,0,0,0,0,0.86,0.83,0.96,0.47,0.45,0.39,0.5,0,3.41,7.25,7.52,8.71,0,0,0,0,           ,1,0,0,0,0,0,0.86,0.83,0.96,0.47,0.45,0.39,0.5
2025/08/06-13:20,6247.8,6248.8,6243.4,6247,285,6244.55,6240.24,6231.04,6215.21,6193.92,6238.33,6247.28,6249.84,6249,6119.6,6165,6090.8,0,2.85,6.45,7.29,8.66,1,0,0,0,           ,1,0,0,0,0,0,0.84,0.75,0.88,0.44,0.39,0.33,0.84,0,2.85,6.45,7.29,8.66,1,0,0,0,           ,1,0,0,0,0,0,0.84,0.75,0.88,0.44,0.39,0.33,0.84
2025/08/06-13:25,6246.4,6248.2,6240,6240.4,387,6243.36,6240.26,6231.78,6216.24,6194.88,6235.67,6248.56,6250.99,6249,6119.6,6165,6090.8,0,3.87,5.98,7.13,8.61,0,0,0,0,           ,1,0,0,0,0,0,0.83,0.7,0.84,0.65,0.54,0.45,1.36,0,3.87,5.98,7.13,8.61,0,0,0,0,           ,1,0,0,0,0,0,0.83,0.7,0.84,0.65,0.54,0.45,1.36
2025/08/06-13:30,6240.4,6242.2,6232.4,6233,535,6240.4,6239.14,6231.88,6216.93,6195.67,6233,6249.83,6252.14,6249,6119.6,6233,6090.8,0,5.35,5.87,7.04,8.58,0,0,0,0,           ,0,1,0,0,0,0,0.82,0.68,0.83,0.91,0.76,0.62,1.38,0,5.35,5.87,7.04,8.58,0,0,0,0,           ,0,1,0,0,0,0,0.82,0.68,0.83,0.91,0.76,0.62,1.38
2025/08/06-13:35,6232.6,6241.6,6232.4,6239,740,6240,6239.12,6232.45,6217.83,6196.56,6235.16,6251.1,6253.29,6249,6119.6,6233,6090.8,0,7.4,6.15,7.06,8.56,0,0,0,0,           ,0,0,1,0,0,0,0.82,0.72,0.87,1.2,1.05,0.86,1.38,0,7.4,6.15,7.06,8.56,0,0,0,0,           ,0,0,1,0,0,0,0.82,0.72,0.87,1.2,1.05,0.86,1.38
2025/08/06-13:40,6239.2,6241.2,6237.4,6241.2,372,6240.34,6239.44,6233.15,6218.78,6197.48,6237.32,6252.37,6254.44,6249,6119.6,6233,6090.8,0,3.72,5.71,6.9,8.52,0,0,0,0,           ,1,0,0,0,0,0,0.81,0.67,0.83,0.65,0.54,0.44,0.5,0,3.72,5.71,6.9,8.52,0,0,0,0,           ,1,0,0,0,0,0,0.81,0.67,0.83,0.65,0.54,0.44,0.5
2025/08/06-13:45,6241.2,6249,6240,6248.8,521,6242.76,6240.88,6234.4,6220.01,6198.54,6239.47,6253.64,6255.6,6249,6119.6,6233,6090.8,0,5.21,5.62,6.81,8.48,0,0,0,0,           ,0,1,0,0,0,0,0.8,0.66,0.82,0.93,0.76,0.61,1.4,0,5.21,5.62,6.81,8.48,0,0,0,0,           ,0,1,0,0,0,0,0.8,0.66,0.82,0.93,0.76,0.61,1.4
2025/08/06-13:50,6249,6264.2,6246.6,6262.4,1406,6248.37,6244.19,6236.64,6221.74,6199.86,6241.63,6254.92,6256.75,6249,6119.6,6233,6090.8,0,14.06,7.15,7.17,8.54,0,0,0,0,           ,0,0,1,1,0,0,0.84,0.84,1,1.97,1.96,1.65,2.7,0,14.06,7.15,7.17,8.54,0,0,0,0,           ,0,0,1,1,0,0,0.84,0.84,1,1.97,1.96,1.65,2.7
2025/08/06-13:55,6262.2,6268,6259.4,6262.6,1295,6252.44,6247.02,6238.72,6223.4,6201.15,6243.79,6256.19,6257.9,6249,6119.6,6233,6090.8,0,12.95,8.21,7.45,8.58,0,0,0,0,           ,0,0,1,0,0,0,0.87,0.96,1.1,1.58,1.74,1.51,0.92,0,12.95,8.21,7.45,8.58,0,0,0,0,           ,0,0,1,0,0,0,0.87,0.96,1.1,1.58,1.74,1.51,0.92
2025/08/06-14:00,6262.2,6263.6,6257,6258,918,6254.03,6248.71,6240.26,6224.82,6202.32,6245.95,6257.46,6259.05,6249,6119.6,6233,6090.8,0,9.18,8.38,7.53,8.59,0,0,0,0,           ,0,1,0,0,0,0,0.88,0.98,1.11,1.1,1.22,1.07,0.71,0,9.18,8.38,7.53,8.59,0,0,0,0,           ,0,1,0,0,0,0,0.88,0.98,1.11,1.1,1.22,1.07,0.71
2025/08/06-14:05,6258.8,6265,6257.6,6261.4,646,6256.13,6250.66,6241.95,6226.31,6203.54,6248.11,6258.73,6260.2,6249,6119.6,6233,6090.8,0,6.46,8.03,7.48,8.57,0,0,0,0,           ,0,1,0,0,0,0,0.87,0.94,1.07,0.8,0.86,0.75,0.7,0,6.46,8.03,7.48,8.57,0,0,0,0,           ,0,1,0,0,0,0,0.87,0.94,1.07,0.8,0.86,0.75,0.7
2025/08/06-14:10,6262.2,6270.6,6261.4,6265.4,789,6258.78,6252.93,6243.83,6227.9,6204.82,6250.26,6260.01,6261.35,6249,6119.6,6233,6090.8,0,7.89,8.01,7.5,8.56,0,0,0,0,           ,0,1,0,0,0,0,0.88,0.94,1.07,0.99,1.05,0.92,1.22,0,7.89,8.01,7.5,8.56,0,0,0,0,           ,0,1,0,0,0,0,0.88,0.94,1.07,0.99,1.05,0.92,1.22
2025/08/06-14:15,6265,6265.4,6260.2,6260.6,379,6259.3,6254.11,6245.17,6229.24,6205.97,6252.42,6261.28,6262.5,6249,6119.6,6233,6090.8,0,3.79,7.24,7.32,8.51,0,0,0,0,           ,1,0,0,0,0,0,0.86,0.85,0.99,0.52,0.52,0.45,0.48,0,3.79,7.24,7.32,8.51,0,0,0,0,           ,1,0,0,0,0,0,0.86,0.85,0.99,0.52,0.52,0.45,0.48
2025/08/06-14:20,6260.6,6267.8,6257,6264.8,547,6260.87,6255.76,6246.74,6230.69,6207.18,6254.58,6262.55,6263.65,6249,6119.6,6233,6090.8,0,5.47,6.92,7.23,8.48,0,0,0,0,           ,0,1,0,0,0,0,0.85,0.82,0.96,0.79,0.76,0.64,1.44,0,5.47,6.92,7.23,8.48,0,0,0,0,           ,0,1,0,0,0,0,0.85,0.82,0.96,0.79,0.76,0.64,1.44
2025/08/06-14:25,6264.8,6274,6264.6,6273.2,721,6264.39,6258.44,6248.86,6232.43,6208.54,6256.74,6263.82,6264.8,6249,6119.6,6233,6090.8,0,7.21,6.97,7.23,8.47,0,0,0,0,           ,0,1,0,0,0,0,0.85,0.82,0.96,1.03,1,0.85,1.32,0,7.21,6.97,7.23,8.47,0,0,0,0,           ,0,1,0,0,0,0,0.85,0.82,0.96,1.03,1,0.85,1.32
2025/08/06-14:30,6273.2,6273.8,6267.4,6269,700,6265.71,6260.06,6250.47,6233.92,6209.79,6258.89,6265.09,6265.95,6249,6119.6,6233,6090.8,0,7,6.98,7.22,8.45,0,0,0,0,           ,0,1,0,0,0,0,0.85,0.83,0.97,1,0.97,0.83,0.97,0,7,6.98,7.22,8.45,0,0,0,0,           ,0,1,0,0,0,0,0.85,0.83,0.97,1,0.97,0.83,0.97
2025/08/06-14:35,6269,6270.6,6264.8,6268.4,490,6266.48,6261.35,6251.9,6235.33,6211,6261.05,6266.37,6267.1,6249,6119.6,6233,6090.8,0,4.9,6.6,7.1,8.42,0,0,0,0,           ,1,0,0,0,0,0,0.84,0.78,0.93,0.74,0.69,0.58,0.7,0,4.9,6.6,7.1,8.42,0,0,0,0,           ,1,0,0,0,0,0,0.84,0.78,0.93,0.74,0.69,0.58,0.7
2025/08/06-14:40,6268.8,6268.8,6262.8,6266.6,607,6266.51,6262.15,6253.08,6236.6,6212.14,6263.21,6267.64,6268.25,6249,6119.6,6233,6090.8,0,6.07,6.5,7.05,8.4,0,0,0,0,           ,0,1,0,0,0,0,0.84,0.77,0.92,0.93,0.86,0.72,1.24,0,6.07,6.5,7.05,8.4,0,0,0,0,           ,0,1,0,0,0,0,0.84,0.77,0.92,0.93,0.86,0.72,1.24
2025/08/06-14:45,6266.6,6270.4,6264.4,6265.2,689,6266.14,6262.62,6254.05,6237.77,6213.24,6265.37,6268.91,6269.4,6249,6119.6,6233,6090.8,0,6.89,6.57,7.05,8.38,0,0,0,0,           ,0,1,0,0,0,0,0.84,0.78,0.93,1.05,0.98,0.82,1.14,0,6.89,6.57,7.05,8.38,0,0,0,0,           ,0,1,0,0,0,0,0.84,0.78,0.93,1.05,0.98,0.82,1.14
2025/08/06-14:50,6265.6,6272,6264.2,6272,658,6267.81,6264.07,6255.48,6239.17,6214.45,6267.53,6270.18,6270.55,6249,6119.6,6233,6090.8,0,6.58,6.57,7.02,8.36,0,0,0,0,           ,0,1,0,0,0,0,0.84,0.79,0.94,1,0.94,0.79,0.96,0,6.58,6.57,7.02,8.36,0,0,0,0,           ,0,1,0,0,0,0,0.84,0.79,0.94,1,0.94,0.79,0.96
2025/08/06-14:55,6272,6272,6265,6266.8,845,6267.52,6264.49,6256.39,6240.29,6215.53,6269.68,6271.46,6271.7,6249,6119.6,6233,6090.8,0,8.45,6.92,7.09,8.36,0,0,0,0,           ,0,0,1,0,0,0,0.85,0.83,0.98,1.22,1.19,1.01,1.28,0,8.45,6.92,7.09,8.36,0,0,0,0,           ,0,0,1,0,0,0,0.85,0.83,0.98,1.22,1.19,1.01,1.28
2025/08/06-15:00,6265.6,6267.8,6262,6263.2,1412,6266.29,6264.29,6256.94,6241.23,6216.51,6271.84,6272.73,6272.85,6249,6119.6,6233,6090.8,0,14.12,8.23,7.44,8.42,0,0,0,0,           ,0,0,1,1,0,0,0.88,0.98,1.11,1.72,1.9,1.68,1.67,0,14.12,8.23,7.44,8.42,0,0,0,0,           ,0,0,1,1,0,0,0.88,0.98,1.11,1.72,1.9,1.68,1.67
2025/08/07-09:35,6262,6288.4,6262,6274,4068,6268.49,6265.78,6258.3,6242.57,6217.7,6274,6274,6274,6274,6274,6233,6090.8,0,40.68,14.13,9.06,8.74,0,1,0,1,14.13,0,0,1,1,1,1,1.04,1.62,1.56,2.88,4.49,4.65,2.88,0,40.68,14.13,9.06,8.74,0,1,0,1,14.13,0,0,1,1,1,1,1.04,1.62,1.56,2.88,4.49,4.65,2.88
2025/08/07-09:40,6273.4,6276.8,6258,6263.6,2066,6267.09,6265.45,6258.72,6243.43,6218.64,6269.74,6269.74,6269.74,6274,6274,6233,6090.8,0,20.66,15.31,9.62,8.86,0,0,0,1,15.31,0,0,1,0,0,0,1.09,1.73,1.59,1.35,2.15,2.33,0.51,0,20.66,15.31,9.62,8.86,0,0,0,1,15.31,0,0,1,0,0,0,1.09,1.73,1.59,1.35,2.15,2.33,0.51
2025/08/07-09:45,6263.6,6267.2,6253,6257,1542,6264.21,6264.15,6258.59,6243.98,6219.43,6265.49,6265.49,6265.49,6274,6274,6233,6090.8,0,15.42,15.33,9.91,8.93,0,0,0,0,15.33,0,1,0,0,0,0,1.11,1.72,1.55,1.01,1.56,1.73,0.75,0,15.42,15.33,9.91,8.93,0,0,0,0,15.33,0,1,0,0,0,0,1.11,1.72,1.55,1.01,1.56,1.73,0.75
2025/08/07-09:50,6257,6268.2,6252,6266.6,1689,6264.89,6264.52,6259.23,6244.9,6220.41,6261.23,6261.23,6261.23,6274,6274,6233,6090.8,0,16.89,15.62,10.25,9.01,0,0,0,0,15.62,0,1,0,0,0,0,1.14,1.73,1.52,1.08,1.65,1.88,1.1,0,16.89,15.62,10.25,9.01,0,0,0,0,15.62,0,1,0,0,0,0,1.14,1.73,1.52,1.08,1.65,1.88,1.1
2025/08/07-09:55,6266.2,6266.2,6258.6,6259.2,937,6263.27,6263.71,6259.23,6245.49,6221.21,6256.98,6256.98,6256.98,6274,6274,6233,6090.8,0,9.37,14.48,10.2,9.01,0,0,0,0,14.48,1,0,0,0,0,0,1.13,1.61,1.42,0.65,0.92,1.04,0.55,0,9.37,14.48,10.2,9.01,0,0,0,0,14.48,1,0,0,0,0,0,1.13,1.61,1.42,0.65,0.92,1.04,0.55
2025/08/07-10:00,6258.6,6264.2,6257.2,6258.4,562,6261.88,6262.89,6259.16,6246.01,6221.97,6252.72,6252.72,6252.72,6274,6274,6233,6090.8,0,5.62,12.87,9.98,8.98,0,0,0,0,12.87,1,0,0,0,0,0,1.11,1.43,1.29,0.44,0.56,0.63,0.6,0,5.62,12.87,9.98,8.98,0,0,0,0,12.87,1,0,0,0,0,0,1.11,1.43,1.29,0.44,0.56,0.63,0.6
2025/08/07-10:05,6258.6,6259.2,6247.8,6247.8,888,6257.85,6260.57,6258.25,6246.09,6222.51,6248.47,6248.47,6248.47,6274,6274,6233,6090.8,0,8.88,12.14,9.93,8.97,0,0,0,0,12.14,1,0,0,1,0,0,1.11,1.35,1.22,0.73,0.89,0.99,1.58,0,8.88,12.14,9.93,8.97,0,0,0,0,12.14,1,0,0,1,0,0,1.11,1.35,1.22,0.73,0.89,0.99,1.58
2025/08/07-10:10,6247.8,6248.8,6240.6,6243.2,1307,6253.67,6257.9,6257.05,6245.97,6222.93,6244.21,6244.21,6244.21,6274,6274,6233,6090.8,0,13.07,12.31,10.08,9.02,0,0,0,0,12.31,0,1,0,0,0,0,1.12,1.37,1.22,1.06,1.3,1.45,1.47,0,13.07,12.31,10.08,9.02,0,0,0,0,12.31,0,1,0,0,0,0,1.12,1.37,1.22,1.06,1.3,1.45,1.47
2025/08/07-10:15,6244.6,6245.6,6226,6226.2,1771,6245.82,6253.02,6254.58,6245.16,6223,6239.96,6239.96,6239.96,6274,6274,6233,6090.8,0,17.71,13.29,10.45,9.1,0,0,0,0,13.29,0,0,1,0,0,0,1.15,1.46,1.27,1.33,1.69,1.95,1.36,0,17.71,13.29,10.45,9.1,0,0,0,0,13.29,0,0,1,0,0,0,1.15,1.46,1.27,1.33,1.69,1.95,1.36
2025/08/07-10:20,6226.2,6226.8,6215.8,6224.6,2603,6239.76,6248.65,6252.18,6244.32,6223.03,6235.7,6235.7,6235.7,6274,6274,6233,6090.8,0,26.03,15.61,11.21,9.27,0,0,0,1,15.61,0,0,1,0,0,0,1.21,1.68,1.39,1.67,2.32,2.81,1.47,0,26.03,15.61,11.21,9.27,0,0,0,1,15.61,0,0,1,0,0,0,1.21,1.68,1.39,1.67,2.32,2.81,1.47
2025/08/07-10:25,6224.6,6224.6,6212.2,6215.2,2361,6232.74,6243.5,6249.22,6243.13,6222.87,6231.44,6231.44,6231.44,6274,6274,6233,6090.8,0,23.61,17.06,11.82,9.41,0,0,0,1,17.06,0,0,1,0,0,0,1.26,1.81,1.44,1.38,2,2.51,0.91,0,23.61,17.06,11.82,9.41,0,0,0,1,17.06,0,0,1,0,0,0,1.26,1.81,1.44,1.38,2,2.51,0.91
2025/08/07-10:30,6215.8,6218.6,6202,6202.4,2627,6224.07,6237.18,6245.48,6241.47,6222.45,6227.19,6227.19,6227.19,6274,6274,6233,6090.8,0,26.27,18.74,12.52,9.58,0,0,0,1,18.74,0,0,1,0,0,0,1.31,1.96,1.5,1.4,2.1,2.74,1.11,0,26.27,18.74,12.52,9.58,0,0,0,1,18.74,0,0,1,0,0,0,1.31,1.96,1.5,1.4,2.1,2.74,1.11
2025/08/07-10:35,6202.6,6210.8,6201,6209.4,2011,6219.88,6232.91,6242.59,6240.16,6222.18,6222.93,6222.93,6222.93,6274,6274,6233,6090.8,0,20.11,18.99,12.89,9.69,0,0,0,1,18.99,0,1,0,0,0,0,1.33,1.96,1.47,1.06,1.56,2.08,0.77,0,20.11,18.99,12.89,9.69,0,0,0,1,18.99,0,1,0,0,0,0,1.33,1.96,1.47,1.06,1.56,2.08,0.77
2025/08/07-10:40,6209.6,6218,6208.2,6211,1281,6217.34,6229.54,6240.06,6238.97,6221.95,6218.68,6218.68,6218.68,6274,6274,6233,6090.8,0,12.81,17.86,12.89,9.72,0,0,0,0,17.86,1,0,0,0,0,0,1.33,1.84,1.39,0.72,0.99,1.32,0.64,0,12.81,17.86,12.89,9.72,0,0,0,0,17.86,1,0,0,0,0,0,1.33,1.84,1.39,0.72,0.99,1.32,0.64
2025/08/07-10:45,6210.8,6217.8,6209.4,6210.8,1103,6215.47,6226.65,6237.72,6237.82,6221.72,6214.42,6214.42,6214.42,6274,6274,6233,6090.8,0,11.03,16.62,12.8,9.73,0,0,0,0,16.62,1,0,0,0,0,0,1.32,1.71,1.3,0.66,0.86,1.13,0.86,0,11.03,16.62,12.8,9.73,0,0,0,0,16.62,1,0,0,0,0,0,1.32,1.71,1.3,0.66,0.86,1.13,0.86
2025/08/07-10:50,6210.6,6217.2,6207.6,6212.6,994,6214.65,6224.49,6235.71,6236.79,6221.53,6210.17,6210.17,6210.17,6274,6274,6233,6090.8,0,9.94,15.41,12.66,9.73,0,0,0,0,15.41,1,0,0,0,0,0,1.3,1.58,1.22,0.65,0.79,1.02,0.9,0,9.94,15.41,12.66,9.73,0,0,0,0,15.41,1,0,0,0,0,0,1.3,1.58,1.22,0.65,0.79,1.02,0.9
2025/08/07-10:55,6212.8,6216.6,6208.2,6210.4,710,6213.44,6222.32,6233.69,6235.72,6221.3,6205.91,6205.91,6205.91,6274,6274,6233,6090.8,0,7.1,13.9,12.39,9.71,0,0,0,0,13.9,1,0,0,0,0,0,1.28,1.43,1.12,0.51,0.57,0.73,0.71,0,7.1,13.9,12.39,9.71,0,0,0,0,13.9,1,0,0,0,0,0,1.28,1.43,1.12,0.51,0.57,0.73,0.71
2025/08/07-11:00,6210.2,6211.8,6204,6204,667,6210.74,6219.5,6231.31,6234.42,6220.95,6201.66,6201.66,6201.66,6274,6274,6233,6090.8,0,6.67,12.58,12.11,9.68,0,0,0,0,12.58,1,0,0,0,0,0,1.25,1.3,1.04,0.53,0.55,0.69,0.94,0,6.67,12.58,12.11,9.68,0,0,0,0,12.58,1,0,0,0,0,0,1.25,1.3,1.04,0.53,0.55,0.69,0.94
2025/08/07-11:05,6204,6213.6,6196.8,6197.4,835,6206.93,6216.1,6228.6,6232.91,6220.46,6197.4,6197.4,6197.4,6274,6274,6197.4,6197.4,0,8.35,11.81,11.92,9.66,0,0,0,0,           ,1,0,0,0,0,0,1.23,1.22,0.99,0.71,0.7,0.86,1.25,0,8.35,11.81,11.92,9.66,0,0,0,0,           ,1,0,0,0,0,0,1.23,1.22,0.99,0.71,0.7,0.86,1.25
2025/08/07-11:10,6197.8,6210,6195.2,6208.8,1240,6207.46,6214.98,6227.02,6231.93,6220.22,6204.1,6204.1,6204.1,6274,6274,6197.4,6197.4,0,12.4,11.92,11.95,9.69,0,0,0,0,           ,0,1,0,0,0,0,1.23,1.23,1,1.04,1.04,1.28,1.49,0,12.4,11.92,11.95,9.69,0,0,0,0,           ,0,1,0,0,0,0,1.23,1.23,1,1.04,1.04,1.28,1.49
2025/08/07-11:15,6208.8,6214.2,6203.8,6212.8,622,6208.99,6214.64,6225.88,6231.15,6220.07,6210.8,6210.8,6210.8,6274,6274,6197.4,6197.4,0,6.22,10.88,11.67,9.65,0,0,0,0,           ,1,0,0,0,0,0,1.21,1.13,0.93,0.57,0.53,0.64,0.5,0,6.22,10.88,11.67,9.65,0,0,0,0,           ,1,0,0,0,0,0,1.21,1.13,0.93,0.57,0.53,0.64,0.5
2025/08/07-11:20,6212.8,6222.2,6210.4,6221.2,858,6212.48,6215.65,6225.5,6230.74,6220.09,6217.5,6217.5,6217.5,6274,6274,6197.4,6197.4,0,8.58,10.46,11.52,9.64,0,0,0,0,           ,0,1,0,0,0,0,1.19,1.09,0.91,0.82,0.74,0.89,1.38,0,8.58,10.46,11.52,9.64,0,0,0,0,           ,0,1,0,0,0,0,1.19,1.09,0.91,0.82,0.74,0.89,1.38
2025/08/07-11:25,6221.4,6233,6221.4,6232.8,1074,6218.28,6218.29,6226.09,6230.82,6220.35,6224.2,6224.2,6224.2,6274,6274,6197.4,6197.4,0,10.74,10.51,11.48,9.65,0,0,0,0,           ,0,1,0,0,0,0,1.19,1.09,0.92,1.02,0.94,1.11,1.25,0,10.74,10.51,11.48,9.65,0,0,0,0,           ,0,1,0,0,0,0,1.19,1.09,0.92,1.02,0.94,1.11,1.25
2025/08/07-11:30,6233.4,6235,6228.8,6234.6,1065,6222.95,6220.8,6226.77,6230.98,6220.65,6230.9,6230.9,6230.9,6274,6274,6197.4,6197.4,0,10.65,10.54,11.44,9.66,0,0,0,0,           ,0,1,0,0,0,0,1.18,1.09,0.92,1.01,0.93,1.1,0.99,0,10.65,10.54,11.44,9.66,0,0,0,0,           ,0,1,0,0,0,0,1.18,1.09,0.92,1.01,0.93,1.1,0.99
2025/08/07-13:05,6236,6240,6231.6,6237.6,1038,6227.13,6223.38,6227.64,6231.25,6221,6237.6,6237.6,6237.6,6237.6,6237.6,6197.4,6197.4,0,10.38,10.51,11.39,9.67,0,0,0,0,           ,0,1,0,0,0,0,1.18,1.09,0.92,0.99,0.91,1.07,0.97,0,10.38,10.51,11.39,9.67,0,0,0,0,           ,0,1,0,0,0,0,1.18,1.09,0.92,0.99,0.91,1.07,0.97
2025/08/07-13:10,6238.2,6240.8,6231.8,6231.8,623,6228.47,6224.68,6227.97,6231.27,6221.22,6233.88,6236.24,6236.24,6237.6,6237.6,6197.4,6197.4,0,6.23,9.73,11.14,9.64,0,0,0,0,           ,1,0,0,0,0,0,1.16,1.01,0.87,0.64,0.56,0.65,0.6,0,6.23,9.73,11.14,9.64,0,0,0,0,           ,1,0,0,0,0,0,1.16,1.01,0.87,0.64,0.56,0.65,0.6
2025/08/07-13:15,6231.8,6232.8,6222.4,6223.8,664,6227.13,6224.54,6227.64,6230.97,6221.27,6230.16,6234.89,6234.89,6237.6,6237.6,6197.4,6197.4,0,6.64,9.17,10.92,9.61,0,0,0,0,           ,1,0,0,0,0,0,1.14,0.95,0.84,0.72,0.61,0.69,1.07,0,6.64,9.17,10.92,9.61,0,0,0,0,           ,1,0,0,0,0,0,1.14,0.95,0.84,0.72,0.61,0.69,1.07
2025/08/07-13:20,6224,6227.8,6219.4,6225.2,588,6226.58,6224.65,6227.44,6230.73,6221.35,6226.44,6233.53,6233.53,6237.6,6237.6,6197.4,6197.4,0,5.88,8.57,10.67,9.57,0,0,0,0,           ,1,0,0,0,0,0,1.11,0.9,0.8,0.69,0.55,0.61,0.89,0,5.88,8.57,10.67,9.57,0,0,0,0,           ,1,0,0,0,0,0,1.11,0.9,0.8,0.69,0.55,0.61,0.89
2025/08/07-13:25,6225.4,6231.4,6224.2,6227.8,381,6226.93,6225.13,6227.47,6230.61,6221.49,6222.72,6232.17,6232.17,6237.6,6237.6,6197.4,6197.4,0,3.81,7.71,10.34,9.51,0,0,0,0,           ,1,0,0,0,0,0,1.09,0.81,0.75,0.49,0.37,0.4,0.65,0,3.81,7.71,10.34,9.51,0,0,0,0,           ,1,0,0,0,0,0,1.09,0.81,0.75,0.49,0.37,0.4,0.65
2025/08/07-13:30,6227.2,6227.2,6219,6219,422,6224.66,6224.19,6226.79,6230.14,6221.44,6219,6230.81,6230.81,6237.6,6237.6,6219,6197.4,0,4.22,7.07,10.04,9.46,0,0,0,0,           ,1,0,0,0,0,0,1.06,0.75,0.7,0.6,0.42,0.45,1.11,0,4.22,7.07,10.04,9.46,0,0,0,0,           ,1,0,0,0,0,0,1.06,0.75,0.7,0.6,0.42,0.45,1.11
2025/08/07-13:35,6219,6228.6,6219,6227.2,512,6225.39,6224.65,6226.82,6230.02,6221.55,6221.54,6229.46,6229.46,6237.6,6237.6,6219,6197.4,0,5.12,6.72,9.8,9.42,0,0,0,0,           ,1,0,0,0,0,0,1.04,0.71,0.69,0.76,0.52,0.54,1.21,0,5.12,6.72,9.8,9.42,0,0,0,0,           ,1,0,0,0,0,0,1.04,0.71,0.69,0.76,0.52,0.54,1.21
2025/08/07-13:40,6227.2,6229.8,6221.2,6227.4,385,6225.96,6225.07,6226.87,6229.91,6221.67,6224.09,6228.1,6228.1,6237.6,6237.6,6219,6197.4,0,3.85,6.2,9.51,9.36,0,0,0,0,           ,1,0,0,0,0,0,1.02,0.66,0.65,0.62,0.4,0.41,0.75,0,3.85,6.2,9.51,9.36,0,0,0,0,           ,1,0,0,0,0,0,1.02,0.66,0.65,0.62,0.4,0.41,0.75
2025/08/07-13:45,6228,6230.6,6222.6,6230.6,379,6227.29,6225.92,6227.17,6229.94,6221.86,6226.63,6226.74,6226.74,6237.6,6237.6,6219,6197.4,0,3.79,5.76,9.23,9.31,0,0,0,0,           ,1,0,0,0,0,0,0.99,0.62,0.62,0.66,0.41,0.41,0.98,0,3.79,5.76,9.23,9.31,0,0,0,0,           ,1,0,0,0,0,0,0.99,0.62,0.62,0.66,0.41,0.41,0.98
2025/08/07-13:50,6230.8,6231.2,6225.6,6227,284,6227.21,6226.09,6227.15,6229.82,6221.96,6229.17,6225.39,6225.39,6237.6,6237.6,6219,6197.4,0,2.84,5.23,8.92,9.24,1,0,0,0,           ,1,0,0,0,0,0,0.96,0.57,0.59,0.54,0.32,0.31,0.75,0,2.84,5.23,8.92,9.24,1,0,0,0,           ,1,0,0,0,0,0,0.96,0.57,0.59,0.54,0.32,0.31,0.75
2025/08/07-13:55,6226.6,6227.6,6221.6,6224.8,348,6226.52,6225.89,6226.97,6229.61,6222.02,6231.71,6224.03,6224.03,6237.6,6237.6,6219,6197.4,0,3.48,4.91,8.65,9.19,0,0,0,0,           ,1,0,0,0,0,0,0.94,0.53,0.57,0.71,0.4,0.38,1.23,0,3.48,4.91,8.65,9.19,0,0,0,0,           ,1,0,0,0,0,0,0.94,0.53,0.57,0.71,0.4,0.38,1.23
2025/08/07-14:00,6224,6229.6,6221.8,6228.2,251,6227,6226.25,6227.06,6229.56,6222.15,6234.26,6222.67,6222.67,6237.6,6237.6,6219,6197.4,0,2.51,4.47,8.35,9.12,1,0,0,0,           ,1,0,0,0,0,0,0.92,0.49,0.54,0.56,0.3,0.28,0.72,0,2.51,4.47,8.35,9.12,1,0,0,0,           ,1,0,0,0,0,0,0.92,0.49,0.54,0.56,0.3,0.28,0.72
2025/08/07-14:05,6228,6238,6225.8,6236.8,618,6229.8,6227.87,6227.84,6229.85,6222.45,6236.8,6221.31,6221.31,6236.8,6237.6,6219,6197.4,0,6.18,4.78,8.25,9.09,0,0,0,0,           ,0,0,1,1,0,0,0.91,0.53,0.58,1.29,0.75,0.68,2.46,0,6.18,4.78,8.25,9.09,0,0,0,0,           ,0,0,1,1,0,0,0.91,0.53,0.58,1.29,0.75,0.68,2.46
2025/08/07-14:10,6236.2,6237.2,6225.8,6226,581,6228.71,6227.58,6227.7,6229.69,6222.53,6234.47,6219.96,6219.96,6236.8,6237.6,6219,6197.4,0,5.81,4.97,8.13,9.06,0,0,0,0,           ,0,1,0,0,0,0,0.9,0.55,0.61,1.17,0.71,0.64,0.94,0,5.81,4.97,8.13,9.06,0,0,0,0,           ,0,1,0,0,0,0,0.9,0.55,0.61,1.17,0.71,0.64,0.94
2025/08/07-14:15,6226.8,6232,6222.8,6224.8,449,6227.6,6227.15,6227.46,6229.49,6222.57,6232.15,6218.6,6218.6,6236.8,6237.6,6219,6197.4,0,4.49,4.88,7.95,9.01,0,0,0,0,           ,0,1,0,0,0,0,0.88,0.54,0.61,0.92,0.56,0.5,0.77,0,4.49,4.88,7.95,9.01,0,0,0,0,           ,0,1,0,0,0,0,0.88,0.54,0.61,0.92,0.56,0.5,0.77
2025/08/07-14:20,6224.8,6224.8,6213,6223.8,1140,6226.51,6226.64,6227.17,6229.26,6222.6,6229.82,6217.24,6217.24,6236.8,6237.6,6219,6197.4,0,11.4,6.07,8.12,9.04,0,0,0,0,           ,0,0,1,1,0,0,0.9,0.67,0.75,1.88,1.4,1.26,2.54,0,11.4,6.07,8.12,9.04,0,0,0,0,           ,0,0,1,1,0,0,0.9,0.67,0.75,1.88,1.4,1.26,2.54
2025/08/07-14:25,6223.8,6229.2,6222.8,6226.4,459,6226.48,6226.6,6227.11,6229.15,6222.68,6227.5,6215.89,6215.89,6236.8,6237.6,6219,6197.4,0,4.59,5.8,7.95,8.99,0,0,0,0,           ,0,1,0,0,0,0,0.88,0.65,0.73,0.79,0.58,0.51,0.4,0,4.59,5.8,7.95,8.99,0,0,0,0,           ,0,1,0,0,0,0,0.88,0.65,0.73,0.79,0.58,0.51,0.4
2025/08/07-14:30,6226.2,6226.6,6221,6222.6,376,6225.37,6225.99,6226.75,6228.88,6222.68,6225.17,6214.53,6214.53,6236.8,6237.6,6219,6197.4,0,3.76,5.43,7.74,8.94,0,0,0,0,           ,1,0,0,0,0,0,0.87,0.61,0.7,0.69,0.49,0.42,0.82,0,3.76,5.43,7.74,8.94,0,0,0,0,           ,1,0,0,0,0,0,0.87,0.61,0.7,0.69,0.49,0.42,0.82
2025/08/07-14:35,6221.4,6233.2,6220.2,6232.6,488,6227.44,6227,6227.22,6229.03,6222.88,6222.85,6213.17,6213.17,6236.8,6237.6,6219,6197.4,0,4.88,5.33,7.6,8.9,0,0,0,0,           ,0,1,0,0,0,0,0.85,0.6,0.7,0.92,0.64,0.55,1.3,0,4.88,5.33,7.6,8.9,0,0,0,0,           ,0,1,0,0,0,0,0.85,0.6,0.7,0.92,0.64,0.55,1.3
2025/08/07-14:40,6232,6232,6227,6228,393,6227.6,6227.16,6227.28,6228.99,6222.99,6220.52,6211.81,6211.81,6236.8,6237.6,6219,6197.4,0,3.93,5.07,7.42,8.85,0,0,0,0,           ,1,0,0,0,0,0,0.84,0.57,0.68,0.77,0.53,0.44,0.81,0,3.93,5.07,7.42,8.85,0,0,0,0,           ,1,0,0,0,0,0,0.84,0.57,0.68,0.77,0.53,0.44,0.81
2025/08/07-14:45,6228.8,6229.8,6226.4,6227.8,416,6227.66,6227.26,6227.32,6228.94,6223.08,6218.2,6210.46,6210.46,6236.8,6237.6,6219,6197.4,0,4.16,4.91,7.26,8.8,0,0,0,0,           ,0,1,0,0,0,0,0.83,0.56,0.68,0.85,0.57,0.47,1.06,0,4.16,4.91,7.26,8.8,0,0,0,0,           ,0,1,0,0,0,0,0.83,0.56,0.68,0.85,0.57,0.47,1.06
2025/08/07-14:50,6227.8,6232.6,6227.6,6229.6,663,6228.21,6227.62,6227.5,6228.97,6223.22,6215.88,6209.1,6209.1,6236.8,6237.6,6219,6197.4,0,6.63,5.22,7.23,8.78,0,0,0,0,           ,0,0,1,1,0,0,0.82,0.59,0.72,1.27,0.92,0.76,1.59,0,6.63,5.22,7.23,8.78,0,0,0,0,           ,0,0,1,1,0,0,0.82,0.59,0.72,1.27,0.92,0.76,1.59
2025/08/07-14:55,6229.8,6230.6,6224.4,6226.4,741,6227.69,6227.43,6227.42,6228.86,6223.28,6213.55,6207.74,6207.74,6236.8,6237.6,6219,6197.4,0,7.41,5.62,7.24,8.77,0,0,0,0,           ,0,0,1,0,0,0,0.83,0.64,0.78,1.32,1.02,0.85,1.12,0,7.41,5.62,7.24,8.77,0,0,0,0,           ,0,0,1,0,0,0,0.83,0.64,0.78,1.32,1.02,0.85,1.12
2025/08/07-15:00,6226.4,6228,6223,6226.4,1424,6227.32,6227.27,6227.33,6228.76,6223.35,6211.23,6206.39,6206.39,6236.8,6237.6,6219,6197.4,0,14.24,7.19,7.58,8.82,0,0,0,0,           ,0,0,1,1,0,0,0.86,0.81,0.95,1.98,1.88,1.61,1.92,0,14.24,7.19,7.58,8.82,0,0,0,0,           ,0,0,1,1,0,0,0.86,0.81,0.95,1.98,1.88,1.61,1.92
2025/08/08-09:35,6219,6225.6,6212.6,6215,2526,6223.8,6225.38,6226.35,6228.2,6223.18,6208.9,6205.03,6205.03,6236.8,6237.6,6219,6197.4,0,25.26,10.47,8.45,8.99,0,0,0,1,           ,0,0,1,1,0,0,0.94,1.17,1.24,2.41,2.99,2.81,1.77,0,25.26,10.47,8.45,8.99,0,0,0,1,           ,0,0,1,1,0,0,0.94,1.17,1.24,2.41,2.99,2.81,1.77
2025/08/08-09:40,6214.4,6225,6213.2,6215.4,1277,6221.4,6223.85,6225.47,6227.68,6223.02,6206.58,6203.67,6203.67,6236.8,6237.6,6219,6197.4,0,12.77,10.89,8.66,9.02,0,0,0,0,           ,0,1,0,0,0,0,0.96,1.21,1.26,1.17,1.48,1.42,0.51,0,12.77,10.89,8.66,9.02,0,0,0,0,           ,0,1,0,0,0,0,0.96,1.21,1.26,1.17,1.48,1.42,0.51
2025/08/08-09:45,6215.2,6218.8,6208,6210.2,1006,6218.2,6221.75,6224.25,6226.96,6222.75,6204.25,6202.31,6202.31,6236.8,6237.6,6219,6197.4,0,10.06,10.74,8.72,9.03,0,0,0,0,           ,0,1,0,0,0,0,0.97,1.19,1.23,0.94,1.15,1.11,0.79,0,10.06,10.74,8.72,9.03,0,0,0,0,           ,0,1,0,0,0,0,0.97,1.19,1.23,0.94,1.15,1.11,0.79
2025/08/08-09:50,6211,6212.6,6200.8,6206.6,1466,6214.89,6219.42,6222.84,6226.13,6222.42,6201.93,6200.96,6200.96,6236.8,6237.6,6219,6197.4,0,14.66,11.45,9.01,9.09,0,0,0,0,           ,0,0,1,0,0,0,0.99,1.26,1.27,1.28,1.63,1.61,1.46,0,14.66,11.45,9.01,9.09,0,0,0,0,           ,0,0,1,0,0,0,0.99,1.26,1.27,1.28,1.63,1.61,1.46
2025/08/08-09:55,6206.6,6211.6,6197,6199.6,1140,6210.52,6216.37,6220.98,6225.05,6221.95,6199.6,6199.6,6199.6,6236.8,6237.6,6199.6,6199.6,0,11.4,11.44,9.13,9.11,0,0,0,0,           ,0,1,0,0,0,0,1,1.26,1.25,1,1.25,1.25,0.78,0,11.4,11.44,9.13,9.11,0,0,0,0,           ,0,1,0,0,0,0,1,1.26,1.25,1,1.25,1.25,0.78
2025/08/08-10:00,6199.2,6207.6,6198,6201.6,795,6207.97,6214.1,6219.43,6224.09,6221.53,6203.29,6203.29,6201.59,6236.8,6237.6,6199.6,6199.6,0,7.95,10.81,9.07,9.1,0,0,0,0,           ,1,0,0,0,0,0,1,1.19,1.19,0.74,0.88,0.87,0.7,0,7.95,10.81,9.07,9.1,0,0,0,0,           ,1,0,0,0,0,0,1,1.19,1.19,0.74,0.88,0.87,0.7
2025/08/08-10:05,6200.8,6203.6,6196,6202.6,946,6206.44,6212.33,6218.08,6223.22,6221.14,6206.98,6206.98,6203.58,6236.8,6237.6,6199.6,6199.6,0,9.46,10.56,9.09,9.1,0,0,0,0,           ,0,1,0,0,0,0,1,1.16,1.16,0.9,1.04,1.04,1.19,0,9.46,10.56,9.09,9.1,0,0,0,0,           ,0,1,0,0,0,0,1,1.16,1.16,0.9,1.04,1.04,1.19
2025/08/08-10:10,6202.6,6212.8,6202.6,6208.8,862,6207.11,6211.78,6217.34,6222.63,6220.88,6210.68,6210.68,6205.57,6236.8,6237.6,6199.6,6199.6,0,8.62,10.21,9.07,9.1,0,0,0,0,           ,0,1,0,0,0,0,1,1.12,1.13,0.84,0.95,0.95,0.91,0,8.62,10.21,9.07,9.1,0,0,0,0,           ,0,1,0,0,0,0,1,1.12,1.13,0.84,0.95,0.95,0.91
2025/08/08-10:15,6209.4,6212.2,6200.2,6211.2,873,6208.28,6211.69,6216.85,6222.16,6220.68,6214.37,6214.37,6207.57,6236.8,6237.6,6199.6,6199.6,0,8.73,9.94,9.05,9.1,0,0,0,0,           ,0,1,0,0,0,0,1,1.09,1.1,0.88,0.96,0.96,1.01,0,8.73,9.94,9.05,9.1,0,0,0,0,           ,0,1,0,0,0,0,1,1.09,1.1,0.88,0.96,0.96,1.01
2025/08/08-10:20,6211.6,6223,6211.4,6219.8,1196,6211.57,6212.94,6217.08,6222.06,6220.67,6218.06,6218.06,6209.56,6236.8,6237.6,6199.6,6199.6,0,11.96,10.31,9.19,9.12,0,0,0,0,           ,0,1,0,0,0,0,1.01,1.13,1.12,1.16,1.3,1.31,1.37,0,11.96,10.31,9.19,9.12,0,0,0,0,           ,0,1,0,0,0,0,1.01,1.13,1.12,1.16,1.3,1.31,1.37
2025/08/08-10:25,6219.8,6225,6217,6219,662,6213.69,6213.87,6217.24,6221.94,6220.63,6221.75,6221.75,6211.55,6236.8,6237.6,6199.6,6199.6,0,6.62,9.64,9.07,9.1,0,0,0,0,           ,1,0,0,0,0,0,1,1.06,1.06,0.69,0.73,0.73,0.55,0,6.62,9.64,9.07,9.1,0,0,0,0,           ,1,0,0,0,0,0,1,1.06,1.06,0.69,0.73,0.73,0.55
2025/08/08-10:30,6219,6220.6,6214.8,6219.2,461,6215.27,6214.69,6217.4,6221.83,6220.6,6225.45,6225.45,6213.54,6236.8,6237.6,6199.6,6199.6,0,4.61,8.72,8.85,9.05,0,0,0,0,           ,1,0,0,0,0,0,0.98,0.96,0.99,0.53,0.52,0.51,0.7,0,4.61,8.72,8.85,9.05,0,0,0,0,           ,1,0,0,0,0,0,0.98,0.96,0.99,0.53,0.52,0.51,0.7
2025/08/08-10:35,6219.2,6224.6,6218.2,6223.8,446,6217.71,6216.09,6217.91,6221.91,6220.67,6229.14,6229.14,6215.53,6236.8,6237.6,6199.6,6199.6,0,4.46,7.95,8.64,9.01,0,0,0,0,           ,1,0,0,0,0,0,0.96,0.88,0.92,0.56,0.52,0.5,0.97,0,4.46,7.95,8.64,9.01,0,0,0,0,           ,1,0,0,0,0,0,0.96,0.88,0.92,0.56,0.52,0.5,0.97
2025/08/08-10:40,6224,6239.6,6223.6,6236.6,1094,6223.1,6219.25,6219.4,6222.51,6221,6232.83,6232.83,6217.52,6236.8,6237.6,6199.6,6199.6,0,10.94,8.49,8.75,9.03,0,0,0,0,           ,0,0,1,1,0,0,0.97,0.94,0.97,1.29,1.25,1.21,2.45,0,10.94,8.49,8.75,9.03,0,0,0,0,           ,0,0,1,1,0,0,0.97,0.94,0.97,1.29,1.25,1.21,2.45
2025/08/08-10:45,6236.2,6239,6233.4,6235,763,6226.5,6221.67,6220.65,6223.02,6221.29,6236.52,6236.52,6219.51,6236.8,6237.6,6199.6,6199.6,0,7.63,8.34,8.69,9.01,0,0,0,0,           ,0,1,0,0,0,0,0.96,0.92,0.96,0.92,0.88,0.85,0.7,0,7.63,8.34,8.69,9.01,0,0,0,0,           ,0,1,0,0,0,0,0.96,0.92,0.96,0.92,0.88,0.85,0.7
2025/08/08-10:50,6235,6248.2,6235,6244.8,1235,6231.73,6225.23,6222.58,6223.91,6221.77,6240.22,6240.22,6221.5,6236.8,6237.6,6199.6,6199.6,0,12.35,9.07,8.87,9.05,0,0,0,0,           ,0,0,1,1,0,0,0.98,1,1.02,1.36,1.39,1.37,1.62,0,12.35,9.07,8.87,9.05,0,0,0,0,           ,0,0,1,1,0,0,0.98,1,1.02,1.36,1.39,1.37,1.62
2025/08/08-10:55,6245,6247.6,6240.4,6246,762,6235.81,6228.43,6224.46,6224.81,6222.27,6243.91,6243.91,6223.5,6236.8,6237.6,6199.6,6199.6,0,7.62,8.8,8.81,9.03,0,0,0,0,           ,0,1,0,0,0,0,0.98,0.97,1,0.87,0.86,0.84,0.62,0,7.62,8.8,8.81,9.03,0,0,0,0,           ,0,1,0,0,0,0,0.98,0.97,1,0.87,0.86,0.84,0.62
2025/08/08-11:00,6246,6250.8,6246,6247.6,1021,6239.18,6231.38,6226.31,6225.74,6222.79,6247.6,6247.6,6225.49,6247.6,6247.6,6199.6,6199.6,0,10.21,9.06,8.88,9.04,0,0,0,0,           ,0,1,0,0,0,0,0.98,1,1.02,1.13,1.15,1.13,1.34,0,10.21,9.06,8.88,9.04,0,0,0,0,           ,0,1,0,0,0,0,0.98,1,1.02,1.13,1.15,1.13,1.34
2025/08/08-11:05,6247,6248.2,6237.2,6238.2,1016,6238.9,6232.43,6227.26,6226.25,6223.11,6244.85,6244.85,6227.48,6247.6,6247.6,6199.6,6199.6,0,10.16,9.26,8.94,9.06,0,0,0,0,           ,0,1,0,0,0,0,0.99,1.02,1.04,1.1,1.14,1.12,1,0,10.16,9.26,8.94,9.06,0,0,0,0,           ,0,1,0,0,0,0,0.99,1.02,1.04,1.1,1.14,1.12,1
2025/08/08-11:10,6238,6242.4,6236,6237.4,593,6238.47,6233.19,6228.07,6226.7,6223.41,6242.1,6242.1,6229.47,6247.6,6247.6,6199.6,6199.6,0,5.93,8.65,8.8,9.02,0,0,0,0,           ,1,0,0,0,0,0,0.97,0.96,0.98,0.69,0.67,0.66,0.58,0,5.93,8.65,8.8,9.02,0,0,0,0,           ,1,0,0,0,0,0,0.97,0.96,0.98,0.69,0.67,0.66,0.58
2025/08/08-11:15,6237.6,6238.8,6231.2,6231.4,499,6236.45,6232.92,6228.34,6226.89,6223.57,6239.35,6239.35,6231.46,6247.6,6247.6,6199.6,6199.6,0,4.99,7.99,8.61,8.98,0,0,0,0,           ,1,0,0,0,0,0,0.96,0.89,0.93,0.62,0.58,0.56,0.84,0,4.99,7.99,8.61,8.98,0,0,0,0,           ,1,0,0,0,0,0,0.96,0.89,0.93,0.62,0.58,0.56,0.84
2025/08/08-11:20,6231.2,6237.8,6227.8,6236.4,654,6236.44,6233.45,6228.98,6227.28,6223.83,6236.6,6236.6,6233.45,6247.6,6247.6,6199.6,6199.6,0,6.54,7.72,8.51,8.96,0,0,0,0,           ,0,1,0,0,0,0,0.95,0.86,0.91,0.85,0.77,0.73,1.31,0,6.54,7.72,8.51,8.96,0,0,0,0,           ,0,1,0,0,0,0,0.95,0.86,0.91,0.85,0.77,0.73,1.31
2025/08/08-11:25,6236.4,6243.2,6236.4,6243.2,494,6238.37,6234.95,6230.12,6227.93,6224.23,6233.85,6233.85,6235.44,6247.6,6247.6,6199.6,6199.6,0,4.94,7.22,8.33,8.92,0,0,0,0,           ,1,0,0,0,0,0,0.93,0.81,0.87,0.68,0.59,0.55,0.76,0,4.94,7.22,8.33,8.92,0,0,0,0,           ,1,0,0,0,0,0,0.93,0.81,0.87,0.68,0.59,0.55,0.76
2025/08/08-11:30,6243.4,6246,6239.4,6241.6,381,6239.29,6235.97,6231.04,6228.49,6224.59,6231.1,6231.1,6237.44,6247.6,6247.6,6199.6,6199.6,0,3.81,6.6,8.11,8.87,0,0,0,0,           ,1,0,0,0,0,0,0.91,0.74,0.81,0.58,0.47,0.43,0.77,0,3.81,6.6,8.11,8.87,0,0,0,0,           ,1,0,0,0,0,0,0.91,0.74,0.81,0.58,0.47,0.43,0.77
2025/08/08-13:05,6240.2,6244.6,6238,6239.8,478,6239.44,6236.56,6231.74,6228.95,6224.91,6228.35,6228.35,6239.43,6247.6,6247.6,6199.6,6199.6,0,4.78,6.27,7.95,8.83,0,0,0,0,           ,1,0,0,0,0,0,0.9,0.71,0.79,0.76,0.6,0.54,1.25,0,4.78,6.27,7.95,8.83,0,0,0,0,           ,1,0,0,0,0,0,0.9,0.71,0.79,0.76,0.6,0.54,1.25
2025/08/08-13:10,6239.6,6243.6,6238,6238.8,311,6239.25,6236.91,6232.3,6229.35,6225.19,6225.6,6225.6,6241.42,6247.6,6247.6,6199.6,6199.6,0,3.11,5.69,7.72,8.77,0,0,0,0,           ,1,0,0,0,0,0,0.88,0.65,0.74,0.55,0.4,0.35,0.65,0,3.11,5.69,7.72,8.77,0,0,0,0,           ,1,0,0,0,0,0,0.88,0.65,0.74,0.55,0.4,0.35,0.65
2025/08/08-13:15,6238.2,6245.2,6235,6243.8,366,6240.55,6237.97,6233.22,6229.94,6225.58,6222.85,6222.85,6243.41,6247.6,6247.6,6199.6,6199.6,0,3.66,5.32,7.52,8.72,0,0,0,0,           ,1,0,0,0,0,0,0.86,0.61,0.71,0.69,0.49,0.42,1.18,0,3.66,5.32,7.52,8.72,0,0,0,0,           ,1,0,0,0,0,0,0.86,0.61,0.71,0.69,0.49,0.42,1.18
2025/08/08-13:20,6243.8,6247.6,6235.2,6236.4,511,6239.37,6237.73,6233.48,6230.21,6225.8,6220.1,6220.1,6245.4,6247.6,6247.6,6199.6,6199.6,0,5.11,5.28,7.4,8.69,0,0,0,0,           ,0,1,0,0,0,0,0.85,0.61,0.71,0.97,0.69,0.59,1.4,0,5.11,5.28,7.4,8.69,0,0,0,0,           ,0,1,0,0,0,0,0.85,0.61,0.71,0.97,0.69,0.59,1.4
2025/08/08-13:25,6236.2,6239.2,6230.8,6230.8,423,6236.92,6236.66,6233.26,6230.23,6225.9,6217.35,6217.35,6247.39,6247.6,6247.6,6199.6,6199.6,0,4.23,5.09,7.25,8.64,0,0,0,0,           ,0,1,0,0,0,0,0.84,0.59,0.7,0.83,0.58,0.49,0.83,0,4.23,5.09,7.25,8.64,0,0,0,0,           ,0,1,0,0,0,0,0.84,0.59,0.7,0.83,0.58,0.49,0.83
2025/08/08-13:30,6230.8,6235.6,6212.6,6214.6,1531,6230.54,6233.27,6231.77,6229.59,6225.67,6214.6,6214.6,6249.38,6247.6,6247.6,6214.6,6214.6,0,15.31,6.95,7.64,8.71,0,0,0,0,           ,0,0,1,1,0,0,0.88,0.8,0.91,2.2,2,1.76,3.62,0,15.31,6.95,7.64,8.71,0,0,0,0,           ,0,0,1,1,0,0,0.88,0.8,0.91,2.2,2,1.76,3.62
2025/08/08-13:35,6214.6,6233.8,6214.4,6230.4,1184,6230.5,6232.83,6231.66,6229.63,6225.77,6218.3,6218.3,6251.37,6247.6,6247.6,6214.6,6214.6,0,11.84,7.84,7.84,8.74,0,0,0,0,           ,0,0,1,0,0,0,0.9,0.9,1,1.51,1.51,1.35,0.77,0,11.84,7.84,7.84,8.74,0,0,0,0,           ,0,0,1,0,0,0,0.9,0.9,1,1.51,1.51,1.35,0.77
2025/08/08-13:40,6229.8,6232.6,6227,6231.2,483,6230.7,6232.58,6231.62,6229.69,6225.88,6222.01,6222.01,6253.37,6247.6,6247.6,6214.6,6214.6,0,4.83,7.29,7.7,8.7,0,0,0,0,           ,1,0,0,0,0,0,0.88,0.84,0.95,0.66,0.63,0.56,0.41,0,4.83,7.29,7.7,8.7,0,0,0,0,           ,1,0,0,0,0,0,0.88,0.84,0.95,0.66,0.63,0.56,0.41
2025/08/08-13:45,6231.2,6232.2,6220.2,6222.4,432,6228.33,6231.01,6230.89,6229.39,6225.81,6225.71,6225.71,6255.36,6247.6,6247.6,6214.6,6214.6,0,4.32,6.75,7.53,8.66,0,0,0,0,           ,1,0,0,0,0,0,0.87,0.78,0.9,0.64,0.57,0.5,0.89,0,4.32,6.75,7.53,8.66,0,0,0,0,           ,1,0,0,0,0,0,0.87,0.78,0.9,0.64,0.57,0.5,0.89
2025/08/08-13:50,6221.6,6222.8,6218,6220.4,438,6226.06,6229.38,6230.05,6229.03,6225.7,6229.42,6229.42,6257.35,6247.6,6247.6,6214.6,6214.6,0,4.38,6.32,7.38,8.61,0,0,0,0,           ,1,0,0,0,0,0,0.86,0.73,0.86,0.69,0.59,0.51,1.01,0,4.38,6.32,7.38,8.61,0,0,0,0,           ,1,0,0,0,0,0,0.86,0.73,0.86,0.69,0.59,0.51,1.01
2025/08/08-13:55,6219.6,6225.6,6215,6222.6,796,6225.07,6228.33,6229.45,6228.76,6225.63,6233.12,6233.12,6259.34,6247.6,6247.6,6214.6,6214.6,0,7.96,6.62,7.41,8.61,0,0,0,0,           ,0,0,1,1,0,0,0.86,0.77,0.89,1.2,1.07,0.92,1.82,0,7.96,6.62,7.41,8.61,0,0,0,0,           ,0,0,1,1,0,0,0.86,0.77,0.89,1.2,1.07,0.92,1.82
2025/08/08-14:00,6222.8,6223.8,6216.2,6222.8,500,6224.42,6227.48,6228.92,6228.52,6225.57,6236.82,6236.82,6261.33,6247.6,6247.6,6214.6,6214.6,0,5,6.32,7.29,8.57,0,0,0,0,           ,0,1,0,0,0,0,0.85,0.74,0.87,0.79,0.69,0.58,0.63,0,5,6.32,7.29,8.57,0,0,0,0,           ,0,1,0,0,0,0,0.85,0.74,0.87,0.79,0.69,0.58,0.63
2025/08/08-14:05,6223.2,6231.4,6221.6,6228,783,6225.45,6227.56,6228.85,6228.5,6225.62,6240.53,6240.53,6263.32,6247.6,6247.6,6214.6,6214.6,0,7.83,6.6,7.32,8.56,0,0,0,0,           ,0,1,0,1,0,0,0.85,0.77,0.9,1.19,1.07,0.91,1.57,0,7.83,6.6,7.32,8.56,0,0,0,0,           ,0,1,0,1,0,0,0.85,0.77,0.9,1.19,1.07,0.91,1.57
2025/08/08-14:10,6228,6238,6227.6,6238,673,6229.03,6229.17,6229.58,6228.89,6225.88,6244.23,6244.23,6265.31,6247.6,6247.6,6214.6,6214.6,0,6.73,6.62,7.29,8.55,0,0,0,0,           ,0,1,0,0,0,0,0.85,0.77,0.91,1.02,0.92,0.79,0.86,0,6.73,6.62,7.29,8.55,0,0,0,0,           ,0,1,0,0,0,0,0.85,0.77,0.91,1.02,0.92,0.79,0.86
2025/08/08-14:15,6238,6238.6,6232.2,6235.2,523,6230.79,6230.1,6230.03,6229.14,6226.07,6247.94,6247.94,6267.3,6247.6,6247.6,6214.6,6214.6,0,5.23,6.37,7.19,8.51,0,0,0,0,           ,0,1,0,0,0,0,0.84,0.75,0.89,0.82,0.73,0.61,0.78,0,5.23,6.37,7.19,8.51,0,0,0,0,           ,0,1,0,0,0,0,0.84,0.75,0.89,0.82,0.73,0.61,0.78
2025/08/08-14:20,6235.2,6238.2,6232.8,6233.6,518,6231.6,6230.64,6230.31,6229.33,6226.23,6251.64,6251.64,6269.3,6247.6,6247.6,6214.6,6214.6,0,5.18,6.15,7.09,8.48,0,0,0,0,           ,0,1,0,0,0,0,0.84,0.73,0.87,0.84,0.73,0.61,0.99,0,5.18,6.15,7.09,8.48,0,0,0,0,           ,0,1,0,0,0,0,0.84,0.73,0.87,0.84,0.73,0.61,0.99
2025/08/08-14:25,6233.4,6234.8,6228.6,6232.6,569,6231.88,6230.94,6230.5,6229.46,6226.36,6255.34,6255.34,6271.29,6247.6,6247.6,6214.6,6214.6,0,5.69,6.07,7.02,8.45,0,0,0,0,           ,0,1,0,0,0,0,0.83,0.72,0.86,0.94,0.81,0.67,1.1,0,5.69,6.07,7.02,8.45,0,0,0,0,           ,0,1,0,0,0,0,0.83,0.72,0.86,0.94,0.81,0.67,1.1
2025/08/08-14:30,6232.6,6233.8,6227.8,6231.4,389,6231.74,6231.01,6230.57,6229.54,6226.46,6259.05,6259.05,6273.28,6247.6,6247.6,6214.6,6214.6,0,3.89,5.67,6.87,8.41,0,0,0,0,           ,1,0,0,0,0,0,0.82,0.67,0.83,0.69,0.57,0.46,0.68,0,3.89,5.67,6.87,8.41,0,0,0,0,           ,1,0,0,0,0,0,0.82,0.67,0.83,0.69,0.57,0.46,0.68
2025/08/08-14:35,6231.4,6237,6228,6230.4,517,6231.36,6230.92,6230.56,6229.57,6226.54,6262.75,6262.75,6275.27,6247.6,6247.6,6214.6,6214.6,0,5.17,5.58,6.79,8.37,0,0,0,0,           ,0,1,0,0,0,0,0.81,0.67,0.82,0.93,0.76,0.62,1.33,0,5.17,5.58,6.79,8.37,0,0,0,0,           ,0,1,0,0,0,0,0.81,0.67,0.82,0.93,0.76,0.62,1.33
2025/08/08-14:40,6231.2,6231.6,6226.4,6229.2,450,6230.74,6230.65,6230.45,6229.56,6226.6,6266.46,6266.46,6277.26,6247.6,6247.6,6214.6,6214.6,0,4.5,5.38,6.67,8.34,0,0,0,0,           ,0,1,0,0,0,0,0.8,0.65,0.81,0.84,0.67,0.54,0.87,0,4.5,5.38,6.67,8.34,0,0,0,0,           ,0,1,0,0,0,0,0.8,0.65,0.81,0.84,0.67,0.54,0.87
2025/08/08-14:45,6230,6233,6229.8,6232.8,485,6231.33,6230.98,6230.64,6229.69,6226.73,6270.16,6270.16,6279.25,6247.6,6247.6,6214.6,6214.6,0,4.85,5.29,6.58,8.3,0,0,0,0,           ,0,1,0,0,0,0,0.79,0.64,0.8,0.92,0.74,0.58,1.08,0,4.85,5.29,6.58,8.3,0,0,0,0,           ,0,1,0,0,0,0,0.79,0.64,0.8,0.92,0.74,0.58,1.08
2025/08/08-14:50,6232.8,6234.2,6232,6233.4,647,6231.92,6231.35,6230.86,6229.84,6226.86,6273.86,6273.86,6281.24,6247.6,6247.6,6214.6,6214.6,0,6.47,5.5,6.58,8.28,0,0,0,0,           ,0,1,0,0,0,0,0.79,0.66,0.84,1.18,0.98,0.78,1.33,0,6.47,5.5,6.58,8.28,0,0,0,0,           ,0,1,0,0,0,0,0.79,0.66,0.84,1.18,0.98,0.78,1.33
2025/08/08-14:55,6233.6,6234.8,6231.8,6233.8,748,6232.46,6231.73,6231.09,6230,6227.01,6277.57,6277.57,6283.23,6247.6,6247.6,6214.6,6214.6,0,7.48,5.86,6.62,8.27,0,0,0,0,           ,0,0,1,0,0,0,0.8,0.71,0.89,1.28,1.13,0.9,1.16,0,7.48,5.86,6.62,8.27,0,0,0,0,           ,0,0,1,0,0,0,0.8,0.71,0.89,1.28,1.13,0.9,1.16
2025/08/08-15:00,6233,6233.8,6227,6227,1094,6230.9,6231,6230.76,6229.88,6227.01,6281.27,6281.27,6285.23,6247.6,6247.6,6214.6,6214.6,0,10.94,6.79,6.83,8.3,0,0,0,0,           ,0,0,1,0,0,0,0.82,0.82,0.99,1.61,1.6,1.32,1.46,0,10.94,6.79,6.83,8.3,0,0,0,0,           ,0,0,1,0,0,0,0.82,0.82,0.99,1.61,1.6,1.32,1.46
2025/08/11-09:35,6254,6257.6,6240.8,6249.4,3470,6236.19,6233.83,6232.26,6230.68,6227.47,6284.98,6284.98,6287.22,6247.6,6247.6,6214.6,6214.6,0,34.7,11.86,8.19,8.56,0,1,0,1,11.86,0,0,1,1,1,1,0.96,1.39,1.45,2.93,4.24,4.05,3.17,0,34.7,11.86,8.19,8.56,0,1,0,1,11.86,0,0,1,1,1,1,0.96,1.39,1.45,2.93,4.24,4.05,3.17
2025/08/11-09:40,6248.8,6269.8,6248.8,6265.4,2077,6244.53,6238.69,6234.91,6232.1,6228.25,6288.68,6288.68,6289.21,6247.6,6247.6,6214.6,6214.6,0,20.77,13.48,8.81,8.69,0,0,0,1,13.48,0,0,1,0,0,0,1.01,1.55,1.53,1.54,2.36,2.39,0.6,0,20.77,13.48,8.81,8.69,0,0,0,1,13.48,0,0,1,0,0,0,1.01,1.55,1.53,1.54,2.36,2.39,0.6
2025/08/11-09:45,6264.8,6270.8,6255.6,6270.8,1931,6252.04,6243.63,6237.78,6233.68,6229.13,6292.38,6292.38,6291.2,6247.6,6247.6,6214.6,6214.6,0,19.31,14.54,9.32,8.79,0,0,0,1,14.54,0,0,1,0,0,0,1.06,1.65,1.56,1.33,2.07,2.2,0.93,0,19.31,14.54,9.32,8.79,0,0,0,1,14.54,0,0,1,0,0,0,1.06,1.65,1.56,1.33,2.07,2.2,0.93
2025/08/11-09:50,6271,6271.2,6252,6261.6,1442,6254.77,6246.39,6239.68,6234.81,6229.8,6296.09,6296.09,6293.19,6247.6,6247.6,6214.6,6214.6,0,14.42,14.52,9.57,8.85,0,0,0,0,14.52,0,1,0,0,0,0,1.08,1.64,1.52,0.99,1.51,1.63,0.75,0,14.42,14.52,9.57,8.85,0,0,0,0,14.52,0,1,0,0,0,0,1.08,1.64,1.52,0.99,1.51,1.63,0.75
2025/08/11-09:55,6261.8,6296.4,6261.8,6292.6,3125,6265.58,6253.5,6243.92,6237.17,6231.09,6299.79,6299.79,6295.18,6247.6,6247.6,6214.6,6214.6,0,31.25,17.56,10.63,9.07,0,1,0,1,17.56,0,0,1,1,1,1,1.17,1.94,1.65,1.78,2.94,3.45,2.17,0,31.25,17.56,10.63,9.07,0,1,0,1,17.56,0,0,1,1,1,1,1.17,1.94,1.65,1.78,2.94,3.45,2.17
2025/08/11-10:00,6294.2,6301.4,6289,6289.8,2381,6272.5,6259.09,6247.59,6239.32,6232.3,6303.5,6303.5,6297.17,6247.6,6247.6,6214.6,6214.6,0,23.81,18.7,11.27,9.22,0,0,0,1,18.7,0,0,1,0,0,0,1.22,2.03,1.66,1.27,2.11,2.58,0.76,0,23.81,18.7,11.27,9.22,0,0,0,1,18.7,0,0,1,0,0,0,1.22,2.03,1.66,1.27,2.11,2.58,0.76
2025/08/11-10:05,6290.8,6308.4,6288.4,6307.2,1701,6282.41,6266.49,6252.36,6242.09,6233.85,6307.2,6307.2,6299.17,6307.2,6307.2,6214.6,6214.6,0,17.01,18.39,11.55,9.29,0,0,0,0,18.39,0,1,0,0,0,0,1.24,1.98,1.59,0.92,1.47,1.83,0.71,0,17.01,18.39,11.55,9.29,0,0,0,0,18.39,0,1,0,0,0,0,1.24,1.98,1.59,0.92,1.47,1.83,0.71
2025/08/11-10:10,6307.2,6316,6300.6,6303.4,1689,6288.41,6272.17,6256.44,6244.59,6235.28,6298.13,6298.13,6301.16,6307.2,6307.2,6214.6,6214.6,0,16.89,18.12,11.81,9.37,0,0,0,0,18.12,0,1,0,0,0,0,1.26,1.93,1.53,0.93,1.43,1.8,0.99,0,16.89,18.12,11.81,9.37,0,0,0,0,18.12,0,1,0,0,0,0,1.26,1.93,1.53,0.93,1.43,1.8,0.99
2025/08/11-10:15,6303.4,6304.4,6288.4,6289,1201,6288.58,6274.76,6259.05,6246.41,6236.39,6289.07,6289.07,6303.15,6307.2,6307.2,6214.6,6214.6,0,12.01,17.01,11.82,9.4,0,0,0,0,17.01,1,0,0,0,0,0,1.26,1.81,1.44,0.71,1.02,1.28,0.71,0,12.01,17.01,11.82,9.4,0,0,0,0,17.01,1,0,0,0,0,0,1.26,1.81,1.44,0.71,1.02,1.28,0.71
2025/08/11-10:20,6289,6290.4,6280,6280,1248,6286.13,6275.56,6260.72,6247.78,6237.29,6280,6280,6305.14,6307.2,6307.2,6280,6280,0,12.48,16.18,11.85,9.43,0,0,0,0,16.18,1,0,0,0,0,0,1.26,1.72,1.37,0.77,1.05,1.32,1.04,0,12.48,16.18,11.85,9.43,0,0,0,0,16.18,1,0,0,0,0,0,1.26,1.72,1.37,0.77,1.05,1.32,1.04
2025/08/11-10:25,6279.8,6294,6278.2,6293,945,6288.09,6278.25,6263.3,6249.62,6238.44,6283.56,6283.56,6307.13,6307.2,6307.2,6280,6280,0,9.45,14.96,11.73,9.43,0,0,0,0,14.96,1,0,0,0,0,0,1.24,1.59,1.27,0.63,0.81,1,0.76,0,9.45,14.96,11.73,9.43,0,0,0,0,14.96,1,0,0,0,0,0,1.24,1.59,1.27,0.63,0.81,1,0.76
2025/08/11-10:30,6293,6299,6290.8,6295.6,677,6290.24,6280.92,6265.89,6251.5,6239.62,6287.13,6287.13,6309.12,6307.2,6307.2,6280,6280,0,6.77,13.47,11.49,9.4,0,0,0,0,13.47,1,0,0,0,0,0,1.22,1.43,1.17,0.5,0.59,0.72,0.72,0,6.77,13.47,11.49,9.4,0,0,0,0,13.47,1,0,0,0,0,0,1.22,1.43,1.17,0.5,0.59,0.72,0.72
2025/08/11-10:35,6294.6,6296.8,6289,6289.8,650,6290.11,6282.28,6267.8,6253.06,6240.65,6290.69,6290.69,6311.11,6307.2,6307.2,6280,6280,0,6.5,12.2,11.25,9.37,0,0,0,0,12.2,1,0,0,0,0,0,1.2,1.3,1.08,0.53,0.58,0.69,0.96,0,6.5,12.2,11.25,9.37,0,0,0,0,12.2,1,0,0,0,0,0,1.2,1.3,1.08,0.53,0.58,0.69,0.96
2025/08/11-10:40,6290.4,6303.8,6290.4,6303.2,896,6293.85,6285.5,6270.63,6255.11,6241.94,6294.25,6294.25,6313.1,6307.2,6307.2,6280,6280,0,8.96,11.61,11.14,9.37,0,0,0,0,           ,1,0,0,0,0,0,1.19,1.24,1.04,0.77,0.8,0.96,1.38,0,8.96,11.61,11.14,9.37,0,0,0,0,           ,1,0,0,0,0,0,1.19,1.24,1.04,0.77,0.8,0.96,1.38
2025/08/11-10:45,6303.2,6312.6,6301.6,6309.4,925,6298.29,6289.18,6273.73,6257.33,6243.33,6297.81,6297.81,6315.1,6307.2,6307.2,6280,6280,0,9.25,11.18,11.04,9.37,0,0,0,0,           ,0,1,0,0,0,0,1.18,1.19,1.01,0.83,0.84,0.99,1.03,0,9.25,11.18,11.04,9.37,0,0,0,0,           ,0,1,0,0,0,0,1.18,1.19,1.01,0.83,0.84,0.99,1.03
2025/08/11-10:50,6309.8,6312.4,6301,6303.6,855,6299.81,6291.4,6276.12,6259.21,6244.57,6301.38,6301.38,6317.09,6307.2,6307.2,6280,6280,0,8.55,10.7,10.92,9.36,0,0,0,0,           ,0,1,0,0,0,0,1.17,1.14,0.98,0.8,0.78,0.91,0.92,0,8.55,10.7,10.92,9.36,0,0,0,0,           ,0,1,0,0,0,0,1.17,1.14,0.98,0.8,0.78,0.91,0.92
2025/08/11-10:55,6303.6,6311.8,6302.2,6308.4,544,6302.26,6294.01,6278.71,6261.22,6245.89,6304.94,6304.94,6319.08,6307.2,6307.2,6280,6280,0,5.44,9.75,10.66,9.32,0,0,0,0,           ,1,0,0,0,0,0,1.14,1.05,0.91,0.56,0.51,0.58,0.64,0,5.44,9.75,10.66,9.32,0,0,0,0,           ,1,0,0,0,0,0,1.14,1.05,0.91,0.56,0.51,0.58,0.64
2025/08/11-11:00,6308.8,6311.8,6303.8,6311.8,469,6304.99,6296.75,6281.35,6263.29,6247.25,6308.5,6308.5,6321.07,6307.2,6307.2,6280,6280,0,4.69,8.83,10.36,9.27,0,0,0,0,           ,1,0,0,0,0,0,1.12,0.95,0.85,0.53,0.45,0.51,0.86,0,4.69,8.83,10.36,9.27,0,0,0,0,           ,1,0,0,0,0,0,1.12,0.95,0.85,0.53,0.45,0.51,0.86
2025/08/11-11:05,6312,6323,6309.6,6317.8,1359,6308.65,6299.99,6284.27,6265.51,6248.7,6312.06,6312.06,6323.06,6307.2,6307.2,6280,6280,0,13.59,9.69,10.52,9.32,0,0,0,0,           ,0,0,1,1,0,0,1.13,1.04,0.92,1.4,1.29,1.46,2.9,0,13.59,9.69,10.52,9.32,0,0,0,0,           ,0,0,1,1,0,0,1.13,1.04,0.92,1.4,1.29,1.46,2.9
2025/08/11-11:10,6317.6,6319.4,6307.6,6311.8,715,6309.55,6301.8,6286.47,6267.4,6250,6315.63,6315.63,6325.05,6307.2,6307.2,6280,6280,0,7.15,9.23,10.36,9.29,0,0,0,0,           ,1,0,0,0,0,0,1.11,0.99,0.89,0.77,0.69,0.77,0.53,0,7.15,9.23,10.36,9.29,0,0,0,0,           ,1,0,0,0,0,0,1.11,0.99,0.89,0.77,0.69,0.77,0.53
2025/08/11-11:15,6312,6317.8,6309.4,6316.4,581,6311.51,6304.05,6288.87,6269.4,6251.37,6319.19,6319.19,6327.04,6307.2,6307.2,6280,6280,0,5.81,8.61,10.14,9.26,0,0,0,0,           ,1,0,0,0,0,0,1.09,0.93,0.85,0.67,0.57,0.63,0.81,0,5.81,8.61,10.14,9.26,0,0,0,0,           ,1,0,0,0,0,0,1.09,0.93,0.85,0.67,0.57,0.63,0.81
2025/08/11-11:20,6316.2,6325.8,6316.2,6321.8,947,6314.45,6306.78,6291.5,6271.54,6252.82,6322.75,6322.75,6329.03,6307.2,6307.2,6280,6280,0,9.47,8.77,10.1,9.26,0,0,0,0,           ,0,1,0,1,0,0,1.09,0.95,0.87,1.08,0.94,1.02,1.63,0,9.47,8.77,10.1,9.26,0,0,0,0,           ,0,1,0,1,0,0,1.09,0.95,0.87,1.08,0.94,1.02,1.63
2025/08/11-11:25,6322.8,6324.6,6317.2,6319.2,742,6315.81,6308.69,6293.72,6273.48,6254.19,6326.31,6326.31,6331.03,6307.2,6307.2,6280,6280,0,7.42,8.52,9.97,9.24,0,0,0,0,           ,0,1,0,0,0,0,1.08,0.92,0.85,0.87,0.74,0.8,0.78,0,7.42,8.52,9.97,9.24,0,0,0,0,           ,0,1,0,0,0,0,1.08,0.92,0.85,0.87,0.74,0.8,0.78
2025/08/11-11:30,6320,6336,6317.4,6331.2,1110,6320.2,6312.15,6296.71,6275.84,6255.78,6329.88,6329.88,6333.02,6307.2,6307.2,6280,6280,0,11.1,8.99,10.03,9.26,0,0,0,0,           ,0,0,1,0,0,0,1.08,0.97,0.9,1.23,1.11,1.2,1.5,0,11.1,8.99,10.03,9.26,0,0,0,0,           ,0,0,1,0,0,0,1.08,0.97,0.9,1.23,1.11,1.2,1.5
2025/08/11-13:05,6332.4,6333.8,6316.6,6323.8,1254,6321.23,6313.95,6298.88,6277.8,6257.18,6333.44,6333.44,6335.01,6307.2,6307.2,6280,6280,0,12.54,9.64,10.15,9.29,0,0,0,0,           ,0,0,1,0,0,0,1.09,1.04,0.95,1.3,1.24,1.35,1.13,0,12.54,9.64,10.15,9.29,0,0,0,0,           ,0,0,1,0,0,0,1.09,1.04,0.95,1.3,1.24,1.35,1.13
2025/08/11-13:10,6324.4,6339,6324.4,6337,1005,6325.74,6317.49,6301.93,6280.21,6258.83,6337,6337,6337,6337,6337,6280,6280,0,10.05,9.71,10.14,9.3,0,0,0,0,           ,0,1,0,0,0,0,1.09,1.04,0.96,1.03,0.99,1.08,0.8,0,10.05,9.71,10.14,9.3,0,0,0,0,           ,0,1,0,0,0,0,1.09,1.04,0.96,1.03,0.99,1.08,0.8
2025/08/11-13:15,6336.8,6337.2,6329,6329.8,592,6326.9,6319.39,6304.16,6282.24,6260.29,6335.02,6335.02,6335.02,6337,6337,6280,6280,0,5.92,9.02,9.94,9.27,0,0,0,0,           ,1,0,0,0,0,0,1.07,0.97,0.91,0.66,0.6,0.64,0.59,0,5.92,9.02,9.94,9.27,0,0,0,0,           ,1,0,0,0,0,0,1.07,0.97,0.91,0.66,0.6,0.64,0.59
2025/08/11-13:20,6328.6,6331.4,6320.6,6324.4,526,6326.18,6320.16,6305.78,6283.96,6261.61,6333.03,6333.03,6333.03,6337,6337,6280,6280,0,5.26,8.34,9.71,9.23,0,0,0,0,           ,1,0,0,0,0,0,1.05,0.9,0.86,0.63,0.54,0.57,0.89,0,5.26,8.34,9.71,9.23,0,0,0,0,           ,1,0,0,0,0,0,1.05,0.9,0.86,0.63,0.54,0.57,0.89
2025/08/11-13:25,6324.8,6327.2,6322,6326,421,6326.13,6321.06,6307.4,6285.68,6262.94,6331.05,6331.05,6331.05,6337,6337,6280,6280,0,4.21,7.59,9.44,9.18,0,0,0,0,           ,1,0,0,0,0,0,1.03,0.83,0.8,0.55,0.45,0.46,0.8,0,4.21,7.59,9.44,9.18,0,0,0,0,           ,1,0,0,0,0,0,1.03,0.83,0.8,0.55,0.45,0.46,0.8
2025/08/11-13:30,6326.4,6331,6325.4,6325.4,394,6325.92,6321.72,6308.84,6287.3,6264.23,6329.06,6329.06,6329.06,6337,6337,6280,6280,0,3.94,6.92,9.17,9.13,0,0,0,0,           ,1,0,0,0,0,0,1.01,0.76,0.75,0.57,0.43,0.43,0.94,0,3.94,6.92,9.17,9.13,0,0,0,0,           ,1,0,0,0,0,0,1.01,0.76,0.75,0.57,0.43,0.43,0.94
2025/08/11-13:35,6324.6,6328.6,6322.6,6323.6,471,6325.26,6322.01,6310.02,6288.78,6265.45,6327.08,6327.08,6327.08,6337,6337,6280,6280,0,4.71,6.52,8.96,9.08,0,0,0,0,           ,1,0,0,0,0,0,0.99,0.72,0.73,0.72,0.53,0.52,1.2,0,4.71,6.52,8.96,9.08,0,0,0,0,           ,1,0,0,0,0,0,0.99,0.72,0.73,0.72,0.53,0.52,1.2
2025/08/11-13:40,6323.2,6332.4,6323.2,6329.8,506,6326.56,6323.21,6311.6,6290.45,6266.78,6325.1,6325.1,6325.1,6337,6337,6280,6280,0,5.06,6.26,8.77,9.04,0,0,0,0,           ,0,1,0,0,0,0,0.97,0.69,0.71,0.81,0.58,0.56,1.07,0,5.06,6.26,8.77,9.04,0,0,0,0,           ,0,1,0,0,0,0,0.97,0.69,0.71,0.81,0.58,0.56,1.07
2025/08/11-13:45,6329.4,6330,6323.4,6323.4,436,6325.65,6323.24,6312.55,6291.8,6267.95,6323.11,6323.11,6323.11,6337,6337,6280,6280,0,4.36,5.91,8.55,9,0,0,0,0,           ,1,0,0,0,0,0,0.95,0.66,0.69,0.74,0.51,0.48,0.86,0,4.36,5.91,8.55,9,0,0,0,0,           ,1,0,0,0,0,0,0.95,0.66,0.69,0.74,0.51,0.48,0.86
2025/08/11-13:50,6324,6325.6,6321.8,6322.8,407,6324.84,6323.17,6313.37,6293.06,6269.08,6321.13,6321.13,6321.13,6337,6337,6280,6280,0,4.07,5.58,8.33,8.95,0,0,0,0,           ,1,0,0,0,0,0,0.93,0.62,0.67,0.73,0.49,0.45,0.93,0,4.07,5.58,8.33,8.95,0,0,0,0,           ,1,0,0,0,0,0,0.93,0.62,0.67,0.73,0.49,0.45,0.93
2025/08/11-13:55,6322.6,6326.2,6322.6,6325,338,6324.88,6323.45,6314.3,6294.37,6270.23,6319.14,6319.14,6319.14,6337,6337,6280,6280,0,3.38,5.18,8.09,8.89,0,0,0,0,           ,1,0,0,0,0,0,0.91,0.58,0.64,0.65,0.42,0.38,0.83,0,3.38,5.18,8.09,8.89,0,0,0,0,           ,1,0,0,0,0,0,0.91,0.58,0.64,0.65,0.42,0.38,0.83
2025/08/11-14:00,6325.2,6328,6324,6328,374,6325.77,6324.15,6315.39,6295.74,6271.42,6317.16,6317.16,6317.16,6337,6337,6280,6280,0,3.74,4.92,7.88,8.84,0,0,0,0,           ,1,0,0,0,0,0,0.89,0.56,0.62,0.76,0.47,0.42,1.11,0,3.74,4.92,7.88,8.84,0,0,0,0,           ,1,0,0,0,0,0,0.89,0.56,0.62,0.76,0.47,0.42,1.11
2025/08/11-14:05,6328.6,6334.8,6327,6329,702,6326.7,6324.9,6316.48,6297.1,6272.61,6315.18,6315.18,6315.18,6337,6337,6280,6280,0,7.02,5.3,7.84,8.82,0,0,0,0,           ,0,0,1,1,0,0,0.89,0.6,0.68,1.32,0.9,0.8,1.88,0,7.02,5.3,7.84,8.82,0,0,0,0,           ,0,0,1,1,0,0,0.89,0.6,0.68,1.32,0.9,0.8,1.88
2025/08/11-14:10,6327.2,6328.6,6303.2,6307,1442,6321.07,6322.15,6315.72,6297.5,6273.32,6313.19,6313.19,6313.19,6337,6337,6280,6280,0,14.42,6.96,8.16,8.88,0,0,0,0,           ,0,0,1,1,0,0,0.92,0.78,0.85,2.07,1.77,1.62,2.05,0,14.42,6.96,8.16,8.88,0,0,0,0,           ,0,0,1,1,0,0,0.92,0.78,0.85,2.07,1.77,1.62,2.05
2025/08/11-14:15,6306.6,6322,6306.4,6316.6,862,6319.79,6321.29,6315.79,6298.28,6274.21,6311.21,6311.21,6311.21,6337,6337,6280,6280,0,8.62,7.26,8.18,8.88,0,0,0,0,           ,0,1,0,0,0,0,0.92,0.82,0.89,1.19,1.05,0.97,0.6,0,8.62,7.26,8.18,8.88,0,0,0,0,           ,0,1,0,0,0,0,0.92,0.82,0.89,1.19,1.05,0.97,0.6
2025/08/11-14:20,6316.6,6318.6,6301.2,6311.2,1032,6317.34,6319.74,6315.43,6298.81,6274.97,6309.22,6309.22,6309.22,6337,6337,6280,6280,0,10.32,7.82,8.28,8.89,0,0,0,0,           ,0,0,1,0,0,0,0.93,0.88,0.94,1.32,1.25,1.16,1.2,0,10.32,7.82,8.28,8.89,0,0,0,0,           ,0,0,1,0,0,0,0.93,0.88,0.94,1.32,1.25,1.16,1.2
2025/08/11-14:25,6311.2,6312.6,6305.6,6308.4,455,6314.78,6317.99,6314.86,6299.2,6275.66,6307.24,6307.24,6307.24,6337,6337,6280,6280,0,4.55,7.22,8.1,8.85,0,0,0,0,           ,1,0,0,0,0,0,0.92,0.82,0.89,0.63,0.56,0.51,0.44,0,4.55,7.22,8.1,8.85,0,0,0,0,           ,1,0,0,0,0,0,0.92,0.82,0.89,0.63,0.56,0.51,0.44
2025/08/11-14:30,6308.6,6315.8,6308,6312.8,512,6314.22,6317.2,6314.7,6299.75,6276.43,6305.26,6305.26,6305.26,6337,6337,6280,6280,0,5.12,6.84,7.96,8.81,0,0,0,0,           ,1,0,0,0,0,0,0.9,0.78,0.86,0.75,0.64,0.58,1.13,0,5.12,6.84,7.96,8.81,0,0,0,0,           ,1,0,0,0,0,0,0.9,0.78,0.86,0.75,0.64,0.58,1.13
2025/08/11-14:35,6312.6,6316,6311.6,6314,441,6314.15,6316.7,6314.64,6300.34,6277.2,6303.27,6303.27,6303.27,6337,6337,6280,6280,0,4.41,6.4,7.78,8.77,0,0,0,0,           ,1,0,0,0,0,0,0.89,0.73,0.82,0.69,0.57,0.5,0.86,0,4.41,6.4,7.78,8.77,0,0,0,0,           ,1,0,0,0,0,0,0.89,0.73,0.82,0.69,0.57,0.5,0.86
2025/08/11-14:40,6314.2,6315.4,6308.8,6310,429,6312.97,6315.67,6314.27,6300.73,6277.88,6301.29,6301.29,6301.29,6337,6337,6280,6280,0,4.29,6.01,7.61,8.72,0,0,0,0,           ,1,0,0,0,0,0,0.87,0.69,0.79,0.71,0.56,0.49,0.97,0,4.29,6.01,7.61,8.72,0,0,0,0,           ,1,0,0,0,0,0,0.87,0.69,0.79,0.71,0.56,0.49,0.97
2025/08/11-14:45,6310.2,6310.6,6302.4,6303.4,704,6310.23,6313.78,6313.4,6300.84,6278.41,6299.3,6299.3,6299.3,6337,6337,6280,6280,0,7.04,6.2,7.59,8.7,0,0,0,0,           ,0,1,0,1,0,0,0.87,0.71,0.82,1.14,0.93,0.81,1.64,0,7.04,6.2,7.59,8.7,0,0,0,0,           ,0,1,0,1,0,0,0.87,0.71,0.82,1.14,0.93,0.81,1.64
2025/08/11-14:50,6303.6,6310.4,6302,6303.8,746,6308.4,6312.25,6312.63,6300.96,6278.93,6297.32,6297.32,6297.32,6337,6337,6280,6280,0,7.46,6.43,7.58,8.69,0,0,0,0,           ,0,1,0,0,0,0,0.87,0.74,0.85,1.16,0.98,0.86,1.06,0,7.46,6.43,7.58,8.69,0,0,0,0,           ,0,1,0,0,0,0,0.87,0.74,0.85,1.16,0.98,0.86,1.06
2025/08/11-14:55,6304.4,6307.4,6299.2,6307.2,960,6308.05,6311.47,6312.2,6301.22,6279.51,6295.34,6295.34,6295.34,6337,6337,6280,6280,0,9.6,7.01,7.68,8.7,0,0,0,0,           ,0,0,1,0,0,0,0.88,0.81,0.91,1.37,1.25,1.1,1.29,0,9.6,7.01,7.68,8.7,0,0,0,0,           ,0,0,1,0,0,0,0.88,0.81,0.91,1.37,1.25,1.1,1.29
2025/08/11-15:00,6307,6307,6297.2,6298.8,1536,6305.41,6309.52,6311.13,6301.12,6279.91,6293.35,6293.35,6293.35,6337,6337,6280,6280,0,15.36,8.53,8.05,8.77,0,0,0,0,           ,0,0,1,1,0,0,0.92,0.97,1.06,1.8,1.91,1.75,1.6,0,15.36,8.53,8.05,8.77,0,0,0,0,           ,0,0,1,1,0,0,0.92,0.97,1.06,1.8,1.91,1.75,1.6
2025/08/12-09:35,6301,6311.4,6295.4,6302.4,2988,6304.55,6308.43,6310.43,6301.17,6280.37,6291.37,6291.37,6291.37,6337,6337,6280,6280,0,29.88,12.41,9.12,8.98,0,1,0,1,12.41,0,0,1,1,1,1,1.02,1.38,1.36,2.41,3.28,3.33,1.95,0,29.88,12.41,9.12,8.98,0,1,0,1,12.41,0,0,1,1,1,1,1.02,1.38,1.36,2.41,3.28,3.33,1.95
2025/08/12-09:40,6302.4,6303.8,6289.6,6295.6,1807,6301.99,6306.45,6309.24,6300.94,6280.69,6289.38,6289.38,6289.38,6337,6337,6280,6280,0,18.07,13.44,9.55,9.07,0,0,0,0,13.44,0,0,1,0,0,0,1.05,1.48,1.41,1.34,1.89,1.99,0.6,0,18.07,13.44,9.55,9.07,0,0,0,0,13.44,0,0,1,0,0,0,1.05,1.48,1.41,1.34,1.89,1.99,0.6
2025/08/12-09:45,6295.2,6299.4,6286.4,6287.4,1365,6297.82,6303.52,6307.5,6300.39,6280.83,6287.4,6287.4,6287.4,6337,6337,6287.4,6287.4,0,13.65,13.48,9.75,9.11,0,0,0,0,13.48,0,1,0,0,0,0,1.07,1.48,1.38,1.01,1.4,1.5,0.76,0,13.65,13.48,9.75,9.11,0,0,0,0,13.48,0,1,0,0,0,0,1.07,1.48,1.38,1.01,1.4,1.5,0.76
2025/08/12-09:50,6288,6306,6281.8,6300.6,1783,6298.62,6303.07,6306.94,6300.4,6281.23,6292.17,6292.17,6289.49,6337,6337,6287.4,6287.4,0,17.83,14.27,10.15,9.2,0,0,0,0,14.27,0,0,1,0,0,0,1.1,1.55,1.41,1.25,1.76,1.94,1.31,0,17.83,14.27,10.15,9.2,0,0,0,0,14.27,0,0,1,0,0,0,1.1,1.55,1.41,1.25,1.76,1.94,1.31
2025/08/12-09:55,6300.6,6309.6,6298.2,6307,1130,6301.01,6303.68,6306.95,6300.67,6281.76,6296.94,6296.94,6291.58,6337,6337,6287.4,6287.4,0,11.3,13.73,10.2,9.22,0,0,0,0,13.73,0,1,0,0,0,0,1.11,1.49,1.35,0.82,1.11,1.23,0.63,0,11.3,13.73,10.2,9.22,0,0,0,0,13.73,0,1,0,0,0,0,1.11,1.49,1.35,0.82,1.11,1.23,0.63
2025/08/12-10:00,6307.4,6313.6,6299,6309.2,1292,6303.35,6304.53,6307.13,6301.02,6282.33,6301.71,6301.71,6293.67,6337,6337,6287.4,6287.4,0,12.92,13.58,10.34,9.26,0,0,0,0,13.58,0,1,0,0,0,0,1.12,1.47,1.31,0.95,1.25,1.4,1.14,0,12.92,13.58,10.34,9.26,0,0,0,0,13.58,0,1,0,0,0,0,1.12,1.47,1.31,0.95,1.25,1.4,1.14
2025/08/12-10:05,6308.8,6315.6,6303.4,6309.2,1034,6305.02,6305.25,6307.29,6301.35,6282.88,6306.49,6306.49,6295.77,6337,6337,6287.4,6287.4,0,10.34,12.99,10.34,9.27,0,0,0,0,12.99,0,1,0,0,0,0,1.12,1.4,1.26,0.8,1,1.12,0.8,0,10.34,12.99,10.34,9.27,0,0,0,0,12.99,0,1,0,0,0,0,1.12,1.4,1.26,0.8,1,1.12,0.8
2025/08/12-10:10,6309.6,6313.6,6307,6309.4,958,6306.27,6305.88,6307.46,6301.68,6283.43,6311.26,6311.26,6297.86,6337,6337,6287.4,6287.4,0,9.58,12.37,10.3,9.27,0,0,0,0,12.37,1,0,0,0,0,0,1.11,1.33,1.2,0.77,0.93,1.03,0.93,0,9.58,12.37,10.3,9.27,0,0,0,0,12.37,1,0,0,0,0,0,1.11,1.33,1.2,0.77,0.93,1.03,0.93
2025/08/12-10:15,6309.4,6318.8,6304.8,6316,878,6309.05,6307.44,6308.15,6302.26,6284.1,6316.03,6316.03,6299.95,6337,6337,6287.4,6287.4,0,8.78,11.72,10.23,9.27,0,0,0,0,           ,1,0,0,0,0,0,1.1,1.26,1.15,0.75,0.86,0.95,0.92,0,8.78,11.72,10.23,9.27,0,0,0,0,           ,1,0,0,0,0,0,1.1,1.26,1.15,0.75,0.86,0.95,0.92
2025/08/12-10:20,6316.2,6323,6314.2,6320.8,1161,6312.41,6309.5,6309.16,6303.02,6284.86,6320.8,6320.8,6302.04,6320.8,6320.8,6287.4,6287.4,0,11.61,11.7,10.29,9.29,0,0,0,0,           ,0,1,0,0,0,0,1.11,1.26,1.14,0.99,1.13,1.25,1.32,0,11.61,11.7,10.29,9.29,0,0,0,0,           ,0,1,0,0,0,0,1.11,1.26,1.14,0.99,1.13,1.25,1.32
2025/08/12-10:25,6321.4,6329,6317.8,6319.6,1149,6314.46,6311.05,6309.99,6303.7,6285.58,6317.25,6317.25,6304.13,6320.8,6320.8,6287.4,6287.4,0,11.49,11.66,10.35,9.31,0,0,0,0,           ,0,1,0,0,0,0,1.11,1.25,1.13,0.99,1.11,1.23,0.99,0,11.49,11.66,10.35,9.31,0,0,0,0,           ,0,1,0,0,0,0,1.11,1.25,1.13,0.99,1.11,1.23,0.99
2025/08/12-10:30,6319.6,6319.6,6311,6311,845,6313.47,6311.04,6310.07,6303.99,6286.1,6313.7,6313.7,6306.22,6320.8,6320.8,6287.4,6287.4,0,8.45,11.08,10.26,9.3,0,0,0,0,           ,1,0,0,0,0,0,1.1,1.19,1.08,0.76,0.82,0.91,0.74,0,8.45,11.08,10.26,9.3,0,0,0,0,           ,1,0,0,0,0,0,1.1,1.19,1.08,0.76,0.82,0.91,0.74
2025/08/12-10:35,6310.4,6316.2,6307.2,6315.2,769,6313.97,6311.68,6310.48,6304.45,6286.7,6310.15,6310.15,6308.32,6320.8,6320.8,6287.4,6287.4,0,7.69,10.46,10.13,9.29,0,0,0,0,           ,1,0,0,0,0,0,1.09,1.13,1.03,0.74,0.76,0.83,0.91,0,7.69,10.46,10.13,9.29,0,0,0,0,           ,1,0,0,0,0,0,1.09,1.13,1.03,0.74,0.76,0.83,0.91
2025/08/12-10:40,6315.4,6321,6309.6,6309.6,715,6312.72,6311.36,6310.41,6304.66,6287.17,6306.6,6306.6,6310.41,6320.8,6320.8,6287.4,6287.4,0,7.15,9.86,9.99,9.27,0,0,0,0,           ,1,0,0,0,0,0,1.08,1.06,0.99,0.73,0.72,0.77,0.93,0,7.15,9.86,9.99,9.27,0,0,0,0,           ,1,0,0,0,0,0,1.08,1.06,0.99,0.73,0.72,0.77,0.93
2025/08/12-10:45,6309,6316.4,6309,6315.6,564,6313.54,6312.01,6310.83,6305.11,6287.76,6303.05,6303.05,6312.5,6320.8,6320.8,6287.4,6287.4,0,5.64,9.09,9.78,9.23,0,0,0,0,           ,1,0,0,0,0,0,1.06,0.99,0.93,0.62,0.58,0.61,0.79,0,5.64,9.09,9.78,9.23,0,0,0,0,           ,1,0,0,0,0,0,1.06,0.99,0.93,0.62,0.58,0.61,0.79
2025/08/12-10:50,6314.8,6315.6,6305.4,6306,689,6311.39,6311.09,6310.44,6305.14,6288.13,6299.5,6299.5,6314.59,6320.8,6320.8,6287.4,6287.4,0,6.89,8.69,9.64,9.21,0,0,0,0,           ,0,1,0,0,0,0,1.05,0.94,0.9,0.79,0.72,0.75,1.22,0,6.89,8.69,9.64,9.21,0,0,0,0,           ,0,1,0,0,0,0,1.05,0.94,0.9,0.79,0.72,0.75,1.22
2025/08/12-10:55,6306.4,6310.8,6298.4,6303,1063,6308.99,6309.84,6309.85,6305.06,6288.44,6295.95,6295.95,6316.68,6320.8,6320.8,6287.4,6287.4,0,10.63,9.04,9.68,9.22,0,0,0,0,           ,0,1,0,1,0,0,1.05,0.98,0.93,1.18,1.1,1.15,1.54,0,10.63,9.04,9.68,9.22,0,0,0,0,           ,0,1,0,1,0,0,1.05,0.98,0.93,1.18,1.1,1.15,1.54
2025/08/12-11:00,6303.4,6303.8,6286.6,6292.4,1267,6304.25,6307.16,6308.45,6304.54,6288.52,6292.4,6292.4,6318.77,6320.8,6320.8,6292.4,6292.4,0,12.67,9.7,9.83,9.26,0,0,0,0,           ,0,0,1,0,0,0,1.06,1.05,0.99,1.31,1.29,1.37,1.19,0,12.67,9.7,9.83,9.26,0,0,0,0,           ,0,0,1,0,0,0,1.06,1.05,0.99,1.31,1.29,1.37,1.19
2025/08/12-11:05,6292.2,6304.6,6291,6303.8,1093,6304.12,6306.64,6308.08,6304.51,6288.84,6295.27,6294.88,6320.86,6320.8,6320.8,6292.4,6292.4,0,10.93,9.93,9.88,9.27,0,0,0,0,           ,0,1,0,0,0,0,1.07,1.07,1,1.1,1.11,1.18,0.86,0,10.93,9.93,9.88,9.27,0,0,0,0,           ,0,1,0,0,0,0,1.07,1.07,1,1.1,1.11,1.18,0.86
2025/08/12-11:10,6303.8,6313,6301.2,6308.2,798,6305.29,6306.88,6308.09,6304.66,6289.24,6298.15,6297.36,6322.96,6320.8,6320.8,6292.4,6292.4,0,7.98,9.57,9.79,9.26,0,0,0,0,           ,0,1,0,0,0,0,1.06,1.03,0.98,0.83,0.82,0.86,0.73,0,7.98,9.57,9.79,9.26,0,0,0,0,           ,0,1,0,0,0,0,1.06,1.03,0.98,0.83,0.82,0.86,0.73
2025/08/12-11:15,6308.2,6315.6,6307.6,6309.6,662,6306.52,6307.3,6308.21,6304.86,6289.66,6301.02,6299.84,6325.05,6320.8,6320.8,6292.4,6292.4,0,6.62,9.04,9.64,9.23,0,0,0,0,           ,1,0,0,0,0,0,1.04,0.98,0.94,0.73,0.69,0.72,0.83,0,6.62,9.04,9.64,9.23,0,0,0,0,           ,1,0,0,0,0,0,1.04,0.98,0.94,0.73,0.69,0.72,0.83
2025/08/12-11:20,6310.4,6317,6305.4,6311.2,756,6307.86,6307.9,6308.45,6305.12,6290.1,6303.9,6302.32,6327.14,6320.8,6320.8,6292.4,6292.4,0,7.56,8.77,9.53,9.22,0,0,0,0,           ,0,1,0,0,0,0,1.03,0.95,0.92,0.86,0.79,0.82,1.14,0,7.56,8.77,9.53,9.22,0,0,0,0,           ,0,1,0,0,0,0,1.03,0.95,0.92,0.86,0.79,0.82,1.14
2025/08/12-11:25,6311.4,6320.8,6310.6,6319.4,699,6311.15,6309.67,6309.33,6305.7,6290.71,6306.77,6304.8,6329.23,6320.8,6320.8,6292.4,6292.4,0,6.99,8.44,9.41,9.19,0,0,0,0,           ,0,1,0,0,0,0,1.02,0.92,0.9,0.83,0.74,0.76,0.92,0,6.99,8.44,9.41,9.19,0,0,0,0,           ,0,1,0,0,0,0,1.02,0.92,0.9,0.83,0.74,0.76,0.92
2025/08/12-11:30,6319.6,6329.8,6317.2,6329.8,957,6316.48,6312.77,6310.96,6306.69,6291.51,6309.65,6307.28,6331.32,6320.8,6320.8,6292.4,6292.4,0,9.57,8.65,9.42,9.2,0,0,0,0,           ,0,1,0,0,0,0,1.02,0.94,0.92,1.11,1.02,1.04,1.37,0,9.57,8.65,9.42,9.2,0,0,0,0,           ,0,1,0,0,0,0,1.02,0.94,0.92,1.11,1.02,1.04,1.37
2025/08/12-13:05,6328.8,6332,6324.2,6326.2,1320,6319.26,6314.83,6312.18,6307.48,6292.23,6312.52,6309.76,6333.41,6320.8,6320.8,6292.4,6292.4,0,13.2,9.48,9.6,9.24,0,0,0,0,           ,0,0,1,0,0,0,1.04,1.03,0.99,1.39,1.37,1.43,1.38,0,13.2,9.48,9.6,9.24,0,0,0,0,           ,0,0,1,0,0,0,1.04,1.03,0.99,1.39,1.37,1.43,1.38
2025/08/12-13:10,6326,6336.8,6325,6335.8,933,6323.98,6318.06,6314.07,6308.64,6293.13,6315.39,6312.24,6335.51,6320.8,6320.8,6292.4,6292.4,0,9.33,9.45,9.59,9.24,0,0,0,0,           ,0,1,0,0,0,0,1.04,1.02,0.99,0.99,0.97,1.01,0.71,0,9.33,9.45,9.59,9.24,0,0,0,0,           ,0,1,0,0,0,0,1.04,1.02,0.99,0.99,0.97,1.01,0.71
2025/08/12-13:15,6337,6337.6,6330.8,6336,841,6327.42,6320.82,6315.83,6309.76,6294.01,6318.27,6314.71,6337.6,6320.8,6320.8,6292.4,6292.4,0,8.41,9.26,9.53,9.23,0,0,0,0,           ,0,1,0,0,0,0,1.03,1,0.97,0.91,0.88,0.91,0.9,0,8.41,9.26,9.53,9.23,0,0,0,0,           ,0,1,0,0,0,0,1.03,1,0.97,0.91,0.88,0.91,0.9
2025/08/12-13:20,6336.2,6338,6329.4,6332,750,6328.73,6322.54,6317.12,6310.66,6294.79,6321.14,6317.19,6339.69,6320.8,6320.8,6292.4,6292.4,0,7.5,8.94,9.43,9.21,0,0,0,0,           ,0,1,0,0,0,0,1.02,0.97,0.95,0.84,0.8,0.81,0.89,0,7.5,8.94,9.43,9.21,0,0,0,0,           ,0,1,0,0,0,0,1.02,0.97,0.95,0.84,0.8,0.81,0.89
2025/08/12-13:25,6332.8,6339,6331.4,6332.2,700,6329.72,6324.03,6318.33,6311.54,6295.56,6324.02,6319.67,6341.78,6320.8,6320.8,6292.4,6292.4,0,7,8.59,9.31,9.19,0,0,0,0,           ,0,1,0,0,0,0,1.01,0.93,0.92,0.82,0.75,0.76,0.93,0,7,8.59,9.31,9.19,0,0,0,0,           ,0,1,0,0,0,0,1.01,0.93,0.92,0.82,0.75,0.76,0.93
2025/08/12-13:30,6332.6,6336.6,6330.2,6331.8,512,6330.31,6325.22,6319.4,6312.37,6296.31,6326.89,6322.15,6343.87,6320.8,6320.8,6292.4,6292.4,0,5.12,7.96,9.11,9.15,0,0,0,0,           ,1,0,0,0,0,0,1,0.87,0.87,0.64,0.56,0.56,0.73,0,5.12,7.96,9.11,9.15,0,0,0,0,           ,1,0,0,0,0,0,1,0.87,0.87,0.64,0.56,0.56,0.73
2025/08/12-13:35,6330.8,6339.8,6330.6,6336,534,6331.94,6326.88,6320.73,6313.33,6297.13,6329.77,6324.63,6345.96,6320.8,6320.8,6292.4,6292.4,0,5.34,7.48,8.93,9.11,0,0,0,0,           ,1,0,0,0,0,0,0.98,0.82,0.84,0.71,0.6,0.59,1.04,0,5.34,7.48,8.93,9.11,0,0,0,0,           ,1,0,0,0,0,0,0.98,0.82,0.84,0.71,0.6,0.59,1.04
2025/08/12-13:40,6335.2,6337.2,6325,6325.8,687,6330.18,6326.71,6321.14,6313.84,6297.72,6332.64,6327.11,6348.06,6320.8,6320.8,6292.4,6292.4,0,6.87,7.37,8.83,9.09,0,0,0,0,           ,0,1,0,0,0,0,0.97,0.81,0.84,0.93,0.78,0.76,1.29,0,6.87,7.37,8.83,9.09,0,0,0,0,           ,0,1,0,0,0,0,0.97,0.81,0.84,0.93,0.78,0.76,1.29
2025/08/12-13:45,6325.8,6338.4,6324.6,6336.6,706,6332.02,6328.23,6322.37,6314.77,6298.52,6335.51,6329.59,6350.15,6320.8,6320.8,6292.4,6292.4,0,7.06,7.31,8.74,9.07,0,0,0,0,           ,0,1,0,0,0,0,0.96,0.81,0.84,0.97,0.81,0.78,1.03,0,7.06,7.31,8.74,9.07,0,0,0,0,           ,0,1,0,0,0,0,0.96,0.81,0.84,0.97,0.81,0.78,1.03
2025/08/12-13:50,6336.6,6337,6330.2,6331.6,361,6331.9,6328.75,6323.11,6315.46,6299.2,6338.39,6332.07,6352.24,6320.8,6320.8,6292.4,6292.4,0,3.61,6.64,8.49,9.02,0,0,0,0,           ,1,0,0,0,0,0,0.94,0.74,0.78,0.54,0.43,0.4,0.51,0,3.61,6.64,8.49,9.02,0,0,0,0,           ,1,0,0,0,0,0,0.94,0.74,0.78,0.54,0.43,0.4,0.51
2025/08/12-13:55,6331.6,6334,6328,6330.2,482,6331.41,6328.98,6323.68,6316.06,6299.84,6341.26,6334.55,6354.33,6320.8,6320.8,6292.4,6292.4,0,4.82,6.31,8.31,8.97,0,0,0,0,           ,1,0,0,0,0,0,0.93,0.7,0.76,0.76,0.58,0.54,1.34,0,4.82,6.31,8.31,8.97,0,0,0,0,           ,1,0,0,0,0,0,0.93,0.7,0.76,0.76,0.58,0.54,1.34
2025/08/12-14:00,6330,6337.6,6329.6,6337.6,363,6333.18,6330.3,6324.79,6316.94,6300.62,6344.14,6337.03,6356.42,6320.8,6320.8,6292.4,6292.4,0,3.63,5.82,8.08,8.92,0,0,0,0,           ,1,0,0,0,0,0,0.91,0.65,0.72,0.62,0.45,0.41,0.75,0,3.63,5.82,8.08,8.92,0,0,0,0,           ,1,0,0,0,0,0,0.91,0.65,0.72,0.62,0.45,0.41,0.75
2025/08/12-14:05,6337.6,6344.2,6336.8,6339.4,828,6334.96,6331.7,6325.96,6317.86,6301.42,6347.01,6339.51,6358.51,6320.8,6320.8,6292.4,6292.4,0,8.28,6.27,8.09,8.91,0,0,0,0,           ,0,0,1,1,0,0,0.91,0.7,0.77,1.32,1.02,0.93,2.28,0,8.28,6.27,8.09,8.91,0,0,0,0,           ,0,0,1,1,0,0,0.91,0.7,0.77,1.32,1.02,0.93,2.28
2025/08/12-14:10,6340.4,6341.2,6337,6339.2,496,6336.17,6332.86,6327.02,6318.73,6302.2,6349.89,6341.99,6360.6,6320.8,6320.8,6292.4,6292.4,0,4.96,6.03,7.94,8.88,0,0,0,0,           ,0,1,0,0,0,0,0.89,0.68,0.76,0.82,0.62,0.56,0.6,0,4.96,6.03,7.94,8.88,0,0,0,0,           ,0,1,0,0,0,0,0.89,0.68,0.76,0.82,0.62,0.56,0.6
2025/08/12-14:15,6339.2,6340.2,6334,6335.8,455,6336.06,6333.31,6327.72,6319.42,6302.89,6352.76,6344.47,6362.7,6320.8,6320.8,6292.4,6292.4,0,4.55,5.76,7.77,8.83,0,0,0,0,           ,0,1,0,0,0,0,0.88,0.65,0.74,0.79,0.59,0.52,0.92,0,4.55,5.76,7.77,8.83,0,0,0,0,           ,0,1,0,0,0,0,0.88,0.65,0.74,0.79,0.59,0.52,0.92
2025/08/12-14:20,6335.8,6336,6328.6,6335.6,617,6335.93,6333.66,6328.35,6320.08,6303.57,6355.63,6346.95,6364.79,6320.8,6320.8,6292.4,6292.4,0,6.17,5.84,7.7,8.81,0,0,0,0,           ,0,1,0,0,0,0,0.87,0.66,0.76,1.06,0.8,0.7,1.36,0,6.17,5.84,7.7,8.81,0,0,0,0,           ,0,1,0,0,0,0,0.87,0.66,0.76,1.06,0.8,0.7,1.36
2025/08/12-14:25,6335.8,6342.8,6335.6,6340,678,6337.09,6334.64,6329.28,6320.9,6304.32,6358.51,6349.43,6366.88,6320.8,6320.8,6292.4,6292.4,0,6.78,6.01,7.65,8.79,0,0,0,0,           ,0,1,0,0,0,0,0.87,0.68,0.79,1.13,0.89,0.77,1.1,0,6.78,6.01,7.65,8.79,0,0,0,0,           ,0,1,0,0,0,0,0.87,0.68,0.79,1.13,0.89,0.77,1.1
2025/08/12-14:30,6339.8,6344.8,6338.4,6342.6,413,6338.67,6335.86,6330.35,6321.78,6305.11,6361.38,6351.91,6368.97,6320.8,6320.8,6292.4,6292.4,0,4.13,5.67,7.48,8.74,0,0,0,0,           ,1,0,0,0,0,0,0.86,0.65,0.76,0.73,0.55,0.47,0.61,0,4.13,5.67,7.48,8.74,0,0,0,0,           ,1,0,0,0,0,0,0.86,0.65,0.76,0.73,0.55,0.47,0.61
2025/08/12-14:35,6342.8,6343.8,6336.8,6339.8,456,6338.99,6336.47,6331.11,6322.52,6305.82,6364.26,6354.39,6371.06,6320.8,6320.8,6292.4,6292.4,0,4.56,5.47,7.34,8.7,0,0,0,0,           ,0,1,0,0,0,0,0.84,0.63,0.74,0.83,0.62,0.52,1.1,0,4.56,5.47,7.34,8.7,0,0,0,0,           ,0,1,0,0,0,0,0.84,0.63,0.74,0.83,0.62,0.52,1.1
2025/08/12-14:40,6339,6341.6,6336,6338.2,543,6338.77,6336.73,6331.67,6323.16,6306.49,6367.13,6356.86,6373.15,6320.8,6320.8,6292.4,6292.4,0,5.43,5.46,7.24,8.66,0,0,0,0,           ,0,1,0,0,0,0,0.84,0.63,0.75,0.99,0.75,0.63,1.19,0,5.43,5.46,7.24,8.66,0,0,0,0,           ,0,1,0,0,0,0,0.84,0.63,0.75,0.99,0.75,0.63,1.19
2025/08/12-14:45,6338.4,6338.6,6336,6337.8,395,6338.49,6336.9,6332.16,6323.76,6307.14,6370.01,6359.34,6375.25,6320.8,6320.8,6292.4,6292.4,0,3.95,5.18,7.08,8.62,0,0,0,0,           ,1,0,0,0,0,0,0.82,0.6,0.73,0.76,0.56,0.46,0.73,0,3.95,5.18,7.08,8.62,0,0,0,0,           ,1,0,0,0,0,0,0.82,0.6,0.73,0.76,0.56,0.46,0.73
2025/08/12-14:50,6338.2,6339.4,6336.4,6338.4,489,6338.46,6337.13,6332.66,6324.35,6307.78,6372.88,6361.82,6377.34,6320.8,6320.8,6292.4,6292.4,0,4.89,5.13,6.98,8.58,0,0,0,0,           ,0,1,0,0,0,0,0.81,0.6,0.74,0.95,0.7,0.57,1.24,0,4.89,5.13,6.98,8.58,0,0,0,0,           ,0,1,0,0,0,0,0.81,0.6,0.74,0.95,0.7,0.57,1.24
2025/08/12-14:55,6338.4,6338.4,6332,6336.4,811,6337.87,6337.02,6332.96,6324.85,6308.37,6375.75,6364.3,6379.43,6320.8,6320.8,6292.4,6292.4,0,8.11,5.67,7.03,8.58,0,0,0,0,           ,0,0,1,1,0,0,0.82,0.66,0.81,1.43,1.15,0.95,1.66,0,8.11,5.67,7.03,8.58,0,0,0,0,           ,0,0,1,1,0,0,0.82,0.66,0.81,1.43,1.15,0.95,1.66
2025/08/12-15:00,6336.8,6347.8,6336.2,6342.6,1768,6339.22,6337.88,6333.73,6325.57,6309.08,6378.63,6366.78,6381.52,6320.8,6320.8,6292.4,6292.4,0,17.68,7.86,7.55,8.67,0,0,0,0,           ,0,0,1,1,0,0,0.87,0.91,1.04,2.25,2.34,2.04,2.18,0,17.68,7.86,7.55,8.67,0,0,0,0,           ,0,0,1,1,0,0,0.87,0.91,1.04,2.25,2.34,2.04,2.18
2025/08/13-09:35,6351,6369.4,6351,6364.8,3271,6346.53,6342.02,6336.22,6327.17,6310.23,6381.5,6369.26,6383.61,6320.8,6320.8,6292.4,6292.4,0,32.71,12.37,8.78,8.91,0,1,0,1,12.37,0,0,1,1,1,1,0.99,1.39,1.41,2.64,3.73,3.67,1.85,0,32.71,12.37,8.78,8.91,0,1,0,1,12.37,0,0,1,1,1,1,0.99,1.39,1.41,2.64,3.73,3.67,1.85
2025/08/13-09:40,6365.4,6386.4,6364.2,6385.8,2434,6357.75,6348.75,6340.18,6329.56,6311.78,6384.38,6371.74,6385.7,6320.8,6320.8,6292.4,6292.4,0,24.34,14.55,9.54,9.06,0,0,0,1,14.55,0,0,1,0,0,0,1.05,1.61,1.53,1.67,2.55,2.69,0.74,0,24.34,14.55,9.54,9.06,0,0,0,1,14.55,0,0,1,0,0,0,1.05,1.61,1.53,1.67,2.55,2.69,0.74
2025/08/13-09:45,6385.8,6396.6,6381.8,6388.2,2371,6366.45,6354.82,6344.03,6331.96,6313.36,6387.25,6374.22,6387.79,6320.8,6320.8,6292.4,6292.4,0,23.71,16.22,10.23,9.21,0,0,0,1,16.22,0,0,1,0,0,0,1.11,1.76,1.59,1.46,2.32,2.58,0.97,0,23.71,16.22,10.23,9.21,0,0,0,1,16.22,0,0,1,0,0,0,1.11,1.76,1.59,1.46,2.32,2.58,0.97
2025/08/13-09:50,6388.2,6397.6,6382.2,6385,1884,6371.75,6359.46,6347.3,6334.12,6314.84,6390.13,6376.7,6389.89,6320.8,6320.8,6292.4,6292.4,0,18.84,16.69,10.65,9.3,0,0,0,1,16.69,0,1,0,0,0,0,1.14,1.79,1.57,1.13,1.77,2.03,0.79,0,18.84,16.69,10.65,9.3,0,0,0,1,16.69,0,1,0,0,0,0,1.14,1.79,1.57,1.13,1.77,2.03,0.79
2025/08/13-09:55,6385,6401.4,6384.6,6393,1641,6377.82,6364.62,6350.96,6336.53,6316.45,6393,6379.18,6391.98,6393,6320.8,6292.4,6292.4,0,16.41,16.64,10.93,9.37,0,0,0,0,16.64,0,1,0,0,0,0,1.17,1.78,1.52,0.99,1.5,1.75,0.87,0,16.41,16.64,10.93,9.37,0,0,0,0,16.64,0,1,0,0,0,0,1.17,1.78,1.52,0.99,1.5,1.75,0.87
2025/08/13-10:00,6392.8,6394.6,6383,6383.8,1364,6379.53,6367.57,6353.59,6338.46,6317.84,6387,6381.66,6394.07,6393,6320.8,6292.4,6292.4,0,13.64,16.1,11.06,9.41,0,0,0,0,16.1,0,1,0,0,0,0,1.17,1.71,1.46,0.85,1.23,1.45,0.83,0,13.64,16.1,11.06,9.41,0,0,0,0,16.1,0,1,0,0,0,0,1.17,1.71,1.46,0.85,1.23,1.45,0.83
2025/08/13-10:05,6383,6390.2,6371.2,6385,1818,6381.09,6370.25,6356.1,6340.36,6319.22,6381,6384.14,6396.16,6393,6320.8,6292.4,6292.4,0,18.18,16.47,11.41,9.5,0,0,0,0,16.47,0,1,0,0,0,0,1.2,1.73,1.44,1.1,1.59,1.91,1.33,0,18.18,16.47,11.41,9.5,0,0,0,0,16.47,0,1,0,0,0,0,1.2,1.73,1.44,1.1,1.59,1.91,1.33
2025/08/13-10:10,6384.2,6392.2,6374.6,6375,1152,6379.35,6370.98,6357.61,6341.77,6320.37,6375,6386.62,6398.25,6393,6320.8,6375,6292.4,0,11.52,15.57,11.41,9.52,0,0,0,0,15.57,1,0,0,0,0,0,1.2,1.64,1.36,0.74,1.01,1.21,0.63,0,11.52,15.57,11.41,9.52,0,0,0,0,15.57,1,0,0,0,0,0,1.2,1.64,1.36,0.74,1.01,1.21,0.63
2025/08/13-10:15,6375.4,6383.2,6366.2,6379,1325,6379.25,6372.22,6359.32,6343.29,6321.58,6378.58,6389.1,6400.34,6393,6320.8,6375,6292.4,0,13.25,15.15,11.5,9.56,0,0,0,0,15.15,0,1,0,0,0,0,1.2,1.59,1.32,0.87,1.15,1.39,1.15,0,13.25,15.15,11.5,9.56,0,0,0,0,15.15,0,1,0,0,0,0,1.2,1.59,1.32,0.87,1.15,1.39,1.15
2025/08/13-10:20,6379,6381,6373.4,6375,872,6378.04,6372.65,6360.58,6344.58,6322.68,6382.15,6391.58,6402.44,6393,6320.8,6375,6292.4,0,8.72,13.98,11.37,9.55,0,0,0,0,13.98,1,0,0,0,0,0,1.19,1.46,1.23,0.62,0.77,0.91,0.66,0,8.72,13.98,11.37,9.55,0,0,0,0,13.98,1,0,0,0,0,0,1.19,1.46,1.23,0.62,0.77,0.91,0.66
2025/08/13-10:25,6375,6384.8,6374.2,6381,636,6378.88,6373.93,6362.21,6346.07,6323.88,6385.73,6394.06,6404.53,6393,6320.8,6375,6292.4,0,6.36,12.6,11.12,9.52,0,0,0,0,12.6,1,0,0,0,0,0,1.17,1.32,1.13,0.5,0.57,0.67,0.73,0,6.36,12.6,11.12,9.52,0,0,0,0,12.6,1,0,0,0,0,0,1.17,1.32,1.13,0.5,0.57,0.67,0.73
2025/08/13-10:30,6380,6383.6,6377,6378.8,528,6378.86,6374.68,6363.54,6347.41,6325.02,6389.3,6396.54,6406.62,6393,6320.8,6375,6292.4,0,5.28,11.27,10.84,9.48,0,0,0,0,           ,1,0,0,0,0,0,1.14,1.19,1.04,0.47,0.49,0.56,0.83,0,5.28,11.27,10.84,9.48,0,0,0,0,           ,1,0,0,0,0,0,1.14,1.19,1.04,0.47,0.49,0.56,0.83
2025/08/13-10:35,6379.2,6386,6378.8,6384,570,6380.33,6376.11,6365.17,6348.9,6326.23,6392.88,6399.01,6408.71,6393,6320.8,6375,6292.4,0,5.7,10.25,10.59,9.44,0,0,0,0,           ,1,0,0,0,0,0,1.12,1.09,0.97,0.56,0.54,0.6,1.08,0,5.7,10.25,10.59,9.44,0,0,0,0,           ,1,0,0,0,0,0,1.12,1.09,0.97,0.56,0.54,0.6,1.08
2025/08/13-10:40,6384.6,6404,6384.6,6402.4,1266,6386.63,6380.16,6368.15,6351.08,6327.8,6396.45,6401.49,6410.8,6393,6320.8,6375,6292.4,0,12.66,10.69,10.69,9.47,0,0,0,0,           ,0,1,0,1,0,0,1.13,1.13,1,1.18,1.18,1.34,2.22,0,12.66,10.69,10.69,9.47,0,0,0,0,           ,0,1,0,1,0,0,1.13,1.13,1,1.18,1.18,1.34,2.22
2025/08/13-10:45,6402.2,6403.4,6390.8,6394.4,1014,6388.85,6382.35,6370.25,6352.85,6329.18,6400.02,6403.97,6412.89,6393,6320.8,6375,6292.4,0,10.14,10.59,10.66,9.48,0,0,0,0,           ,0,1,0,0,0,0,1.12,1.12,0.99,0.96,0.95,1.07,0.8,0,10.14,10.59,10.66,9.48,0,0,0,0,           ,0,1,0,0,0,0,1.12,1.12,0.99,0.96,0.95,1.07,0.8
2025/08/13-10:50,6394.4,6409.4,6390.4,6403.6,1462,6393.07,6385.62,6372.92,6354.92,6330.71,6403.6,6406.45,6414.99,6403.6,6320.8,6375,6292.4,0,14.62,11.32,10.86,9.53,0,0,0,0,           ,0,0,1,0,0,0,1.14,1.19,1.04,1.29,1.35,1.53,1.44,0,14.62,11.32,10.86,9.53,0,0,0,0,           ,0,0,1,0,0,0,1.14,1.19,1.04,1.29,1.35,1.53,1.44
2025/08/13-10:55,6403.8,6408,6389.4,6389.8,979,6392.13,6386.26,6374.27,6356.35,6331.93,6389.8,6408.93,6417.08,6403.6,6320.8,6389.8,6292.4,0,9.79,11.04,10.8,9.53,0,0,0,0,           ,0,1,0,0,0,0,1.13,1.16,1.02,0.89,0.91,1.03,0.67,0,9.79,11.04,10.8,9.53,0,0,0,0,           ,0,1,0,0,0,0,1.13,1.16,1.02,0.89,0.91,1.03,0.67
2025/08/13-11:00,6389.8,6403,6387,6403,941,6395.24,6388.84,6376.57,6358.25,6333.39,6393.19,6411.41,6419.17,6403.6,6320.8,6389.8,6292.4,0,9.41,10.75,10.74,9.53,0,0,0,0,           ,0,1,0,0,0,0,1.13,1.13,1,0.88,0.88,0.99,0.96,0,9.41,10.75,10.74,9.53,0,0,0,0,           ,0,1,0,0,0,0,1.13,1.13,1,0.88,0.88,0.99,0.96
2025/08/13-11:05,6402.4,6406.2,6397.6,6400,781,6396.6,6390.55,6378.44,6359.95,6334.77,6396.58,6413.89,6421.26,6403.6,6320.8,6389.8,6292.4,0,7.81,10.21,10.59,9.51,0,0,0,0,           ,1,0,0,0,0,0,1.11,1.07,0.96,0.76,0.74,0.82,0.83,0,7.81,10.21,10.59,9.51,0,0,0,0,           ,1,0,0,0,0,0,1.11,1.07,0.96,0.76,0.74,0.82,0.83
2025/08/13-11:10,6400,6414.4,6400,6411.2,1018,6400.77,6393.73,6381.06,6362.05,6336.34,6399.97,6416.37,6423.35,6403.6,6320.8,6389.8,6292.4,0,10.18,10.21,10.57,9.52,0,0,0,0,           ,0,1,0,0,0,0,1.11,1.07,0.97,1,0.96,1.07,1.3,0,10.18,10.21,10.57,9.52,0,0,0,0,           ,0,1,0,0,0,0,1.11,1.07,0.97,1,0.96,1.07,1.3
2025/08/13-11:15,6411.2,6424.4,6411,6421.2,1276,6406.61,6397.96,6384.28,6364.46,6338.09,6403.36,6418.85,6425.44,6403.6,6320.8,6389.8,6292.4,0,12.76,10.67,10.68,9.55,0,0,0,0,           ,0,0,1,0,0,0,1.12,1.12,1,1.2,1.19,1.34,1.25,0,12.76,10.67,10.68,9.55,0,0,0,0,           ,0,0,1,0,0,0,1.12,1.12,1,1.2,1.19,1.34,1.25
2025/08/13-11:20,6421.8,6431.8,6421.4,6430.4,1426,6413.41,6402.95,6387.97,6367.15,6340,6406.75,6421.33,6427.54,6403.6,6320.8,6389.8,6292.4,0,14.26,11.32,10.85,9.6,0,0,0,0,           ,0,0,1,0,0,0,1.13,1.18,1.04,1.26,1.31,1.49,1.12,0,14.26,11.32,10.85,9.6,0,0,0,0,           ,0,0,1,0,0,0,1.13,1.18,1.04,1.26,1.31,1.49,1.12
2025/08/13-11:25,6429.6,6431.2,6418.6,6429.6,1156,6418.03,6407.05,6391.3,6369.7,6341.84,6410.14,6423.81,6429.63,6403.6,6320.8,6389.8,6292.4,0,11.56,11.37,10.89,9.62,0,0,0,0,           ,0,1,0,0,0,0,1.13,1.18,1.04,1.02,1.06,1.2,0.81,0,11.56,11.37,10.89,9.62,0,0,0,0,           ,0,1,0,0,0,0,1.13,1.18,1.04,1.02,1.06,1.2,0.81
2025/08/13-11:30,6429.8,6440,6425.2,6438.2,1161,6423.79,6411.84,6395.05,6372.5,6343.83,6413.53,6426.29,6431.72,6403.6,6320.8,6389.8,6292.4,0,11.61,11.41,10.92,9.64,0,0,0,0,           ,0,1,0,0,0,0,1.13,1.18,1.04,1.02,1.06,1.2,1,0,11.61,11.41,10.92,9.64,0,0,0,0,           ,0,1,0,0,0,0,1.13,1.18,1.04,1.02,1.06,1.2,1
2025/08/13-13:05,6437.6,6442.8,6431.6,6436.8,1575,6427.51,6415.68,6398.39,6375.12,6345.75,6416.92,6428.77,6433.81,6403.6,6320.8,6389.8,6292.4,0,15.75,12.2,11.16,9.7,0,0,0,0,           ,0,0,1,0,0,0,1.15,1.26,1.09,1.29,1.41,1.62,1.36,0,15.75,12.2,11.16,9.7,0,0,0,0,           ,0,0,1,0,0,0,1.15,1.26,1.09,1.29,1.41,1.62,1.36
2025/08/13-13:10,6437.8,6440.6,6431.6,6439,908,6430.79,6419.27,6401.64,6377.73,6347.67,6420.31,6431.25,6435.9,6403.6,6320.8,6389.8,6292.4,0,9.08,11.63,11.06,9.69,0,0,0,0,           ,1,0,0,0,0,0,1.14,1.2,1.05,0.78,0.82,0.94,0.58,0,9.08,11.63,11.06,9.69,0,0,0,0,           ,1,0,0,0,0,0,1.14,1.2,1.05,0.78,0.82,0.94,0.58
2025/08/13-13:15,6438.8,6441,6433.2,6435,738,6432,6421.69,6404.31,6380.07,6349.47,6423.7,6433.73,6437.99,6403.6,6320.8,6389.8,6292.4,0,7.38,10.86,10.88,9.67,0,0,0,0,           ,1,0,0,0,0,0,1.12,1.12,1,0.68,0.68,0.76,0.81,0,7.38,10.86,10.88,9.67,0,0,0,0,           ,1,0,0,0,0,0,1.12,1.12,1,0.68,0.68,0.76,0.81
2025/08/13-13:20,6435.4,6451,6434,6445,1148,6435.71,6425.27,6407.56,6382.72,6351.44,6427.1,6436.21,6440.08,6403.6,6320.8,6389.8,6292.4,0,11.48,10.97,10.91,9.69,0,0,0,0,           ,0,1,0,1,0,0,1.13,1.13,1.01,1.05,1.05,1.18,1.56,0,11.48,10.97,10.91,9.69,0,0,0,0,           ,0,1,0,1,0,0,1.13,1.13,1.01,1.05,1.05,1.18,1.56
2025/08/13-13:25,6444.6,6448.8,6432.2,6433.2,1100,6434.99,6426.49,6409.61,6384.78,6353.13,6430.49,6438.69,6442.18,6403.6,6320.8,6389.8,6292.4,0,11,10.98,10.91,9.7,0,0,0,0,           ,0,1,0,0,0,0,1.12,1.13,1.01,1,1.01,1.13,0.96,0,11,10.98,10.91,9.7,0,0,0,0,           ,0,1,0,0,0,0,1.12,1.13,1.01,1,1.01,1.13,0.96
2025/08/13-13:30,6433.2,6440.6,6432.6,6434.8,952,6434.94,6427.77,6411.63,6386.82,6354.81,6433.88,6441.16,6444.27,6403.6,6320.8,6389.8,6292.4,0,9.52,10.71,10.84,9.7,0,0,0,0,           ,0,1,0,0,0,0,1.12,1.1,0.99,0.89,0.88,0.98,0.87,0,9.52,10.71,10.84,9.7,0,0,0,0,           ,0,1,0,0,0,0,1.12,1.1,0.99,0.89,0.88,0.98,0.87
2025/08/13-13:35,6434.8,6445.2,6434.2,6438,679,6435.81,6429.35,6413.74,6388.91,6356.53,6437.27,6443.64,6446.36,6403.6,6320.8,6389.8,6292.4,0,6.79,10,10.65,9.67,0,0,0,0,           ,1,0,0,0,0,0,1.1,1.03,0.94,0.68,0.64,0.7,0.71,0,6.79,10,10.65,9.67,0,0,0,0,           ,1,0,0,0,0,0,1.1,1.03,0.94,0.68,0.64,0.7,0.71
2025/08/13-13:40,6438.6,6448.6,6438.6,6443.8,576,6438.09,6431.57,6416.14,6391.15,6358.33,6440.66,6446.12,6448.45,6403.6,6320.8,6389.8,6292.4,0,5.76,9.23,10.41,9.63,0,0,0,0,           ,1,0,0,0,0,0,1.08,0.96,0.89,0.62,0.55,0.6,0.85,0,5.76,9.23,10.41,9.63,0,0,0,0,           ,1,0,0,0,0,0,1.08,0.96,0.89,0.62,0.55,0.6,0.85
2025/08/13-13:45,6443.8,6448.8,6442.6,6443.8,520,6439.72,6433.45,6418.36,6393.3,6360.09,6444.05,6448.6,6450.54,6403.6,6320.8,6389.8,6292.4,0,5.2,8.5,10.15,9.59,0,0,0,0,           ,1,0,0,0,0,0,1.06,0.89,0.84,0.61,0.51,0.54,0.9,0,5.2,8.5,10.15,9.59,0,0,0,0,           ,1,0,0,0,0,0,1.06,0.89,0.84,0.61,0.51,0.54,0.9
2025/08/13-13:50,6443.4,6451.6,6439.4,6451,666,6442.95,6436.15,6420.97,6395.65,6361.96,6447.44,6451.08,6452.63,6403.6,6320.8,6389.8,6292.4,0,6.66,8.16,9.98,9.56,0,0,0,0,           ,0,1,0,0,0,0,1.04,0.85,0.82,0.82,0.67,0.7,1.28,0,6.66,8.16,9.98,9.56,0,0,0,0,           ,0,1,0,0,0,0,1.04,0.85,0.82,0.82,0.67,0.7,1.28
2025/08/13-13:55,6451,6451.8,6444,6444.2,752,6443.3,6437.39,6422.83,6397.63,6363.66,6450.83,6453.56,6454.73,6403.6,6320.8,6389.8,6292.4,0,7.52,8.05,9.86,9.54,0,0,0,0,           ,0,1,0,0,0,0,1.03,0.84,0.82,0.93,0.76,0.79,1.13,0,7.52,8.05,9.86,9.54,0,0,0,0,           ,0,1,0,0,0,0,1.03,0.84,0.82,0.93,0.76,0.79,1.13
2025/08/13-14:00,6444,6449.4,6442.2,6449.4,741,6445.05,6439.24,6424.95,6399.75,6365.43,6454.22,6456.04,6456.82,6403.6,6320.8,6389.8,6292.4,0,7.41,7.93,9.74,9.52,0,0,0,0,           ,0,1,0,0,0,0,1.02,0.83,0.81,0.93,0.76,0.78,0.99,0,7.41,7.93,9.74,9.52,0,0,0,0,           ,0,1,0,0,0,0,1.02,0.83,0.81,0.93,0.76,0.78,0.99
2025/08/13-14:05,6449.8,6458.8,6449.8,6455,1132,6447.89,6441.66,6427.36,6402,6367.27,6457.61,6458.52,6458.91,6403.6,6320.8,6389.8,6292.4,0,11.32,8.55,9.82,9.53,0,0,0,0,           ,0,0,1,1,0,0,1.03,0.9,0.87,1.32,1.15,1.19,1.53,0,11.32,8.55,9.82,9.53,0,0,0,0,           ,0,0,1,1,0,0,1.03,0.9,0.87,1.32,1.15,1.19,1.53
2025/08/13-14:10,6454.8,6463,6452.2,6461,936,6451.64,6444.64,6430.05,6404.41,6369.21,6461,6461,6461,6461,6461,6389.8,6292.4,0,9.36,8.69,9.8,9.53,0,0,0,0,           ,0,1,0,0,0,0,1.03,0.91,0.89,1.08,0.96,0.98,0.83,0,9.36,8.69,9.8,9.53,0,0,0,0,           ,0,1,0,0,0,0,1.03,0.91,0.89,1.08,0.96,0.98,0.83
2025/08/13-14:15,6461,6462.2,6449.4,6454,893,6452.31,6446.08,6431.96,6406.43,6370.95,6453,6453,6458.46,6461,6461,6389.8,6292.4,0,8.93,8.74,9.76,9.53,0,0,0,0,           ,0,1,0,0,0,0,1.02,0.92,0.9,1.02,0.92,0.94,0.95,0,8.93,8.74,9.76,9.53,0,0,0,0,           ,0,1,0,0,0,0,1.02,0.92,0.9,1.02,0.92,0.94,0.95
2025/08/13-14:20,6454,6462.2,6450.2,6450.2,1044,6451.71,6446.71,6433.42,6408.22,6372.59,6445,6445,6455.91,6461,6461,6389.8,6292.4,0,10.44,9.05,9.79,9.54,0,0,0,0,           ,0,1,0,0,0,0,1.03,0.95,0.92,1.15,1.07,1.09,1.17,0,10.44,9.05,9.79,9.54,0,0,0,0,           ,0,1,0,0,0,0,1.03,0.95,0.92,1.15,1.07,1.09,1.17
2025/08/13-14:25,6450.4,6450.4,6434,6443.4,1668,6449.33,6446.2,6434.22,6409.66,6374.05,6437,6437,6453.37,6461,6461,6389.8,6292.4,0,16.68,10.43,10.13,9.61,0,0,0,0,           ,0,0,1,1,0,0,1.05,1.09,1.03,1.6,1.65,1.74,1.6,0,16.68,10.43,10.13,9.61,0,0,0,0,           ,0,0,1,1,0,0,1.05,1.09,1.03,1.6,1.65,1.74,1.6
2025/08/13-14:30,6442.8,6443.8,6420,6429,1894,6443.52,6443.56,6433.8,6410.45,6375.18,6429,6429,6450.83,6461,6461,6429,6429,0,18.94,11.98,10.56,9.7,0,0,0,0,           ,0,0,1,0,0,0,1.09,1.24,1.14,1.58,1.79,1.95,1.14,0,18.94,11.98,10.56,9.7,0,0,0,0,           ,0,0,1,0,0,0,1.09,1.24,1.14,1.58,1.79,1.95,1.14
2025/08/13-14:35,6429,6437,6428.4,6429,1098,6439.37,6441.32,6433.42,6411.2,6376.29,6432.8,6430.51,6448.28,6461,6461,6429,6429,0,10.98,11.8,10.58,9.71,0,0,0,0,           ,0,1,0,0,0,0,1.09,1.21,1.12,0.93,1.04,1.13,0.58,0,10.98,11.8,10.58,9.71,0,0,0,0,           ,0,1,0,0,0,0,1.09,1.21,1.12,0.93,1.04,1.13,0.58
2025/08/13-14:40,6429,6441.2,6425,6439.4,975,6439.38,6441.02,6433.9,6412.35,6377.59,6436.6,6432.01,6445.74,6461,6461,6429,6429,0,9.75,11.43,10.54,9.71,0,0,0,0,           ,0,1,0,0,0,0,1.08,1.18,1.08,0.85,0.93,1,0.89,0,9.75,11.43,10.54,9.71,0,0,0,0,           ,0,1,0,0,0,0,1.08,1.18,1.08,0.85,0.93,1,0.89
2025/08/13-14:45,6438,6443.6,6436,6441.8,800,6440.07,6441.14,6434.53,6413.56,6378.92,6440.4,6433.52,6443.19,6461,6461,6429,6429,0,8,10.8,10.41,9.7,0,0,0,0,           ,1,0,0,0,0,0,1.07,1.11,1.04,0.74,0.77,0.83,0.82,0,8,10.8,10.41,9.7,0,0,0,0,           ,1,0,0,0,0,0,1.07,1.11,1.04,0.74,0.77,0.83,0.82
2025/08/13-14:50,6441.8,6466,6441,6442.2,1416,6440.68,6441.3,6435.14,6414.72,6380.22,6444.2,6435.02,6440.65,6461,6461,6429,6429,0,14.16,11.41,10.59,9.74,0,0,0,0,           ,0,0,1,1,0,0,1.09,1.17,1.08,1.24,1.34,1.45,1.77,0,14.16,11.41,10.59,9.74,0,0,0,0,           ,0,0,1,1,0,0,1.09,1.17,1.08,1.24,1.34,1.45,1.77
2025/08/13-14:55,6442.2,6450.6,6438,6448.6,1254,6442.94,6442.43,6436.22,6416.11,6381.63,6448,6436.53,6438.11,6461,6461,6429,6429,0,12.54,11.62,10.69,9.77,0,0,0,0,           ,0,1,0,0,0,0,1.09,1.19,1.09,1.08,1.17,1.28,0.89,0,12.54,11.62,10.69,9.77,0,0,0,0,           ,0,1,0,0,0,0,1.09,1.19,1.09,1.08,1.17,1.28,0.89
2025/08/13-15:00,6449.4,6452,6447.4,6451.8,1471,6445.47,6443.87,6437.47,6417.56,6383.08,6451.8,6438.03,6435.56,6451.8,6461,6429,6429,0,14.71,12.18,10.89,9.82,0,0,0,0,           ,0,0,1,0,0,0,1.11,1.24,1.12,1.21,1.35,1.5,1.17,0,14.71,12.18,10.89,9.82,0,0,0,0,           ,0,0,1,0,0,0,1.11,1.24,1.12,1.21,1.35,1.5,1.17
2025/08/14-09:35,6466,6468.8,6450,6451.6,4070,6447.22,6445.06,6438.6,6418.95,6384.49,6449.37,6439.54,6433.02,6451.8,6461,6429,6429,0,40.7,17.37,12.34,10.12,0,1,0,1,17.37,0,0,1,1,1,1,1.22,1.72,1.41,2.34,3.3,4.02,2.77,0,40.7,17.37,12.34,10.12,0,1,0,1,17.37,0,0,1,1,1,1,1.22,1.72,1.41,2.34,3.3,4.02,2.77
2025/08/14-09:40,6451.8,6453.4,6441,6441.8,2416,6445.67,6444.56,6438.85,6419.89,6385.67,6446.93,6441.04,6430.48,6451.8,6461,6429,6429,0,24.16,18.6,12.92,10.26,0,0,0,1,18.6,0,0,1,0,0,0,1.26,1.81,1.44,1.3,1.87,2.35,0.59,0,24.16,18.6,12.92,10.26,0,0,0,1,18.6,0,0,1,0,0,0,1.26,1.81,1.44,1.3,1.87,2.35,0.59
2025/08/14-09:45,6441.8,6448.4,6439.2,6442,2073,6444.62,6444.16,6439.11,6420.79,6386.83,6444.5,6442.55,6427.93,6451.8,6461,6429,6429,0,20.73,18.99,13.3,10.37,0,0,0,0,18.99,0,1,0,0,0,0,1.28,1.83,1.43,1.09,1.56,2,0.86,0,20.73,18.99,13.3,10.37,0,0,0,0,18.99,0,1,0,0,0,0,1.28,1.83,1.43,1.09,1.56,2,0.86
2025/08/14-09:50,6442,6451.4,6434.2,6448.4,1990,6445.7,6444.81,6439.85,6421.92,6388.1,6442.07,6444.05,6425.39,6451.8,6461,6429,6429,0,19.9,19.15,13.62,10.46,0,0,0,0,19.15,0,1,0,0,0,0,1.3,1.83,1.41,1.04,1.46,1.9,0.96,0,19.9,19.15,13.62,10.46,0,0,0,0,19.15,0,1,0,0,0,0,1.3,1.83,1.41,1.04,1.46,1.9,0.96
2025/08/14-09:55,6448.4,6454.8,6438.8,6444.4,2043,6445.33,6444.75,6440.21,6422.83,6389.26,6439.63,6445.56,6422.85,6451.8,6461,6429,6429,0,20.43,19.39,13.95,10.56,0,0,0,0,19.39,0,1,0,0,0,0,1.32,1.84,1.39,1.05,1.46,1.93,1.03,0,20.43,19.39,13.95,10.56,0,0,0,0,19.39,0,1,0,0,0,0,1.32,1.84,1.39,1.05,1.46,1.93,1.03
2025/08/14-10:00,6444.2,6446.8,6435,6437.2,1180,6443.01,6443.59,6439.97,6423.42,6390.25,6437.2,6447.06,6420.3,6451.8,6461,6437.2,6429,0,11.8,18.01,13.85,10.57,0,0,0,0,18.01,1,0,0,0,0,0,1.31,1.7,1.3,0.66,0.85,1.12,0.58,0,11.8,18.01,13.85,10.57,0,0,0,0,18.01,1,0,0,0,0,0,1.31,1.7,1.3,0.66,0.85,1.12,0.58
2025/08/14-10:05,6437.2,6448.8,6433.8,6446.8,1253,6444.09,6444.08,6440.52,6424.37,6391.42,6440.11,6448.57,6417.76,6451.8,6461,6437.2,6429,0,12.53,17.01,13.78,10.59,0,0,0,0,17.01,1,0,0,0,0,0,1.3,1.61,1.23,0.74,0.91,1.18,1.06,0,12.53,17.01,13.78,10.59,0,0,0,0,17.01,1,0,0,0,0,0,1.3,1.61,1.23,0.74,0.91,1.18,1.06
2025/08/14-10:10,6446.8,6457,6441,6453,1257,6446.64,6445.46,6441.52,6425.54,6392.69,6443.03,6450.07,6415.22,6451.8,6461,6437.2,6429,0,12.57,16.2,13.72,10.61,0,0,0,0,16.2,1,0,0,0,0,0,1.29,1.53,1.18,0.78,0.92,1.18,1,0,12.57,16.2,13.72,10.61,0,0,0,0,16.2,1,0,0,0,0,0,1.29,1.53,1.18,0.78,0.92,1.18,1
2025/08/14-10:15,6452.8,6455,6444.2,6446,1325,6446.45,6445.54,6441.88,6426.38,6393.79,6445.94,6451.58,6412.67,6451.8,6461,6437.2,6429,0,13.25,15.67,13.7,10.64,0,0,0,0,15.67,0,1,0,0,0,0,1.29,1.47,1.14,0.85,0.97,1.25,1.05,0,13.25,15.67,13.7,10.64,0,0,0,0,15.67,0,1,0,0,0,0,1.29,1.47,1.14,0.85,0.97,1.25,1.05
2025/08/14-10:20,6446,6453.6,6444,6447.2,920,6446.67,6445.79,6442.3,6427.23,6394.89,6448.86,6453.08,6410.13,6451.8,6461,6437.2,6429,0,9.2,14.49,13.48,10.63,0,0,0,0,14.49,1,0,0,0,0,0,1.27,1.36,1.07,0.63,0.68,0.87,0.69,0,9.2,14.49,13.48,10.63,0,0,0,0,14.49,1,0,0,0,0,0,1.27,1.36,1.07,0.63,0.68,0.87,0.69
2025/08/14-10:25,6447.4,6452.8,6445.4,6451.4,620,6448.02,6446.66,6443.03,6428.21,6396.05,6451.77,6454.59,6407.58,6451.8,6461,6437.2,6429,0,6.2,12.98,13.13,10.58,0,0,0,0,           ,1,0,0,0,0,0,1.24,1.23,0.99,0.48,0.47,0.59,0.67,0,6.2,12.98,13.13,10.58,0,0,0,0,           ,1,0,0,0,0,0,1.24,1.23,0.99,0.48,0.47,0.59,0.67
2025/08/14-10:30,6452.2,6458.2,6449.2,6456.6,928,6450.47,6448.19,6444.11,6429.37,6397.3,6454.69,6456.09,6405.04,6451.8,6461,6437.2,6429,0,9.28,12.31,12.94,10.57,0,0,0,0,           ,1,0,0,0,0,0,1.22,1.16,0.95,0.75,0.72,0.88,1.5,0,9.28,12.31,12.94,10.57,0,0,0,0,           ,1,0,0,0,0,0,1.22,1.16,0.95,0.75,0.72,0.88,1.5
2025/08/14-10:35,6456.8,6464,6456.8,6457.6,1027,6452.51,6449.63,6445.19,6430.53,6398.54,6457.6,6457.6,6402.5,6457.6,6457.6,6437.2,6429,0,10.27,11.94,12.81,10.57,0,0,0,0,           ,0,1,0,0,0,0,1.21,1.13,0.93,0.86,0.8,0.97,1.11,0,10.27,11.94,12.81,10.57,0,0,0,0,           ,0,1,0,0,0,0,1.21,1.13,0.93,0.86,0.8,0.97,1.11
2025/08/14-10:40,6457.6,6466.2,6448.8,6453.2,1148,6452.71,6450.18,6445.83,6431.45,6399.67,6451.61,6451.61,6399.95,6457.6,6457.6,6437.2,6429,0,11.48,11.86,12.74,10.57,0,0,0,0,           ,0,1,0,0,0,0,1.21,1.12,0.93,0.97,0.9,1.09,1.12,0,11.48,11.86,12.74,10.57,0,0,0,0,           ,0,1,0,0,0,0,1.21,1.12,0.93,0.97,0.9,1.09,1.12
2025/08/14-10:45,6452.2,6453,6444,6445.8,995,6450.73,6449.51,6445.83,6432.04,6400.62,6445.63,6445.63,6397.41,6457.6,6457.6,6437.2,6429,0,9.95,11.51,12.61,10.57,0,0,0,0,           ,0,1,0,0,0,0,1.19,1.09,0.91,0.86,0.79,0.94,0.87,0,9.95,11.51,12.61,10.57,0,0,0,0,           ,0,1,0,0,0,0,1.19,1.09,0.91,0.86,0.79,0.94,0.87
2025/08/14-10:50,6445.8,6447.4,6426.4,6435.4,1831,6446.35,6447.34,6445,6432.17,6401.34,6439.64,6439.64,6394.87,6457.6,6457.6,6437.2,6429,0,18.31,12.75,12.89,10.65,0,0,0,0,           ,0,0,1,1,0,0,1.21,1.2,0.99,1.44,1.42,1.72,1.84,0,18.31,12.75,12.89,10.65,0,0,0,0,           ,0,0,1,1,0,0,1.21,1.2,0.99,1.44,1.42,1.72,1.84
2025/08/14-10:55,6434.8,6441,6432.8,6436.4,1129,6443.51,6445.66,6444.31,6432.35,6402.06,6433.65,6433.65,6392.32,6457.6,6457.6,6437.2,6429,0,11.29,12.48,12.81,10.65,0,0,0,0,           ,0,1,0,0,0,0,1.2,1.17,0.97,0.9,0.88,1.06,0.62,0,11.29,12.48,12.81,10.65,0,0,0,0,           ,0,1,0,0,0,0,1.2,1.17,0.97,0.9,0.88,1.06,0.62
2025/08/14-11:00,6437,6441.2,6433,6435.4,722,6441.19,6444.08,6443.6,6432.47,6402.75,6427.66,6427.66,6389.78,6457.6,6457.6,6437.2,6429,0,7.22,11.52,12.53,10.62,0,0,0,0,           ,1,0,0,0,0,0,1.18,1.09,0.92,0.63,0.58,0.68,0.64,0,7.22,11.52,12.53,10.62,0,0,0,0,           ,1,0,0,0,0,0,1.18,1.09,0.92,0.63,0.58,0.68,0.64
2025/08/14-11:05,6435.8,6445.4,6434.2,6444.2,879,6442.05,6444.1,6443.64,6432.95,6403.6,6421.67,6421.67,6387.24,6457.6,6457.6,6437.2,6429,0,8.79,11.03,12.35,10.6,0,0,0,0,           ,0,1,0,0,0,0,1.17,1.04,0.89,0.8,0.71,0.83,1.22,0,8.79,11.03,12.35,10.6,0,0,0,0,           ,0,1,0,0,0,0,1.17,1.04,0.89,0.8,0.71,0.83,1.22
2025/08/14-11:10,6444,6447,6437.2,6439.4,800,6441.29,6443.37,6443.31,6433.21,6404.34,6415.69,6415.69,6384.69,6457.6,6457.6,6437.2,6429,0,8,10.48,12.14,10.57,0,0,0,0,           ,1,0,0,0,0,0,1.15,0.99,0.86,0.76,0.66,0.76,0.91,0,8,10.48,12.14,10.57,0,0,0,0,           ,1,0,0,0,0,0,1.15,0.99,0.86,0.76,0.66,0.76,0.91
2025/08/14-11:15,6439.4,6449.4,6438.4,6446.4,604,6442.75,6443.84,6443.55,6433.75,6405.21,6409.7,6409.7,6382.15,6457.6,6457.6,6437.2,6429,0,6.04,9.67,11.84,10.53,0,0,0,0,           ,1,0,0,0,0,0,1.12,0.92,0.82,0.62,0.51,0.57,0.75,0,6.04,9.67,11.84,10.53,0,0,0,0,           ,1,0,0,0,0,0,1.12,0.92,0.82,0.62,0.51,0.57,0.75
2025/08/14-11:20,6445.8,6447.6,6440,6443.2,563,6442.88,6443.74,6443.52,6434.14,6405.99,6403.71,6403.71,6379.6,6457.6,6457.6,6437.2,6429,0,5.63,8.94,11.54,10.48,0,0,0,0,           ,1,0,0,0,0,0,1.1,0.85,0.77,0.63,0.49,0.54,0.93,0,5.63,8.94,11.54,10.48,0,0,0,0,           ,1,0,0,0,0,0,1.1,0.85,0.77,0.63,0.49,0.54,0.93
2025/08/14-11:25,6443.2,6444.6,6437.2,6438.6,543,6441.66,6442.95,6443.13,6434.32,6406.67,6397.73,6397.73,6377.06,6457.6,6457.6,6437.2,6429,0,5.43,8.3,11.24,10.43,0,0,0,0,           ,1,0,0,0,0,0,1.08,0.8,0.74,0.65,0.48,0.52,0.96,0,5.43,8.3,11.24,10.43,0,0,0,0,           ,1,0,0,0,0,0,1.08,0.8,0.74,0.65,0.48,0.52,0.96
2025/08/14-11:30,6438.4,6439.4,6421,6422.2,1484,6436.1,6439.76,6441.46,6433.82,6406.99,6391.74,6391.74,6374.52,6457.6,6457.6,6437.2,6429,0,14.84,9.49,11.42,10.47,0,0,0,0,           ,0,0,1,1,0,0,1.09,0.91,0.83,1.56,1.3,1.42,2.73,0,14.84,9.49,11.42,10.47,0,0,0,0,           ,0,0,1,1,0,0,1.09,0.91,0.83,1.56,1.3,1.42,2.73
2025/08/14-13:05,6421,6422,6409,6411.2,2028,6428.98,6435.36,6439.04,6432.9,6407.07,6385.75,6385.75,6371.97,6457.6,6457.6,6437.2,6429,0,20.28,11.45,11.85,10.57,0,0,0,0,           ,0,0,1,0,0,0,1.12,1.08,0.97,1.77,1.71,1.92,1.37,0,20.28,11.45,11.85,10.57,0,0,0,0,           ,0,0,1,0,0,0,1.12,1.08,0.97,1.77,1.71,1.92,1.37
2025/08/14-13:10,6410.8,6412,6388,6393,2639,6418.7,6428.85,6435.35,6431.27,6406.78,6379.76,6379.76,6369.43,6457.6,6457.6,6437.2,6429,0,26.39,14.17,12.56,10.73,0,0,0,1,14.17,0,0,1,0,0,0,1.17,1.32,1.13,1.86,2.1,2.46,1.3,0,26.39,14.17,12.56,10.73,0,0,0,1,14.17,0,0,1,0,0,0,1.17,1.32,1.13,1.86,2.1,2.46,1.3
2025/08/14-13:15,6393.2,6397,6386.6,6391,1603,6410.79,6423.02,6431.8,6429.63,6406.46,6373.77,6373.77,6366.89,6457.6,6457.6,6437.2,6429,0,16.03,14.51,12.73,10.78,0,0,0,0,14.51,0,1,0,0,0,0,1.18,1.35,1.14,1.11,1.26,1.49,0.61,0,16.03,14.51,12.73,10.78,0,0,0,0,14.51,0,1,0,0,0,0,1.18,1.35,1.14,1.11,1.26,1.49,0.61
2025/08/14-13:20,6391.2,6391.2,6375.2,6378.6,2113,6401.59,6416.19,6427.55,6427.55,6405.88,6367.79,6367.79,6364.34,6457.6,6457.6,6437.2,6429,0,21.13,15.71,13.14,10.88,0,0,0,0,15.71,0,0,1,0,0,0,1.21,1.44,1.2,1.35,1.61,1.94,1.32,0,21.13,15.71,13.14,10.88,0,0,0,0,15.71,0,0,1,0,0,0,1.21,1.44,1.2,1.35,1.61,1.94,1.32
2025/08/14-13:25,6378.4,6382.8,6361.6,6361.8,2122,6390.22,6407.82,6422.29,6424.86,6404.97,6361.8,6361.8,6361.8,6457.6,6457.6,6361.8,6361.8,0,21.22,16.71,13.53,10.99,0,0,0,0,16.71,0,0,1,0,0,0,1.23,1.52,1.23,1.27,1.57,1.93,1,0,21.22,16.71,13.53,10.99,0,0,0,0,16.71,0,0,1,0,0,0,1.23,1.52,1.23,1.27,1.57,1.93,1
2025/08/14-13:30,6361.8,6381,6358.2,6380.4,2756,6387.42,6403.6,6418.94,6423.05,6404.47,6367.73,6367.73,6365.27,6457.6,6457.6,6361.8,6361.8,0,27.56,18.68,14.22,11.15,0,0,0,1,18.68,0,0,1,0,0,0,1.27,1.68,1.31,1.48,1.94,2.47,1.3,0,27.56,18.68,14.22,11.15,0,0,0,1,18.68,0,0,1,0,0,0,1.27,1.68,1.31,1.48,1.94,2.47,1.3
2025/08/14-13:35,6379.8,6392,6375.6,6392,1674,6388.73,6401.82,6416.78,6421.78,6404.21,6373.67,6373.67,6368.74,6457.6,6457.6,6361.8,6361.8,0,16.74,18.33,14.34,11.21,0,0,0,0,18.33,0,1,0,0,0,0,1.28,1.64,1.28,0.91,1.17,1.49,0.61,0,16.74,18.33,14.34,11.21,0,0,0,0,18.33,0,1,0,0,0,0,1.28,1.64,1.28,0.91,1.17,1.49,0.61
2025/08/14-13:40,6392,6401.8,6387.4,6398.4,1436,6391.49,6401.29,6415.31,6420.83,6404.09,6379.6,6379.6,6372.22,6457.6,6457.6,6361.8,6361.8,0,14.36,17.61,14.34,11.24,0,0,0,0,17.61,0,1,0,0,0,0,1.28,1.57,1.23,0.82,1,1.28,0.86,0,14.36,17.61,14.34,11.24,0,0,0,0,17.61,0,1,0,0,0,0,1.28,1.57,1.23,0.82,1,1.28,0.86
2025/08/14-13:45,6399.4,6401.4,6386.8,6396.2,1078,6392.84,6400.51,6413.78,6419.82,6403.93,6385.53,6385.53,6375.69,6457.6,6457.6,6361.8,6361.8,0,10.78,16.37,14.17,11.23,0,0,0,0,16.37,1,0,0,0,0,0,1.26,1.46,1.16,0.66,0.76,0.96,0.75,0,10.78,16.37,14.17,11.23,0,0,0,0,16.37,1,0,0,0,0,0,1.26,1.46,1.16,0.66,0.76,0.96,0.75
2025/08/14-13:50,6396.6,6403.8,6392.8,6402,1063,6395.45,6400.74,6412.84,6419.09,6403.89,6391.47,6391.47,6379.16,6457.6,6457.6,6361.8,6361.8,0,10.63,15.32,13.99,11.23,0,0,0,0,15.32,1,0,0,0,0,0,1.25,1.36,1.1,0.69,0.76,0.95,0.99,0,10.63,15.32,13.99,11.23,0,0,0,0,15.32,1,0,0,0,0,0,1.25,1.36,1.1,0.69,0.76,0.95,0.99
2025/08/14-13:55,6401,6407.4,6398.4,6402.2,942,6397.38,6400.96,6411.99,6418.4,6403.85,6397.4,6397.4,6382.63,6457.6,6457.6,6361.8,6361.8,0,9.42,14.25,13.77,11.21,0,0,0,0,           ,1,0,0,0,0,0,1.23,1.27,1.03,0.66,0.68,0.84,0.89,0,9.42,14.25,13.77,11.21,0,0,0,0,           ,1,0,0,0,0,0,1.23,1.27,1.03,0.66,0.68,0.84,0.89
2025/08/14-14:00,6401,6407,6393.6,6398.6,870,6397.73,6400.6,6410.92,6417.6,6403.75,6403.33,6403.33,6386.11,6457.6,6457.6,6361.8,6361.8,0,8.7,13.24,13.52,11.19,0,0,0,0,           ,1,0,0,0,0,0,1.21,1.18,0.98,0.66,0.64,0.78,0.92,0,8.7,13.24,13.52,11.19,0,0,0,0,           ,1,0,0,0,0,0,1.21,1.18,0.98,0.66,0.64,0.78,0.92
2025/08/14-14:05,6399,6414.2,6397.4,6414.2,1267,6402.44,6402.69,6411.18,6417.46,6403.96,6409.27,6409.27,6389.58,6457.6,6457.6,6361.8,6361.8,0,12.67,13.14,13.48,11.2,0,0,0,0,           ,0,1,0,0,0,0,1.2,1.17,0.97,0.96,0.94,1.13,1.46,0,12.67,13.14,13.48,11.2,0,0,0,0,           ,0,1,0,0,0,0,1.2,1.17,0.97,0.96,0.94,1.13,1.46
2025/08/14-14:10,6412.6,6417,6410,6415.2,1111,6406.08,6404.62,6411.5,6417.36,6404.19,6415.2,6415.2,6393.05,6415.2,6415.2,6361.8,6361.8,0,11.11,12.77,13.37,11.2,0,0,0,0,           ,0,1,0,0,0,0,1.19,1.14,0.96,0.87,0.83,0.99,0.88,0,11.11,12.77,13.37,11.2,0,0,0,0,           ,0,1,0,0,0,0,1.19,1.14,0.96,0.87,0.83,0.99,0.88
2025/08/14-14:15,6414.2,6416.4,6402,6402.2,909,6404.97,6404.24,6410.76,6416.75,6404.15,6411.7,6411.7,6396.52,6415.2,6415.2,6361.8,6361.8,0,9.09,12.1,13.16,11.18,0,0,0,0,           ,1,0,0,0,0,0,1.18,1.08,0.92,0.75,0.69,0.81,0.82,0,9.09,12.1,13.16,11.18,0,0,0,0,           ,1,0,0,0,0,0,1.18,1.08,0.92,0.75,0.69,0.81,0.82
2025/08/14-14:20,6402.4,6410,6400,6403,622,6404.41,6404.05,6410.14,6416.18,6404.13,6408.2,6408.2,6400,6415.2,6415.2,6361.8,6361.8,0,6.22,11.03,12.82,11.13,0,0,0,0,           ,1,0,0,0,0,0,1.15,0.99,0.86,0.56,0.49,0.56,0.68,0,6.22,11.03,12.82,11.13,0,0,0,0,           ,1,0,0,0,0,0,1.15,0.99,0.86,0.56,0.49,0.56,0.68
2025/08/14-14:25,6403.2,6411.8,6400.6,6411.4,531,6406.41,6405.18,6410.24,6415.99,6404.28,6404.7,6404.7,6403.47,6415.2,6415.2,6361.8,6361.8,0,5.31,9.99,12.45,11.07,0,0,0,0,           ,1,0,0,0,0,0,1.12,0.9,0.8,0.53,0.43,0.48,0.85,0,5.31,9.99,12.45,11.07,0,0,0,0,           ,1,0,0,0,0,0,1.12,0.9,0.8,0.53,0.43,0.48,0.85
2025/08/14-14:30,6412,6415,6404.8,6409.2,673,6407.21,6405.8,6410.16,6415.71,6404.38,6401.2,6401.2,6406.94,6415.2,6415.2,6361.8,6361.8,0,6.73,9.4,12.17,11.03,0,0,0,0,           ,1,0,0,0,0,0,1.1,0.85,0.77,0.72,0.55,0.61,1.27,0,6.73,9.4,12.17,11.03,0,0,0,0,           ,1,0,0,0,0,0,1.1,0.85,0.77,0.72,0.55,0.61,1.27
2025/08/14-14:35,6409.2,6413.6,6402,6402,666,6405.72,6405.22,6409.5,6415.15,6404.33,6397.7,6397.7,6410.42,6415.2,6415.2,6361.8,6361.8,0,6.66,8.9,11.9,10.98,0,0,0,0,           ,1,0,0,0,0,0,1.08,0.81,0.75,0.75,0.56,0.61,0.99,0,6.66,8.9,11.9,10.98,0,0,0,0,           ,1,0,0,0,0,0,1.08,0.81,0.75,0.75,0.56,0.61,0.99
2025/08/14-14:40,6401.8,6404.2,6392,6397,1068,6403.23,6403.95,6408.5,6414.41,6404.18,6394.2,6394.2,6413.89,6415.2,6415.2,6361.8,6361.8,0,10.68,9.22,11.85,10.98,0,0,0,0,           ,0,1,0,1,0,0,1.08,0.84,0.78,1.16,0.9,0.97,1.6,0,10.68,9.22,11.85,10.98,0,0,0,0,           ,0,1,0,1,0,0,1.08,0.84,0.78,1.16,0.9,0.97,1.6
2025/08/14-14:45,6397,6402.8,6385.2,6387.2,1405,6398.65,6401.38,6406.8,6413.3,6403.83,6390.7,6390.7,6417.36,6415.2,6415.2,6361.8,6361.8,0,14.05,10.1,11.95,11.01,0,0,0,0,           ,0,0,1,0,0,0,1.09,0.92,0.85,1.39,1.18,1.28,1.32,0,14.05,10.1,11.95,11.01,0,0,0,0,           ,0,0,1,0,0,0,1.09,0.92,0.85,1.39,1.18,1.28,1.32
2025/08/14-14:50,6386.8,6390.4,6375,6385.4,1664,6394.86,6398.92,6405.09,6412.16,6403.45,6387.2,6387.2,6420.83,6415.2,6415.2,6361.8,6361.8,0,16.64,11.29,12.18,11.07,0,0,0,0,           ,0,0,1,0,0,0,1.1,1.02,0.93,1.47,1.37,1.5,1.18,0,16.64,11.29,12.18,11.07,0,0,0,0,           ,0,0,1,0,0,0,1.1,1.02,0.93,1.47,1.37,1.5,1.18
2025/08/14-14:55,6384.6,6385.8,6377,6381.4,1573,6391.02,6396.22,6403.19,6410.91,6402.99,6383.7,6383.7,6424.31,6415.2,6415.2,6361.8,6361.8,0,15.73,12.1,12.35,11.11,0,0,0,0,           ,0,0,1,0,0,0,1.11,1.09,0.98,1.3,1.27,1.42,0.95,0,15.73,12.1,12.35,11.11,0,0,0,0,           ,0,0,1,0,0,0,1.11,1.09,0.98,1.3,1.27,1.42,0.95
2025/08/14-15:00,6381.4,6385,6378,6380.2,2030,6387.93,6393.76,6401.35,6409.65,6402.52,6380.2,6380.2,6427.78,6415.2,6415.2,6380.2,6380.2,0,20.3,13.59,12.74,11.21,0,0,0,0,           ,0,0,1,0,0,0,1.14,1.21,1.07,1.49,1.59,1.81,1.29,0,20.3,13.59,12.74,11.21,0,0,0,0,           ,0,0,1,0,0,0,1.14,1.21,1.07,1.49,1.59,1.81,1.29
2025/08/15-09:35,6365,6409.2,6365,6409.2,5399,6394,6396.13,6401.98,6409.63,6402.66,6398.8,6384.17,6431.25,6415.2,6415.2,6380.2,6380.2,0,53.99,20.93,14.75,11.63,0,1,0,1,20.93,0,0,1,1,1,1,1.27,1.8,1.42,2.58,3.66,4.64,2.66,0,53.99,20.93,14.75,11.63,0,1,0,1,20.93,0,0,1,1,1,1,1.27,1.8,1.42,2.58,3.66,4.64,2.66
2025/08/15-09:40,6408.8,6421.4,6404.4,6417,3103,6400.57,6399.34,6403.18,6409.94,6402.96,6417.4,6388.14,6434.72,6415.2,6415.2,6380.2,6380.2,0,31.03,22.77,15.55,11.82,0,0,0,1,22.77,0,0,1,0,0,0,1.31,1.93,1.46,1.36,2,2.62,0.57,0,31.03,22.77,15.55,11.82,0,0,0,1,22.77,0,0,1,0,0,0,1.31,1.93,1.46,1.36,2,2.62,0.57
2025/08/15-09:45,6417.2,6431,6417.2,6430.2,2705,6409.04,6404.09,6405.34,6410.76,6403.52,6436,6392.11,6438.2,6415.2,6415.2,6380.2,6380.2,0,27.05,23.55,16.11,11.98,0,0,0,1,23.55,0,1,0,0,0,0,1.35,1.97,1.46,1.15,1.68,2.26,0.87,0,27.05,23.55,16.11,11.98,0,0,0,1,23.55,0,1,0,0,0,0,1.35,1.97,1.46,1.15,1.68,2.26,0.87
2025/08/15-09:50,6430.6,6455,6427.8,6454.6,3761,6422.06,6411.86,6409.28,6412.55,6404.57,6454.6,6396.09,6441.67,6454.6,6415.2,6380.2,6380.2,0,37.61,26.1,17.16,12.23,0,1,0,1,26.1,0,0,1,0,1,1,1.4,2.13,1.52,1.44,2.19,3.07,1.39,0,37.61,26.1,17.16,12.23,0,1,0,1,26.1,0,0,1,0,1,1,1.4,2.13,1.52,1.44,2.19,3.07,1.39
2025/08/15-09:55,6454.4,6455.8,6442.2,6451.6,3239,6430.5,6417.98,6412.67,6414.15,6405.54,6449.47,6400.06,6445.14,6454.6,6415.2,6380.2,6380.2,0,32.39,27.25,17.9,12.43,0,0,0,1,27.25,0,1,0,0,0,0,1.44,2.19,1.52,1.19,1.81,2.61,0.86,0,32.39,27.25,17.9,12.43,0,0,0,1,27.25,0,1,0,0,0,0,1.44,2.19,1.52,1.19,1.81,2.61,0.86
2025/08/15-10:00,6451.8,6452,6439.2,6451,1815,6436.36,6423.06,6415.74,6415.65,6406.48,6444.33,6404.03,6448.61,6454.6,6415.2,6380.2,6380.2,0,18.15,25.59,17.91,12.49,0,0,0,0,25.59,1,0,0,0,0,0,1.43,2.05,1.43,0.71,1.01,1.45,0.56,0,18.15,25.59,17.91,12.49,0,0,0,0,25.59,1,0,0,0,0,0,1.43,2.05,1.43,0.71,1.01,1.45,0.56
2025/08/15-10:05,6451.4,6455,6436.4,6439.2,1866,6437.17,6425.54,6417.61,6416.61,6407.15,6439.2,6408,6452.09,6454.6,6415.2,6439.2,6380.2,0,18.66,24.33,17.95,12.55,0,0,0,0,24.33,1,0,0,0,0,0,1.43,1.94,1.36,0.77,1.04,1.49,1.03,0,18.66,24.33,17.95,12.55,0,0,0,0,24.33,1,0,0,0,0,0,1.43,1.94,1.36,0.77,1.04,1.49,1.03
2025/08/15-10:10,6439.4,6448.6,6436.4,6446.8,1414,6439.92,6428.81,6419.95,6417.84,6407.97,6449.6,6411.97,6455.56,6454.6,6415.2,6439.2,6380.2,0,14.14,22.48,17.76,12.57,0,0,0,0,22.48,1,0,0,0,0,0,1.41,1.79,1.27,0.63,0.8,1.13,0.76,0,14.14,22.48,17.76,12.57,0,0,0,0,22.48,1,0,0,0,0,0,1.41,1.79,1.27,0.63,0.8,1.13,0.76
2025/08/15-10:15,6447.2,6469.8,6446.8,6466.8,1953,6447.6,6434.66,6423.7,6419.84,6409.18,6460,6415.94,6459.03,6454.6,6415.2,6439.2,6380.2,0,19.53,21.94,17.85,12.64,0,0,0,0,21.94,0,1,0,0,0,0,1.41,1.74,1.23,0.89,1.09,1.55,1.38,0,19.53,21.94,17.85,12.64,0,0,0,0,21.94,0,1,0,0,0,0,1.41,1.74,1.23,0.89,1.09,1.55,1.38
2025/08/15-10:20,6468,6478.2,6465,6470.4,2488,6454.11,6440.15,6427.43,6421.91,6410.45,6470.4,6419.91,6462.5,6470.4,6415.2,6439.2,6380.2,0,24.88,22.48,18.19,12.76,0,0,0,0,22.48,0,1,0,0,0,0,1.43,1.76,1.24,1.11,1.37,1.95,1.27,0,24.88,22.48,18.19,12.76,0,0,0,0,22.48,0,1,0,0,0,0,1.43,1.76,1.24,1.11,1.37,1.95,1.27
2025/08/15-10:25,6470.4,6474.2,6460.4,6462.6,1425,6456.54,6443.61,6430.25,6423.57,6411.52,6463.2,6423.89,6465.98,6470.4,6415.2,6439.2,6380.2,0,14.25,20.98,18,12.77,0,0,0,0,20.98,1,0,0,0,0,0,1.41,1.64,1.17,0.68,0.79,1.12,0.57,0,14.25,20.98,18,12.77,0,0,0,0,20.98,1,0,0,0,0,0,1.41,1.64,1.17,0.68,0.79,1.12,0.57
2025/08/15-10:30,6462.6,6468.6,6456,6456,1188,6456.38,6445.51,6432.31,6424.89,6412.44,6456,6427.86,6469.45,6470.4,6415.2,6456,6380.2,0,11.88,19.33,17.7,12.76,0,0,0,0,19.33,1,0,0,0,0,0,1.39,1.51,1.09,0.61,0.67,0.93,0.83,0,11.88,19.33,17.7,12.76,0,0,0,0,19.33,1,0,0,0,0,0,1.39,1.51,1.09,0.61,0.67,0.93,0.83
2025/08/15-10:35,6456.2,6465.4,6452.4,6462.4,1525,6458.1,6448.11,6434.71,6426.42,6413.47,6461.8,6431.83,6472.92,6470.4,6415.2,6456,6380.2,0,15.25,18.59,17.58,12.79,0,0,0,0,18.59,0,1,0,0,0,0,1.37,1.45,1.06,0.82,0.87,1.19,1.28,0,15.25,18.59,17.58,12.79,0,0,0,0,18.59,0,1,0,0,0,0,1.37,1.45,1.06,0.82,0.87,1.19,1.28
2025/08/15-10:40,6462.8,6475.8,6462.8,6475.6,1055,6463.1,6452.34,6437.98,6428.43,6414.75,6467.6,6435.8,6476.39,6470.4,6415.2,6456,6380.2,0,10.55,17.12,17.24,12.77,0,0,0,0,17.12,1,0,0,0,0,0,1.35,1.34,0.99,0.62,0.61,0.83,0.69,0,10.55,17.12,17.24,12.77,0,0,0,0,17.12,1,0,0,0,0,0,1.35,1.34,0.99,0.62,0.61,0.83,0.69
2025/08/15-10:45,6475.8,6481.8,6471.4,6476.2,1124,6466.84,6456.01,6441.04,6430.38,6416.02,6473.4,6439.77,6479.87,6470.4,6415.2,6456,6380.2,0,11.24,16.05,16.95,12.75,0,0,0,0,           ,1,0,0,0,0,0,1.33,1.26,0.95,0.7,0.66,0.88,1.07,0,11.24,16.05,16.95,12.75,0,0,0,0,           ,1,0,0,0,0,0,1.33,1.26,0.95,0.7,0.66,0.88,1.07
2025/08/15-10:50,6476.8,6481.6,6471,6479.2,915,6470.38,6459.58,6444.09,6432.37,6417.32,6479.2,6443.74,6483.34,6479.2,6415.2,6456,6380.2,0,9.15,14.8,16.57,12.71,0,0,0,0,           ,1,0,0,0,0,0,1.3,1.16,0.89,0.62,0.55,0.72,0.81,0,9.15,14.8,16.57,12.71,0,0,0,0,           ,1,0,0,0,0,0,1.3,1.16,0.89,0.62,0.55,0.72,0.81
2025/08/15-10:55,6479.2,6481,6471.6,6476.4,738,6472.1,6462.17,6446.68,6434.17,6418.54,6474.15,6447.71,6486.81,6479.2,6415.2,6456,6380.2,0,7.38,13.45,16.12,12.66,0,0,0,0,           ,1,0,0,0,0,0,1.27,1.06,0.83,0.55,0.46,0.58,0.81,0,7.38,13.45,16.12,12.66,0,0,0,0,           ,1,0,0,0,0,0,1.27,1.06,0.83,0.55,0.46,0.58,0.81
2025/08/15-11:00,6476.4,6483.8,6474,6474,914,6472.64,6463.99,6448.86,6435.79,6419.68,6469.1,6451.69,6490.28,6479.2,6415.2,6456,6380.2,0,9.14,12.67,15.78,12.63,0,0,0,0,           ,1,0,0,0,0,0,1.25,1,0.8,0.72,0.58,0.72,1.24,0,9.14,12.67,15.78,12.63,0,0,0,0,           ,1,0,0,0,0,0,1.25,1,0.8,0.72,0.58,0.72,1.24
2025/08/15-11:05,6474.2,6478.8,6468.4,6472.4,868,6472.57,6465.28,6450.75,6437.29,6420.77,6464.05,6455.66,6493.76,6479.2,6415.2,6456,6380.2,0,8.68,11.94,15.43,12.59,0,0,0,0,           ,1,0,0,0,0,0,1.23,0.95,0.77,0.73,0.56,0.69,0.95,0,8.68,11.94,15.43,12.59,0,0,0,0,           ,1,0,0,0,0,0,1.23,0.95,0.77,0.73,0.56,0.69,0.95
2025/08/15-11:10,6472.6,6474.4,6458.2,6459,1224,6468.69,6464.32,6451.41,6438.17,6421.56,6459,6459.63,6497.23,6479.2,6415.2,6459,6380.2,0,12.24,12,15.28,12.58,0,0,0,0,           ,0,1,0,0,0,0,1.21,0.95,0.79,1.02,0.8,0.97,1.41,0,12.24,12,15.28,12.58,0,0,0,0,           ,0,1,0,0,0,0,1.21,0.95,0.79,1.02,0.8,0.97,1.41
2025/08/15-11:15,6459,6465.2,6456.6,6461.4,1009,6466.61,6463.87,6452.21,6439.12,6422.38,6464.44,6463.6,6500.7,6479.2,6415.2,6459,6380.2,0,10.09,11.65,15.02,12.56,0,0,0,0,           ,0,1,0,0,0,0,1.2,0.93,0.78,0.87,0.67,0.8,0.82,0,10.09,11.65,15.02,12.56,0,0,0,0,           ,0,1,0,0,0,0,1.2,0.93,0.78,0.87,0.67,0.8,0.82
2025/08/15-11:20,6461.4,6475.6,6459.4,6473,890,6468.44,6465.27,6453.87,6440.5,6423.42,6469.89,6467.57,6504.17,6479.2,6415.2,6459,6380.2,0,8.9,11.15,14.72,12.52,0,0,0,0,           ,0,1,0,0,0,0,1.18,0.89,0.76,0.8,0.6,0.71,0.88,0,8.9,11.15,14.72,12.52,0,0,0,0,           ,0,1,0,0,0,0,1.18,0.89,0.76,0.8,0.6,0.71,0.88
2025/08/15-11:25,6473.4,6492.8,6472,6489.4,1391,6474.43,6468.98,6456.71,6442.5,6424.78,6475.33,6471.54,6507.65,6479.2,6415.2,6459,6380.2,0,13.91,11.65,14.68,12.54,0,0,0,0,           ,0,1,0,1,0,0,1.17,0.93,0.79,1.19,0.95,1.11,1.56,0,13.91,11.65,14.68,12.54,0,0,0,0,           ,0,1,0,1,0,0,1.17,0.93,0.79,1.19,0.95,1.11,1.56
2025/08/15-11:30,6489.6,6500.6,6482.2,6500.6,1835,6481.9,6473.85,6460.22,6444.87,6426.35,6480.77,6475.51,6511.12,6479.2,6415.2,6459,6380.2,0,18.35,12.87,14.86,12.59,0,0,0,0,           ,0,0,1,0,0,0,1.18,1.02,0.87,1.43,1.23,1.46,1.32,0,18.35,12.87,14.86,12.59,0,0,0,0,           ,0,0,1,0,0,0,1.18,1.02,0.87,1.43,1.23,1.46,1.32
2025/08/15-13:05,6510,6524.6,6504.6,6513.8,3648,6491.02,6479.99,6464.51,6447.69,6428.15,6486.21,6479.49,6514.59,6479.2,6415.2,6459,6380.2,0,36.48,17.16,15.92,12.83,0,0,0,1,17.16,0,0,1,1,0,0,1.24,1.34,1.08,2.13,2.29,2.84,1.99,0,36.48,17.16,15.92,12.83,0,0,0,1,17.16,0,0,1,1,0,0,1.24,1.34,1.08,2.13,2.29,2.84,1.99
2025/08/15-13:10,6513.8,6529,6512.8,6519.2,2024,6499.07,6486.03,6468.88,6450.6,6430.03,6491.66,6483.46,6518.06,6479.2,6415.2,6459,6380.2,0,20.24,17.72,16.13,12.91,0,0,0,0,17.72,0,1,0,0,0,0,1.25,1.37,1.1,1.14,1.25,1.57,0.55,0,20.24,17.72,16.13,12.91,0,0,0,0,17.72,0,1,0,0,0,0,1.25,1.37,1.1,1.14,1.25,1.57,0.55
2025/08/15-13:15,6519.8,6525.2,6517.6,6523.8,1298,6506.14,6491.84,6473.28,6453.59,6431.96,6497.1,6487.43,6521.54,6479.2,6415.2,6459,6380.2,0,12.98,16.86,15.98,12.91,0,0,0,0,16.86,1,0,0,0,0,0,1.24,1.31,1.06,0.77,0.81,1.01,0.64,0,12.98,16.86,15.98,12.91,0,0,0,0,16.86,1,0,0,0,0,0,1.24,1.31,1.06,0.77,0.81,1.01,0.64
2025/08/15-13:20,6523.8,6533.2,6522.6,6528,1428,6512.38,6497.4,6477.66,6456.63,6433.94,6502.54,6491.4,6525.01,6479.2,6415.2,6459,6380.2,0,14.28,16.39,15.89,12.92,0,0,0,0,           ,0,1,0,0,0,0,1.23,1.27,1.03,0.87,0.9,1.11,1.1,0,14.28,16.39,15.89,12.92,0,0,0,0,           ,0,1,0,0,0,0,1.23,1.27,1.03,0.87,0.9,1.11,1.1
2025/08/15-13:25,6528,6535.6,6518.6,6519.4,1604,6514.39,6500.79,6481,6459.19,6435.7,6507.99,6495.37,6528.48,6479.2,6415.2,6459,6380.2,0,16.04,16.33,15.9,12.95,0,0,0,0,           ,0,1,0,0,0,0,1.23,1.26,1.03,0.98,1.01,1.24,1.12,0,16.04,16.33,15.9,12.95,0,0,0,0,           ,0,1,0,0,0,0,1.23,1.26,1.03,0.98,1.01,1.24,1.12
2025/08/15-13:30,6519.4,6533.6,6519.4,6533.6,1213,6519.88,6505.83,6485.2,6462.23,6437.72,6513.43,6499.34,6531.95,6479.2,6415.2,6459,6380.2,0,12.13,15.56,15.72,12.94,0,0,0,0,           ,1,0,0,0,0,0,1.21,1.2,0.99,0.78,0.77,0.94,0.76,0,12.13,15.56,15.72,12.94,0,0,0,0,           ,1,0,0,0,0,0,1.21,1.2,0.99,0.78,0.77,0.94,0.76
2025/08/15-13:35,6533.8,6536,6519,6529.8,1672,6522.71,6509.52,6488.77,6464.99,6439.62,6518.87,6503.31,6535.43,6479.2,6415.2,6459,6380.2,0,16.72,15.77,15.76,12.98,0,0,0,0,           ,0,1,0,0,0,0,1.21,1.22,1,1.06,1.06,1.29,1.38,0,16.72,15.77,15.76,12.98,0,0,0,0,           ,0,1,0,0,0,0,1.21,1.22,1,1.06,1.06,1.29,1.38
2025/08/15-13:40,6529.6,6535,6523.2,6528.4,956,6524.34,6512.43,6491.94,6467.57,6441.45,6524.31,6507.29,6538.9,6479.2,6415.2,6459,6380.2,0,9.56,14.64,15.46,12.95,0,0,0,0,           ,1,0,0,0,0,0,1.19,1.13,0.95,0.65,0.62,0.74,0.57,0,9.56,14.64,15.46,12.95,0,0,0,0,           ,1,0,0,0,0,0,1.19,1.13,0.95,0.65,0.62,0.74,0.57
2025/08/15-13:45,6527.8,6533.8,6524.2,6533.4,760,6526.93,6515.65,6495.26,6470.26,6443.35,6529.76,6511.26,6542.37,6479.2,6415.2,6459,6380.2,0,7.6,13.36,15.08,12.89,0,0,0,0,           ,1,0,0,0,0,0,1.17,1.04,0.89,0.57,0.5,0.59,0.79,0,7.6,13.36,15.08,12.89,0,0,0,0,           ,1,0,0,0,0,0,1.17,1.04,0.89,0.57,0.5,0.59,0.79
2025/08/15-13:50,6532.4,6540.6,6527.2,6535.2,1231,6529.29,6518.66,6498.45,6472.91,6445.24,6535.2,6515.23,6545.84,6535.2,6415.2,6459,6380.2,0,12.31,13.17,14.94,12.89,0,0,0,0,           ,0,1,0,1,0,0,1.16,1.02,0.88,0.93,0.82,0.96,1.62,0,12.31,13.17,14.94,12.89,0,0,0,0,           ,0,1,0,1,0,0,1.16,1.02,0.88,0.93,0.82,0.96,1.62
2025/08/15-13:55,6535,6535,6522.6,6525,1264,6528.06,6519.64,6500.58,6475.04,6446.88,6532.48,6519.2,6549.32,6535.2,6415.2,6459,6380.2,0,12.64,13.08,14.83,12.88,0,0,0,0,           ,0,1,0,0,0,0,1.15,1.01,0.88,0.97,0.85,0.98,1.03,0,12.64,13.08,14.83,12.88,0,0,0,0,           ,0,1,0,0,0,0,1.15,1.01,0.88,0.97,0.85,0.98,1.03
2025/08/15-14:00,6525,6526.6,6520,6525,895,6527.19,6520.46,6502.53,6477.08,6448.5,6529.75,6523.17,6552.79,6535.2,6415.2,6459,6380.2,0,8.95,12.33,14.54,12.85,0,0,0,0,           ,1,0,0,0,0,0,1.13,0.96,0.85,0.73,0.62,0.7,0.71,0,8.95,12.33,14.54,12.85,0,0,0,0,           ,1,0,0,0,0,0,1.13,0.96,0.85,0.73,0.62,0.7,0.71
2025/08/15-14:05,6525,6537.8,6524.2,6530.4,1106,6528.11,6521.99,6504.76,6479.25,6450.18,6527.02,6527.14,6556.26,6535.2,6415.2,6459,6380.2,0,11.06,12.1,14.37,12.83,0,0,0,0,           ,0,1,0,0,0,0,1.12,0.94,0.84,0.91,0.77,0.86,1.24,0,11.06,12.1,14.37,12.83,0,0,0,0,           ,0,1,0,0,0,0,1.12,0.94,0.84,0.91,0.77,0.86,1.24
2025/08/15-14:10,6530.6,6534.4,6519,6526,1272,6527.5,6522.61,6506.46,6481.16,6451.75,6524.3,6531.11,6559.73,6535.2,6415.2,6459,6380.2,0,12.72,12.21,14.29,12.83,0,0,0,0,           ,0,1,0,0,0,0,1.11,0.95,0.85,1.04,0.89,0.99,1.15,0,12.72,12.21,14.29,12.83,0,0,0,0,           ,0,1,0,0,0,0,1.11,0.95,0.85,1.04,0.89,0.99,1.15
2025/08/15-14:15,6526,6532.8,6524.4,6531.4,691,6528.62,6523.96,6508.45,6483.21,6453.39,6521.58,6535.09,6563.21,6535.2,6415.2,6459,6380.2,0,6.91,11.25,13.93,12.77,0,0,0,0,           ,1,0,0,0,0,0,1.09,0.88,0.81,0.61,0.5,0.54,0.54,0,6.91,11.25,13.93,12.77,0,0,0,0,           ,1,0,0,0,0,0,1.09,0.88,0.81,0.61,0.5,0.54,0.54
2025/08/15-14:20,6532.2,6532.2,6523,6523.8,658,6527.24,6523.94,6509.68,6484.87,6454.84,6518.85,6539.06,6566.68,6535.2,6415.2,6459,6380.2,0,6.58,10.4,13.57,12.71,0,0,0,0,           ,1,0,0,0,0,0,1.07,0.82,0.77,0.63,0.48,0.52,0.95,0,6.58,10.4,13.57,12.71,0,0,0,0,           ,1,0,0,0,0,0,1.07,0.82,0.77,0.63,0.48,0.52,0.95
2025/08/15-14:25,6524.2,6529.2,6522.2,6522.8,761,6525.97,6523.76,6510.73,6486.42,6456.24,6516.13,6543.03,6570.15,6535.2,6415.2,6459,6380.2,0,7.61,9.89,13.28,12.66,0,0,0,0,           ,1,0,0,0,0,0,1.05,0.78,0.74,0.77,0.57,0.6,1.16,0,7.61,9.89,13.28,12.66,0,0,0,0,           ,1,0,0,0,0,0,1.05,0.78,0.74,0.77,0.57,0.6,1.16
2025/08/15-14:30,6522.6,6524,6502,6513.4,1974,6522.38,6522.17,6510.94,6487.52,6457.42,6513.4,6547,6573.62,6535.2,6415.2,6513.4,6380.2,0,19.74,11.68,13.6,12.73,0,0,0,0,           ,0,0,1,1,0,0,1.07,0.92,0.86,1.69,1.45,1.55,2.59,0,19.74,11.68,13.6,12.73,0,0,0,0,           ,0,0,1,1,0,0,1.07,0.92,0.86,1.69,1.45,1.55,2.59
2025/08/15-14:35,6512.6,6521.2,6509.4,6513.6,1424,6519.87,6520.85,6511.16,6488.58,6458.58,6522.17,6550.97,6577.1,6535.2,6415.2,6513.4,6380.2,0,14.24,12.15,13.63,12.74,0,0,0,0,           ,0,1,0,0,0,0,1.07,0.95,0.89,1.17,1.04,1.12,0.72,0,14.24,12.15,13.63,12.74,0,0,0,0,           ,0,1,0,0,0,0,1.07,0.95,0.89,1.17,1.04,1.12,0.72
2025/08/15-14:40,6515,6527,6513.6,6524.2,1062,6521.11,6521.36,6512.2,6490.04,6459.93,6530.94,6554.94,6580.57,6535.2,6415.2,6513.4,6380.2,0,10.62,11.87,13.48,12.72,0,0,0,0,           ,0,1,0,0,0,0,1.06,0.93,0.88,0.89,0.79,0.83,0.75,0,10.62,11.87,13.48,12.72,0,0,0,0,           ,0,1,0,0,0,0,1.06,0.93,0.88,0.89,0.79,0.83,0.75
2025/08/15-14:45,6524.4,6530.4,6523.2,6526.6,1285,6522.68,6522.17,6513.35,6491.53,6461.31,6539.71,6558.91,6584.04,6535.2,6415.2,6513.4,6380.2,0,12.85,12.05,13.45,12.72,0,0,0,0,           ,0,1,0,0,0,0,1.06,0.95,0.9,1.07,0.96,1.01,1.21,0,12.85,12.05,13.45,12.72,0,0,0,0,           ,0,1,0,0,0,0,1.06,0.95,0.9,1.07,0.96,1.01,1.21
2025/08/15-14:50,6526.6,6528.6,6524.8,6525.4,1162,6523.46,6522.67,6514.32,6492.91,6462.63,6548.49,6562.89,6587.51,6535.2,6415.2,6513.4,6380.2,0,11.62,11.97,13.36,12.71,0,0,0,0,           ,0,1,0,0,0,0,1.05,0.94,0.9,0.97,0.87,0.91,0.9,0,11.62,11.97,13.36,12.71,0,0,0,0,           ,0,1,0,0,0,0,1.05,0.94,0.9,0.97,0.87,0.91,0.9
2025/08/15-14:55,6525.4,6531.6,6523.6,6528.2,1442,6524.81,6523.52,6515.43,6494.35,6463.98,6557.26,6566.86,6590.99,6535.2,6415.2,6513.4,6380.2,0,14.42,12.42,13.41,12.73,0,0,0,0,           ,0,1,0,0,0,0,1.05,0.98,0.93,1.16,1.07,1.13,1.24,0,14.42,12.42,13.41,12.73,0,0,0,0,           ,0,1,0,0,0,0,1.05,0.98,0.93,1.16,1.07,1.13,1.24
2025/08/15-15:00,6528.2,6536,6526.2,6531,2706,6526.58,6524.67,6516.67,6495.85,6465.36,6566.03,6570.83,6594.46,6535.2,6415.2,6513.4,6380.2,0,27.06,15.08,14.08,12.87,0,0,0,1,           ,0,0,1,1,0,0,1.09,1.17,1.07,1.79,1.92,2.1,1.88,0,27.06,15.08,14.08,12.87,0,0,0,1,           ,0,0,1,1,0,0,1.09,1.17,1.07,1.79,1.92,2.1,1.88
2025/08/18-09:35,6552,6578.2,6552,6574.8,6867,6540.36,6532.38,6521.32,6499.07,6467.62,6574.8,6574.8,6597.93,6574.8,6574.8,6513.4,6380.2,0,68.67,24.82,16.74,13.43,0,1,0,1,24.82,0,0,1,1,1,1,1.25,1.85,1.48,2.77,4.1,5.11,2.54,0,68.67,24.82,16.74,13.43,0,1,0,1,24.82,0,0,1,1,1,1,1.25,1.85,1.48,2.77,4.1,5.11,2.54
2025/08/18-09:40,6574.6,6574.6,6538,6538,3502,6539.68,6533.25,6522.66,6500.66,6469.07,6538,6538,6601.4,6574.8,6574.8,6538,6538,0,35.02,26.68,17.63,13.64,0,0,0,1,26.68,0,0,1,0,0,0,1.29,1.96,1.51,1.31,1.99,2.57,0.51,0,35.02,26.68,17.63,13.64,0,0,0,1,26.68,0,0,1,0,0,0,1.29,1.96,1.51,1.31,1.99,2.57,0.51
2025/08/18-09:45,6537.2,6549,6530.2,6545.6,3004,6541.37,6535.15,6524.49,6502.49,6470.65,6546.24,6544.35,6604.88,6574.8,6574.8,6538,6538,0,30.04,27.29,18.24,13.8,0,0,0,1,27.29,0,1,0,0,0,0,1.32,1.98,1.5,1.1,1.65,2.18,0.86,0,30.04,27.29,18.24,13.8,0,0,0,1,27.29,0,1,0,0,0,0,1.32,1.98,1.5,1.1,1.65,2.18,0.86
2025/08/18-09:50,6544.2,6566.6,6542.4,6563.2,2612,6547.61,6539.46,6527.59,6504.97,6472.56,6554.47,6550.71,6608.35,6574.8,6574.8,6538,6538,0,26.12,27.08,18.62,13.93,0,0,0,0,27.08,0,1,0,0,0,0,1.34,1.94,1.45,0.96,1.4,1.88,0.87,0,26.12,27.08,18.62,13.93,0,0,0,0,27.08,0,1,0,0,0,0,1.34,1.94,1.45,0.96,1.4,1.88,0.87
2025/08/18-09:55,6563,6584.8,6556.8,6580.2,2680,6556.92,6545.73,6531.8,6508.04,6474.78,6562.71,6557.06,6611.82,6574.8,6574.8,6538,6538,0,26.8,27.03,19.02,14.05,0,0,0,0,27.03,0,1,0,0,0,0,1.35,1.92,1.42,0.99,1.41,1.91,1.03,0,26.8,27.03,19.02,14.05,0,0,0,0,27.03,0,1,0,0,0,0,1.35,1.92,1.42,0.99,1.41,1.91,1.03
2025/08/18-10:00,6581,6586.8,6571,6581.2,1949,6563.86,6551.19,6535.75,6511.03,6476.97,6570.95,6563.42,6615.29,6574.8,6574.8,6538,6538,0,19.49,25.66,19.05,14.11,0,0,0,0,25.66,1,0,0,0,0,0,1.35,1.82,1.35,0.76,1.02,1.38,0.73,0,19.49,25.66,19.05,14.11,0,0,0,0,25.66,1,0,0,0,0,0,1.35,1.82,1.35,0.76,1.02,1.38,0.73
2025/08/18-10:05,6581.2,6589.8,6575,6584.8,1813,6569.84,6556.36,6539.67,6514.04,6479.19,6579.18,6569.77,6618.77,6574.8,6574.8,6538,6538,0,18.13,24.29,19,14.15,0,0,0,0,24.29,1,0,0,0,0,0,1.34,1.72,1.28,0.75,0.95,1.28,0.93,0,18.13,24.29,19,14.15,0,0,0,0,24.29,1,0,0,0,0,0,1.34,1.72,1.28,0.75,0.95,1.28,0.93
2025/08/18-10:10,6584.2,6591.6,6581,6587.6,1376,6574.92,6561.17,6543.51,6517.04,6481.43,6587.42,6576.13,6622.24,6574.8,6574.8,6538,6538,0,13.76,22.37,18.75,14.14,0,0,0,0,22.37,1,0,0,0,0,0,1.33,1.58,1.19,0.62,0.73,0.97,0.76,0,13.76,22.37,18.75,14.14,0,0,0,0,22.37,1,0,0,0,0,0,1.33,1.58,1.19,0.62,0.73,0.97,0.76
2025/08/18-10:15,6587.2,6609.6,6587.2,6596.2,2184,6581,6566.56,6547.72,6520.27,6483.79,6595.65,6582.48,6625.71,6574.8,6574.8,6538,6538,0,21.84,22.28,18.9,14.22,0,0,0,0,22.28,0,1,0,1,0,0,1.33,1.57,1.18,0.98,1.16,1.54,1.59,0,21.84,22.28,18.9,14.22,0,0,0,0,22.28,0,1,0,1,0,0,1.33,1.57,1.18,0.98,1.16,1.54,1.59
2025/08/18-10:20,6596.2,6604.6,6591.8,6599,1457,6586.14,6571.55,6551.83,6523.49,6486.17,6603.89,6588.84,6629.18,6574.8,6574.8,6538,6538,0,14.57,20.87,18.69,14.22,0,0,0,0,20.87,1,0,0,0,0,0,1.31,1.47,1.12,0.7,0.78,1.02,0.67,0,14.57,20.87,18.69,14.22,0,0,0,0,20.87,1,0,0,0,0,0,1.31,1.47,1.12,0.7,0.78,1.02,0.67
2025/08/18-10:25,6598.2,6602.6,6592.6,6599,844,6589.81,6575.77,6555.6,6526.57,6488.5,6612.13,6595.19,6632.66,6574.8,6574.8,6538,6538,0,8.44,18.61,18.19,14.17,0,0,0,0,18.61,1,0,0,0,0,0,1.28,1.31,1.02,0.45,0.46,0.6,0.58,0,8.44,18.61,18.19,14.17,0,0,0,0,18.61,1,0,0,0,0,0,1.28,1.31,1.02,0.45,0.46,0.6,0.58
2025/08/18-10:30,6598.6,6616.6,6598.6,6614.2,1339,6596.78,6581.68,6560.29,6530.14,6491.09,6620.36,6601.55,6636.13,6574.8,6574.8,6538,6538,0,13.39,17.66,17.95,14.16,0,0,0,0,           ,1,0,0,1,0,0,1.27,1.25,0.98,0.76,0.75,0.95,1.59,0,13.39,17.66,17.95,14.16,0,0,0,0,           ,1,0,0,1,0,0,1.27,1.25,0.98,0.76,0.75,0.95,1.59
2025/08/18-10:35,6614.2,6628.8,6613.2,6628.6,1384,6605.87,6588.9,6565.75,6534.16,6493.92,6628.6,6607.9,6639.6,6628.6,6574.8,6538,6538,0,13.84,16.97,17.75,14.16,0,0,0,0,           ,0,1,0,0,0,0,1.25,1.2,0.96,0.82,0.78,0.98,1.03,0,13.84,16.97,17.75,14.16,0,0,0,0,           ,0,1,0,0,0,0,1.25,1.2,0.96,0.82,0.78,0.98,1.03
2025/08/18-10:40,6629,6630.8,6621.2,6625.6,1544,6611.51,6594.55,6570.54,6537.9,6496.64,6624.13,6614.25,6643.07,6628.6,6574.8,6538,6538,0,15.44,16.69,17.64,14.17,0,0,0,0,           ,0,1,0,0,0,0,1.24,1.18,0.95,0.93,0.88,1.09,1.12,0,15.44,16.69,17.64,14.17,0,0,0,0,           ,0,1,0,0,0,0,1.24,1.18,0.95,0.93,0.88,1.09,1.12
2025/08/18-10:45,6625.6,6630,6620,6625.8,1010,6615.59,6599.35,6574.96,6541.48,6499.3,6619.67,6620.61,6646.55,6628.6,6574.8,6538,6538,0,10.1,15.49,17.27,14.13,0,0,0,0,           ,1,0,0,0,0,0,1.22,1.1,0.9,0.65,0.58,0.71,0.65,0,10.1,15.49,17.27,14.13,0,0,0,0,           ,1,0,0,0,0,0,1.22,1.1,0.9,0.65,0.58,0.71,0.65
2025/08/18-10:50,6625.8,6634.8,6612.8,6615.2,1454,6615.48,6601.79,6578.18,6544.49,6501.69,6615.2,6626.96,6650.02,6628.6,6574.8,6615.2,6538,0,14.54,15.32,17.14,14.13,0,0,0,0,           ,0,1,0,0,0,0,1.21,1.08,0.89,0.95,0.85,1.03,1.44,0,14.54,15.32,17.14,14.13,0,0,0,0,           ,0,1,0,0,0,0,1.21,1.08,0.89,0.95,0.85,1.03,1.44
2025/08/18-10:55,6615.8,6629.8,6611.4,6628.6,979,6619.23,6605.92,6582.21,6547.92,6504.31,6623.03,6633.32,6653.49,6628.6,6574.8,6615.2,6538,0,9.79,14.31,16.78,14.09,0,0,0,0,           ,1,0,0,0,0,0,1.19,1.02,0.85,0.68,0.58,0.69,0.67,0,9.79,14.31,16.78,14.09,0,0,0,0,           ,1,0,0,0,0,0,1.19,1.02,0.85,0.68,0.58,0.69,0.67
2025/08/18-11:00,6628.6,6649.6,6628.4,6648,2153,6627.45,6612.39,6587.48,6552.01,6507.27,6630.85,6639.67,6656.96,6628.6,6574.8,6615.2,6538,0,21.53,15.63,17.01,14.16,0,0,0,0,           ,0,0,1,1,0,0,1.2,1.1,0.92,1.38,1.27,1.52,2.2,0,21.53,15.63,17.01,14.16,0,0,0,0,           ,0,0,1,1,0,0,1.2,1.1,0.92,1.38,1.27,1.52,2.2
2025/08/18-11:05,6648,6656.8,6642.4,6645.2,1603,6632.52,6617.44,6592.09,6555.81,6510.11,6638.67,6646.03,6660.44,6628.6,6574.8,6615.2,6538,0,16.03,15.7,16.96,14.18,0,0,0,0,           ,0,1,0,0,0,0,1.2,1.11,0.93,1.02,0.95,1.13,0.74,0,16.03,15.7,16.96,14.18,0,0,0,0,           ,0,1,0,0,0,0,1.2,1.11,0.93,1.02,0.95,1.13,0.74
2025/08/18-11:10,6645.2,6645.2,6634.4,6641,1259,6634.94,6621.06,6596.01,6559.29,6512.81,6646.5,6652.38,6663.91,6628.6,6574.8,6615.2,6538,0,12.59,15.13,16.75,14.17,0,0,0,0,           ,0,1,0,0,0,0,1.18,1.07,0.9,0.83,0.75,0.89,0.79,0,12.59,15.13,16.75,14.17,0,0,0,0,           ,0,1,0,0,0,0,1.18,1.07,0.9,0.83,0.75,0.89,0.79
2025/08/18-11:15,6641.2,6648.6,6633,6646.8,1131,6638.33,6625.02,6600.07,6562.86,6515.58,6654.33,6658.74,6667.38,6628.6,6574.8,6615.2,6538,0,11.31,14.44,16.48,14.14,0,0,0,0,           ,1,0,0,0,0,0,1.17,1.02,0.88,0.78,0.69,0.8,0.9,0,11.31,14.44,16.48,14.14,0,0,0,0,           ,1,0,0,0,0,0,1.17,1.02,0.88,0.78,0.69,0.8,0.9
2025/08/18-11:20,6646.6,6658.2,6642.2,6646.8,1347,6640.75,6628.37,6603.81,6566.29,6518.28,6662.15,6665.09,6670.85,6628.6,6574.8,6615.2,6538,0,13.47,14.26,16.34,14.13,0,0,0,0,           ,0,1,0,0,0,0,1.16,1.01,0.87,0.94,0.82,0.95,1.19,0,13.47,14.26,16.34,14.13,0,0,0,0,           ,0,1,0,0,0,0,1.16,1.01,0.87,0.94,0.82,0.95,1.19
2025/08/18-11:25,6647.6,6671.2,6635.8,6670,2289,6649.11,6634.78,6609.1,6570.52,6521.41,6669.97,6671.45,6674.33,6628.6,6574.8,6615.2,6538,0,22.89,15.83,16.66,14.22,0,0,0,0,           ,0,0,1,1,0,0,1.17,1.11,0.95,1.45,1.37,1.61,1.7,0,22.89,15.83,16.66,14.22,0,0,0,0,           ,0,0,1,1,0,0,1.17,1.11,0.95,1.45,1.37,1.61,1.7
2025/08/18-11:30,6670.8,6684.6,6669,6677.8,2720,6657.31,6641.4,6614.6,6574.9,6524.63,6677.8,6677.8,6677.8,6677.8,6677.8,6615.2,6538,0,27.2,17.9,17.17,14.35,0,0,0,0,           ,0,0,1,0,0,0,1.2,1.25,1.04,1.52,1.58,1.9,1.19,0,27.2,17.9,17.17,14.35,0,0,0,0,           ,0,0,1,0,0,0,1.2,1.25,1.04,1.52,1.58,1.9,1.19
2025/08/18-13:05,6679.2,6682,6673,6676.8,1737,6662.88,6646.84,6619.58,6579.06,6527.77,6672.39,6672.39,6672.39,6677.8,6677.8,6615.2,6538,0,17.37,17.8,17.18,14.38,0,0,0,0,           ,0,1,0,0,0,0,1.2,1.24,1.04,0.98,1.01,1.21,0.64,0,17.37,17.8,17.18,14.38,0,0,0,0,           ,0,1,0,0,0,0,1.2,1.24,1.04,0.98,1.01,1.21,0.64
2025/08/18-13:10,6677.6,6684.4,6669.4,6675.8,1336,6666.57,6651.3,6624.07,6583.01,6530.82,6666.97,6666.97,6666.97,6677.8,6677.8,6615.2,6538,0,13.36,16.99,16.99,14.37,0,0,0,0,           ,0,1,0,0,0,0,1.18,1.18,1,0.79,0.79,0.93,0.77,0,13.36,16.99,16.99,14.37,0,0,0,0,           ,0,1,0,0,0,0,1.18,1.18,1,0.79,0.79,0.93,0.77
2025/08/18-13:15,6675.2,6681,6659.6,6659.6,1096,6664.58,6652.58,6626.92,6586.13,6533.48,6661.56,6661.56,6661.56,6677.8,6677.8,6615.2,6538,0,10.96,15.9,16.7,14.33,0,0,0,0,           ,1,0,0,0,0,0,1.17,1.11,0.95,0.69,0.66,0.76,0.82,0,10.96,15.9,16.7,14.33,0,0,0,0,           ,1,0,0,0,0,0,1.17,1.11,0.95,0.69,0.66,0.76,0.82
2025/08/18-13:20,6659.8,6668.8,6655.2,6658.8,1875,6662.93,6653.53,6629.47,6589.1,6536.06,6656.15,6656.15,6656.15,6677.8,6677.8,6615.2,6538,0,18.75,16.42,16.8,14.38,0,0,0,0,           ,0,1,0,1,0,0,1.17,1.14,0.98,1.14,1.12,1.3,1.71,0,18.75,16.42,16.8,14.38,0,0,0,0,           ,0,1,0,1,0,0,1.17,1.14,0.98,1.14,1.12,1.3,1.71
2025/08/18-13:25,6658.6,6663.6,6645.2,6646.6,1501,6658.26,6652.47,6630.84,6591.45,6538.34,6650.74,6650.74,6650.74,6677.8,6677.8,6615.2,6538,0,15.01,16.16,16.71,14.38,0,0,0,0,           ,0,1,0,0,0,0,1.16,1.12,0.97,0.93,0.9,1.04,0.8,0,15.01,16.16,16.71,14.38,0,0,0,0,           ,0,1,0,0,0,0,1.16,1.12,0.97,0.93,0.9,1.04,0.8
2025/08/18-13:30,6646.2,6646.6,6631.6,6641.2,1809,6653.39,6650.73,6631.67,6593.48,6540.46,6645.33,6645.33,6645.33,6677.8,6677.8,6615.2,6538,0,18.09,16.51,16.78,14.42,0,0,0,0,           ,0,1,0,0,0,0,1.16,1.15,0.98,1.1,1.08,1.25,1.21,0,18.09,16.51,16.78,14.42,0,0,0,0,           ,0,1,0,0,0,0,1.16,1.15,0.98,1.1,1.08,1.25,1.21
2025/08/18-13:35,6641.4,6656,6639.4,6651,1313,6652.71,6650.77,6633.21,6595.83,6542.74,6639.91,6639.91,6639.91,6677.8,6677.8,6615.2,6538,0,13.13,15.9,16.6,14.41,0,0,0,0,           ,0,1,0,0,0,0,1.15,1.1,0.96,0.83,0.79,0.91,0.73,0,13.13,15.9,16.6,14.41,0,0,0,0,           ,0,1,0,0,0,0,1.15,1.1,0.96,0.83,0.79,0.91,0.73
2025/08/18-13:40,6652.4,6656,6640.4,6648.4,848,6651.48,6650.41,6634.43,6597.97,6544.92,6634.5,6634.5,6634.5,6677.8,6677.8,6615.2,6538,0,8.48,14.55,16.21,14.35,0,0,0,0,           ,1,0,0,0,0,0,1.13,1.01,0.9,0.58,0.52,0.59,0.65,0,8.48,14.55,16.21,14.35,0,0,0,0,           ,1,0,0,0,0,0,1.13,1.01,0.9,0.58,0.52,0.59,0.65
2025/08/18-13:45,6647.6,6658,6638,6640.8,1063,6648.42,6648.93,6634.94,6599.72,6546.9,6629.09,6629.09,6629.09,6677.8,6677.8,6615.2,6538,0,10.63,13.84,15.93,14.31,0,0,0,0,           ,1,0,0,0,0,0,1.11,0.97,0.87,0.77,0.67,0.74,1.25,0,10.63,13.84,15.93,14.31,0,0,0,0,           ,1,0,0,0,0,0,1.11,0.97,0.87,0.77,0.67,0.74,1.25
2025/08/18-13:50,6641,6651,6640.8,6642.8,738,6646.82,6647.99,6635.57,6601.48,6548.88,6623.67,6623.67,6623.67,6677.8,6677.8,6615.2,6538,0,7.38,12.66,15.52,14.24,0,0,0,0,           ,1,0,0,0,0,0,1.09,0.89,0.82,0.58,0.48,0.52,0.69,0,7.38,12.66,15.52,14.24,0,0,0,0,           ,1,0,0,0,0,0,1.09,0.89,0.82,0.58,0.48,0.52,0.69
2025/08/18-13:55,6642.8,6650,6634.2,6635.4,850,6643.56,6646.05,6635.55,6602.86,6550.66,6618.26,6618.26,6618.26,6677.8,6677.8,6615.2,6538,0,8.5,11.91,15.17,14.19,0,0,0,0,           ,1,0,0,0,0,0,1.07,0.84,0.78,0.71,0.56,0.6,1.15,0,8.5,11.91,15.17,14.19,0,0,0,0,           ,1,0,0,0,0,0,1.07,0.84,0.78,0.71,0.56,0.6,1.15
2025/08/18-14:00,6636.2,6639.6,6619.8,6628.4,2323,6639.23,6643.33,6634.98,6603.9,6552.26,6612.85,6612.85,6612.85,6677.8,6677.8,6615.2,6538,0,23.23,13.96,15.57,14.28,0,0,0,0,           ,0,0,1,1,0,0,1.09,0.98,0.9,1.66,1.49,1.63,2.73,0,23.23,13.96,15.57,14.28,0,0,0,0,           ,0,0,1,1,0,0,1.09,0.98,0.9,1.66,1.49,1.63,2.73
2025/08/18-14:05,6629.8,6641.4,6627.2,6639,1042,6639.16,6642.67,6635.3,6605.34,6554.05,6607.44,6607.44,6607.44,6677.8,6677.8,6615.2,6538,0,10.42,13.32,15.32,14.24,0,0,0,0,           ,1,0,0,0,0,0,1.08,0.94,0.87,0.78,0.68,0.73,0.45,0,10.42,13.32,15.32,14.24,0,0,0,0,           ,1,0,0,0,0,0,1.08,0.94,0.87,0.78,0.68,0.73,0.45
2025/08/18-14:10,6638.4,6638.6,6614.8,6618.4,1382,6633.23,6638.93,6633.95,6605.87,6555.38,6602.03,6602.03,6602.03,6677.8,6677.8,6615.2,6538,0,13.82,13.41,15.24,14.23,0,0,0,0,           ,0,1,0,0,0,0,1.07,0.94,0.88,1.03,0.91,0.97,1.33,0,13.82,13.41,15.24,14.23,0,0,0,0,           ,0,1,0,0,0,0,1.07,0.94,0.88,1.03,0.91,0.97,1.33
2025/08/18-14:15,6618.4,6626.6,6593.6,6606.4,3461,6625.56,6633.93,6631.75,6605.89,6556.43,6596.61,6596.61,6596.61,6677.8,6677.8,6615.2,6538,0,34.61,17.27,16.19,14.44,0,0,0,1,           ,0,0,1,1,0,0,1.12,1.2,1.07,2,2.14,2.4,2.5,0,34.61,17.27,16.19,14.44,0,0,0,1,           ,0,0,1,1,0,0,1.12,1.2,1.07,2,2.14,2.4,2.5
2025/08/18-14:20,6606.2,6606.2,6581.6,6591.2,2311,6615.75,6627.36,6628.5,6605.29,6557.15,6591.2,6591.2,6591.2,6677.8,6677.8,6591.2,6591.2,0,23.11,18.33,16.53,14.52,0,0,0,0,           ,0,0,1,0,0,0,1.14,1.26,1.11,1.26,1.4,1.59,0.67,0,23.11,18.33,16.53,14.52,0,0,0,0,           ,0,0,1,0,0,0,1.14,1.26,1.11,1.26,1.4,1.59,0.67
2025/08/18-14:25,6590.4,6617.2,6585.8,6613,1602,6614.96,6625.15,6627.26,6605.61,6558.3,6613,6595.2,6595.2,6613,6677.8,6591.2,6591.2,0,16.02,17.91,16.5,14.54,0,0,0,0,           ,0,1,0,0,0,0,1.14,1.23,1.09,0.89,0.97,1.1,0.69,0,16.02,17.91,16.5,14.54,0,0,0,0,           ,0,1,0,0,0,0,1.14,1.23,1.09,0.89,0.97,1.1,0.69
2025/08/18-14:30,6613.6,6614.4,6592.8,6596,1126,6609.54,6620.66,6624.76,6605.21,6559.08,6596,6599.2,6599.2,6613,6677.8,6596,6591.2,0,11.26,16.7,16.25,14.5,0,0,0,0,           ,1,0,0,0,0,0,1.12,1.15,1.03,0.67,0.69,0.78,0.7,0,11.26,16.7,16.25,14.5,0,0,0,0,           ,1,0,0,0,0,0,1.12,1.15,1.03,0.67,0.69,0.78,0.7
2025/08/18-14:35,6595.8,6609.8,6595,6602,927,6607.39,6617.79,6622.94,6605.08,6559.96,6600.29,6603.2,6603.2,6613,6677.8,6596,6591.2,0,9.27,15.35,15.9,14.45,0,0,0,0,           ,1,0,0,0,0,0,1.1,1.06,0.97,0.6,0.58,0.64,0.82,0,9.27,15.35,15.9,14.45,0,0,0,0,           ,1,0,0,0,0,0,1.1,1.06,0.97,0.6,0.58,0.64,0.82
2025/08/18-14:40,6601.8,6620.6,6601.4,6618.2,994,6610.48,6617.85,6622.56,6605.62,6561.16,6604.58,6607.2,6607.2,6613,6677.8,6596,6591.2,0,9.94,14.37,15.61,14.41,0,0,0,0,           ,1,0,0,0,0,0,1.08,1,0.92,0.69,0.64,0.69,1.07,0,9.94,14.37,15.61,14.41,0,0,0,0,           ,1,0,0,0,0,0,1.08,1,0.92,0.69,0.64,0.69,1.07
2025/08/18-14:45,6618,6623.8,6617.6,6618.6,933,6612.8,6617.97,6622.24,6606.15,6562.35,6608.87,6611.2,6611.2,6613,6677.8,6596,6591.2,0,9.33,13.45,15.31,14.36,0,0,0,0,           ,1,0,0,0,0,0,1.07,0.94,0.88,0.69,0.61,0.65,0.94,0,9.33,13.45,15.31,14.36,0,0,0,0,           ,1,0,0,0,0,0,1.07,0.94,0.88,0.69,0.61,0.65,0.94
2025/08/18-14:50,6618.6,6619.8,6604.2,6605.4,1214,6610.68,6616.04,6620.9,6606.12,6563.23,6613.16,6615.2,6615.2,6613,6677.8,6596,6591.2,0,12.14,13.21,15.15,14.33,0,0,0,0,           ,0,1,0,0,0,0,1.06,0.92,0.87,0.92,0.8,0.85,1.3,0,12.14,13.21,15.15,14.33,0,0,0,0,           ,0,1,0,0,0,0,1.06,0.92,0.87,0.92,0.8,0.85,1.3
2025/08/18-14:55,6605.6,6613.4,6601.2,6612.4,1611,6611.17,6615.48,6620.22,6606.37,6564.25,6617.45,6619.2,6619.2,6613,6677.8,6596,6591.2,0,16.11,13.74,15.2,14.35,0,0,0,0,           ,0,1,0,0,0,0,1.06,0.96,0.9,1.17,1.06,1.12,1.33,0,16.11,13.74,15.2,14.35,0,0,0,0,           ,0,1,0,0,0,0,1.06,0.96,0.9,1.17,1.06,1.12,1.33
2025/08/18-15:00,6612.4,6612.6,6606,6608,2097,6610.27,6614.33,6619.24,6606.44,6565.15,6621.75,6623.2,6623.2,6613,6677.8,6596,6591.2,0,20.97,15.05,15.48,14.42,0,0,0,0,           ,0,0,1,0,0,0,1.07,1.04,0.97,1.39,1.35,1.45,1.3,0,20.97,15.05,15.48,14.42,0,0,0,0,           ,0,0,1,0,0,0,1.07,1.04,0.97,1.39,1.35,1.45,1.3
2025/08/19-09:35,6600,6634.4,6600,6628,4617,6615.33,6616.43,6619.94,6607.32,6566.45,6626.04,6627.2,6627.2,6613,6677.8,6596,6591.2,0,46.17,20.71,16.98,14.73,0,1,0,1,20.71,0,0,1,1,1,1,1.15,1.41,1.22,2.23,2.72,3.13,2.2,0,46.17,20.71,16.98,14.73,0,1,0,1,20.71,0,0,1,1,1,1,1.15,1.41,1.22,2.23,2.72,3.13,2.2
2025/08/19-09:40,6627.2,6639.8,6624.6,6634.2,2407,6620.72,6619.16,6621.08,6608.42,6567.84,6630.33,6631.2,6631.2,6613,6677.8,6596,6591.2,0,24.07,21.32,17.32,14.83,0,0,0,0,21.32,0,1,0,0,0,0,1.17,1.44,1.23,1.13,1.39,1.62,0.52,0,24.07,21.32,17.32,14.83,0,0,0,0,21.32,0,1,0,0,0,0,1.17,1.44,1.23,1.13,1.39,1.62,0.52
2025/08/19-09:45,6635,6647.8,6625.6,6643,2023,6627.09,6622.83,6622.83,6609.83,6569.39,6634.62,6635.2,6635.2,6613,6677.8,6596,6591.2,0,20.23,21.12,17.47,14.88,0,0,0,0,21.12,0,1,0,0,0,0,1.17,1.42,1.21,0.96,1.16,1.36,0.84,0,20.23,21.12,17.47,14.88,0,0,0,0,21.12,0,1,0,0,0,0,1.17,1.42,1.21,0.96,1.16,1.36,0.84
2025/08/19-09:50,6643.8,6648.6,6635.2,6635.8,1595,6629.58,6624.83,6623.87,6610.89,6570.76,6638.91,6639.2,6639.2,6613,6677.8,6596,6591.2,0,15.95,20.18,17.39,14.89,0,0,0,0,20.18,0,1,0,0,0,0,1.17,1.36,1.16,0.79,0.92,1.07,0.79,0,15.95,20.18,17.39,14.89,0,0,0,0,20.18,0,1,0,0,0,0,1.17,1.36,1.16,0.79,0.92,1.07,0.79
2025/08/19-09:55,6635.8,6648.8,6635.6,6643.2,1765,6633.47,6627.65,6625.42,6612.21,6572.25,6643.2,6643.2,6643.2,6643.2,6643.2,6596,6591.2,0,17.65,19.72,17.4,14.92,0,0,0,0,19.72,0,1,0,0,0,0,1.17,1.32,1.13,0.89,1.01,1.18,1.11,0,17.65,19.72,17.4,14.92,0,0,0,0,19.72,0,1,0,0,0,0,1.17,1.32,1.13,0.89,1.01,1.18,1.11
2025/08/19-10:00,6642.6,6647.2,6622.2,6625.2,1545,6631.11,6627.27,6625.4,6612.74,6573.35,6619.9,6619.9,6619.9,6643.2,6643.2,6596,6591.2,0,15.45,18.95,17.31,14.92,0,0,0,0,           ,0,1,0,0,0,0,1.16,1.27,1.09,0.82,0.89,1.04,0.88,0,15.45,18.95,17.31,14.92,0,0,0,0,           ,0,1,0,0,0,0,1.16,1.27,1.09,0.82,0.89,1.04,0.88
2025/08/19-10:05,6624.8,6628.2,6595.4,6596.6,3515,6621.25,6622.56,6623.1,6612.08,6573.83,6596.6,6596.6,6596.6,6643.2,6643.2,6596.6,6596.6,0,35.15,21.89,18.18,15.13,0,0,0,1,21.89,0,0,1,1,0,0,1.2,1.45,1.2,1.61,1.93,2.32,2.28,0,35.15,21.89,18.18,15.13,0,0,0,1,21.89,0,0,1,1,0,0,1.2,1.45,1.2,1.61,1.93,2.32,2.28
2025/08/19-10:10,6596.6,6616,6589.6,6611.4,3492,6618.43,6620.84,6622.16,6612.05,6574.6,6611.4,6599.33,6599.33,6611.4,6643.2,6596.6,6596.6,0,34.92,24.26,19,15.32,0,0,0,1,24.26,0,0,1,0,0,0,1.24,1.58,1.28,1.44,1.84,2.28,0.99,0,34.92,24.26,19,15.32,0,0,0,1,24.26,0,0,1,0,0,0,1.24,1.58,1.28,1.44,1.84,2.28,0.99
2025/08/19-10:15,6611.8,6618.4,6604.6,6608.2,1543,6615.51,6618.9,6621.04,6611.89,6575.29,6604.3,6602.07,6602.07,6611.4,6643.2,6596.6,6596.6,0,15.43,22.65,18.82,15.32,0,0,0,0,22.65,1,0,0,0,0,0,1.23,1.48,1.2,0.68,0.82,1.01,0.44,0,15.43,22.65,18.82,15.32,0,0,0,0,22.65,1,0,0,0,0,0,1.23,1.48,1.2,0.68,0.82,1.01,0.44
2025/08/19-10:20,6608.6,6613.6,6596.4,6597.2,1223,6610.28,6615.56,6619.14,6611.29,6575.75,6597.2,6604.8,6604.8,6611.4,6643.2,6597.2,6596.6,0,12.23,20.76,18.5,15.29,0,0,0,0,20.76,1,0,0,0,0,0,1.21,1.36,1.12,0.59,0.66,0.8,0.79,0,12.23,20.76,18.5,15.29,0,0,0,0,20.76,1,0,0,0,0,0,1.21,1.36,1.12,0.59,0.66,0.8,0.79
2025/08/19-10:25,6596.6,6608.2,6596.6,6607.4,848,6609.46,6614.3,6618.2,6611.14,6576.4,6600.44,6607.53,6607.53,6611.4,6643.2,6597.2,6596.6,0,8.48,18.53,18.01,15.22,0,0,0,0,           ,1,0,0,0,0,0,1.18,1.22,1.03,0.46,0.47,0.56,0.69,0,8.48,18.53,18.01,15.22,0,0,0,0,           ,1,0,0,0,0,0,1.18,1.22,1.03,0.46,0.47,0.56,0.69
2025/08/19-10:30,6607.2,6626,6604.6,6619.2,1413,6612.24,6615.06,6618.28,6611.46,6577.28,6603.68,6610.27,6610.27,6611.4,6643.2,6597.2,6596.6,0,14.13,17.73,17.82,15.21,0,0,0,0,           ,0,1,0,1,0,0,1.17,1.17,0.99,0.8,0.79,0.93,1.67,0,14.13,17.73,17.82,15.21,0,0,0,0,           ,0,1,0,1,0,0,1.17,1.17,0.99,0.8,0.79,0.93,1.67
2025/08/19-10:35,6619.2,6630,6618.4,6627.8,1079,6616.69,6617.02,6619.04,6612.13,6578.32,6606.92,6613,6613,6611.4,6643.2,6597.2,6596.6,0,10.79,16.47,17.48,15.17,0,0,0,0,           ,1,0,0,0,0,0,1.15,1.09,0.94,0.66,0.62,0.71,0.76,0,10.79,16.47,17.48,15.17,0,0,0,0,           ,1,0,0,0,0,0,1.15,1.09,0.94,0.66,0.62,0.71,0.76
2025/08/19-10:40,6628.6,6631.2,6623.8,6628,825,6619.92,6618.71,6619.76,6612.78,6579.35,6610.16,6615.73,6615.73,6611.4,6643.2,6597.2,6596.6,0,8.25,14.97,17.03,15.1,0,0,0,0,           ,1,0,0,0,0,0,1.13,0.99,0.88,0.55,0.48,0.55,0.76,0,8.25,14.97,17.03,15.1,0,0,0,0,           ,1,0,0,0,0,0,1.13,0.99,0.88,0.55,0.48,0.55,0.76
2025/08/19-10:45,6628.2,6633,6621.4,6623.4,721,6620.91,6619.43,6620.05,6613.21,6580.25,6613.4,6618.47,6618.47,6611.4,6643.2,6597.2,6596.6,0,7.21,13.56,16.55,15.02,0,0,0,0,           ,1,0,0,0,0,0,1.1,0.9,0.82,0.53,0.44,0.48,0.87,0,7.21,13.56,16.55,15.02,0,0,0,0,           ,1,0,0,0,0,0,1.1,0.9,0.82,0.53,0.44,0.48,0.87
2025/08/19-10:50,6623.8,6628.6,6617,6626.8,1084,6622.6,6620.56,6620.59,6613.77,6581.21,6616.64,6621.2,6621.2,6611.4,6643.2,6597.2,6596.6,0,10.84,13.07,16.27,14.98,0,0,0,0,           ,0,1,0,1,0,0,1.09,0.87,0.8,0.83,0.67,0.72,1.5,0,10.84,13.07,16.27,14.98,0,0,0,0,           ,0,1,0,1,0,0,1.09,0.87,0.8,0.83,0.67,0.72,1.5
2025/08/19-10:55,6626.4,6629,6620,6620.8,491,6622.08,6620.6,6620.6,6614.05,6582.03,6619.88,6623.93,6623.93,6611.4,6643.2,6597.2,6596.6,0,4.91,11.58,15.72,14.88,1,0,0,0,           ,1,0,0,0,0,0,1.06,0.78,0.74,0.42,0.31,0.33,0.45,0,4.91,11.58,15.72,14.88,1,0,0,0,           ,1,0,0,0,0,0,1.06,0.78,0.74,0.42,0.31,0.33,0.45
2025/08/19-11:00,6622,6625.2,6611.2,6617.6,793,6620.8,6620.14,6620.36,6614.2,6582.76,6623.12,6626.67,6626.67,6611.4,6643.2,6597.2,6596.6,0,7.93,10.92,15.34,14.81,0,0,0,0,           ,1,0,0,1,0,0,1.04,0.74,0.71,0.73,0.52,0.54,1.62,0,7.93,10.92,15.34,14.81,0,0,0,0,           ,1,0,0,1,0,0,1.04,0.74,0.71,0.73,0.52,0.54,1.62
2025/08/19-11:05,6618,6632,6616,6627.8,846,6622.8,6621.32,6620.96,6614.75,6583.69,6626.36,6629.4,6629.4,6611.4,6643.2,6597.2,6596.6,0,8.46,10.47,15,14.75,0,0,0,0,           ,0,1,0,0,0,0,1.02,0.71,0.7,0.81,0.56,0.57,1.07,0,8.46,10.47,15,14.75,0,0,0,0,           ,0,1,0,0,0,0,1.02,0.71,0.7,0.81,0.56,0.57,1.07
2025/08/19-11:10,6626.8,6629.6,6620.2,6628,625,6624.29,6622.34,6621.52,6615.29,6584.61,6629.6,6632.13,6632.13,6611.4,6643.2,6597.2,6596.6,0,6.25,9.7,14.58,14.66,0,0,0,0,           ,1,0,0,0,0,0,0.99,0.66,0.67,0.64,0.43,0.43,0.74,0,6.25,9.7,14.58,14.66,0,0,0,0,           ,1,0,0,0,0,0,0.99,0.66,0.67,0.64,0.43,0.43,0.74
2025/08/19-11:15,6628,6640.6,6627.4,6636.8,916,6627.86,6624.57,6622.74,6616.17,6585.68,6632.84,6634.87,6634.87,6611.4,6643.2,6597.2,6596.6,0,9.16,9.61,14.31,14.61,0,0,0,0,           ,0,1,0,0,0,0,0.98,0.66,0.67,0.95,0.64,0.63,1.47,0,9.16,9.61,14.31,14.61,0,0,0,0,           ,0,1,0,0,0,0,0.98,0.66,0.67,0.95,0.64,0.63,1.47
2025/08/19-11:20,6637,6638.4,6630,6634.2,562,6629.67,6626.05,6623.66,6616.91,6586.68,6636.08,6637.6,6637.6,6611.4,6643.2,6597.2,6596.6,0,5.62,8.88,13.89,14.52,0,0,0,0,           ,1,0,0,0,0,0,0.96,0.61,0.64,0.63,0.4,0.39,0.61,0,5.62,8.88,13.89,14.52,0,0,0,0,           ,1,0,0,0,0,0,0.96,0.61,0.64,0.63,0.4,0.39,0.61
2025/08/19-11:25,6634.2,6649.6,6630.8,6645.2,903,6634.11,6629,6625.38,6618.06,6587.89,6639.32,6640.33,6640.33,6611.4,6643.2,6597.2,6596.6,0,9.03,8.91,13.65,14.46,0,0,0,0,           ,0,1,0,1,0,0,0.94,0.62,0.65,1.01,0.66,0.62,1.61,0,9.03,8.91,13.65,14.46,0,0,0,0,           ,0,1,0,1,0,0,0.94,0.62,0.65,1.01,0.66,0.62,1.61
2025/08/19-11:30,6645.8,6646.6,6626.6,6634,993,6634.08,6629.77,6626.07,6618.71,6588.84,6642.56,6643.07,6643.07,6611.4,6643.2,6597.2,6596.6,0,9.93,9.09,13.47,14.42,0,0,0,0,           ,0,1,0,0,0,0,0.93,0.63,0.68,1.09,0.74,0.69,1.1,0,9.93,9.09,13.47,14.42,0,0,0,0,           ,0,1,0,0,0,0,0.93,0.63,0.68,1.09,0.74,0.69,1.1
2025/08/19-13:05,6633,6648,6632.8,6645.8,1269,6637.43,6632.23,6627.65,6619.82,6590.01,6645.8,6645.8,6645.8,6645.8,6645.8,6597.2,6596.6,0,12.69,9.75,13.43,14.4,0,0,0,0,           ,0,0,1,0,0,0,0.93,0.68,0.73,1.3,0.94,0.88,1.28,0,12.69,9.75,13.43,14.4,0,0,0,0,           ,0,0,1,0,0,0,0.93,0.68,0.73,1.3,0.94,0.88,1.28
2025/08/19-13:10,6645.8,6652,6639,6645.2,955,6639.65,6634.23,6629.06,6620.85,6591.15,6641.96,6641.72,6641.72,6645.8,6645.8,6597.2,6596.6,0,9.55,9.71,13.24,14.35,0,0,0,0,           ,0,1,0,0,0,0,0.92,0.68,0.73,0.98,0.72,0.67,0.75,0,9.55,9.71,13.24,14.35,0,0,0,0,           ,0,1,0,0,0,0,0.92,0.68,0.73,0.98,0.72,0.67,0.75
2025/08/19-13:15,6645.2,6648.6,6634.8,6635.8,869,6638.55,6634.47,6629.6,6621.46,6592.07,6638.13,6637.65,6637.65,6645.8,6645.8,6597.2,6596.6,0,8.69,9.53,13.02,14.3,0,0,0,0,           ,0,1,0,0,0,0,0.91,0.67,0.73,0.91,0.67,0.61,0.91,0,8.69,9.53,13.02,14.3,0,0,0,0,           ,0,1,0,0,0,0,0.91,0.67,0.73,0.91,0.67,0.61,0.91
2025/08/19-13:20,6635.6,6642.4,6628,6632.4,878,6636.79,6634.15,6629.82,6621.91,6592.9,6634.29,6633.57,6633.57,6645.8,6645.8,6597.2,6596.6,0,8.78,9.39,12.81,14.24,0,0,0,0,           ,0,1,0,0,0,0,0.9,0.66,0.73,0.94,0.69,0.62,1.01,0,8.78,9.39,12.81,14.24,0,0,0,0,           ,0,1,0,0,0,0,0.9,0.66,0.73,0.94,0.69,0.62,1.01
2025/08/19-13:25,6632.8,6637,6628.2,6630.6,557,6635.02,6633.6,6629.88,6622.27,6593.68,6630.45,6629.5,6629.5,6645.8,6645.8,6597.2,6596.6,0,5.57,8.7,12.46,14.16,0,0,0,0,           ,1,0,0,0,0,0,0.88,0.61,0.7,0.64,0.45,0.39,0.63,0,5.57,8.7,12.46,14.16,0,0,0,0,           ,1,0,0,0,0,0,0.88,0.61,0.7,0.64,0.45,0.39,0.63
2025/08/19-13:30,6630.6,6635.8,6625.2,6634.2,929,6634.79,6633.7,6630.23,6622.75,6594.52,6626.62,6625.42,6625.42,6645.8,6645.8,6597.2,6596.6,0,9.29,8.8,12.3,14.11,0,0,0,0,           ,0,1,0,1,0,0,0.87,0.62,0.72,1.06,0.76,0.66,1.67,0,9.29,8.8,12.3,14.11,0,0,0,0,           ,0,1,0,1,0,0,0.87,0.62,0.72,1.06,0.76,0.66,1.67
2025/08/19-13:35,6634.4,6635.6,6612,6612.6,1357,6628.45,6630.45,6628.82,6622.34,6594.89,6622.78,6621.35,6621.35,6645.8,6645.8,6597.2,6596.6,0,13.57,9.67,12.37,14.1,0,0,0,0,           ,0,0,1,0,0,0,0.88,0.69,0.78,1.4,1.1,0.96,1.46,0,13.57,9.67,12.37,14.1,0,0,0,0,           ,0,0,1,0,0,0,0.88,0.69,0.78,1.4,1.1,0.96,1.46
2025/08/19-13:40,6613,6623.6,6607.6,6620.8,1494,6626.26,6628.97,6628.18,6622.28,6595.42,6618.95,6617.27,6617.27,6645.8,6645.8,6597.2,6596.6,0,14.94,10.63,12.49,14.11,0,0,0,0,           ,0,0,1,0,0,0,0.89,0.75,0.85,1.41,1.2,1.06,1.1,0,14.94,10.63,12.49,14.11,0,0,0,0,           ,0,0,1,0,0,0,0.89,0.75,0.85,1.41,1.2,1.06,1.1
2025/08/19-13:45,6620.8,6620.8,6612,6618,615,6623.9,6627.28,6627.36,6622.1,6595.89,6615.11,6613.2,6613.2,6645.8,6645.8,6597.2,6596.6,0,6.15,9.81,12.18,14.03,0,0,0,0,           ,1,0,0,0,0,0,0.87,0.7,0.81,0.63,0.5,0.44,0.41,0,6.15,9.81,12.18,14.03,0,0,0,0,           ,1,0,0,0,0,0,0.87,0.7,0.81,0.63,0.5,0.44,0.41
2025/08/19-13:50,6618,6618.8,6608,6611.2,854,6620.27,6624.81,6626.07,6621.66,6596.21,6611.27,6609.13,6609.13,6645.8,6645.8,6597.2,6596.6,0,8.54,9.58,12,13.98,0,0,0,0,           ,0,1,0,0,0,0,0.86,0.69,0.8,0.89,0.71,0.61,1.39,0,8.54,9.58,12,13.98,0,0,0,0,           ,0,1,0,0,0,0,0.86,0.69,0.8,0.89,0.71,0.61,1.39
2025/08/19-13:55,6610.8,6614.8,6598.2,6607,1427,6616.48,6622.07,6624.54,6621.06,6596.43,6607.44,6605.05,6605.05,6645.8,6645.8,6597.2,6596.6,0,14.27,10.43,12.12,13.98,0,0,0,0,           ,0,0,1,1,0,0,0.87,0.75,0.86,1.37,1.18,1.02,1.67,0,14.27,10.43,12.12,13.98,0,0,0,0,           ,0,0,1,1,0,0,0.87,0.75,0.86,1.37,1.18,1.02,1.67
2025/08/19-14:00,6607.8,6610.6,6595.6,6603.6,1201,6612.8,6619.23,6622.87,6620.35,6596.58,6603.6,6600.98,6600.98,6645.8,6645.8,6603.6,6596.6,0,12.01,10.72,12.11,13.96,0,0,0,0,           ,0,1,0,0,0,0,0.87,0.77,0.89,1.12,0.99,0.86,0.84,0,12.01,10.72,12.11,13.96,0,0,0,0,           ,0,1,0,0,0,0,0.87,0.77,0.89,1.12,0.99,0.86,0.84
2025/08/19-14:05,6603,6618,6597.4,6617.2,1428,6614.06,6618.91,6622.41,6620.22,6597,6617.2,6596.9,6596.9,6617.2,6645.8,6603.6,6596.6,0,14.28,11.37,12.22,13.96,0,0,0,0,           ,0,0,1,0,0,0,0.87,0.81,0.93,1.26,1.17,1.02,1.19,0,14.28,11.37,12.22,13.96,0,0,0,0,           ,0,0,1,0,0,0,0.87,0.81,0.93,1.26,1.17,1.02,1.19
2025/08/19-14:10,6617.6,6623,6611.6,6612.4,1066,6613.58,6617.91,6621.61,6619.9,6597.32,6611.43,6592.82,6592.82,6617.2,6645.8,6603.6,6596.6,0,10.66,11.24,12.14,13.93,0,0,0,0,           ,0,1,0,0,0,0,0.87,0.81,0.93,0.95,0.88,0.77,0.75,0,10.66,11.24,12.14,13.93,0,0,0,0,           ,0,1,0,0,0,0,0.87,0.81,0.93,0.95,0.88,0.77,0.75
2025/08/19-14:15,6612.6,6615,6606,6613.8,1070,6613.65,6617.28,6620.99,6619.65,6597.66,6605.67,6588.75,6588.75,6617.2,6645.8,6603.6,6596.6,0,10.7,11.14,12.07,13.9,0,0,0,0,           ,0,1,0,0,0,0,0.87,0.8,0.92,0.96,0.89,0.77,1,0,10.7,11.14,12.07,13.9,0,0,0,0,           ,0,1,0,0,0,0,0.87,0.8,0.92,0.96,0.89,0.77,1
2025/08/19-14:20,6614,6616.6,6599,6599.2,774,6609.52,6614.5,6619.25,6618.81,6597.69,6599.9,6584.67,6584.67,6617.2,6645.8,6603.6,6596.6,0,7.74,10.52,11.86,13.84,0,0,0,0,           ,1,0,0,0,0,0,0.86,0.76,0.89,0.74,0.65,0.56,0.72,0,7.74,10.52,11.86,13.84,0,0,0,0,           ,1,0,0,0,0,0,0.86,0.76,0.89,0.74,0.65,0.56,0.72
2025/08/19-14:25,6600,6606.2,6592,6597.2,1682,6606,6611.84,6617.48,6617.93,6597.68,6594.13,6580.6,6580.6,6617.2,6645.8,6603.6,6596.6,0,16.82,11.67,12.1,13.87,0,0,0,0,           ,0,0,1,1,0,0,0.87,0.84,0.96,1.44,1.39,1.21,2.17,0,16.82,11.67,12.1,13.87,0,0,0,0,           ,0,0,1,1,0,0,0.87,0.84,0.96,1.44,1.39,1.21,2.17
2025/08/19-14:30,6597.2,6601.8,6583.8,6601.8,1973,6604.8,6610.29,6616.23,6617.27,6597.77,6588.37,6576.52,6576.52,6617.2,6645.8,6603.6,6596.6,0,19.73,13.13,12.47,13.93,0,0,0,0,           ,0,0,1,0,0,0,0.9,0.94,1.05,1.5,1.58,1.42,1.17,0,19.73,13.13,12.47,13.93,0,0,0,0,           ,0,0,1,0,0,0,0.9,0.94,1.05,1.5,1.58,1.42,1.17
2025/08/19-14:35,6601.2,6610,6597.6,6605.8,1465,6605.08,6609.6,6615.39,6616.81,6597.93,6582.6,6572.45,6572.45,6617.2,6645.8,6603.6,6596.6,0,14.65,13.41,12.58,13.93,0,0,0,0,           ,0,1,0,0,0,0,0.9,0.96,1.07,1.09,1.16,1.05,0.74,0,14.65,13.41,12.58,13.93,0,0,0,0,           ,0,1,0,0,0,0,0.9,0.96,1.07,1.09,1.16,1.05,0.74
2025/08/19-14:40,6605.6,6610.4,6600.6,6604.4,909,6604.89,6608.8,6614.51,6616.3,6598.06,6576.83,6568.38,6568.38,6617.2,6645.8,6603.6,6596.6,0,9.09,12.62,12.41,13.88,0,0,0,0,           ,1,0,0,0,0,0,0.89,0.91,1.02,0.72,0.73,0.65,0.62,0,9.09,12.62,12.41,13.88,0,0,0,0,           ,1,0,0,0,0,0,0.89,0.91,1.02,0.72,0.73,0.65,0.62
2025/08/19-14:45,6605.4,6610,6598,6608.4,978,6605.89,6608.74,6614.02,6615.98,6598.28,6571.07,6564.3,6564.3,6617.2,6645.8,6603.6,6596.6,0,9.78,12.11,12.28,13.84,0,0,0,0,           ,0,1,0,0,0,0,0.89,0.87,0.99,0.81,0.8,0.71,1.08,0,9.78,12.11,12.28,13.84,0,0,0,0,           ,0,1,0,0,0,0,0.89,0.87,0.99,0.81,0.8,0.71,1.08
2025/08/19-14:50,6609.2,6610,6601.2,6602.6,1090,6604.95,6607.8,6613.11,6615.43,6598.37,6565.3,6560.23,6560.23,6617.2,6645.8,6603.6,6596.6,0,10.9,11.89,12.21,13.81,0,0,0,0,           ,0,1,0,0,0,0,0.88,0.86,0.97,0.92,0.89,0.79,1.11,0,10.9,11.89,12.21,13.81,0,0,0,0,           ,0,1,0,0,0,0,0.88,0.86,0.97,0.92,0.89,0.79,1.11
2025/08/19-14:55,6602.8,6603.8,6597,6598.8,1200,6603.19,6606.41,6611.97,6614.75,6598.38,6559.53,6556.15,6556.15,6617.2,6645.8,6603.6,6596.6,0,12,11.91,12.2,13.8,0,0,0,0,           ,0,1,0,0,0,0,0.88,0.86,0.98,1.01,0.98,0.87,1.1,0,12,11.91,12.2,13.8,0,0,0,0,           ,0,1,0,0,0,0,0.88,0.86,0.98,1.01,0.98,0.87,1.1
2025/08/19-15:00,6597.8,6603,6597,6600,2286,6602.28,6605.43,6611.01,6614.15,6598.41,6553.77,6552.08,6552.08,6617.2,6645.8,6603.6,6596.6,0,22.86,13.9,12.72,13.89,0,0,0,0,           ,0,0,1,1,0,0,0.92,1,1.09,1.64,1.8,1.65,1.9,0,22.86,13.9,12.72,13.89,0,0,0,0,           ,0,0,1,1,0,0,0.92,1,1.09,1.64,1.8,1.65,1.9
2025/08/20-09:35,6568,6568,6525,6548,7840,6586.77,6596.59,6605.97,6611.45,6597.37,6548,6548,6548,6617.2,6645.8,6548,6548,0,78.4,25.63,15.93,14.53,0,1,0,1,25.63,0,0,1,1,1,1,1.1,1.76,1.61,3.06,4.92,5.4,3.43,0,78.4,25.63,15.93,14.53,0,1,0,1,25.63,0,0,1,1,1,1,1.1,1.76,1.61,3.06,4.92,5.4,3.43
2025/08/20-09:40,6548,6571.2,6538,6566.4,3533,6580.95,6591.95,6602.8,6609.61,6596.73,6557.64,6552.15,6552.15,6617.2,6645.8,6548,6548,0,35.33,27.39,16.87,14.74,0,0,0,1,27.39,0,0,1,0,0,0,1.15,1.86,1.62,1.29,2.09,2.4,0.45,0,35.33,27.39,16.87,14.74,0,0,0,1,27.39,0,0,1,0,0,0,1.15,1.86,1.62,1.29,2.09,2.4,0.45
2025/08/20-09:45,6566,6581.8,6561.4,6573.6,2570,6578.85,6589.12,6600.47,6608.14,6596.25,6567.28,6556.29,6556.29,6617.2,6645.8,6548,6548,0,25.7,27.08,17.3,14.84,0,0,0,0,27.08,0,1,0,0,0,0,1.17,1.82,1.57,0.95,1.49,1.73,0.73,0,25.7,27.08,17.3,14.84,0,0,0,0,27.08,0,1,0,0,0,0,1.17,1.82,1.57,0.95,1.49,1.73,0.73
2025/08/20-09:50,6573.4,6590.8,6570.2,6586.4,2456,6581.01,6588.71,6599.34,6607.25,6596.05,6576.92,6560.44,6560.44,6617.2,6645.8,6548,6548,0,24.56,26.62,17.66,14.94,0,0,0,0,26.62,0,1,0,0,0,0,1.18,1.78,1.51,0.92,1.39,1.64,0.96,0,24.56,26.62,17.66,14.94,0,0,0,0,26.62,0,1,0,0,0,0,1.18,1.78,1.51,0.92,1.39,1.64,0.96
2025/08/20-09:55,6586,6599.8,6585.2,6593,1739,6584.43,6589.37,6598.83,6606.67,6595.99,6586.56,6564.59,6564.59,6617.2,6645.8,6548,6548,0,17.39,24.95,17.64,14.97,0,0,0,0,24.95,1,0,0,0,0,0,1.18,1.67,1.41,0.7,0.99,1.16,0.71,0,17.39,24.95,17.64,14.97,0,0,0,0,24.95,1,0,0,0,0,0,1.18,1.67,1.41,0.7,0.99,1.16,0.71
2025/08/20-10:00,6592.6,6599.4,6580,6596.2,1589,6587.8,6590.42,6598.62,6606.25,6595.99,6596.2,6568.73,6568.73,6596.2,6645.8,6548,6548,0,15.89,23.3,17.56,14.97,0,0,0,0,23.3,1,0,0,0,0,0,1.17,1.56,1.33,0.68,0.9,1.06,0.91,0,15.89,23.3,17.56,14.97,0,0,0,0,23.3,1,0,0,0,0,0,1.17,1.56,1.33,0.68,0.9,1.06,0.91
2025/08/20-10:05,6596.2,6596.6,6576.2,6577.2,1415,6584.77,6588.38,6596.91,6605.06,6595.6,6587.73,6572.88,6572.88,6596.2,6645.8,6548,6548,0,14.15,21.64,17.39,14.97,0,0,0,0,21.64,1,0,0,0,0,0,1.16,1.45,1.24,0.65,0.81,0.95,0.89,0,14.15,21.64,17.39,14.97,0,0,0,0,21.64,1,0,0,0,0,0,1.16,1.45,1.24,0.65,0.81,0.95,0.89
2025/08/20-10:10,6578,6582,6566,6572.6,2013,6581.29,6585.96,6594.96,6603.73,6595.13,6579.27,6577.03,6577.03,6596.2,6645.8,6548,6548,0,20.13,21.36,17.53,15.02,0,0,0,0,21.36,0,1,0,0,0,0,1.17,1.42,1.22,0.94,1.15,1.34,1.42,0,20.13,21.36,17.53,15.02,0,0,0,0,21.36,0,1,0,0,0,0,1.17,1.42,1.22,0.94,1.15,1.34,1.42
2025/08/20-10:15,6572.6,6577.6,6566.2,6570.8,1038,6578.29,6583.62,6593.03,6602.39,6594.63,6570.8,6581.17,6581.17,6596.2,6645.8,6570.8,6548,0,10.38,19.37,17.18,14.97,0,0,0,0,           ,1,0,0,0,0,0,1.15,1.29,1.13,0.54,0.6,0.69,0.52,0,10.38,19.37,17.18,14.97,0,0,0,0,           ,1,0,0,0,0,0,1.15,1.29,1.13,0.54,0.6,0.69,0.52
2025/08/20-10:20,6569.8,6580,6563.8,6574.4,1143,6577.18,6582.21,6591.54,6601.25,6594.21,6576.43,6585.32,6585.32,6596.2,6645.8,6570.8,6548,0,11.43,17.92,16.9,14.94,0,0,0,0,           ,1,0,0,0,0,0,1.13,1.2,1.06,0.64,0.68,0.77,1.1,0,11.43,17.92,16.9,14.94,0,0,0,0,           ,1,0,0,0,0,0,1.13,1.2,1.06,0.64,0.68,0.77,1.1
2025/08/20-10:25,6573.8,6579.8,6568.4,6573.6,858,6576.16,6580.88,6590.11,6600.12,6593.79,6582.06,6589.47,6589.47,6596.2,6645.8,6570.8,6548,0,8.58,16.22,16.49,14.87,0,0,0,0,           ,1,0,0,0,0,0,1.11,1.09,0.98,0.53,0.52,0.58,0.75,0,8.58,16.22,16.49,14.87,0,0,0,0,           ,1,0,0,0,0,0,1.11,1.09,0.98,0.53,0.52,0.58,0.75
2025/08/20-10:30,6574.8,6591.2,6569.4,6590.6,800,6580.28,6582.38,6590.15,6599.73,6593.72,6587.69,6593.61,6593.61,6596.2,6645.8,6570.8,6548,0,8,14.73,16.08,14.81,0,0,0,0,           ,1,0,0,0,0,0,1.09,0.99,0.92,0.54,0.5,0.54,0.93,0,8,14.73,16.08,14.81,0,0,0,0,           ,1,0,0,0,0,0,1.09,0.99,0.92,0.54,0.5,0.54,0.93
2025/08/20-10:35,6591.6,6607.2,6590.4,6605,1557,6587.35,6585.86,6591.33,6599.95,6593.95,6593.31,6597.76,6597.76,6596.2,6645.8,6570.8,6548,0,15.57,14.88,16.05,14.81,0,0,0,0,           ,0,1,0,1,0,0,1.08,1,0.93,1.05,0.97,1.05,1.95,0,15.57,14.88,16.05,14.81,0,0,0,0,           ,0,1,0,1,0,0,1.08,1,0.93,1.05,0.97,1.05,1.95
2025/08/20-10:40,6605.2,6612.2,6601,6605.2,1369,6592.45,6588.83,6592.44,6600.16,6594.19,6598.94,6601.91,6601.91,6596.2,6645.8,6570.8,6548,0,13.69,14.66,15.94,14.8,0,0,0,0,           ,0,1,0,0,0,0,1.08,0.99,0.92,0.93,0.86,0.92,0.88,0,13.69,14.66,15.94,14.8,0,0,0,0,           ,0,1,0,0,0,0,1.08,0.99,0.92,0.93,0.86,0.92,0.88
2025/08/20-10:45,6605.8,6609,6600.8,6601.4,766,6595.01,6590.77,6593.16,6600.21,6594.33,6604.57,6606.05,6606.05,6596.2,6645.8,6570.8,6548,0,7.66,13.39,15.53,14.73,0,0,0,0,           ,1,0,0,0,0,0,1.05,0.91,0.86,0.57,0.49,0.52,0.56,0,7.66,13.39,15.53,14.73,0,0,0,0,           ,1,0,0,0,0,0,1.05,0.91,0.86,0.57,0.49,0.52,0.56
2025/08/20-10:50,6601.4,6611.8,6600.6,6610.2,778,6599.35,6593.76,6594.52,6600.62,6594.66,6610.2,6610.2,6610.2,6610.2,6610.2,6570.8,6548,0,7.78,12.37,15.16,14.66,0,0,0,0,           ,1,0,0,0,0,0,1.03,0.84,0.82,0.63,0.51,0.53,1.02,0,7.78,12.37,15.16,14.66,0,0,0,0,           ,1,0,0,0,0,0,1.03,0.84,0.82,0.63,0.51,0.53,1.02
2025/08/20-10:55,6610.2,6610.6,6589.4,6593,1024,6597.53,6593.64,6594.4,6600.31,6594.63,6600.37,6600.37,6600.37,6610.2,6610.2,6570.8,6548,0,10.24,11.98,14.92,14.62,0,0,0,0,           ,0,1,0,0,0,0,1.02,0.82,0.8,0.85,0.69,0.7,1.32,0,10.24,11.98,14.92,14.62,0,0,0,0,           ,0,1,0,0,0,0,1.02,0.82,0.8,0.85,0.69,0.7,1.32
2025/08/20-11:00,6593.4,6595.8,6573.6,6574,1128,6590.81,6590.62,6592.77,6599.23,6594.2,6590.54,6590.54,6590.54,6610.2,6610.2,6570.8,6548,0,11.28,11.86,14.74,14.58,0,0,0,0,           ,0,1,0,0,0,0,1.01,0.81,0.8,0.95,0.77,0.77,1.1,0,11.28,11.86,14.74,14.58,0,0,0,0,           ,0,1,0,0,0,0,1.01,0.81,0.8,0.95,0.77,0.77,1.1
2025/08/20-11:05,6573.2,6579.4,6562,6575.8,1987,6586.52,6588.34,6591.41,6598.28,6593.82,6580.71,6580.71,6580.71,6610.2,6610.2,6570.8,6548,0,19.87,13.31,14.99,14.64,0,0,0,0,           ,0,0,1,1,0,0,1.02,0.91,0.89,1.49,1.33,1.36,1.76,0,19.87,13.31,14.99,14.64,0,0,0,0,           ,0,0,1,1,0,0,1.02,0.91,0.89,1.49,1.33,1.36,1.76
2025/08/20-11:10,6575.8,6577.8,6565,6571.8,903,6582.31,6585.79,6589.84,6597.2,6593.37,6570.89,6570.89,6570.89,6610.2,6610.2,6570.8,6548,0,9.03,12.53,14.7,14.58,0,0,0,0,           ,1,0,0,0,0,0,1.01,0.86,0.85,0.72,0.61,0.62,0.45,0,9.03,12.53,14.7,14.58,0,0,0,0,           ,1,0,0,0,0,0,1.01,0.86,0.85,0.72,0.61,0.62,0.45
2025/08/20-11:15,6573,6574.8,6564.4,6569.8,699,6578.74,6583.33,6588.24,6596.08,6592.88,6561.06,6561.06,6561.06,6610.2,6610.2,6570.8,6548,0,6.99,11.53,14.32,14.51,0,0,0,0,           ,1,0,0,0,0,0,0.99,0.79,0.8,0.61,0.49,0.48,0.77,0,6.99,11.53,14.32,14.51,0,0,0,0,           ,1,0,0,0,0,0,0.99,0.79,0.8,0.61,0.49,0.48,0.77
2025/08/20-11:20,6568.8,6570,6552,6558.8,1559,6573.04,6579.56,6585.88,6594.56,6592.18,6551.23,6551.23,6551.23,6610.2,6610.2,6570.8,6548,0,15.59,12.26,14.38,14.52,0,0,0,0,           ,0,0,1,1,0,0,0.99,0.84,0.85,1.27,1.08,1.07,2.23,0,15.59,12.26,14.38,14.52,0,0,0,0,           ,0,0,1,1,0,0,0.99,0.84,0.85,1.27,1.08,1.07,2.23
2025/08/20-11:25,6558.6,6564.8,6539.2,6541.4,1322,6564,6573.69,6582.33,6592.39,6591.13,6541.4,6541.4,6541.4,6610.2,6610.2,6541.4,6541.4,0,13.22,12.44,14.33,14.5,0,0,0,0,           ,0,1,0,0,0,0,0.99,0.86,0.87,1.06,0.92,0.91,0.85,0,13.22,12.44,14.33,14.5,0,0,0,0,           ,0,1,0,0,0,0,0.99,0.86,0.87,1.06,0.92,0.91,0.85
2025/08/20-11:30,6541.2,6556.8,6522,6556.8,3763,6561.94,6571.09,6580.28,6590.93,6590.42,6547.74,6547.74,6547.74,6610.2,6610.2,6541.4,6541.4,0,37.63,17.02,15.46,14.73,0,0,0,1,           ,0,0,1,1,0,0,1.05,1.16,1.1,2.21,2.43,2.55,2.85,0,37.63,17.02,15.46,14.73,0,0,0,1,           ,0,0,1,1,0,0,1.05,1.16,1.1,2.21,2.43,2.55,2.85
2025/08/20-13:05,6556,6559.6,6550.6,6551.8,1442,6559.05,6568.12,6578,6589.34,6589.63,6554.08,6554.08,6554.08,6610.2,6610.2,6541.4,6541.4,0,14.42,16.55,15.41,14.73,0,0,0,0,           ,0,1,0,0,0,0,1.05,1.12,1.07,0.87,0.94,0.98,0.38,0,14.42,16.55,15.41,14.73,0,0,0,0,           ,0,1,0,0,0,0,1.05,1.12,1.07,0.87,0.94,0.98,0.38
2025/08/20-13:10,6551.8,6555.8,6540.2,6544.4,839,6554.86,6564.47,6575.32,6587.5,6588.7,6560.42,6560.42,6560.42,6610.2,6610.2,6541.4,6541.4,0,8.39,15.06,15.07,14.67,0,0,0,0,           ,1,0,0,0,0,0,1.03,1.03,1,0.56,0.56,0.57,0.58,0,8.39,15.06,15.07,14.67,0,0,0,0,           ,1,0,0,0,0,0,1.03,1.03,1,0.56,0.56,0.57,0.58
2025/08/20-13:15,6544.8,6556,6542,6548.8,960,6553.13,6562.06,6573.2,6585.92,6587.87,6566.76,6566.76,6566.76,6610.2,6610.2,6541.4,6541.4,0,9.6,14.07,14.8,14.62,0,0,0,0,           ,1,0,0,0,0,0,1.01,0.96,0.95,0.68,0.65,0.66,1.14,0,9.6,14.07,14.8,14.62,0,0,0,0,           ,1,0,0,0,0,0,1.01,0.96,0.95,0.68,0.65,0.66,1.14
2025/08/20-13:20,6548.2,6557.4,6545,6556.2,688,6554.01,6561.16,6571.84,6584.71,6587.22,6573.1,6573.1,6573.1,6610.2,6610.2,6541.4,6541.4,0,6.88,12.76,14.42,14.54,0,0,0,0,           ,1,0,0,0,0,0,0.99,0.88,0.89,0.54,0.48,0.47,0.72,0,6.88,12.76,14.42,14.54,0,0,0,0,           ,1,0,0,0,0,0,0.99,0.88,0.89,0.54,0.48,0.47,0.72
2025/08/20-13:25,6556.2,6564.6,6553.6,6563.4,818,6556.69,6561.5,6571.16,6583.84,6586.73,6579.44,6579.44,6579.44,6610.2,6610.2,6541.4,6541.4,0,8.18,11.93,14.11,14.48,0,0,0,0,           ,1,0,0,0,0,0,0.97,0.82,0.85,0.69,0.58,0.57,1.19,0,8.18,11.93,14.11,14.48,0,0,0,0,           ,1,0,0,0,0,0,0.97,0.82,0.85,0.69,0.58,0.57,1.19
2025/08/20-13:30,6563.4,6569.8,6557,6568.6,899,6560.09,6562.6,6570.96,6583.22,6586.35,6585.79,6585.79,6585.79,6610.2,6610.2,6541.4,6541.4,0,8.99,11.4,13.86,14.42,0,0,0,0,           ,0,1,0,0,0,0,0.96,0.79,0.82,0.79,0.65,0.62,1.1,0,8.99,11.4,13.86,14.42,0,0,0,0,           ,0,1,0,0,0,0,0.96,0.79,0.82,0.79,0.65,0.62,1.1
2025/08/20-13:35,6568.6,6579,6565.2,6579,1159,6565.5,6565.12,6571.6,6583.05,6586.2,6592.13,6592.13,6592.13,6610.2,6610.2,6541.4,6541.4,0,11.59,11.43,13.75,14.39,0,0,0,0,           ,0,1,0,0,0,0,0.96,0.79,0.83,1.01,0.84,0.81,1.29,0,11.59,11.43,13.75,14.39,0,0,0,0,           ,0,1,0,0,0,0,0.96,0.79,0.83,1.01,0.84,0.81,1.29
2025/08/20-13:40,6579.6,6592,6579.6,6592,1534,6573.07,6569.26,6573.23,6583.41,6586.32,6598.47,6598.47,6598.47,6610.2,6610.2,6541.4,6541.4,0,15.34,12.14,13.83,14.4,0,0,0,0,           ,0,0,1,0,0,0,0.96,0.84,0.88,1.26,1.11,1.07,1.32,0,15.34,12.14,13.83,14.4,0,0,0,0,           ,0,0,1,0,0,0,0.96,0.84,0.88,1.26,1.11,1.07,1.32
2025/08/20-13:45,6590.8,6600,6585.8,6585.8,1583,6576.71,6571.8,6574.24,6583.51,6586.31,6604.81,6604.81,6604.81,6610.2,6610.2,6541.4,6541.4,0,15.83,12.81,13.93,14.42,0,0,0,0,           ,0,0,1,0,0,0,0.97,0.89,0.92,1.24,1.14,1.1,1.03,0,15.83,12.81,13.93,14.42,0,0,0,0,           ,0,0,1,0,0,0,0.97,0.89,0.92,1.24,1.14,1.1,1.03
2025/08/20-13:50,6585.8,6607.6,6585,6601.6,1296,6583.82,6576.39,6576.43,6584.25,6586.63,6611.15,6611.15,6611.15,6610.2,6610.2,6541.4,6541.4,0,12.96,12.84,13.88,14.4,0,0,0,0,           ,0,1,0,0,0,0,0.96,0.89,0.93,1.01,0.93,0.9,0.82,0,12.96,12.84,13.88,14.4,0,0,0,0,           ,0,1,0,0,0,0,0.96,0.89,0.93,1.01,0.93,0.9,0.82
2025/08/20-13:55,6600.6,6608.6,6598,6605,905,6589.87,6580.79,6578.71,6585.09,6587.01,6617.49,6617.49,6617.49,6610.2,6610.2,6541.4,6541.4,0,9.05,12.15,13.64,14.35,0,0,0,0,           ,1,0,0,0,0,0,0.95,0.85,0.89,0.74,0.66,0.63,0.7,0,9.05,12.15,13.64,14.35,0,0,0,0,           ,1,0,0,0,0,0,0.95,0.85,0.89,0.74,0.66,0.63,0.7
2025/08/20-14:00,6605.8,6615.4,6598.6,6614,1123,6596.76,6585.9,6581.54,6586.27,6587.56,6623.83,6623.83,6623.83,6610.2,6610.2,6541.4,6541.4,0,11.23,11.98,13.53,14.32,0,0,0,0,           ,0,1,0,0,0,0,0.94,0.84,0.89,0.94,0.83,0.78,1.24,0,11.23,11.98,13.53,14.32,0,0,0,0,           ,0,1,0,0,0,0,0.94,0.84,0.89,0.94,0.83,0.78,1.24
2025/08/20-14:05,6613.6,6638.8,6613.6,6637.6,2445,6608.43,6593.85,6586.02,6588.37,6588.59,6630.17,6630.17,6630.17,6610.2,6610.2,6541.4,6541.4,0,24.45,14.25,14.06,14.42,0,0,0,0,           ,0,0,1,1,0,0,0.98,0.99,1.01,1.72,1.74,1.7,2.18,0,24.45,14.25,14.06,14.42,0,0,0,0,           ,0,0,1,1,0,0,0.98,0.99,1.01,1.72,1.74,1.7,2.18
2025/08/20-14:10,6637.6,6642.2,6629.4,6633,1670,6615.45,6599.87,6589.78,6590.19,6589.51,6636.51,6636.51,6636.51,6610.2,6610.2,6541.4,6541.4,0,16.7,14.7,14.19,14.44,0,0,0,0,           ,0,1,0,0,0,0,0.98,1.02,1.04,1.14,1.18,1.16,0.68,0,16.7,14.7,14.19,14.44,0,0,0,0,           ,0,1,0,0,0,0,0.98,1.02,1.04,1.14,1.18,1.16,0.68
2025/08/20-14:15,6633.4,6647.8,6633.4,6644.4,1244,6623.72,6606.72,6594.15,6592.4,6590.64,6642.85,6642.85,6642.85,6610.2,6610.2,6541.4,6541.4,0,12.44,14.29,14.1,14.42,0,0,0,0,           ,0,1,0,0,0,0,0.98,0.99,1.01,0.87,0.88,0.86,0.74,0,12.44,14.29,14.1,14.42,0,0,0,0,           ,0,1,0,0,0,0,0.98,0.99,1.01,0.87,0.88,0.86,0.74
2025/08/20-14:20,6644.2,6662,6644.2,6652,1829,6631.8,6613.69,6598.78,6594.84,6591.91,6649.19,6649.19,6649.19,6610.2,6610.2,6541.4,6541.4,0,18.29,15.01,14.31,14.46,0,0,0,0,           ,0,0,1,0,0,0,0.99,1.04,1.05,1.22,1.28,1.26,1.47,0,18.29,15.01,14.31,14.46,0,0,0,0,           ,0,0,1,0,0,0,0.99,1.04,1.05,1.22,1.28,1.26,1.47
2025/08/20-14:25,6651.2,6659,6643.8,6654.6,1279,6638.32,6619.98,6603.24,6597.28,6593.2,6655.53,6655.53,6655.53,6610.2,6610.2,6541.4,6541.4,0,12.79,14.61,14.23,14.44,0,0,0,0,           ,0,1,0,0,0,0,0.99,1.01,1.03,0.88,0.9,0.89,0.7,0,12.79,14.61,14.23,14.44,0,0,0,0,           ,0,1,0,0,0,0,0.99,1.01,1.03,0.88,0.9,0.89,0.7
2025/08/20-14:30,6655.8,6659,6645.6,6657.6,905,6643.83,6625.77,6607.59,6599.74,6594.53,6661.87,6661.87,6661.87,6610.2,6610.2,6541.4,6541.4,0,9.05,13.6,13.98,14.39,0,0,0,0,           ,1,0,0,0,0,0,0.97,0.94,0.97,0.67,0.65,0.63,0.71,0,9.05,13.6,13.98,14.39,0,0,0,0,           ,1,0,0,0,0,0,0.97,0.94,0.97,0.67,0.65,0.63,0.71
2025/08/20-14:35,6657.4,6667.6,6657.4,6658.6,1382,6648.05,6630.82,6611.67,6602.14,6595.85,6668.21,6668.21,6668.21,6610.2,6610.2,6541.4,6541.4,0,13.82,13.64,13.97,14.38,0,0,0,0,           ,0,1,0,1,0,0,0.97,0.95,0.98,1.01,0.99,0.96,1.53,0,13.82,13.64,13.97,14.38,0,0,0,0,           ,0,1,0,1,0,0,0.97,0.95,0.98,1.01,0.99,0.96,1.53
2025/08/20-14:40,6658.2,6663.4,6649.4,6658,1187,6650.89,6635,6615.38,6604.42,6597.13,6674.56,6674.56,6674.56,6610.2,6610.2,6541.4,6541.4,0,11.87,13.32,13.87,14.36,0,0,0,0,           ,0,1,0,0,0,0,0.97,0.93,0.96,0.89,0.86,0.83,0.86,0,11.87,13.32,13.87,14.36,0,0,0,0,           ,0,1,0,0,0,0,0.97,0.93,0.96,0.89,0.86,0.83,0.86
2025/08/20-14:45,6657.6,6666,6653,6665.6,900,6655.09,6639.71,6619.4,6606.92,6598.54,6680.9,6680.9,6680.9,6610.2,6610.2,6541.4,6541.4,0,9,12.53,13.63,14.31,0,0,0,0,           ,1,0,0,0,0,0,0.95,0.88,0.92,0.72,0.66,0.63,0.76,0,9,12.53,13.63,14.31,0,0,0,0,           ,1,0,0,0,0,0,0.95,0.88,0.92,0.72,0.66,0.63,0.76
2025/08/20-14:50,6665.8,6685.4,6662.6,6683.6,2344,6663.24,6646.46,6624.53,6610.05,6600.3,6687.24,6687.24,6687.24,6610.2,6610.2,6541.4,6541.4,0,23.44,14.52,14.11,14.4,0,0,0,0,           ,0,0,1,1,0,0,0.98,1.01,1.03,1.61,1.66,1.63,2.6,0,23.44,14.52,14.11,14.4,0,0,0,0,           ,0,0,1,1,0,0,0.98,1.01,1.03,1.61,1.66,1.63,2.6
2025/08/20-14:55,6683.8,6691.2,6675.8,6689.6,2424,6670.77,6653.1,6629.74,6613.29,6602.14,6693.58,6693.58,6693.58,6610.2,6610.2,6541.4,6541.4,0,24.24,16.28,14.6,14.5,0,0,0,0,           ,0,0,1,0,0,0,1.01,1.12,1.11,1.49,1.66,1.67,1.03,0,24.24,16.28,14.6,14.5,0,0,0,0,           ,0,0,1,0,0,0,1.01,1.12,1.11,1.49,1.66,1.67,1.03
2025/08/20-15:00,6689.8,6699.4,6687.8,6695.2,2635,6677.75,6659.58,6634.97,6616.64,6604.06,6699.92,6699.92,6699.92,6610.2,6610.2,6541.4,6541.4,0,26.35,18.11,15.18,14.61,0,0,0,0,           ,0,0,1,0,0,0,1.04,1.24,1.19,1.45,1.74,1.8,1.09,0,26.35,18.11,15.18,14.61,0,0,0,0,           ,0,0,1,0,0,0,1.04,1.24,1.19,1.45,1.74,1.8,1.09
2025/08/21-09:35,6703,6719.6,6703,6705.6,5625,6685.71,6666.66,6640.62,6620.27,6606.15,6706.26,6706.26,6706.26,6610.2,6610.2,6541.4,6541.4,0,56.25,25.05,17.18,15.03,0,1,0,1,25.05,0,0,1,1,1,1,1.14,1.67,1.46,2.25,3.27,3.74,2.13,0,56.25,25.05,17.18,15.03,0,1,0,1,25.05,0,0,1,1,1,1,1.14,1.67,1.46,2.25,3.27,3.74,2.13
2025/08/21-09:40,6705.6,6724.4,6703.2,6712.6,3224,6693.39,6673.73,6646.38,6624.04,6608.34,6712.6,6712.6,6712.6,6712.6,6712.6,6541.4,6541.4,0,32.24,26.36,17.92,15.2,0,0,0,1,26.36,0,0,1,0,0,0,1.18,1.73,1.47,1.22,1.8,2.12,0.57,0,32.24,26.36,17.92,15.2,0,0,0,1,26.36,0,0,1,0,0,0,1.18,1.73,1.47,1.22,1.8,2.12,0.57
2025/08/21-09:45,6712.8,6715.4,6683.6,6684.4,3420,6690.82,6675.37,6649.42,6626.5,6609.91,6699.16,6699.16,6699.16,6712.6,6712.6,6541.4,6541.4,0,34.2,27.78,18.71,15.39,0,0,0,1,27.78,0,0,1,0,0,0,1.22,1.81,1.48,1.23,1.83,2.22,1.06,0,34.2,27.78,18.71,15.39,0,0,0,1,27.78,0,0,1,0,0,0,1.22,1.81,1.48,1.23,1.83,2.22,1.06
2025/08/21-09:50,6684.4,6704,6681.4,6682.2,2176,6688.36,6676.42,6652.05,6628.77,6611.4,6685.72,6685.72,6685.72,6712.6,6712.6,6541.4,6541.4,0,21.76,26.69,18.86,15.45,0,0,0,0,26.69,0,1,0,0,0,0,1.22,1.73,1.42,0.82,1.15,1.41,0.64,0,21.76,26.69,18.86,15.45,0,0,0,0,26.69,0,1,0,0,0,0,1.22,1.73,1.42,0.82,1.15,1.41,0.64
2025/08/21-09:55,6682.2,6684.2,6664,6665.6,2835,6681.86,6674.75,6653.13,6630.28,6612.52,6672.28,6672.28,6672.28,6712.6,6712.6,6541.4,6541.4,0,28.35,26.99,19.32,15.58,0,0,0,0,26.99,0,1,0,0,0,0,1.24,1.73,1.4,1.05,1.47,1.82,1.3,0,28.35,26.99,19.32,15.58,0,0,0,0,26.99,0,1,0,0,0,0,1.24,1.73,1.4,1.05,1.47,1.82,1.3
2025/08/21-10:00,6664.8,6669,6647,6649.6,2905,6672.64,6670.88,6652.85,6631.07,6613.29,6658.84,6658.84,6658.84,6712.6,6712.6,6541.4,6541.4,0,29.05,27.36,19.8,15.71,0,0,0,0,27.36,0,1,0,0,0,0,1.26,1.74,1.38,1.06,1.47,1.85,1.02,0,29.05,27.36,19.8,15.71,0,0,0,0,27.36,0,1,0,0,0,0,1.26,1.74,1.38,1.06,1.47,1.85,1.02
2025/08/21-10:05,6649.2,6661.6,6642,6645.4,2935,6664.86,6666.96,6652.25,6631.65,6613.95,6645.4,6645.4,6645.4,6712.6,6712.6,6645.4,6645.4,0,29.35,27.72,20.26,15.85,0,0,0,0,27.72,0,1,0,0,0,0,1.28,1.75,1.37,1.06,1.45,1.85,1.01,0,29.35,27.72,20.26,15.85,0,0,0,0,27.72,0,1,0,0,0,0,1.28,1.75,1.37,1.06,1.45,1.85,1.01
2025/08/21-10:10,6646.2,6670.8,6646.2,6669.6,2627,6666.21,6667.37,6653.64,6633.2,6615.09,6669.6,6649.42,6649.42,6669.6,6712.6,6645.4,6645.4,0,26.27,27.46,20.56,15.95,0,0,0,0,27.46,0,1,0,0,0,0,1.29,1.72,1.34,0.96,1.28,1.65,0.9,0,26.27,27.46,20.56,15.95,0,0,0,0,27.46,0,1,0,0,0,0,1.29,1.72,1.34,0.96,1.28,1.65,0.9
2025/08/21-10:15,6669.6,6672,6658.2,6662.6,1678,6665.18,6666.64,6654.36,6634.4,6616.07,6661,6653.43,6653.43,6669.6,6712.6,6645.4,6645.4,0,16.78,25.52,20.37,15.96,0,0,0,0,25.52,1,0,0,0,0,0,1.28,1.6,1.25,0.66,0.82,1.05,0.64,0,16.78,25.52,20.37,15.96,0,0,0,0,25.52,1,0,0,0,0,0,1.28,1.6,1.25,0.66,0.82,1.05,0.64
2025/08/21-10:20,6663,6663,6642.4,6652.4,2393,6661.53,6664.45,6654.2,6635.13,6616.82,6652.4,6657.45,6657.45,6669.6,6712.6,6652.4,6645.4,0,23.93,25.23,20.54,16.04,0,0,0,0,25.23,0,1,0,0,0,0,1.28,1.57,1.23,0.95,1.16,1.49,1.43,0,23.93,25.23,20.54,16.04,0,0,0,0,25.23,0,1,0,0,0,0,1.28,1.57,1.23,0.95,1.16,1.49,1.43
2025/08/21-10:25,6652.4,6671.6,6650.4,6664.2,1705,6662.29,6664.41,6655,6636.32,6617.8,6656.98,6661.47,6661.47,6669.6,6712.6,6652.4,6645.4,0,17.05,23.74,20.37,16.05,0,0,0,0,23.74,1,0,0,0,0,0,1.27,1.48,1.17,0.72,0.84,1.06,0.71,0,17.05,23.74,20.37,16.05,0,0,0,0,23.74,1,0,0,0,0,0,1.27,1.48,1.17,0.72,0.84,1.06,0.71
2025/08/21-10:30,6664.4,6672.6,6663,6664,1195,6662.78,6664.35,6655.72,6637.45,6618.75,6661.56,6665.48,6665.48,6669.6,6712.6,6652.4,6645.4,0,11.95,21.6,19.96,16.01,0,0,0,0,21.6,1,0,0,0,0,0,1.25,1.35,1.08,0.55,0.6,0.75,0.7,0,11.95,21.6,19.96,16.01,0,0,0,0,21.6,1,0,0,0,0,0,1.25,1.35,1.08,0.55,0.6,0.75,0.7
2025/08/21-10:35,6664,6678.8,6661.2,6676.2,1661,6666.61,6666.17,6657.36,6639.03,6619.94,6666.13,6669.5,6669.5,6669.6,6712.6,6652.4,6645.4,0,16.61,20.69,19.8,16.02,0,0,0,0,           ,0,1,0,0,0,0,1.24,1.29,1.05,0.8,0.84,1.04,1.39,0,16.61,20.69,19.8,16.02,0,0,0,0,           ,0,1,0,0,0,0,1.24,1.29,1.05,0.8,0.84,1.04,1.39
2025/08/21-10:40,6677,6682.8,6670.8,6673.8,1268,6668.67,6667.34,6658.67,6640.45,6621.05,6670.71,6673.52,6673.52,6669.6,6712.6,6652.4,6645.4,0,12.68,19.23,19.45,15.98,0,0,0,0,           ,1,0,0,0,0,0,1.22,1.2,0.99,0.66,0.65,0.79,0.76,0,12.68,19.23,19.45,15.98,0,0,0,0,           ,1,0,0,0,0,0,1.22,1.2,0.99,0.66,0.65,0.79,0.76
2025/08/21-10:45,6674.8,6676.6,6662.6,6672.6,1214,6669.79,6668.15,6659.79,6641.76,6622.11,6675.29,6677.53,6677.53,6669.6,6712.6,6652.4,6645.4,0,12.14,17.94,19.1,15.94,0,0,0,0,           ,1,0,0,0,0,0,1.2,1.13,0.94,0.68,0.64,0.76,0.96,0,12.14,17.94,19.1,15.94,0,0,0,0,           ,1,0,0,0,0,0,1.2,1.13,0.94,0.68,0.64,0.76,0.96
2025/08/21-10:50,6672.6,6687,6671.2,6678.8,1373,6672.36,6669.79,6661.31,6643.28,6623.28,6679.87,6681.55,6681.55,6669.6,6712.6,6652.4,6645.4,0,13.73,17.18,18.83,15.92,0,0,0,0,           ,0,1,0,0,0,0,1.18,1.08,0.91,0.8,0.73,0.86,1.13,0,13.73,17.18,18.83,15.92,0,0,0,0,           ,0,1,0,0,0,0,1.18,1.08,0.91,0.8,0.73,0.86,1.13
2025/08/21-10:55,6678.8,6693,6677,6691,1286,6677.69,6673.05,6663.68,6645.22,6624.68,6684.44,6685.57,6685.57,6669.6,6712.6,6652.4,6645.4,0,12.86,16.39,18.54,15.89,0,0,0,0,           ,1,0,0,0,0,0,1.17,1.03,0.88,0.78,0.69,0.81,0.94,0,12.86,16.39,18.54,15.89,0,0,0,0,           ,1,0,0,0,0,0,1.17,1.03,0.88,0.78,0.69,0.81,0.94
2025/08/21-11:00,6691.4,6697.6,6687.2,6692,1455,6681.78,6675.97,6665.95,6647.13,6626.06,6689.02,6689.58,6689.58,6669.6,6712.6,6652.4,6645.4,0,14.55,16.06,18.35,15.88,0,0,0,0,           ,0,1,0,0,0,0,1.16,1.01,0.88,0.91,0.79,0.92,1.13,0,14.55,16.06,18.35,15.88,0,0,0,0,           ,0,1,0,0,0,0,1.16,1.01,0.88,0.91,0.79,0.92,1.13
2025/08/21-11:05,6692.2,6700,6687.4,6693.6,1008,6685.16,6678.68,6668.16,6649.03,6627.46,6693.6,6693.6,6693.6,6693.6,6693.6,6652.4,6645.4,0,10.08,14.97,17.94,15.82,0,0,0,0,           ,1,0,0,0,0,0,1.13,0.95,0.83,0.67,0.56,0.64,0.69,0,10.08,14.97,17.94,15.82,0,0,0,0,           ,1,0,0,0,0,0,1.13,0.95,0.83,0.67,0.56,0.64,0.69
2025/08/21-11:10,6693.8,6694,6669.2,6670.8,1453,6681.05,6677.47,6668.37,6649.92,6628.35,6682.33,6682.33,6690.68,6693.6,6693.6,6652.4,6645.4,0,14.53,14.89,17.78,15.81,0,0,0,0,           ,0,1,0,0,0,0,1.12,0.94,0.84,0.98,0.82,0.92,1.44,0,14.53,14.89,17.78,15.81,0,0,0,0,           ,0,1,0,0,0,0,1.12,0.94,0.84,0.98,0.82,0.92,1.44
2025/08/21-11:15,6671.4,6682,6665.6,6669,1122,6677.61,6676.17,6668.42,6650.7,6629.19,6671.07,6671.07,6687.77,6693.6,6693.6,6652.4,6645.4,0,11.22,14.22,17.46,15.76,0,0,0,0,           ,0,1,0,0,0,0,1.11,0.9,0.81,0.79,0.64,0.71,0.77,0,11.22,14.22,17.46,15.76,0,0,0,0,           ,0,1,0,0,0,0,1.11,0.9,0.81,0.79,0.64,0.71,0.77
2025/08/21-11:20,6669.8,6675.2,6657.2,6659.8,1104,6672.52,6673.65,6667.73,6651.07,6629.82,6659.8,6659.8,6684.85,6693.6,6693.6,6659.8,6659.8,0,11.04,13.64,17.15,15.72,0,0,0,0,           ,0,1,0,0,0,0,1.09,0.87,0.8,0.81,0.64,0.7,0.98,0,11.04,13.64,17.15,15.72,0,0,0,0,           ,0,1,0,0,0,0,1.09,0.87,0.8,0.81,0.64,0.7,0.98
2025/08/21-11:25,6660,6670.6,6645.4,6667.2,1649,6671,6672.66,6667.69,6651.73,6630.59,6664.31,6664.31,6681.93,6693.6,6693.6,6659.8,6659.8,0,16.49,14.16,17.11,15.72,0,0,0,0,           ,0,1,0,0,0,0,1.09,0.9,0.83,1.16,0.96,1.05,1.49,0,16.49,14.16,17.11,15.72,0,0,0,0,           ,0,1,0,0,0,0,1.09,0.9,0.83,1.16,0.96,1.05,1.49
2025/08/21-11:30,6666.8,6680,6665.8,6671.2,952,6671.06,6672.43,6667.97,6652.52,6631.43,6668.83,6668.83,6679.02,6693.6,6693.6,6659.8,6659.8,0,9.52,13.32,16.74,15.66,0,0,0,0,           ,1,0,0,0,0,0,1.07,0.85,0.8,0.71,0.57,0.61,0.58,0,9.52,13.32,16.74,15.66,0,0,0,0,           ,1,0,0,0,0,0,1.07,0.85,0.8,0.71,0.57,0.61,0.58
2025/08/21-13:05,6671.2,6677,6667.8,6675.4,835,6672.3,6672.89,6668.57,6653.46,6632.33,6673.34,6673.34,6676.1,6693.6,6693.6,6659.8,6659.8,0,8.35,12.41,16.33,15.59,0,0,0,0,           ,1,0,0,0,0,0,1.05,0.8,0.76,0.67,0.51,0.54,0.88,0,8.35,12.41,16.33,15.59,0,0,0,0,           ,1,0,0,0,0,0,1.05,0.8,0.76,0.67,0.51,0.54,0.88
2025/08/21-13:10,6675.2,6679.4,6667.8,6671.8,670,6672.16,6672.72,6668.82,6654.2,6633.15,6677.86,6677.86,6673.18,6693.6,6693.6,6659.8,6659.8,0,6.7,11.38,15.86,15.5,0,0,0,0,           ,1,0,0,0,0,0,1.02,0.73,0.72,0.59,0.42,0.43,0.8,0,6.7,11.38,15.86,15.5,0,0,0,0,           ,1,0,0,0,0,0,1.02,0.73,0.72,0.59,0.42,0.43,0.8
2025/08/21-13:15,6672,6676,6669.4,6674.6,412,6672.85,6673.01,6669.29,6655.04,6634,6682.37,6682.37,6670.27,6693.6,6693.6,6659.8,6659.8,0,4.12,10.06,15.29,15.39,1,0,0,0,           ,1,0,0,0,0,0,0.99,0.65,0.66,0.41,0.27,0.27,0.61,0,4.12,10.06,15.29,15.39,1,0,0,0,           ,1,0,0,0,0,0,0.99,0.65,0.66,0.41,0.27,0.27,0.61
2025/08/21-13:20,6675,6687.2,6668.8,6686.2,1118,6676.67,6675.04,6670.64,6656.31,6635.08,6686.89,6686.89,6667.35,6693.6,6693.6,6659.8,6659.8,0,11.18,10.26,15.09,15.34,0,0,0,0,           ,0,1,0,1,0,0,0.98,0.67,0.68,1.09,0.74,0.73,2.71,0,11.18,10.26,15.09,15.34,0,0,0,0,           ,0,1,0,1,0,0,0.98,0.67,0.68,1.09,0.74,0.73,2.71
2025/08/21-13:25,6686,6693.4,6682.8,6691.4,915,6680.88,6677.56,6672.3,6657.74,6636.24,6691.4,6691.4,6664.43,6691.4,6691.4,6659.8,6659.8,0,9.15,10.06,14.8,15.28,0,0,0,0,           ,0,1,0,0,0,0,0.97,0.66,0.68,0.91,0.62,0.6,0.82,0,9.15,10.06,14.8,15.28,0,0,0,0,           ,0,1,0,0,0,0,0.97,0.66,0.68,0.91,0.62,0.6,0.82
2025/08/21-13:30,6691.4,6692.8,6673.2,6678,856,6680.06,6677.62,6672.76,6658.57,6637.1,6686.53,6686.56,6661.52,6691.4,6691.4,6659.8,6659.8,0,8.56,9.79,14.5,15.22,0,0,0,0,           ,0,1,0,0,0,0,0.95,0.64,0.68,0.87,0.59,0.56,0.94,0,8.56,9.79,14.5,15.22,0,0,0,0,           ,0,1,0,0,0,0,0.95,0.64,0.68,0.87,0.59,0.56,0.94
2025/08/21-13:35,6677.6,6682,6665.6,6667.8,1004,6676.55,6676.11,6672.36,6658.94,6637.73,6681.67,6681.71,6658.6,6691.4,6691.4,6659.8,6659.8,0,10.04,9.83,14.28,15.16,0,0,0,0,           ,0,1,0,0,0,0,0.94,0.65,0.69,1.02,0.7,0.66,1.17,0,10.04,9.83,14.28,15.16,0,0,0,0,           ,0,1,0,0,0,0,0.94,0.65,0.69,1.02,0.7,0.66,1.17
2025/08/21-13:40,6667,6669.8,6663,6669.8,594,6674.62,6675.14,6672.15,6659.39,6638.39,6676.8,6676.87,6655.68,6691.4,6691.4,6659.8,6659.8,0,5.94,9.12,13.87,15.07,0,0,0,0,           ,1,0,0,0,0,0,0.92,0.61,0.66,0.65,0.43,0.39,0.59,0,5.94,9.12,13.87,15.07,0,0,0,0,           ,1,0,0,0,0,0,0.92,0.61,0.66,0.65,0.43,0.39,0.59
2025/08/21-13:45,6668.2,6672.4,6656.4,6669.4,902,6673.13,6674.26,6671.93,6659.8,6639.03,6671.93,6672.03,6652.77,6691.4,6691.4,6659.8,6659.8,0,9.02,9.11,13.64,15.01,0,0,0,0,           ,0,1,0,1,0,0,0.91,0.61,0.67,0.99,0.66,0.6,1.52,0,9.02,9.11,13.64,15.01,0,0,0,0,           ,0,1,0,1,0,0,0.91,0.61,0.67,0.99,0.66,0.6,1.52
2025/08/21-13:50,6669,6672,6655.8,6656.8,535,6668.47,6671.57,6670.72,6659.67,6639.4,6667.07,6667.19,6649.85,6691.4,6691.4,6659.8,6659.8,0,5.35,8.42,13.23,14.92,0,0,0,0,           ,1,0,0,0,0,0,0.89,0.56,0.64,0.64,0.4,0.36,0.59,0,5.35,8.42,13.23,14.92,0,0,0,0,           ,1,0,0,0,0,0,0.89,0.56,0.64,0.64,0.4,0.36,0.59
2025/08/21-13:55,6656.8,6660.2,6650,6657.8,1157,6665.42,6669.45,6669.69,6659.6,6639.78,6662.2,6662.34,6646.93,6691.4,6691.4,6659.8,6659.8,0,11.57,9,13.15,14.88,0,0,0,0,           ,0,0,1,1,0,0,0.88,0.6,0.68,1.29,0.88,0.78,2.16,0,11.57,9,13.15,14.88,0,0,0,0,           ,0,0,1,1,0,0,0.88,0.6,0.68,1.29,0.88,0.78,2.16
2025/08/21-14:00,6658.2,6659.4,6653.2,6657.6,737,6663.18,6667.63,6668.72,6659.52,6640.15,6657.33,6657.5,6644.02,6691.4,6691.4,6659.8,6659.8,0,7.37,8.7,12.87,14.81,0,0,0,0,           ,0,1,0,0,0,0,0.87,0.59,0.68,0.85,0.57,0.5,0.64,0,7.37,8.7,12.87,14.81,0,0,0,0,           ,0,1,0,0,0,0,0.87,0.59,0.68,0.85,0.57,0.5,0.64
2025/08/21-14:05,6657.8,6658,6641.6,6648,1677,6658.85,6664.61,6667.06,6659.05,6640.31,6652.47,6652.66,6641.1,6691.4,6691.4,6659.8,6659.8,0,16.77,10.17,13.06,14.83,0,0,0,0,           ,0,0,1,1,0,0,0.88,0.69,0.78,1.65,1.28,1.13,2.28,0,16.77,10.17,13.06,14.83,0,0,0,0,           ,0,0,1,1,0,0,0.88,0.69,0.78,1.65,1.28,1.13,2.28
2025/08/21-14:10,6648.6,6669,6644,6644.8,1325,6654.83,6661.56,6665.28,6658.46,6640.4,6647.6,6647.81,6638.18,6691.4,6691.4,6659.8,6659.8,0,13.25,10.73,13.07,14.81,0,0,0,0,           ,0,0,1,0,0,0,0.88,0.72,0.82,1.24,1.01,0.89,0.79,0,13.25,10.73,13.07,14.81,0,0,0,0,           ,0,0,1,0,0,0,0.88,0.72,0.82,1.24,1.01,0.89,0.79
2025/08/21-14:15,6645.2,6654.4,6644,6649.8,848,6653.39,6659.75,6664.04,6658.11,6640.6,6642.73,6642.97,6635.27,6691.4,6691.4,6659.8,6659.8,0,8.48,10.32,12.84,14.75,0,0,0,0,           ,0,1,0,0,0,0,0.87,0.7,0.8,0.82,0.66,0.57,0.64,0,8.48,10.32,12.84,14.75,0,0,0,0,           ,0,1,0,0,0,0,0.87,0.7,0.8,0.82,0.66,0.57,0.64
2025/08/21-14:20,6650.8,6659,6646.4,6653.2,704,6653.34,6658.74,6663.18,6657.91,6640.86,6637.87,6638.13,6632.35,6691.4,6691.4,6659.8,6659.8,0,7.04,9.72,12.56,14.67,0,0,0,0,           ,1,0,0,0,0,0,0.86,0.66,0.77,0.72,0.56,0.48,0.83,0,7.04,9.72,12.56,14.67,0,0,0,0,           ,1,0,0,0,0,0,0.86,0.66,0.77,0.72,0.56,0.48,0.83
2025/08/21-14:25,6653.2,6654.2,6630,6633,1927,6647.53,6654.78,6660.76,6656.89,6640.69,6633,6633.29,6629.43,6691.4,6691.4,6633,6659.8,0,19.27,11.46,12.89,14.72,0,0,0,0,           ,0,0,1,1,0,0,0.88,0.78,0.89,1.68,1.5,1.31,2.74,0,19.27,11.46,12.89,14.72,0,0,0,0,           ,0,0,1,1,0,0,0.88,0.78,0.89,1.68,1.5,1.31,2.74
2025/08/21-14:30,6632.2,6648,6622,6647.4,2198,6647.49,6653.65,6659.69,6656.51,6640.83,6647.4,6628.44,6626.52,6647.4,6691.4,6633,6659.8,0,21.98,13.37,13.33,14.79,0,0,0,0,           ,0,0,1,0,0,0,0.9,0.9,1,1.64,1.65,1.49,1.14,0,21.98,13.37,13.33,14.79,0,0,0,0,           ,0,0,1,0,0,0,0.9,0.9,1,1.64,1.65,1.49,1.14
2025/08/21-14:35,6647,6649.8,6618.4,6623.6,1691,6640.67,6649.03,6656.81,6655.16,6640.48,6623.6,6623.6,6623.6,6647.4,6691.4,6623.6,6623.6,0,16.91,14.01,13.51,14.81,0,0,0,0,           ,0,0,1,0,0,0,0.91,0.95,1.04,1.21,1.25,1.14,0.77,0,16.91,14.01,13.51,14.81,0,0,0,0,           ,0,0,1,0,0,0,0.91,0.95,1.04,1.21,1.25,1.14,0.77
2025/08/21-14:40,6623.6,6637.8,6621.2,6633.8,1572,6638.7,6646.68,6654.97,6654.29,6640.34,6634.31,6634.31,6628.61,6647.4,6691.4,6623.6,6623.6,0,15.72,14.32,13.61,14.82,0,0,0,0,           ,0,1,0,0,0,0,0.92,0.97,1.05,1.1,1.15,1.06,0.93,0,15.72,14.32,13.61,14.82,0,0,0,0,           ,0,1,0,0,0,0,0.92,0.97,1.05,1.1,1.15,1.06,0.93
2025/08/21-14:45,6633.4,6645,6627.6,6635.8,1240,6637.87,6645.01,6653.43,6653.54,6640.24,6645.02,6645.02,6633.62,6647.4,6691.4,6623.6,6623.6,0,12.4,13.97,13.55,14.8,0,0,0,0,           ,0,1,0,0,0,0,0.92,0.94,1.03,0.89,0.91,0.84,0.79,0,12.4,13.97,13.55,14.8,0,0,0,0,           ,0,1,0,0,0,0,0.92,0.94,1.03,0.89,0.91,0.84,0.79
2025/08/21-14:50,6636.8,6649.8,6632.8,6647,1263,6640.48,6645.31,6652.92,6653.27,6640.38,6655.73,6655.73,6638.63,6647.4,6691.4,6623.6,6623.6,0,12.63,13.73,13.51,14.78,0,0,0,0,           ,0,1,0,0,0,0,0.91,0.93,1.02,0.92,0.93,0.85,1.02,0,12.63,13.73,13.51,14.78,0,0,0,0,           ,0,1,0,0,0,0,0.91,0.93,1.02,0.92,0.93,0.85,1.02
2025/08/21-14:55,6647.2,6662.6,6646.2,6659.2,1615,6645.83,6647.45,6653.42,6653.51,6640.77,6666.44,6666.44,6643.64,6647.4,6691.4,6623.6,6623.6,0,16.15,14.17,13.64,14.79,0,0,0,0,           ,0,1,0,0,0,0,0.92,0.96,1.04,1.14,1.18,1.09,1.28,0,16.15,14.17,13.64,14.79,0,0,0,0,           ,0,1,0,0,0,0,0.92,0.96,1.04,1.14,1.18,1.09,1.28
2025/08/21-15:00,6659.2,6663.2,6656,6656.4,1934,6648.85,6648.83,6653.66,6653.63,6641.09,6677.16,6677.16,6648.66,6647.4,6691.4,6623.6,6623.6,0,19.34,15.11,13.92,14.83,0,0,0,0,           ,0,0,1,0,0,0,0.94,1.02,1.09,1.28,1.39,1.3,1.2,0,19.34,15.11,13.92,14.83,0,0,0,0,           ,0,0,1,0,0,0,0.94,1.02,1.09,1.28,1.39,1.3,1.2
2025/08/22-09:35,6660.2,6688.4,6660.2,6673,4434,6655.75,6652.55,6655.21,6654.42,6641.75,6687.87,6687.87,6653.67,6647.4,6691.4,6623.6,6623.6,0,44.34,20.42,15.4,15.13,0,0,0,1,20.42,0,0,1,1,0,0,1.02,1.35,1.33,2.17,2.88,2.93,2.29,0,44.34,20.42,15.4,15.13,0,0,0,1,20.42,0,0,1,1,0,0,1.02,1.35,1.33,2.17,2.88,2.93,2.29
2025/08/22-09:40,6673.4,6697.2,6666,6691.2,3395,6665.88,6658.49,6658.09,6655.92,6642.77,6698.58,6698.58,6658.68,6647.4,6691.4,6623.6,6623.6,0,33.95,22.88,16.31,15.31,0,0,0,1,22.88,0,0,1,0,0,0,1.06,1.49,1.4,1.48,2.08,2.22,0.77,0,33.95,22.88,16.31,15.31,0,0,0,1,22.88,0,0,1,0,0,0,1.06,1.49,1.4,1.48,2.08,2.22,0.77
2025/08/22-09:45,6692,6716.8,6686.4,6716.6,3068,6680.37,6667.43,6662.77,6658.4,6644.29,6709.29,6709.29,6663.69,6647.4,6691.4,6623.6,6623.6,0,30.68,24.3,17.01,15.47,0,0,0,0,24.3,0,0,1,0,0,0,1.1,1.57,1.43,1.26,1.8,1.98,0.9,0,30.68,24.3,17.01,15.47,0,0,0,0,24.3,0,0,1,0,0,0,1.1,1.57,1.43,1.26,1.8,1.98,0.9
2025/08/22-09:50,6716.8,6725,6713,6720,3416,6691.69,6675.52,6667.35,6660.91,6645.85,6720,6720,6668.7,6720,6720,6623.6,6623.6,0,34.16,26.09,17.84,15.65,0,0,0,1,26.09,0,0,1,0,0,0,1.14,1.67,1.46,1.31,1.91,2.18,1.11,0,34.16,26.09,17.84,15.65,0,0,0,1,26.09,0,0,1,0,0,0,1.14,1.67,1.46,1.31,1.91,2.18,1.11
2025/08/22-09:55,6719,6725.8,6710.8,6711.2,2619,6697.27,6681.01,6670.85,6662.96,6647.2,6712.65,6712.65,6673.71,6720,6720,6623.6,6623.6,0,26.19,26.11,18.25,15.76,0,0,0,0,26.11,0,1,0,0,0,0,1.16,1.66,1.43,1,1.44,1.66,0.77,0,26.19,26.11,18.25,15.76,0,0,0,0,26.11,0,1,0,0,0,0,1.16,1.66,1.43,1,1.44,1.66,0.77
2025/08/22-10:00,6712,6718.6,6706.2,6713.8,1763,6701.99,6686.05,6674.29,6665.04,6648.58,6705.3,6705.3,6678.72,6720,6720,6623.6,6623.6,0,17.63,24.57,18.22,15.78,0,0,0,0,24.57,1,0,0,0,0,0,1.15,1.56,1.35,0.72,0.97,1.12,0.67,0,17.63,24.57,18.22,15.78,0,0,0,0,24.57,1,0,0,0,0,0,1.15,1.56,1.35,0.72,0.97,1.12,0.67
2025/08/22-10:05,6715,6716.2,6689.6,6696.4,2300,6700.39,6687.65,6676.06,6666.32,6649.56,6697.95,6697.95,6683.73,6720,6720,6623.6,6623.6,0,23,24.28,18.45,15.85,0,0,0,0,24.28,0,1,0,0,0,0,1.16,1.53,1.32,0.95,1.25,1.45,1.3,0,23,24.28,18.45,15.85,0,0,0,0,24.28,0,1,0,0,0,0,1.16,1.53,1.32,0.95,1.25,1.45,1.3
2025/08/22-10:10,6697.4,6706,6690,6690.6,1235,6697.6,6688.1,6677.22,6667.31,6650.41,6690.6,6690.6,6688.74,6720,6720,6690.6,6690.6,0,12.35,22.11,18.16,15.81,0,0,0,0,22.11,1,0,0,0,0,0,1.15,1.4,1.22,0.56,0.68,0.78,0.54,0,12.35,22.11,18.16,15.81,0,0,0,0,22.11,1,0,0,0,0,0,1.15,1.4,1.22,0.56,0.68,0.78,0.54
2025/08/22-10:15,6689.6,6696.4,6678,6693.2,1862,6696.34,6688.89,6678.5,6668.37,6651.29,6696.93,6695.57,6693.76,6720,6720,6690.6,6690.6,0,18.62,21.48,18.18,15.84,0,0,0,0,21.48,0,1,0,1,0,0,1.15,1.36,1.18,0.87,1.02,1.18,1.51,0,18.62,21.48,18.18,15.84,0,0,0,0,21.48,0,1,0,1,0,0,1.15,1.36,1.18,0.87,1.02,1.18,1.51
2025/08/22-10:20,6692.4,6705.2,6683.2,6705.2,1436,6698.87,6691.4,6680.64,6669.87,6652.4,6703.27,6700.53,6698.77,6720,6720,6690.6,6690.6,0,14.36,20.18,17.99,15.83,0,0,0,0,           ,1,0,0,0,0,0,1.14,1.28,1.12,0.71,0.8,0.91,0.77,0,14.36,20.18,17.99,15.83,0,0,0,0,           ,1,0,0,0,0,0,1.14,1.28,1.12,0.71,0.8,0.91,0.77
2025/08/22-10:25,6705.8,6708.6,6691.2,6694.6,1120,6697.65,6691.89,6681.75,6670.88,6653.27,6709.6,6705.5,6703.78,6720,6720,6690.6,6690.6,0,11.2,18.55,17.66,15.78,0,0,0,0,           ,1,0,0,0,0,0,1.12,1.18,1.05,0.6,0.63,0.71,0.78,0,11.2,18.55,17.66,15.78,0,0,0,0,           ,1,0,0,0,0,0,1.12,1.18,1.05,0.6,0.63,0.71,0.78
2025/08/22-10:30,6694.6,6699.2,6685,6698.8,1040,6697.98,6692.95,6683.12,6672.02,6654.21,6715.93,6710.46,6708.79,6720,6720,6690.6,6690.6,0,10.4,17.07,17.31,15.73,0,0,0,0,           ,1,0,0,0,0,0,1.1,1.09,0.99,0.61,0.6,0.66,0.93,0,10.4,17.07,17.31,15.73,0,0,0,0,           ,1,0,0,0,0,0,1.1,1.09,0.99,0.61,0.6,0.66,0.93
2025/08/22-10:35,6699,6719,6699,6703,1519,6699.41,6694.5,6684.71,6673.28,6655.22,6722.27,6715.43,6713.8,6720,6720,6690.6,6690.6,0,15.19,16.73,17.2,15.72,0,0,0,0,           ,0,1,0,0,0,0,1.09,1.06,0.97,0.91,0.88,0.97,1.46,0,15.19,16.73,17.2,15.72,0,0,0,0,           ,0,1,0,0,0,0,1.09,1.06,0.97,0.91,0.88,0.97,1.46
2025/08/22-10:40,6703.2,6714.4,6697.8,6711.4,1271,6702.84,6697.1,6686.84,6674.84,6656.37,6728.6,6720.4,6718.81,6720,6720,6690.6,6690.6,0,12.71,16,16.98,15.69,0,0,0,0,           ,0,1,0,0,0,0,1.08,1.02,0.94,0.79,0.75,0.81,0.84,0,12.71,16,16.98,15.69,0,0,0,0,           ,0,1,0,0,0,0,1.08,1.02,0.94,0.79,0.75,0.81,0.84
2025/08/22-10:45,6710.6,6720,6710.6,6718,1143,6707.17,6700.31,6689.34,6676.6,6657.64,6734.93,6725.36,6723.82,6720,6720,6690.6,6690.6,0,11.43,15.17,16.71,15.65,0,0,0,0,           ,1,0,0,0,0,0,1.07,0.97,0.91,0.75,0.68,0.73,0.9,0,11.43,15.17,16.71,15.65,0,0,0,0,           ,1,0,0,0,0,0,1.07,0.97,0.91,0.75,0.68,0.73,0.9
2025/08/22-10:50,6719,6731.4,6719,6725.6,1789,6712.44,6704.2,6692.24,6678.6,6659.05,6741.27,6730.33,6728.83,6720,6720,6690.6,6690.6,0,17.89,15.66,16.77,15.67,0,0,0,0,           ,0,1,0,1,0,0,1.07,1,0.93,1.14,1.07,1.14,1.57,0,17.89,15.66,16.77,15.67,0,0,0,0,           ,0,1,0,1,0,0,1.07,1,0.93,1.14,1.07,1.14,1.57
2025/08/22-10:55,6725.6,6749.4,6725.6,6747.6,2382,6722.48,6710.88,6696.67,6681.42,6660.87,6747.6,6735.29,6733.84,6747.6,6720,6690.6,6690.6,0,23.82,17.15,17.11,15.75,0,0,0,0,           ,0,0,1,0,0,0,1.09,1.09,1,1.39,1.39,1.51,1.33,0,23.82,17.15,17.11,15.75,0,0,0,0,           ,0,0,1,0,0,0,1.09,1.09,1,1.39,1.39,1.51,1.33
2025/08/22-11:00,6747,6747.2,6734,6735.2,1527,6726.12,6714.62,6699.75,6683.61,6662.4,6736.4,6740.26,6738.86,6747.6,6720,6690.6,6690.6,0,15.27,16.8,17.02,15.75,0,0,0,0,           ,0,1,0,0,0,0,1.08,1.07,0.99,0.91,0.9,0.97,0.64,0,15.27,16.8,17.02,15.75,0,0,0,0,           ,0,1,0,0,0,0,1.08,1.07,0.99,0.91,0.9,0.97,0.64
2025/08/22-11:05,6735.2,6738.8,6719.6,6725.2,1519,6725.85,6716.25,6701.79,6685.31,6663.7,6725.2,6745.22,6743.87,6747.6,6720,6725.2,6690.6,0,15.19,16.51,16.94,15.74,0,0,0,0,           ,0,1,0,0,0,0,1.08,1.05,0.97,0.92,0.9,0.96,0.99,0,15.19,16.51,16.94,15.74,0,0,0,0,           ,0,1,0,0,0,0,1.08,1.05,0.97,0.92,0.9,0.96,0.99
2025/08/22-11:10,6724.8,6745,6718.2,6738.2,1346,6729.38,6719.63,6704.7,6687.47,6665.24,6731.4,6750.19,6748.88,6747.6,6720,6725.2,6690.6,0,13.46,15.96,16.77,15.72,0,0,0,0,           ,0,1,0,0,0,0,1.07,1.01,0.95,0.84,0.8,0.86,0.89,0,13.46,15.96,16.77,15.72,0,0,0,0,           ,0,1,0,0,0,0,1.07,1.01,0.95,0.84,0.8,0.86,0.89
2025/08/22-11:15,6737.4,6747.2,6733.4,6737.6,1124,6731.73,6722.39,6707.33,6689.52,6666.73,6737.6,6755.16,6753.89,6747.6,6720,6725.2,6690.6,0,11.24,15.1,16.5,15.68,0,0,0,0,           ,1,0,0,0,0,0,1.05,0.96,0.92,0.74,0.68,0.72,0.84,0,11.24,15.1,16.5,15.68,0,0,0,0,           ,1,0,0,0,0,0,1.05,0.96,0.92,0.74,0.68,0.72,0.84
2025/08/22-11:20,6736.6,6749.2,6736.6,6743.8,1024,6735.18,6725.69,6710.25,6691.73,6668.32,6743.8,6760.12,6758.9,6743.8,6720,6725.2,6690.6,0,10.24,14.22,16.19,15.62,0,0,0,0,           ,1,0,0,0,0,0,1.04,0.91,0.88,0.72,0.63,0.66,0.91,0,10.24,14.22,16.19,15.62,0,0,0,0,           ,1,0,0,0,0,0,1.04,0.91,0.88,0.72,0.63,0.66,0.91
2025/08/22-11:25,6743.2,6745.4,6725.6,6728.4,1326,6733.24,6726.1,6711.7,6693.23,6669.56,6728.4,6765.09,6763.91,6743.8,6720,6728.4,6690.6,0,13.26,14.04,16.05,15.6,0,0,0,0,           ,0,1,0,0,0,0,1.03,0.9,0.87,0.94,0.83,0.85,1.29,0,13.26,14.04,16.05,15.6,0,0,0,0,           ,0,1,0,0,0,0,1.03,0.9,0.87,0.94,0.83,0.85,1.29
2025/08/22-11:30,6728,6742,6714,6739.8,1712,6735.12,6728.21,6713.95,6695.13,6671,6734,6770.05,6768.92,6743.8,6720,6728.4,6690.6,0,17.12,14.6,16.1,15.61,0,0,0,0,           ,0,1,0,0,0,0,1.03,0.94,0.91,1.17,1.06,1.1,1.29,0,17.12,14.6,16.1,15.61,0,0,0,0,           ,0,1,0,0,0,0,1.03,0.94,0.91,1.17,1.06,1.1,1.29
2025/08/22-13:05,6739.6,6747.8,6726,6733.4,1551,6734.63,6729.01,6715.5,6696.69,6672.29,6739.6,6775.02,6773.93,6743.8,6720,6728.4,6690.6,0,15.51,14.77,16.07,15.61,0,0,0,0,           ,0,1,0,0,0,0,1.03,0.95,0.92,1.05,0.97,0.99,0.91,0,15.51,14.77,16.07,15.61,0,0,0,0,           ,0,1,0,0,0,0,1.03,0.95,0.92,1.05,0.97,0.99,0.91
2025/08/22-13:10,6733.2,6744.2,6731,6739,888,6735.88,6730.55,6717.38,6698.42,6673.67,6745.2,6779.99,6778.94,6743.8,6720,6728.4,6690.6,0,8.88,13.7,15.72,15.55,0,0,0,0,           ,1,0,0,0,0,0,1.01,0.88,0.87,0.65,0.56,0.57,0.57,0,8.88,13.7,15.72,15.55,0,0,0,0,           ,1,0,0,0,0,0,1.01,0.88,0.87,0.65,0.56,0.57,0.57
2025/08/22-13:15,6739.2,6752.4,6739,6750.8,1172,6740.14,6733.66,6720.06,6700.56,6675.26,6750.8,6784.95,6783.96,6750.8,6720,6728.4,6690.6,0,11.72,13.34,15.53,15.51,0,0,0,0,           ,0,1,0,0,0,0,1,0.86,0.86,0.88,0.75,0.76,1.32,0,11.72,13.34,15.53,15.51,0,0,0,0,           ,0,1,0,0,0,0,1,0.86,0.86,0.88,0.75,0.76,1.32
2025/08/22-13:20,6751.6,6751.6,6726.4,6728.4,1241,6736.79,6732.85,6720.73,6701.69,6676.35,6728.4,6789.92,6788.97,6750.8,6720,6728.4,6690.6,0,12.41,13.17,15.37,15.48,0,0,0,0,           ,0,1,0,0,0,0,0.99,0.85,0.86,0.94,0.81,0.8,1.06,0,12.41,13.17,15.37,15.48,0,0,0,0,           ,0,1,0,0,0,0,0.99,0.85,0.86,0.94,0.81,0.8,1.06
2025/08/22-13:25,6727,6735,6721.6,6729.8,1762,6734.79,6732.38,6721.45,6702.84,6677.45,6736.29,6794.88,6793.98,6750.8,6720,6728.4,6690.6,0,17.62,13.98,15.48,15.5,0,0,0,0,           ,0,0,1,0,0,0,1,0.9,0.9,1.26,1.14,1.14,1.42,0,17.62,13.98,15.48,15.5,0,0,0,0,           ,0,0,1,0,0,0,1,0.9,0.9,1.26,1.14,1.14,1.42
2025/08/22-13:30,6730.2,6743.4,6722.2,6734.2,1247,6734.62,6732.66,6722.47,6704.12,6678.62,6744.19,6799.85,6798.99,6750.8,6720,6728.4,6690.6,0,12.47,13.7,15.34,15.47,0,0,0,0,           ,0,1,0,0,0,0,0.99,0.89,0.89,0.91,0.81,0.81,0.71,0,12.47,13.7,15.34,15.47,0,0,0,0,           ,0,1,0,0,0,0,0.99,0.89,0.89,0.91,0.81,0.81,0.71
2025/08/22-13:35,6734.6,6745,6733.6,6738.2,850,6735.64,6733.51,6723.73,6705.51,6679.85,6752.09,6804.81,6804,6750.8,6720,6728.4,6690.6,0,8.5,12.76,15,15.4,0,0,0,0,           ,1,0,0,0,0,0,0.97,0.83,0.85,0.67,0.57,0.55,0.68,0,8.5,12.76,15,15.4,0,0,0,0,           ,1,0,0,0,0,0,0.97,0.83,0.85,0.67,0.57,0.55,0.68
2025/08/22-13:40,6739.4,6745.6,6729,6743.8,1037,6737.97,6735.1,6725.33,6707.07,6681.17,6759.98,6809.78,6809.01,6750.8,6720,6728.4,6690.6,0,10.37,12.32,14.78,15.35,0,0,0,0,           ,0,1,0,0,0,0,0.96,0.8,0.83,0.84,0.7,0.68,1.22,0,10.37,12.32,14.78,15.35,0,0,0,0,           ,0,1,0,0,0,0,0.96,0.8,0.83,0.84,0.7,0.68,1.22
2025/08/22-13:45,6744.4,6753.8,6740.2,6752,1263,6741.98,6737.7,6727.47,6708.91,6682.63,6767.88,6814.75,6814.02,6750.8,6720,6728.4,6690.6,0,12.63,12.38,14.67,15.32,0,0,0,0,           ,0,1,0,0,0,0,0.96,0.81,0.84,1.02,0.86,0.82,1.22,0,12.63,12.38,14.67,15.32,0,0,0,0,           ,0,1,0,0,0,0,0.96,0.81,0.84,1.02,0.86,0.82,1.22
2025/08/22-13:50,6751.8,6754.4,6743,6751.8,1307,6744.79,6739.87,6729.41,6710.66,6684.06,6775.77,6819.71,6819.03,6750.8,6720,6728.4,6690.6,0,13.07,12.5,14.59,15.3,0,0,0,0,           ,0,1,0,0,0,0,0.95,0.82,0.86,1.05,0.9,0.85,1.03,0,13.07,12.5,14.59,15.3,0,0,0,0,           ,0,1,0,0,0,0,0.95,0.82,0.86,1.05,0.9,0.85,1.03
2025/08/22-13:55,6752.8,6758,6745.6,6750.6,1177,6746.45,6741.52,6731.11,6712.29,6685.43,6783.67,6824.68,6824.04,6750.8,6720,6728.4,6690.6,0,11.77,12.37,14.46,15.26,0,0,0,0,           ,0,1,0,0,0,0,0.95,0.81,0.86,0.95,0.81,0.77,0.9,0,11.77,12.37,14.46,15.26,0,0,0,0,           ,0,1,0,0,0,0,0.95,0.81,0.86,0.95,0.81,0.77,0.9
2025/08/22-14:00,6751.2,6751.6,6741.2,6750,908,6747.46,6742.82,6732.62,6713.83,6686.76,6791.56,6829.64,6829.06,6750.8,6720,6728.4,6690.6,0,9.08,11.77,14.19,15.2,0,0,0,0,           ,1,0,0,0,0,0,0.93,0.77,0.83,0.77,0.64,0.6,0.77,0,9.08,11.77,14.19,15.2,0,0,0,0,           ,1,0,0,0,0,0,0.93,0.77,0.83,0.77,0.64,0.6,0.77
2025/08/22-14:05,6750,6767.2,6750,6765.4,2007,6752.59,6746.3,6735.24,6715.93,6688.38,6799.46,6834.61,6834.07,6750.8,6720,6728.4,6690.6,0,20.07,13.28,14.48,15.25,0,0,0,0,           ,0,0,1,1,0,0,0.95,0.87,0.92,1.51,1.39,1.32,2.21,0,20.07,13.28,14.48,15.25,0,0,0,0,           ,0,0,1,1,0,0,0.95,0.87,0.92,1.51,1.39,1.32,2.21
2025/08/22-14:10,6765.4,6778,6765.4,6771.2,2114,6757.91,6750.13,6738.12,6718.19,6690.09,6807.35,6839.58,6839.08,6750.8,6720,6728.4,6690.6,0,21.14,14.71,14.81,15.31,0,0,0,0,           ,0,0,1,0,0,0,0.97,0.96,0.99,1.44,1.43,1.38,1.05,0,21.14,14.71,14.81,15.31,0,0,0,0,           ,0,0,1,0,0,0,0.97,0.96,0.99,1.44,1.43,1.38,1.05
2025/08/22-14:15,6771,6782.6,6767,6767.2,1715,6760.56,6752.75,6740.45,6720.19,6691.68,6815.25,6844.54,6844.09,6750.8,6720,6728.4,6690.6,0,17.15,15.15,14.92,15.33,0,0,0,0,           ,0,1,0,0,0,0,0.97,0.99,1.02,1.13,1.15,1.12,0.81,0,17.15,15.15,14.92,15.33,0,0,0,0,           ,0,1,0,0,0,0,0.97,0.99,1.02,1.13,1.15,1.12,0.81
2025/08/22-14:20,6767,6778,6764,6772.4,1459,6763.94,6755.78,6743,6722.32,6693.34,6823.14,6849.51,6849.1,6750.8,6720,6728.4,6690.6,0,14.59,15.05,14.9,15.32,0,0,0,0,           ,0,1,0,0,0,0,0.97,0.98,1.01,0.97,0.98,0.95,0.85,0,14.59,15.05,14.9,15.32,0,0,0,0,           ,0,1,0,0,0,0,0.97,0.98,1.01,0.97,0.98,0.95,0.85
2025/08/22-14:25,6772.2,6788,6764.6,6787.2,1605,6770.59,6760.61,6746.54,6724.97,6695.28,6831.04,6854.47,6854.11,6750.8,6720,6728.4,6690.6,0,16.05,15.23,14.96,15.33,0,0,0,0,           ,0,1,0,0,0,0,0.98,0.99,1.02,1.05,1.07,1.05,1.1,0,16.05,15.23,14.96,15.33,0,0,0,0,           ,0,1,0,0,0,0,0.98,0.99,1.02,1.05,1.07,1.05,1.1
2025/08/22-14:30,6787.2,6795.2,6780.8,6794.8,1486,6777.51,6765.87,6750.4,6727.82,6697.33,6838.93,6859.44,6859.12,6750.8,6720,6728.4,6690.6,0,14.86,15.17,14.95,15.32,0,0,0,0,           ,0,1,0,0,0,0,0.98,0.99,1.01,0.98,0.99,0.97,0.93,0,14.86,15.17,14.95,15.32,0,0,0,0,           ,0,1,0,0,0,0,0.98,0.99,1.01,0.98,0.99,0.97,0.93
2025/08/22-14:35,6794.8,6798,6784.6,6797,1645,6783.08,6770.66,6754.13,6730.64,6699.39,6846.83,6864.41,6864.13,6750.8,6720,6728.4,6690.6,0,16.45,15.4,15.03,15.33,0,0,0,0,           ,0,1,0,0,0,0,0.98,1,1.02,1.07,1.09,1.07,1.11,0,16.45,15.4,15.03,15.33,0,0,0,0,           ,0,1,0,0,0,0,0.98,1,1.02,1.07,1.09,1.07,1.11
2025/08/22-14:40,6796.2,6800,6789,6798.4,1571,6787.45,6774.93,6757.67,6733.41,6701.43,6854.72,6869.37,6869.14,6750.8,6720,6728.4,6690.6,0,15.71,15.46,15.06,15.34,0,0,0,0,           ,0,1,0,0,0,0,0.98,1.01,1.03,1.02,1.04,1.02,0.96,0,15.71,15.46,15.06,15.34,0,0,0,0,           ,0,1,0,0,0,0,0.98,1.01,1.03,1.02,1.04,1.02,0.96
2025/08/22-14:45,6798.6,6798.6,6786.6,6790.4,1605,6788.3,6777.31,6760.29,6735.73,6703.26,6862.62,6874.34,6874.16,6750.8,6720,6728.4,6690.6,0,16.05,15.56,15.11,15.34,0,0,0,0,           ,0,1,0,0,0,0,0.98,1.01,1.03,1.03,1.06,1.05,1.02,0,16.05,15.56,15.11,15.34,0,0,0,0,           ,0,1,0,0,0,0,0.98,1.01,1.03,1.03,1.06,1.05,1.02
2025/08/22-14:50,6791,6808,6788.6,6808,2011,6793.93,6782.03,6764.1,6738.68,6705.42,6870.51,6879.3,6879.17,6750.8,6720,6728.4,6690.6,0,20.11,16.39,15.35,15.39,0,0,0,0,           ,0,0,1,0,0,0,1,1.06,1.07,1.23,1.31,1.31,1.25,0,20.11,16.39,15.35,15.39,0,0,0,0,           ,0,0,1,0,0,0,1,1.06,1.07,1.23,1.31,1.31,1.25
2025/08/22-14:55,6808,6811.2,6804,6810.6,1961,6798.69,6786.43,6767.82,6741.62,6707.59,6878.41,6884.27,6884.18,6750.8,6720,6728.4,6690.6,0,19.61,16.98,15.56,15.43,0,0,0,0,           ,0,1,0,0,0,0,1.01,1.1,1.09,1.16,1.26,1.27,0.98,0,19.61,16.98,15.56,15.43,0,0,0,0,           ,0,1,0,0,0,0,1.01,1.1,1.09,1.16,1.26,1.27,0.98
2025/08/22-15:00,6810.6,6811,6800.4,6810.4,2977,6802.04,6790.11,6771.23,6744.43,6709.71,6886.31,6889.23,6889.19,6750.8,6720,6728.4,6690.6,0,29.77,19.3,16.25,15.58,0,0,0,0,           ,0,0,1,1,0,0,1.04,1.24,1.19,1.54,1.83,1.91,1.52,0,29.77,19.3,16.25,15.58,0,0,0,0,           ,0,0,1,1,0,0,1.04,1.24,1.19,1.54,1.83,1.91,1.52
2025/08/25-09:35,6836,6896.8,6836,6894.2,8750,6828.37,6806.13,6781.07,6750.54,6713.51,6894.2,6894.2,6894.2,6894.2,6894.2,6728.4,6690.6,0,87.5,31.7,19.73,16.29,0,1,0,1,31.7,0,0,1,1,1,1,1.21,1.95,1.61,2.76,4.44,5.37,2.94,0,87.5,31.7,19.73,16.29,0,1,0,1,31.7,0,0,1,1,1,1,1.21,1.95,1.61,2.76,4.44,5.37,2.94
2025/08/25-09:40,6893.6,6900,6844.6,6852.4,4793,6835.23,6813.25,6786.77,6754.7,6716.38,6852.4,6852.4,6852.4,6894.2,6894.2,6852.4,6852.4,0,47.93,34.65,21.1,16.61,0,0,0,1,34.65,0,0,1,0,0,0,1.27,2.09,1.64,1.38,2.27,2.89,0.55,0,47.93,34.65,21.1,16.61,0,0,0,1,34.65,0,0,1,0,0,0,1.27,2.09,1.64,1.38,2.27,2.89,0.55
2025/08/25-09:45,6852.2,6892.4,6850,6885.8,3452,6849.68,6824.41,6794.7,6760.05,6719.87,6885.8,6858.42,6858.42,6885.8,6894.2,6852.4,6852.4,0,34.52,34.63,21.76,16.79,0,0,0,1,34.63,0,1,0,0,0,0,1.3,2.06,1.59,1,1.59,2.06,0.72,0,34.52,34.63,21.76,16.79,0,0,0,1,34.63,0,1,0,0,0,0,1.3,2.06,1.59,1,1.59,2.06,0.72
2025/08/25-09:50,6885.6,6888,6842.2,6859.6,3122,6852.52,6829.82,6799.89,6764.11,6722.75,6859.6,6864.45,6864.45,6885.8,6894.2,6859.6,6852.4,0,31.22,34.01,22.22,16.93,0,0,0,0,34.01,0,1,0,0,0,0,1.31,2.01,1.53,0.92,1.4,1.84,0.9,0,31.22,34.01,22.22,16.93,0,0,0,0,34.01,0,1,0,0,0,0,1.31,2.01,1.53,0.92,1.4,1.84,0.9
2025/08/25-09:55,6858.6,6884.8,6856.6,6879.4,2323,6860.2,6837.45,6806.25,6768.82,6725.98,6871.13,6870.48,6870.48,6885.8,6894.2,6859.6,6852.4,0,23.23,32.05,22.27,16.99,0,0,0,0,32.05,1,0,0,0,0,0,1.31,1.89,1.44,0.72,1.04,1.37,0.74,0,23.23,32.05,22.27,16.99,0,0,0,0,32.05,1,0,0,0,0,0,1.31,1.89,1.44,0.72,1.04,1.37,0.74
2025/08/25-10:00,6879.8,6896.4,6871.6,6893.2,1910,6869.63,6846.03,6813.21,6773.89,6729.43,6882.67,6876.5,6876.5,6885.8,6894.2,6859.6,6852.4,0,19.1,29.69,22.12,17.01,0,0,0,0,29.69,1,0,0,0,0,0,1.3,1.75,1.34,0.64,0.86,1.12,0.82,0,19.1,29.69,22.12,17.01,0,0,0,0,29.69,1,0,0,0,0,0,1.3,1.75,1.34,0.64,0.86,1.12,0.82
2025/08/25-10:05,6893.4,6919.4,6889.6,6914,2601,6882.3,6856.48,6821.27,6779.61,6733.24,6894.2,6882.52,6882.52,6885.8,6894.2,6859.6,6852.4,0,26.01,29.02,22.31,17.1,0,0,0,0,29.02,0,1,0,0,0,0,1.3,1.7,1.3,0.9,1.17,1.52,1.36,0,26.01,29.02,22.31,17.1,0,0,0,0,29.02,0,1,0,0,0,0,1.3,1.7,1.3,0.9,1.17,1.52,1.36
2025/08/25-10:10,6914,6921,6905.2,6919,1999,6892.79,6866.1,6829.09,6785.3,6737.07,6905.73,6888.55,6888.55,6885.8,6894.2,6859.6,6852.4,0,19.99,27.38,22.19,17.13,0,0,0,0,27.38,1,0,0,0,0,0,1.3,1.6,1.23,0.73,0.9,1.17,0.77,0,19.99,27.38,22.19,17.13,0,0,0,0,27.38,1,0,0,0,0,0,1.3,1.6,1.23,0.73,0.9,1.17,0.77
2025/08/25-10:15,6919.6,6923.6,6912.2,6918.2,1554,6900.05,6874.12,6836.22,6790.73,6740.8,6917.27,6894.57,6894.57,6885.8,6894.2,6859.6,6852.4,0,15.54,25.23,21.87,17.12,0,0,0,0,25.23,1,0,0,0,0,0,1.28,1.47,1.15,0.62,0.71,0.91,0.78,0,15.54,25.23,21.87,17.12,0,0,0,0,25.23,1,0,0,0,0,0,1.28,1.47,1.15,0.62,0.71,0.91,0.78
2025/08/25-10:20,6918.8,6928.8,6908,6928.8,1669,6908.26,6882.53,6843.62,6796.36,6744.68,6928.8,6900.6,6900.6,6928.8,6894.2,6859.6,6852.4,0,16.69,23.68,21.62,17.11,0,0,0,0,23.68,1,0,0,0,0,0,1.26,1.38,1.1,0.7,0.77,0.98,1.07,0,16.69,23.68,21.62,17.11,0,0,0,0,23.68,1,0,0,0,0,0,1.26,1.38,1.1,0.7,0.77,0.98,1.07
2025/08/25-10:25,6929,6932.6,6918,6924,1479,6912.76,6888.91,6850.05,6801.57,6748.37,6924.95,6906.63,6906.63,6928.8,6894.2,6859.6,6852.4,0,14.79,22.06,21.28,17.09,0,0,0,0,           ,1,0,0,0,0,0,1.25,1.29,1.04,0.67,0.69,0.87,0.89,0,14.79,22.06,21.28,17.09,0,0,0,0,           ,1,0,0,0,0,0,1.25,1.29,1.04,0.67,0.69,0.87,0.89
2025/08/25-10:30,6923.2,6934.2,6923,6927.2,1349,6916.89,6894.8,6856.23,6806.7,6752.06,6921.1,6912.65,6912.65,6928.8,6894.2,6859.6,6852.4,0,13.49,20.5,20.9,17.05,0,0,0,0,           ,1,0,0,0,0,0,1.23,1.2,0.98,0.66,0.65,0.79,0.91,0,13.49,20.5,20.9,17.05,0,0,0,0,           ,1,0,0,0,0,0,1.23,1.2,0.98,0.66,0.65,0.79,0.91
2025/08/25-10:35,6927.2,6927.8,6906,6926.6,1995,6919.66,6899.69,6861.85,6811.59,6755.66,6917.25,6918.67,6918.67,6928.8,6894.2,6859.6,6852.4,0,19.95,20.4,20.86,17.08,0,0,0,0,           ,0,1,0,0,0,0,1.22,1.19,0.98,0.98,0.96,1.17,1.48,0,19.95,20.4,20.86,17.08,0,0,0,0,           ,0,1,0,0,0,0,1.22,1.19,0.98,0.98,0.96,1.17,1.48
2025/08/25-10:40,6926.2,6926.8,6911,6913.4,1108,6917.87,6901.8,6865.98,6815.75,6758.91,6913.4,6924.7,6924.7,6928.8,6894.2,6913.4,6852.4,0,11.08,18.71,20.38,17.02,0,0,0,0,           ,1,0,0,0,0,0,1.2,1.1,0.92,0.59,0.54,0.65,0.56,0,11.08,18.71,20.38,17.02,0,0,0,0,           ,1,0,0,0,0,0,1.2,1.1,0.92,0.59,0.54,0.65,0.56
2025/08/25-10:45,6913.6,6932,6906.4,6925.8,1261,6920.14,6905.49,6870.76,6820.24,6762.35,6922.25,6930.72,6930.72,6928.8,6894.2,6913.4,6852.4,0,12.61,17.6,20,16.98,0,0,0,0,           ,1,0,0,0,0,0,1.18,1.04,0.88,0.72,0.63,0.74,1.14,0,12.61,17.6,20,16.98,0,0,0,0,           ,1,0,0,0,0,0,1.18,1.04,0.88,0.72,0.63,0.74,1.14
2025/08/25-10:50,6926,6928.6,6913.2,6926,848,6921.81,6908.65,6875.18,6824.56,6765.73,6931.1,6936.75,6936.75,6928.8,6894.2,6913.4,6852.4,0,8.48,15.94,19.44,16.89,0,0,0,0,           ,1,0,0,0,0,0,1.15,0.94,0.82,0.53,0.44,0.5,0.67,0,8.48,15.94,19.44,16.89,0,0,0,0,           ,1,0,0,0,0,0,1.15,0.94,0.82,0.53,0.44,0.5,0.67
2025/08/25-10:55,6925,6942,6920.6,6942,1140,6927.58,6913.78,6880.53,6829.35,6769.36,6939.95,6942.77,6942.77,6928.8,6894.2,6913.4,6852.4,0,11.4,15.11,19.05,16.84,0,0,0,0,           ,1,0,0,0,0,0,1.13,0.9,0.79,0.75,0.6,0.68,1.34,0,11.4,15.11,19.05,16.84,0,0,0,0,           ,1,0,0,0,0,0,1.13,0.9,0.79,0.75,0.6,0.68,1.34
2025/08/25-11:00,6942,6948.8,6936.8,6948.8,1007,6933.64,6919.17,6885.99,6834.23,6773.06,6948.8,6948.8,6948.8,6948.8,6948.8,6913.4,6852.4,0,10.07,14.2,18.61,16.77,0,0,0,0,           ,1,0,0,0,0,0,1.11,0.85,0.76,0.71,0.54,0.6,0.88,0,10.07,14.2,18.61,16.77,0,0,0,0,           ,1,0,0,0,0,0,1.11,0.85,0.76,0.71,0.54,0.6,0.88
2025/08/25-11:05,6948.6,6952,6933.2,6937,1486,6934.6,6921.91,6890.07,6838.42,6776.44,6934.66,6938.1,6938.1,6948.8,6948.8,6913.4,6852.4,0,14.86,14.32,18.43,16.75,0,0,0,0,           ,0,1,0,0,0,0,1.1,0.85,0.78,1.04,0.81,0.89,1.48,0,14.86,14.32,18.43,16.75,0,0,0,0,           ,0,1,0,0,0,0,1.1,0.85,0.78,1.04,0.81,0.89,1.48
2025/08/25-11:10,6936.4,6951.2,6936.4,6945,1082,6937.57,6925.46,6894.47,6842.77,6779.92,6920.51,6927.4,6927.4,6948.8,6948.8,6913.4,6852.4,0,10.82,13.68,18.05,16.69,0,0,0,0,           ,0,1,0,0,0,0,1.08,0.82,0.76,0.79,0.6,0.65,0.73,0,10.82,13.68,18.05,16.69,0,0,0,0,           ,0,1,0,0,0,0,1.08,0.82,0.76,0.79,0.6,0.65,0.73
2025/08/25-11:15,6945,6958,6939.6,6944,1529,6939.41,6928.31,6898.43,6846.9,6783.3,6906.37,6916.7,6916.7,6948.8,6948.8,6913.4,6852.4,0,15.29,13.97,17.92,16.68,0,0,0,0,           ,0,1,0,0,0,0,1.07,0.84,0.78,1.09,0.85,0.92,1.41,0,15.29,13.97,17.92,16.68,0,0,0,0,           ,0,1,0,0,0,0,1.07,0.84,0.78,1.09,0.85,0.92,1.41
2025/08/25-11:20,6943.6,6943.6,6903.8,6905.2,2175,6929.64,6924.76,6898.97,6849.28,6785.81,6892.23,6906,6906,6948.8,6948.8,6913.4,6852.4,0,21.75,15.39,18.11,16.73,0,0,0,0,           ,0,0,1,0,0,0,1.08,0.92,0.85,1.41,1.2,1.3,1.42,0,21.75,15.39,18.11,16.73,0,0,0,0,           ,0,0,1,0,0,0,1.08,0.92,0.85,1.41,1.2,1.3,1.42
2025/08/25-11:25,6905.4,6907,6879,6892.8,3882,6919.11,6919.84,6898.48,6851.06,6788.02,6878.09,6895.3,6895.3,6948.8,6948.8,6913.4,6852.4,0,38.82,19.65,19.12,16.95,0,0,0,1,           ,0,0,1,1,0,0,1.13,1.16,1.03,1.98,2.03,2.29,1.78,0,38.82,19.65,19.12,16.95,0,0,0,1,           ,0,0,1,1,0,0,1.13,1.16,1.03,1.98,2.03,2.29,1.78
2025/08/25-11:30,6892.8,6893,6860.2,6882,3515,6908.51,6914.02,6897.16,6852.32,6789.96,6863.94,6884.6,6884.6,6948.8,6948.8,6913.4,6852.4,0,35.15,22.47,19.9,17.13,0,0,0,1,22.47,0,0,1,0,0,0,1.16,1.31,1.13,1.56,1.77,2.05,0.91,0,35.15,22.47,19.9,17.13,0,0,0,1,22.47,0,0,1,0,0,0,1.16,1.31,1.13,1.56,1.77,2.05,0.91
2025/08/25-13:05,6879.6,6881.2,6843.2,6849.8,3190,6891.73,6904.14,6893.37,6852.22,6791.19,6849.8,6873.9,6873.9,6948.8,6948.8,6849.8,6852.4,0,31.9,24.18,20.48,17.28,0,0,0,0,24.18,0,0,1,0,0,0,1.19,1.4,1.18,1.32,1.56,1.85,0.91,0,31.9,24.18,20.48,17.28,0,0,0,0,24.18,0,0,1,0,0,0,1.19,1.4,1.18,1.32,1.56,1.85,0.91
2025/08/25-13:10,6849.6,6869.8,6846.4,6867.8,2117,6884.9,6898.55,6891.32,6852.85,6792.77,6867.8,6863.2,6863.2,6867.8,6948.8,6849.8,6852.4,0,21.17,23.63,20.52,17.32,0,0,0,0,23.63,0,1,0,0,0,0,1.18,1.36,1.15,0.9,1.03,1.22,0.66,0,21.17,23.63,20.52,17.32,0,0,0,0,23.63,0,1,0,0,0,0,1.18,1.36,1.15,0.9,1.03,1.22,0.66
2025/08/25-13:15,6867.4,6871.2,6848.6,6849,1669,6874.64,6890.93,6887.94,6852.7,6793.93,6854.8,6852.5,6852.5,6867.8,6948.8,6849.8,6852.4,0,16.69,22.37,20.33,17.31,0,0,0,0,           ,1,0,0,0,0,0,1.17,1.29,1.1,0.75,0.82,0.96,0.79,0,16.69,22.37,20.33,17.31,0,0,0,0,           ,1,0,0,0,0,0,1.17,1.29,1.1,0.75,0.82,0.96,0.79
2025/08/25-13:20,6849,6853.6,6831,6841.8,2661,6865.26,6883.37,6884.25,6852.25,6794.92,6841.8,6841.8,6841.8,6867.8,6948.8,6841.8,6841.8,0,26.61,23.14,20.64,17.4,0,0,0,0,23.14,0,1,0,1,0,0,1.19,1.33,1.12,1.15,1.29,1.53,1.59,0,26.61,23.14,20.64,17.4,0,0,0,0,23.14,0,1,0,1,0,0,1.19,1.33,1.12,1.15,1.29,1.53,1.59
2025/08/25-13:25,6841.8,6861,6840.8,6851.8,1491,6861.41,6878.51,6881.65,6852.23,6796.09,6848.66,6848.66,6844.27,6867.8,6948.8,6841.8,6841.8,0,14.91,21.65,20.36,17.38,0,0,0,0,           ,1,0,0,0,0,0,1.17,1.25,1.06,0.69,0.73,0.86,0.56,0,14.91,21.65,20.36,17.38,0,0,0,0,           ,1,0,0,0,0,0,1.17,1.25,1.06,0.69,0.73,0.86,0.56
2025/08/25-13:30,6851,6851,6833.2,6846,1413,6857.01,6873.51,6878.8,6851.98,6797.12,6855.51,6855.51,6846.75,6867.8,6948.8,6841.8,6841.8,0,14.13,20.28,20.05,17.35,0,0,0,0,           ,1,0,0,0,0,0,1.16,1.17,1.01,0.7,0.7,0.81,0.95,0,14.13,20.28,20.05,17.35,0,0,0,0,           ,1,0,0,0,0,0,1.16,1.17,1.01,0.7,0.7,0.81,0.95
2025/08/25-13:35,6847,6857.6,6831,6846.6,1393,6854.03,6869.37,6876.22,6851.76,6798.14,6862.37,6862.37,6849.22,6867.8,6948.8,6841.8,6841.8,0,13.93,19.12,19.76,17.31,0,0,0,0,           ,1,0,0,0,0,0,1.14,1.1,0.97,0.73,0.71,0.8,0.99,0,13.93,19.12,19.76,17.31,0,0,0,0,           ,1,0,0,0,0,0,1.14,1.1,0.97,0.73,0.71,0.8,0.99
2025/08/25-13:40,6846.4,6849.4,6834.4,6844.6,1099,6851.34,6865.56,6873.69,6851.47,6799.1,6869.23,6869.23,6851.69,6867.8,6948.8,6841.8,6841.8,0,10.99,17.65,19.33,17.25,0,0,0,0,           ,1,0,0,0,0,0,1.12,1.02,0.91,0.62,0.57,0.64,0.79,0,10.99,17.65,19.33,17.25,0,0,0,0,           ,1,0,0,0,0,0,1.12,1.02,0.91,0.62,0.57,0.64,0.79
2025/08/25-13:45,6844.6,6856.4,6835,6853.8,1016,6852.04,6863.75,6872.1,6851.56,6800.22,6876.09,6876.09,6854.17,6867.8,6948.8,6841.8,6841.8,0,10.16,16.28,18.88,17.18,0,0,0,0,           ,1,0,0,0,0,0,1.1,0.95,0.86,0.62,0.54,0.59,0.92,0,10.16,16.28,18.88,17.18,0,0,0,0,           ,1,0,0,0,0,0,1.1,0.95,0.86,0.62,0.54,0.59,0.92
2025/08/25-13:50,6853,6870.4,6843.2,6863.4,1175,6855.29,6863.7,6871.41,6852.05,6801.53,6882.94,6882.94,6856.64,6867.8,6948.8,6841.8,6841.8,0,11.75,15.46,18.53,17.12,0,0,0,0,           ,1,0,0,0,0,0,1.08,0.9,0.83,0.76,0.63,0.69,1.16,0,11.75,15.46,18.53,17.12,0,0,0,0,           ,1,0,0,0,0,0,1.08,0.9,0.83,0.76,0.63,0.69,1.16
2025/08/25-13:55,6864,6873.8,6861,6869.2,1144,6859.26,6864.54,6871.23,6852.75,6802.92,6889.8,6889.8,6859.12,6867.8,6948.8,6841.8,6841.8,0,11.44,14.73,18.19,17.07,0,0,0,0,           ,1,0,0,0,0,0,1.07,0.86,0.81,0.78,0.63,0.67,0.97,0,11.44,14.73,18.19,17.07,0,0,0,0,           ,1,0,0,0,0,0,1.07,0.86,0.81,0.78,0.63,0.67,0.97
2025/08/25-14:00,6870.4,6874.6,6862.2,6862.2,1123,6860.1,6864.18,6870.51,6853.13,6804.15,6896.66,6896.66,6861.59,6867.8,6948.8,6841.8,6841.8,0,11.23,14.09,17.85,17.01,0,0,0,0,           ,0,1,0,0,0,0,1.05,0.83,0.79,0.8,0.63,0.66,0.98,0,11.23,14.09,17.85,17.01,0,0,0,0,           ,0,1,0,0,0,0,1.05,0.83,0.79,0.8,0.63,0.66,0.98
2025/08/25-14:05,6863.2,6868,6846.8,6858.6,1064,6859.67,6863.32,6869.56,6853.35,6805.27,6903.51,6903.51,6864.06,6867.8,6948.8,6841.8,6841.8,0,10.64,13.47,17.5,16.95,0,0,0,0,           ,0,1,0,0,0,0,1.03,0.79,0.77,0.79,0.61,0.63,0.95,0,10.64,13.47,17.5,16.95,0,0,0,0,           ,0,1,0,0,0,0,1.03,0.79,0.77,0.79,0.61,0.63,0.95
2025/08/25-14:10,6859,6872.4,6852.8,6870.4,740,6862.74,6864.41,6869.62,6854.05,6806.61,6910.37,6910.37,6866.54,6867.8,6948.8,6841.8,6841.8,0,7.4,12.36,17,16.85,0,0,0,0,           ,1,0,0,0,0,0,1.01,0.73,0.73,0.6,0.44,0.44,0.7,0,7.4,12.36,17,16.85,0,0,0,0,           ,1,0,0,0,0,0,1.01,0.73,0.73,0.6,0.44,0.44,0.7
2025/08/25-14:15,6870.6,6887.6,6869.8,6887,1120,6869.67,6867.89,6871.01,6855.4,6808.27,6917.23,6917.23,6869.01,6867.8,6948.8,6841.8,6841.8,0,11.2,12.15,16.72,16.79,0,0,0,0,           ,0,1,0,1,0,0,1,0.72,0.73,0.92,0.67,0.67,1.51,0,11.2,12.15,16.72,16.79,0,0,0,0,           ,0,1,0,1,0,0,1,0.72,0.73,0.92,0.67,0.67,1.51
2025/08/25-14:20,6886.8,6898.8,6884.6,6896.8,1535,6877.42,6872.34,6873.08,6857.09,6810.09,6924.09,6924.09,6871.48,6867.8,6948.8,6841.8,6841.8,0,15.35,12.73,16.65,16.78,0,0,0,0,           ,0,0,1,0,0,0,0.99,0.76,0.76,1.21,0.92,0.91,1.37,0,15.35,12.73,16.65,16.78,0,0,0,0,           ,0,0,1,0,0,0,0.99,0.76,0.76,1.21,0.92,0.91,1.37
2025/08/25-14:25,6895.4,6915,6893.4,6913.2,1462,6887.64,6878.62,6876.29,6859.38,6812.22,6930.94,6930.94,6873.96,6867.8,6948.8,6841.8,6841.8,0,14.62,13.08,16.55,16.76,0,0,0,0,           ,0,1,0,0,0,0,0.99,0.78,0.79,1.12,0.88,0.87,0.95,0,14.62,13.08,16.55,16.76,0,0,0,0,           ,0,1,0,0,0,0,0.99,0.78,0.79,1.12,0.88,0.87,0.95
2025/08/25-14:30,6913.8,6937.8,6910,6937.8,1795,6901.97,6887.73,6881.21,6862.58,6814.81,6937.8,6937.8,6876.43,6937.8,6937.8,6841.8,6841.8,0,17.95,13.96,16.62,16.77,0,0,0,0,           ,0,0,1,0,0,0,0.99,0.83,0.84,1.29,1.08,1.07,1.23,0,17.95,13.96,16.62,16.77,0,0,0,0,           ,0,0,1,0,0,0,0.99,0.83,0.84,1.29,1.08,1.07,1.23
2025/08/25-14:35,6937,6942.2,6913,6916.4,2137,6906.1,6892.14,6884.02,6864.77,6816.9,6933.02,6933.02,6878.91,6937.8,6937.8,6841.8,6841.8,0,21.37,15.31,16.85,16.82,0,0,0,0,           ,0,0,1,0,0,0,1,0.91,0.91,1.4,1.27,1.27,1.19,0,21.37,15.31,16.85,16.82,0,0,0,0,           ,0,0,1,0,0,0,1,0.91,0.91,1.4,1.27,1.27,1.19
2025/08/25-14:40,6917.8,6926.8,6911.4,6921.2,1508,6910.41,6896.61,6887,6867.08,6819.05,6928.25,6928.25,6881.38,6937.8,6937.8,6841.8,6841.8,0,15.08,15.27,16.77,16.8,0,0,0,0,           ,0,1,0,0,0,0,1,0.91,0.91,0.99,0.9,0.9,0.71,0,15.08,15.27,16.77,16.8,0,0,0,0,           ,0,1,0,0,0,0,1,0.91,0.91,0.99,0.9,0.9,0.71
2025/08/25-14:45,6921,6921.6,6895.8,6902,1542,6908.01,6897.44,6888.2,6868.5,6820.76,6923.48,6923.48,6883.85,6937.8,6937.8,6841.8,6841.8,0,15.42,15.3,16.7,16.79,0,0,0,0,           ,0,1,0,0,0,0,1,0.91,0.92,1.01,0.92,0.92,1.02,0,15.42,15.3,16.7,16.79,0,0,0,0,           ,0,1,0,0,0,0,1,0.91,0.92,1.01,0.92,0.92,1.02
2025/08/25-14:50,6901.8,6911.2,6901,6902.6,1134,6906.46,6898.23,6889.35,6869.89,6822.45,6918.7,6918.7,6886.33,6937.8,6937.8,6841.8,6841.8,0,11.34,14.58,16.44,16.73,0,0,0,0,           ,1,0,0,0,0,0,0.98,0.87,0.89,0.78,0.69,0.68,0.74,0,11.34,14.58,16.44,16.73,0,0,0,0,           ,1,0,0,0,0,0,0.98,0.87,0.89,0.78,0.69,0.68,0.74
2025/08/25-14:55,6902.8,6910,6895,6908.8,1867,6907.13,6899.86,6890.9,6871.48,6824.23,6913.92,6913.92,6888.8,6937.8,6937.8,6841.8,6841.8,0,18.67,15.32,16.55,16.75,0,0,0,0,           ,0,0,1,1,0,0,0.99,0.91,0.93,1.22,1.13,1.11,1.65,0,18.67,15.32,16.55,16.75,0,0,0,0,           ,0,0,1,1,0,0,0.99,0.91,0.93,1.22,1.13,1.11,1.65
2025/08/25-15:00,6908.8,6911.8,6907,6909.6,2131,6907.84,6901.36,6892.4,6873.04,6825.99,6909.15,6909.15,6891.27,6937.8,6937.8,6841.8,6841.8,0,21.31,16.41,16.78,16.8,0,0,0,0,           ,0,0,1,0,0,0,1,0.98,0.98,1.3,1.27,1.27,1.14,0,21.31,16.41,16.78,16.8,0,0,0,0,           ,0,0,1,0,0,0,1,0.98,0.98,1.3,1.27,1.27,1.14
2025/08/26-09:35,6886,6911.4,6872,6902.2,5789,6906.23,6901.49,6893.18,6874.23,6827.56,6904.38,6904.38,6893.75,6937.8,6937.8,6841.8,6841.8,0,57.89,23.95,18.79,17.2,0,1,0,1,23.95,0,0,1,1,1,1,1.09,1.39,1.27,2.42,3.08,3.36,2.72,0,57.89,23.95,18.79,17.2,0,1,0,1,23.95,0,0,1,1,1,1,1.09,1.39,1.27,2.42,3.08,3.36,2.72
2025/08/26-09:40,6901.8,6909.4,6881.8,6899.6,3233,6904.33,6901.2,6893.7,6875.26,6829.05,6899.6,6899.6,6896.22,6937.8,6937.8,6899.6,6899.6,0,32.33,25.47,19.45,17.36,0,0,0,0,25.47,0,0,1,0,0,0,1.12,1.47,1.31,1.27,1.66,1.86,0.56,0,32.33,25.47,19.45,17.36,0,0,0,0,25.47,0,0,1,0,0,0,1.12,1.47,1.31,1.27,1.66,1.86,0.56
2025/08/26-09:45,6898.8,6909.6,6896.8,6903.8,2137,6904.18,6901.6,6894.51,6876.43,6830.59,6907.33,6907.33,6898.69,6937.8,6937.8,6899.6,6899.6,0,21.37,24.73,19.54,17.4,0,0,0,0,24.73,0,1,0,0,0,0,1.12,1.42,1.27,0.86,1.09,1.23,0.66,0,21.37,24.73,19.54,17.4,0,0,0,0,24.73,0,1,0,0,0,0,1.12,1.42,1.27,0.86,1.09,1.23,0.66
2025/08/26-09:50,6904.4,6919.8,6895,6916.2,2968,6907.61,6903.84,6896.24,6878.05,6832.35,6915.07,6915.07,6901.17,6937.8,6937.8,6899.6,6899.6,0,29.68,25.63,20.04,17.52,0,0,0,0,25.63,0,1,0,0,0,0,1.14,1.46,1.28,1.16,1.48,1.69,1.39,0,29.68,25.63,20.04,17.52,0,0,0,0,25.63,0,1,0,0,0,0,1.14,1.46,1.28,1.16,1.48,1.69,1.39
2025/08/26-09:55,6916.2,6936.8,6915.6,6936.2,2094,6915.78,6908.82,6899.44,6880.43,6834.5,6922.8,6922.8,6903.64,6937.8,6937.8,6899.6,6899.6,0,20.94,24.78,20.08,17.55,0,0,0,0,24.78,0,1,0,0,0,0,1.14,1.41,1.23,0.85,1.04,1.19,0.71,0,20.94,24.78,20.08,17.55,0,0,0,0,24.78,0,1,0,0,0,0,1.14,1.41,1.23,0.85,1.04,1.19,0.71
2025/08/26-10:00,6936.6,6950,6932,6936.2,2500,6921.62,6913.03,6902.38,6882.7,6836.59,6930.53,6930.53,6906.12,6937.8,6937.8,6899.6,6899.6,0,25,24.82,20.32,17.63,0,0,0,0,24.82,0,1,0,0,0,0,1.15,1.41,1.22,1.01,1.23,1.42,1.19,0,25,24.82,20.32,17.63,0,0,0,0,24.82,0,1,0,0,0,0,1.15,1.41,1.22,1.01,1.23,1.42,1.19
2025/08/26-10:05,6935,6946.8,6926,6945.4,1849,6928.41,6918.01,6905.82,6885.26,6838.84,6938.27,6938.27,6908.59,6937.8,6937.8,6899.6,6899.6,0,18.49,23.67,20.23,17.63,0,0,0,0,23.67,1,0,0,0,0,0,1.15,1.34,1.17,0.78,0.91,1.05,0.74,0,18.49,23.67,20.23,17.63,0,0,0,0,23.67,1,0,0,0,0,0,1.15,1.34,1.17,0.78,0.91,1.05,0.74
2025/08/26-10:10,6945.6,6950,6939.4,6946,1237,6933.44,6922.32,6909.04,6887.74,6841.05,6946,6946,6911.06,6946,6946,6899.6,6899.6,0,12.37,21.61,19.85,17.58,0,0,0,0,           ,1,0,0,0,0,0,1.13,1.23,1.09,0.57,0.62,0.7,0.67,0,12.37,21.61,19.85,17.58,0,0,0,0,           ,1,0,0,0,0,0,1.13,1.23,1.09,0.57,0.62,0.7,0.67
2025/08/26-10:15,6945.8,6946.6,6931.8,6936.4,996,6934.28,6924.49,6911.22,6889.73,6843.01,6941.43,6943.38,6913.54,6946,6946,6899.6,6899.6,0,9.96,19.49,19.36,17.51,0,0,0,0,           ,1,0,0,0,0,0,1.11,1.11,1.01,0.51,0.51,0.57,0.81,0,9.96,19.49,19.36,17.51,0,0,0,0,           ,1,0,0,0,0,0,1.11,1.11,1.01,0.51,0.51,0.57,0.81
2025/08/26-10:20,6936.4,6940,6923,6933.2,1323,6933.97,6925.83,6912.98,6891.5,6844.87,6936.87,6940.76,6916.01,6946,6946,6899.6,6899.6,0,13.23,18.36,19.07,17.46,0,0,0,0,           ,1,0,0,0,0,0,1.09,1.05,0.96,0.72,0.69,0.76,1.33,0,13.23,18.36,19.07,17.46,0,0,0,0,           ,1,0,0,0,0,0,1.09,1.05,0.96,0.72,0.69,0.76,1.33
2025/08/26-10:25,6933.2,6936.2,6920.2,6924.4,1524,6931.24,6925.61,6913.9,6892.84,6846.51,6932.3,6938.15,6918.48,6946,6946,6899.6,6899.6,0,15.24,17.79,18.88,17.44,0,0,0,0,           ,0,1,0,0,0,0,1.08,1.02,0.94,0.86,0.81,0.87,1.15,0,15.24,17.79,18.88,17.44,0,0,0,0,           ,0,1,0,0,0,0,1.08,1.02,0.94,0.86,0.81,0.87,1.15
2025/08/26-10:30,6923.4,6932,6913.4,6922.8,1435,6928.83,6925.18,6914.61,6894.07,6848.08,6927.73,6935.53,6920.96,6946,6946,6899.6,6899.6,0,14.35,17.16,18.66,17.41,0,0,0,0,           ,0,1,0,0,0,0,1.07,0.99,0.92,0.84,0.77,0.82,0.94,0,14.35,17.16,18.66,17.41,0,0,0,0,           ,0,1,0,0,0,0,1.07,0.99,0.92,0.84,0.77,0.82,0.94
2025/08/26-10:35,6923,6930,6912.6,6927.6,1271,6928.48,6925.55,6915.65,6895.43,6849.72,6923.17,6932.91,6923.43,6946,6946,6899.6,6899.6,0,12.71,16.35,18.37,17.36,0,0,0,0,           ,1,0,0,0,0,0,1.06,0.94,0.89,0.78,0.69,0.73,0.89,0,12.71,16.35,18.37,17.36,0,0,0,0,           ,1,0,0,0,0,0,1.06,0.94,0.89,0.78,0.69,0.73,0.89
2025/08/26-10:40,6927.6,6932,6918,6918.6,888,6925.65,6924.48,6915.88,6896.38,6851.14,6918.6,6930.29,6925.91,6946,6946,6918.6,6899.6,0,8.88,14.99,17.9,17.28,0,0,0,0,           ,1,0,0,0,0,0,1.04,0.87,0.84,0.59,0.5,0.51,0.7,0,8.88,14.99,17.9,17.28,0,0,0,0,           ,1,0,0,0,0,0,1.04,0.87,0.84,0.59,0.5,0.51,0.7
2025/08/26-10:45,6918,6934.8,6916,6933,946,6927.75,6925.79,6917.25,6897.87,6852.83,6923.87,6927.67,6928.38,6946,6946,6918.6,6899.6,0,9.46,13.99,17.49,17.2,0,0,0,0,           ,1,0,0,0,0,0,1.02,0.81,0.8,0.68,0.54,0.55,1.07,0,9.46,13.99,17.49,17.2,0,0,0,0,           ,1,0,0,0,0,0,1.02,0.81,0.8,0.68,0.54,0.55,1.07
2025/08/26-10:50,6932,6935.6,6928,6929.2,701,6928.17,6926.31,6918.21,6899.15,6854.41,6929.13,6925.05,6930.85,6946,6946,6918.6,6899.6,0,7.01,12.72,16.98,17.1,0,0,0,0,           ,1,0,0,0,0,0,0.99,0.74,0.75,0.55,0.41,0.41,0.74,0,7.01,12.72,16.98,17.1,0,0,0,0,           ,1,0,0,0,0,0,0.99,0.74,0.75,0.55,0.41,0.41,0.74
2025/08/26-10:55,6929.6,6939,6929.6,6934.4,874,6929.95,6927.56,6919.5,6900.59,6856.06,6934.4,6922.44,6933.33,6934.4,6946,6918.6,6899.6,0,8.74,12,16.58,17.02,0,0,0,0,           ,1,0,0,0,0,0,0.97,0.7,0.72,0.73,0.53,0.51,1.25,0,8.74,12,16.58,17.02,0,0,0,0,           ,1,0,0,0,0,0,0.97,0.7,0.72,0.73,0.53,0.51,1.25
2025/08/26-11:00,6933.6,6933.6,6917,6927.4,1104,6929.22,6927.53,6920.14,6901.69,6857.53,6925.8,6919.82,6935.8,6934.4,6946,6918.6,6899.6,0,11.04,11.82,16.31,16.96,0,0,0,0,           ,0,1,0,0,0,0,0.96,0.7,0.72,0.93,0.68,0.65,1.26,0,11.04,11.82,16.31,16.96,0,0,0,0,           ,0,1,0,0,0,0,0.96,0.7,0.72,0.93,0.68,0.65,1.26
2025/08/26-11:05,6927.4,6930.6,6915.2,6917.2,1117,6925.79,6925.94,6919.9,6902.32,6858.76,6917.2,6917.2,6938.27,6934.4,6946,6917.2,6917.2,0,11.17,11.7,16.06,16.9,0,0,0,0,           ,0,1,0,0,0,0,0.95,0.69,0.73,0.95,0.7,0.66,1.01,0,11.17,11.7,16.06,16.9,0,0,0,0,           ,0,1,0,0,0,0,0.95,0.69,0.73,0.95,0.7,0.66,1.01
2025/08/26-11:10,6916.8,6934.8,6916.6,6926.8,826,6926.08,6926.08,6920.45,6903.32,6860.16,6927.68,6927.68,6940.75,6934.4,6946,6917.2,6917.2,0,8.26,11.08,15.68,16.81,0,0,0,0,           ,1,0,0,0,0,0,0.93,0.66,0.71,0.75,0.53,0.49,0.74,0,8.26,11.08,15.68,16.81,0,0,0,0,           ,1,0,0,0,0,0,0.93,0.66,0.71,0.75,0.53,0.49,0.74
2025/08/26-11:15,6927,6935.8,6914.6,6932.6,1154,6927.94,6927.08,6921.42,6904.51,6861.65,6938.16,6938.16,6943.22,6934.4,6946,6917.2,6917.2,0,11.54,11.16,15.48,16.76,0,0,0,0,           ,0,1,0,0,0,0,0.92,0.67,0.72,1.03,0.75,0.69,1.4,0,11.54,11.16,15.48,16.76,0,0,0,0,           ,0,1,0,0,0,0,0.92,0.67,0.72,1.03,0.75,0.69,1.4
2025/08/26-11:20,6933.6,6963.8,6933.6,6963.8,2821,6938.19,6932.73,6924.81,6906.93,6863.76,6948.64,6948.64,6945.69,6934.4,6946,6917.2,6917.2,0,28.21,14.26,16.1,16.88,0,0,0,0,           ,0,0,1,1,0,0,0.95,0.85,0.89,1.98,1.75,1.67,2.44,0,28.21,14.26,16.1,16.88,0,0,0,0,           ,0,0,1,1,0,0,0.95,0.85,0.89,1.98,1.75,1.67,2.44
2025/08/26-11:25,6965,6972.8,6959.4,6969.2,2246,6947.05,6938.34,6928.37,6909.48,6865.93,6959.12,6959.12,6948.17,6934.4,6946,6917.2,6917.2,0,22.46,15.75,16.41,16.93,0,0,0,0,           ,0,0,1,0,0,0,0.97,0.93,0.96,1.43,1.37,1.33,0.8,0,22.46,15.75,16.41,16.93,0,0,0,0,           ,0,0,1,0,0,0,0.97,0.93,0.96,1.43,1.37,1.33,0.8
2025/08/26-11:30,6969.4,6976.8,6963.6,6969.6,1416,6953.49,6943.15,6931.66,6911.93,6868.07,6969.6,6969.6,6950.64,6969.6,6969.6,6917.2,6917.2,0,14.16,15.46,16.3,16.9,0,0,0,0,           ,0,1,0,0,0,0,0.96,0.91,0.95,0.92,0.87,0.84,0.63,0,14.16,15.46,16.3,16.9,0,0,0,0,           ,0,1,0,0,0,0,0.96,0.91,0.95,0.92,0.87,0.84,0.63
2025/08/26-13:05,6969.8,6969.8,6953.2,6958.8,1687,6955.01,6945.56,6933.84,6913.84,6869.94,6958.8,6958.8,6953.12,6969.6,6969.6,6917.2,6917.2,0,16.87,15.72,16.33,16.9,0,0,0,0,           ,0,1,0,0,0,0,0.97,0.93,0.96,1.07,1.03,1,1.19,0,16.87,15.72,16.33,16.9,0,0,0,0,           ,0,1,0,0,0,0,0.97,0.93,0.96,1.07,1.03,1,1.19
2025/08/26-13:10,6958.6,6958.6,6947,6949.4,1418,6953.41,6946.15,6935.08,6915.29,6871.58,6948,6948,6955.59,6969.6,6969.6,6917.2,6917.2,0,14.18,15.44,16.22,16.88,0,0,0,0,           ,0,1,0,0,0,0,0.96,0.91,0.95,0.92,0.87,0.84,0.84,0,14.18,15.44,16.22,16.88,0,0,0,0,           ,0,1,0,0,0,0,0.96,0.91,0.95,0.92,0.87,0.84,0.84
2025/08/26-13:15,6949.6,6951,6936.2,6937.2,1501,6948.78,6944.77,6935.25,6916.19,6872.93,6937.2,6937.2,6958.06,6969.6,6969.6,6937.2,6937.2,0,15.01,15.36,16.16,16.86,0,0,0,0,           ,0,1,0,0,0,0,0.96,0.91,0.95,0.98,0.93,0.89,1.06,0,15.01,15.36,16.16,16.86,0,0,0,0,           ,0,1,0,0,0,0,0.96,0.91,0.95,0.98,0.93,0.89,1.06
2025/08/26-13:20,6936.8,6947.2,6936,6943,906,6947.13,6944.5,6935.87,6917.28,6874.38,6941.76,6941.76,6960.54,6969.6,6969.6,6937.2,6937.2,0,9.06,14.22,15.82,16.78,0,0,0,0,           ,1,0,0,0,0,0,0.94,0.85,0.9,0.64,0.57,0.54,0.6,0,9.06,14.22,15.82,16.78,0,0,0,0,           ,1,0,0,0,0,0,0.94,0.85,0.9,0.64,0.57,0.54,0.6
2025/08/26-13:25,6944,6946.8,6936.8,6946.4,968,6946.92,6944.79,6936.71,6918.47,6875.86,6946.32,6946.32,6963.01,6969.6,6969.6,6937.2,6937.2,0,9.68,13.39,15.52,16.71,0,0,0,0,           ,1,0,0,0,0,0,0.93,0.8,0.86,0.72,0.62,0.58,1.07,0,9.68,13.39,15.52,16.71,0,0,0,0,           ,1,0,0,0,0,0,0.93,0.8,0.86,0.72,0.62,0.58,1.07
2025/08/26-13:30,6946.6,6956,6945,6953.8,1079,6948.88,6946.18,6938.08,6919.91,6877.47,6950.88,6950.88,6965.48,6969.6,6969.6,6937.2,6937.2,0,10.79,12.92,15.29,16.65,0,0,0,0,           ,0,1,0,0,0,0,0.92,0.78,0.85,0.84,0.71,0.65,1.11,0,10.79,12.92,15.29,16.65,0,0,0,0,           ,0,1,0,0,0,0,0.92,0.78,0.85,0.84,0.71,0.65,1.11
2025/08/26-13:35,6953.8,6954.6,6945,6945,587,6947.77,6946,6938.63,6920.94,6878.86,6955.44,6955.44,6967.96,6969.6,6969.6,6937.2,6937.2,0,5.87,11.64,14.83,16.54,0,0,0,0,           ,1,0,0,0,0,0,0.9,0.7,0.78,0.5,0.4,0.35,0.54,0,5.87,11.64,14.83,16.54,0,0,0,0,           ,1,0,0,0,0,0,0.9,0.7,0.78,0.5,0.4,0.35,0.54
2025/08/26-13:40,6945.4,6948.2,6942,6945.2,698,6947.04,6945.87,6939.16,6921.93,6880.23,6960,6960,6970.43,6969.6,6969.6,6937.2,6937.2,0,6.98,10.79,14.44,16.45,0,0,0,0,           ,1,0,0,0,0,0,0.88,0.66,0.75,0.65,0.48,0.42,1.19,0,6.98,10.79,14.44,16.45,0,0,0,0,           ,1,0,0,0,0,0,0.88,0.66,0.75,0.65,0.48,0.42,1.19
2025/08/26-13:45,6946,6955.2,6941.6,6949.8,778,6947.83,6946.48,6940.01,6923.06,6881.66,6964.56,6964.56,6972.91,6969.6,6969.6,6937.2,6937.2,0,7.78,10.24,14.12,16.36,0,0,0,0,           ,1,0,0,0,0,0,0.86,0.63,0.73,0.76,0.55,0.48,1.11,0,7.78,10.24,14.12,16.36,0,0,0,0,           ,1,0,0,0,0,0,0.86,0.63,0.73,0.76,0.55,0.48,1.11
2025/08/26-13:50,6949.8,6959.4,6949.6,6955.2,907,6949.93,6947.82,6941.23,6924.38,6883.18,6969.12,6969.12,6975.38,6969.6,6969.6,6937.2,6937.2,0,9.07,10.03,13.87,16.29,0,0,0,0,           ,0,1,0,0,0,0,0.85,0.62,0.72,0.9,0.65,0.56,1.17,0,9.07,10.03,13.87,16.29,0,0,0,0,           ,0,1,0,0,0,0,0.85,0.62,0.72,0.9,0.65,0.56,1.17
2025/08/26-13:55,6955.2,6964.8,6954.2,6964.4,980,6954.07,6950.37,6943.08,6926.01,6884.86,6973.68,6973.68,6977.85,6969.6,6969.6,6937.2,6937.2,0,9.8,9.99,13.67,16.22,0,0,0,0,           ,0,1,0,0,0,0,0.84,0.62,0.73,0.98,0.72,0.6,1.08,0,9.8,9.99,13.67,16.22,0,0,0,0,           ,0,1,0,0,0,0,0.84,0.62,0.73,0.98,0.72,0.6,1.08
2025/08/26-14:00,6964.8,6972,6963.8,6971.4,1329,6959.02,6953.61,6945.34,6927.86,6886.64,6978.24,6978.24,6980.33,6969.6,6969.6,6937.2,6937.2,0,13.29,10.59,13.66,16.2,0,0,0,0,           ,0,0,1,0,0,0,0.84,0.65,0.78,1.26,0.97,0.82,1.36,0,13.29,10.59,13.66,16.2,0,0,0,0,           ,0,0,1,0,0,0,0.84,0.65,0.78,1.26,0.97,0.82,1.36
2025/08/26-14:05,6971.2,6982.8,6958,6982.8,1674,6965.81,6958.1,6948.34,6930.1,6888.62,6982.8,6982.8,6982.8,6982.8,6982.8,6937.2,6937.2,0,16.74,11.71,13.81,16.2,0,0,0,0,           ,0,0,1,0,0,0,0.85,0.72,0.85,1.43,1.21,1.03,1.26,0,16.74,11.71,13.81,16.2,0,0,0,0,           ,0,0,1,0,0,0,0.85,0.72,0.85,1.43,1.21,1.03,1.26
2025/08/26-14:10,6982.4,6983.2,6976.4,6979.4,1554,6969.7,6961.37,6950.83,6932.12,6890.49,6973.3,6974.4,6974.4,6982.8,6982.8,6937.2,6937.2,0,15.54,12.4,13.89,16.19,0,0,0,0,           ,0,0,1,0,0,0,0.86,0.77,0.89,1.25,1.12,0.96,0.93,0,15.54,12.4,13.89,16.19,0,0,0,0,           ,0,0,1,0,0,0,0.86,0.77,0.89,1.25,1.12,0.96,0.93
2025/08/26-14:15,6979.2,6980.2,6960,6969,1378,6969.5,6962.55,6952.28,6933.62,6892.11,6963.8,6966,6966,6982.8,6982.8,6937.2,6937.2,0,13.78,12.65,13.88,16.17,0,0,0,0,           ,0,1,0,0,0,0,0.86,0.78,0.91,1.09,0.99,0.85,0.89,0,13.78,12.65,13.88,16.17,0,0,0,0,           ,0,1,0,0,0,0,0.86,0.78,0.91,1.09,0.99,0.85,0.89
2025/08/26-14:20,6968.4,6973.2,6954.4,6954.8,1058,6965.3,6961.36,6952.48,6934.49,6893.41,6954.3,6957.6,6957.6,6982.8,6982.8,6937.2,6937.2,0,10.58,12.28,13.72,16.11,0,0,0,0,           ,0,1,0,0,0,0,0.85,0.76,0.89,0.86,0.77,0.66,0.77,0,10.58,12.28,13.72,16.11,0,0,0,0,           ,0,1,0,0,0,0,0.85,0.76,0.89,0.86,0.77,0.66,0.77
2025/08/26-14:25,6955.6,6957.8,6943.8,6944.8,1700,6959.44,6958.81,6951.87,6934.91,6894.46,6944.8,6949.2,6949.2,6982.8,6982.8,6944.8,6937.2,0,17,13.14,13.88,16.12,0,0,0,0,           ,0,0,1,1,0,0,0.86,0.81,0.95,1.29,1.22,1.05,1.61,0,17,13.14,13.88,16.12,0,0,0,0,           ,0,0,1,1,0,0,0.86,0.81,0.95,1.29,1.22,1.05,1.61
2025/08/26-14:30,6944.8,6962.2,6941.8,6960.6,1237,6959.77,6959.08,6952.57,6935.96,6895.83,6960.6,6940.8,6940.8,6960.6,6982.8,6944.8,6937.2,0,12.37,13,13.81,16.09,0,0,0,0,           ,0,1,0,0,0,0,0.86,0.81,0.94,0.95,0.9,0.77,0.73,0,12.37,13,13.81,16.09,0,0,0,0,           ,0,1,0,0,0,0,0.86,0.81,0.94,0.95,0.9,0.77,0.73
2025/08/26-14:35,6960.4,6960.4,6942.2,6952,1041,6957.55,6957.99,6952.52,6936.61,6896.99,6947.25,6932.4,6932.4,6960.6,6982.8,6944.8,6937.2,0,10.41,12.53,13.64,16.03,0,0,0,0,           ,0,1,0,0,0,0,0.85,0.78,0.92,0.83,0.76,0.65,0.84,0,10.41,12.53,13.64,16.03,0,0,0,0,           ,0,1,0,0,0,0,0.85,0.78,0.92,0.83,0.76,0.65,0.84
2025/08/26-14:40,6952.2,6955.4,6938.2,6942.8,1260,6953.34,6955.66,6951.74,6936.86,6897.93,6933.9,6924,6924,6960.6,6982.8,6944.8,6937.2,0,12.6,12.54,13.59,16,0,0,0,0,           ,0,1,0,0,0,0,0.85,0.78,0.92,1,0.93,0.79,1.21,0,12.6,12.54,13.59,16,0,0,0,0,           ,0,1,0,0,0,0,0.85,0.78,0.92,1,0.93,0.79,1.21
2025/08/26-14:45,6942.8,6942.8,6925,6930,2197,6946.67,6951.71,6950,6936.58,6898.59,6920.55,6915.6,6915.6,6960.6,6982.8,6944.8,6937.2,0,21.97,14.25,14,16.05,0,0,0,0,           ,0,0,1,1,0,0,0.87,0.89,1.02,1.54,1.57,1.37,1.74,0,21.97,14.25,14,16.05,0,0,0,0,           ,0,0,1,1,0,0,0.87,0.89,1.02,1.54,1.57,1.37,1.74
2025/08/26-14:50,6930,6930,6906.2,6907.2,2852,6935.39,6944.86,6946.58,6935.38,6898.77,6907.2,6907.2,6907.2,6960.6,6982.8,6907.2,6907.2,0,28.52,16.85,14.71,16.18,0,0,0,0,           ,0,0,1,0,0,0,0.91,1.04,1.15,1.69,1.94,1.76,1.3,0,28.52,16.85,14.71,16.18,0,0,0,0,           ,0,0,1,0,0,0,0.91,1.04,1.15,1.69,1.94,1.76,1.3
2025/08/26-14:55,6908,6925.6,6904,6920.2,2417,6931.05,6941.07,6944.47,6934.76,6899.21,6916.87,6912.03,6912.03,6960.6,6982.8,6907.2,6907.2,0,24.17,18.18,15.17,16.26,0,0,0,0,           ,0,0,1,0,0,0,0.93,1.12,1.2,1.33,1.59,1.49,0.85,0,24.17,18.18,15.17,16.26,0,0,0,0,           ,0,0,1,0,0,0,0.93,1.12,1.2,1.33,1.59,1.49,0.85
2025/08/26-15:00,6920.2,6925.2,6916,6916.4,1961,6926.87,6937.27,6942.22,6934.01,6899.57,6926.53,6916.86,6916.86,6960.6,6982.8,6907.2,6907.2,0,19.61,18.44,15.39,16.29,0,0,0,0,           ,0,1,0,0,0,0,0.94,1.13,1.2,1.06,1.27,1.2,0.81,0,19.61,18.44,15.39,16.29,0,0,0,0,           ,0,1,0,0,0,0,0.94,1.13,1.2,1.06,1.27,1.2,0.81
2025/08/27-09:35,6929.8,6965.8,6928,6964.6,5442,6937.65,6941.48,6944.01,6935.26,6900.91,6936.2,6921.69,6921.69,6960.6,6982.8,6907.2,6907.2,0,54.42,24.98,17.29,16.67,0,1,0,1,24.98,0,0,1,1,1,1,1.04,1.5,1.44,2.18,3.15,3.26,2.78,0,54.42,24.98,17.29,16.67,0,1,0,1,24.98,0,0,1,1,1,1,1.04,1.5,1.44,2.18,3.15,3.26,2.78
2025/08/27-09:40,6968.8,6968.8,6944.6,6954.6,3358,6942.49,6943.5,6944.86,6936.05,6902.01,6945.87,6926.52,6926.52,6960.6,6982.8,6907.2,6907.2,0,33.58,26.54,18.09,16.84,0,0,0,0,26.54,0,0,1,0,0,0,1.07,1.58,1.47,1.27,1.86,1.99,0.62,0,33.58,26.54,18.09,16.84,0,0,0,0,26.54,0,0,1,0,0,0,1.07,1.58,1.47,1.27,1.86,1.99,0.62
2025/08/27-09:45,6956,6968,6952.8,6958.8,2393,6947.15,6945.85,6945.98,6936.98,6903.19,6955.53,6931.35,6931.35,6960.6,6982.8,6907.2,6907.2,0,23.93,26.07,18.37,16.91,0,0,0,0,26.07,0,1,0,0,0,0,1.09,1.54,1.42,0.92,1.3,1.42,0.71,0,23.93,26.07,18.37,16.91,0,0,0,0,26.07,0,1,0,0,0,0,1.09,1.54,1.42,0.92,1.3,1.42,0.71
2025/08/27-09:50,6958.8,6968.6,6943.6,6965.2,2016,6952.31,6948.83,6947.51,6938.13,6904.46,6965.2,6936.18,6936.18,6965.2,6982.8,6907.2,6907.2,0,20.16,24.99,18.46,16.94,0,0,0,0,24.99,0,1,0,0,0,0,1.09,1.48,1.35,0.81,1.09,1.19,0.84,0,20.16,24.99,18.46,16.94,0,0,0,0,24.99,0,1,0,0,0,0,1.09,1.48,1.35,0.81,1.09,1.19,0.84
2025/08/27-09:55,6965,6971.8,6947,6959.4,2305,6954.33,6950.45,6948.46,6939,6905.6,6957.9,6941.01,6941.01,6965.2,6982.8,6907.2,6907.2,0,23.05,24.64,18.68,17,0,0,0,0,24.64,0,1,0,0,0,0,1.1,1.45,1.32,0.94,1.23,1.36,1.14,0,23.05,24.64,18.68,17,0,0,0,0,24.64,0,1,0,0,0,0,1.1,1.45,1.32,0.94,1.23,1.36,1.14
2025/08/27-10:00,6959,6963.2,6934.4,6950.6,2430,6953.27,6950.48,6948.64,6939.47,6906.52,6950.6,6945.84,6945.84,6965.2,6982.8,6950.6,6907.2,0,24.3,24.58,18.96,17.08,0,0,0,0,24.58,0,1,0,0,0,0,1.11,1.44,1.3,0.99,1.28,1.42,1.05,0,24.3,24.58,18.96,17.08,0,0,0,0,24.58,0,1,0,0,0,0,1.11,1.44,1.3,0.99,1.28,1.42,1.05
2025/08/27-10:05,6948.2,6966.8,6947.2,6958.8,1688,6954.85,6951.76,6949.45,6940.26,6907.6,6964.4,6950.67,6950.67,6965.2,6982.8,6950.6,6907.2,0,16.88,23.18,18.86,17.07,0,0,0,0,23.18,1,0,0,0,0,0,1.1,1.36,1.23,0.73,0.9,0.99,0.69,0,16.88,23.18,18.86,17.07,0,0,0,0,23.18,1,0,0,0,0,0,1.1,1.36,1.23,0.73,0.9,0.99,0.69
2025/08/27-10:10,6960.2,6984,6957.8,6982,2053,6962.61,6956.41,6952.05,6941.97,6909.14,6978.2,6955.5,6955.5,6965.2,6982.8,6950.6,6907.2,0,20.53,22.7,18.94,17.11,0,0,0,0,22.7,0,1,0,0,0,0,1.11,1.33,1.2,0.9,1.08,1.2,1.22,0,20.53,22.7,18.94,17.11,0,0,0,0,22.7,0,1,0,0,0,0,1.11,1.33,1.2,0.9,1.08,1.2,1.22
2025/08/27-10:15,6982.2,6992.2,6977.6,6992,2134,6971,6961.89,6955.25,6944.01,6910.84,6992,6960.33,6960.33,6992,6982.8,6950.6,6907.2,0,21.34,22.45,19.05,17.15,0,0,0,0,22.45,0,1,0,0,0,0,1.11,1.31,1.18,0.95,1.12,1.24,1.04,0,21.34,22.45,19.05,17.15,0,0,0,0,22.45,0,1,0,0,0,0,1.11,1.31,1.18,0.95,1.12,1.24,1.04
2025/08/27-10:20,6990.8,6996.8,6982.2,6987.8,1652,6975.8,6965.87,6957.85,6945.8,6912.43,6986.67,6965.16,6965.16,6992,6982.8,6950.6,6907.2,0,16.52,21.37,18.93,17.14,0,0,0,0,           ,1,0,0,0,0,0,1.1,1.25,1.13,0.77,0.87,0.96,0.77,0,16.52,21.37,18.93,17.14,0,0,0,0,           ,1,0,0,0,0,0,1.1,1.25,1.13,0.77,0.87,0.96,0.77
2025/08/27-10:25,6988,6995.6,6985.4,6988.6,997,6979.46,6969.37,6960.31,6947.54,6914,6981.33,6969.99,6969.99,6992,6982.8,6950.6,6907.2,0,9.97,19.3,18.49,17.07,0,0,0,0,           ,1,0,0,0,0,0,1.08,1.13,1.04,0.52,0.54,0.58,0.6,0,9.97,19.3,18.49,17.07,0,0,0,0,           ,1,0,0,0,0,0,1.08,1.13,1.04,0.52,0.54,0.58,0.6
2025/08/27-10:30,6988.8,6995,6976,6976,1213,6978.47,6970.39,6961.57,6948.7,6915.28,6976,6974.81,6974.81,6992,6982.8,6976,6907.2,0,12.13,18,18.18,17.02,0,0,0,0,           ,1,0,0,0,0,0,1.07,1.06,0.99,0.67,0.67,0.71,1.22,0,12.13,18,18.18,17.02,0,0,0,0,           ,1,0,0,0,0,0,1.07,1.06,0.99,0.67,0.67,0.71,1.22
2025/08/27-10:35,6976,6990,6974.4,6978.6,1460,6978.51,6971.65,6962.93,6949.92,6916.59,6980.74,6979.64,6979.64,6992,6982.8,6976,6907.2,0,14.6,17.38,18.01,17,0,0,0,0,           ,0,1,0,0,0,0,1.06,1.02,0.97,0.84,0.81,0.86,1.2,0,14.6,17.38,18.01,17,0,0,0,0,           ,0,1,0,0,0,0,1.06,1.02,0.97,0.84,0.81,0.86,1.2
2025/08/27-10:40,6978.6,6984.6,6972.8,6978.4,1044,6978.48,6972.69,6964.17,6951.09,6917.86,6985.48,6984.47,6984.47,6992,6982.8,6976,6907.2,0,10.44,16.12,17.64,16.93,0,0,0,0,           ,1,0,0,0,0,0,1.04,0.95,0.91,0.65,0.59,0.62,0.72,0,10.44,16.12,17.64,16.93,0,0,0,0,           ,1,0,0,0,0,0,1.04,0.95,0.91,0.65,0.59,0.62,0.72
2025/08/27-10:45,6977.8,6979.6,6968,6977.4,1048,6978.17,6973.41,6965.23,6952.16,6919.09,6990.22,6989.3,6989.3,6992,6982.8,6976,6907.2,0,10.48,15.09,17.29,16.87,0,0,0,0,           ,1,0,0,0,0,0,1.02,0.89,0.87,0.69,0.61,0.62,1,0,10.48,15.09,17.29,16.87,0,0,0,0,           ,1,0,0,0,0,0,1.02,0.89,0.87,0.69,0.61,0.62,1
2025/08/27-10:50,6977.2,6994.6,6976.2,6993.6,1061,6982.58,6976.52,6967.5,6953.85,6920.62,6994.95,6994.13,6994.13,6992,6982.8,6976,6907.2,0,10.61,14.28,16.96,16.81,0,0,0,0,           ,1,0,0,0,0,0,1.01,0.85,0.84,0.74,0.63,0.63,1.01,0,10.61,14.28,16.96,16.81,0,0,0,0,           ,1,0,0,0,0,0,1.01,0.85,0.84,0.74,0.63,0.63,1.01
2025/08/27-10:55,6992.8,6999.4,6990,6992,1360,6985.27,6978.9,6969.46,6955.41,6922.1,6999.69,6998.96,6998.96,6992,6982.8,6976,6907.2,0,13.6,14.15,16.8,16.78,0,0,0,0,           ,0,1,0,0,0,0,1,0.84,0.84,0.96,0.81,0.81,1.28,0,13.6,14.15,16.8,16.78,0,0,0,0,           ,0,1,0,0,0,0,1,0.84,0.84,0.96,0.81,0.81,1.28
2025/08/27-11:00,6991,7000,6987,6997.2,1403,6988.68,6981.72,6971.68,6957.12,6923.64,7004.43,7003.79,7003.79,6992,6982.8,6976,6907.2,0,14.03,14.13,16.66,16.75,0,0,0,0,           ,0,1,0,0,0,0,1,0.84,0.85,0.99,0.84,0.84,1.03,0,14.03,14.13,16.66,16.75,0,0,0,0,           ,0,1,0,0,0,0,1,0.84,0.85,0.99,0.84,0.84,1.03
2025/08/27-11:05,6997,7008.6,6995.2,7008.6,1665,6994.37,6985.85,6974.63,6959.22,6925.4,7009.17,7008.62,7008.62,6992,6982.8,6976,6907.2,0,16.65,14.59,16.66,16.75,0,0,0,0,           ,0,1,0,0,0,0,1,0.87,0.88,1.14,1,0.99,1.19,0,16.65,14.59,16.66,16.75,0,0,0,0,           ,0,1,0,0,0,0,1,0.87,0.88,1.14,1,0.99,1.19
2025/08/27-11:10,7008.2,7016,7006.8,7014.6,1501,7000.15,6990.28,6977.83,6961.48,6927.23,7013.91,7013.45,7013.45,6992,6982.8,6976,6907.2,0,15.01,14.67,16.58,16.73,0,0,0,0,           ,0,1,0,0,0,0,0.99,0.88,0.88,1.02,0.91,0.9,0.9,0,15.01,14.67,16.58,16.73,0,0,0,0,           ,0,1,0,0,0,0,0.99,0.88,0.88,1.02,0.91,0.9,0.9
2025/08/27-11:15,7014.2,7028,7014,7027,2065,7007.82,6995.93,6981.76,6964.15,6929.29,7018.65,7018.28,7018.28,6992,6982.8,6976,6907.2,0,20.65,15.75,16.78,16.77,0,0,0,0,           ,0,0,1,0,0,0,1,0.94,0.94,1.31,1.23,1.23,1.38,0,20.65,15.75,16.78,16.77,0,0,0,0,           ,0,0,1,0,0,0,1,0.94,0.94,1.31,1.23,1.23,1.38
2025/08/27-11:20,7027,7042.8,7021,7032.6,3073,7014.9,7001.57,6985.83,6966.95,6931.42,7023.38,7023.11,7023.11,6992,6982.8,6976,6907.2,0,30.73,18.48,17.46,16.91,0,0,0,0,           ,0,0,1,0,0,0,1.03,1.09,1.06,1.66,1.76,1.82,1.49,0,30.73,18.48,17.46,16.91,0,0,0,0,           ,0,0,1,0,0,0,1.03,1.09,1.06,1.66,1.76,1.82,1.49
2025/08/27-11:25,7032.8,7037.4,7020.2,7032,1996,7019.79,7006.25,6989.52,6969.6,6933.5,7028.12,7027.94,7027.94,6992,6982.8,6976,6907.2,0,19.96,18.75,17.58,16.94,0,0,0,0,           ,0,1,0,0,0,0,1.04,1.11,1.07,1.06,1.14,1.18,0.65,0,19.96,18.75,17.58,16.94,0,0,0,0,           ,0,1,0,0,0,0,1.04,1.11,1.07,1.06,1.14,1.18,0.65
2025/08/27-11:30,7032,7039.2,7026,7034,1439,7023.85,7010.52,6993.08,6972.23,6935.57,7032.86,7032.77,7032.77,6992,6982.8,6976,6907.2,0,14.39,17.95,17.43,16.91,0,0,0,0,           ,0,1,0,0,0,0,1.03,1.06,1.03,0.8,0.83,0.85,0.72,0,14.39,17.95,17.43,16.91,0,0,0,0,           ,0,1,0,0,0,0,1.03,1.06,1.03,0.8,0.83,0.85,0.72
2025/08/27-13:05,7033.4,7041.4,7029.8,7037.6,1970,7027.78,7014.69,6996.64,6974.9,6937.67,7037.6,7037.6,7037.6,7037.6,7037.6,6976,6907.2,0,19.7,18.27,17.54,16.94,0,0,0,0,           ,0,1,0,0,0,0,1.04,1.08,1.04,1.08,1.12,1.16,1.37,0,19.7,18.27,17.54,16.94,0,0,0,0,           ,0,1,0,0,0,0,1.04,1.08,1.04,1.08,1.12,1.16,1.37
2025/08/27-13:10,7037,7037.8,7013.2,7014.4,2146,7023.96,7014.64,6998.06,6976.51,6939.25,7014.4,7029.53,7028.85,7037.6,7037.6,7014.4,6907.2,0,21.46,18.85,17.73,16.99,0,0,0,0,           ,0,1,0,0,0,0,1.04,1.11,1.06,1.14,1.21,1.26,1.09,0,21.46,18.85,17.73,16.99,0,0,0,0,           ,0,1,0,0,0,0,1.04,1.11,1.06,1.14,1.21,1.26,1.09
2025/08/27-13:15,7014.4,7016.6,7004.6,7015.2,1997,7021.45,7014.73,6999.43,6978.09,6940.82,7020.27,7021.45,7020.09,7037.6,7037.6,7014.4,6907.2,0,19.97,19.05,17.84,17.02,0,0,0,0,           ,0,1,0,0,0,0,1.05,1.12,1.07,1.05,1.12,1.17,0.93,0,19.97,19.05,17.84,17.02,0,0,0,0,           ,0,1,0,0,0,0,1.05,1.12,1.07,1.05,1.12,1.17,0.93
2025/08/27-13:20,7015.4,7022.8,7013.8,7022,1275,7021.61,7015.85,7001.24,6979.88,6942.49,7026.13,7013.38,7011.34,7037.6,7037.6,7014.4,6907.2,0,12.75,17.91,17.59,16.97,0,0,0,0,           ,1,0,0,0,0,0,1.04,1.06,1.02,0.71,0.72,0.75,0.64,0,12.75,17.91,17.59,16.97,0,0,0,0,           ,1,0,0,0,0,0,1.04,1.06,1.02,0.71,0.72,0.75,0.64
2025/08/27-13:25,7021.8,7036.8,7021.8,7032,1443,7024.58,7018.33,7003.7,6982.01,6944.34,7032,7005.31,7002.59,7032,7037.6,7014.4,6907.2,0,14.43,17.28,17.44,16.95,0,0,0,0,           ,0,1,0,0,0,0,1.03,1.02,0.99,0.84,0.83,0.85,1.13,0,14.43,17.28,17.44,16.95,0,0,0,0,           ,0,1,0,0,0,0,1.03,1.02,0.99,0.84,0.83,0.85,1.13
2025/08/27-13:30,7030.6,7038.2,7025,7026.2,1361,7025.04,7019.54,7005.5,6983.81,6946.03,7020.11,6997.24,6993.84,7032,7037.6,7014.4,6907.2,0,13.61,16.61,17.25,16.91,0,0,0,0,           ,0,1,0,0,0,0,1.02,0.98,0.96,0.82,0.79,0.8,0.94,0,13.61,16.61,17.25,16.91,0,0,0,0,           ,0,1,0,0,0,0,1.02,0.98,0.96,0.82,0.79,0.8,0.94
2025/08/27-13:35,7026.2,7029.8,6996.4,7010,2864,7020.74,7018.07,7005.86,6984.88,6947.35,7008.23,6989.16,6985.08,7032,7037.6,7014.4,6907.2,0,28.64,18.8,17.81,17.03,0,0,0,0,           ,0,0,1,1,0,0,1.05,1.1,1.06,1.52,1.61,1.68,2.1,0,28.64,18.8,17.81,17.03,0,0,0,0,           ,0,0,1,1,0,0,1.05,1.1,1.06,1.52,1.61,1.68,2.1
2025/08/27-13:40,7010.4,7017,6991.2,6994.4,2077,7013.22,7014.43,7004.94,6985.27,6948.32,6996.34,6981.09,6976.33,7032,7037.6,7014.4,6907.2,0,20.77,19.16,17.95,17.07,0,0,0,0,           ,0,1,0,0,0,0,1.05,1.12,1.07,1.08,1.16,1.22,0.73,0,20.77,19.16,17.95,17.07,0,0,0,0,           ,0,1,0,0,0,0,1.05,1.12,1.07,1.08,1.16,1.22,0.73
2025/08/27-13:45,6994.8,7008,6982.4,6983,2005,7004.58,7009.6,7003.19,6985.18,6949.03,6984.46,6973.02,6967.58,7032,7037.6,7014.4,6907.2,0,20.05,19.32,18.05,17.1,0,0,0,0,           ,0,1,0,0,0,0,1.06,1.13,1.07,1.04,1.11,1.17,0.97,0,20.05,19.32,18.05,17.1,0,0,0,0,           ,0,1,0,0,0,0,1.06,1.13,1.07,1.04,1.11,1.17,0.97
2025/08/27-13:50,6983,6988,6971.8,6981.6,3352,6998.02,7005.29,7001.46,6985.03,6949.7,6972.57,6964.95,6958.82,7032,7037.6,7014.4,6907.2,0,33.52,21.9,18.81,17.26,0,0,0,0,           ,0,0,1,1,0,0,1.09,1.27,1.16,1.53,1.78,1.94,1.67,0,33.52,21.9,18.81,17.26,0,0,0,0,           ,0,0,1,1,0,0,1.09,1.27,1.16,1.53,1.78,1.94,1.67
2025/08/27-13:55,6982.6,6988.4,6955.6,6955.8,2408,6985.96,6997.68,6997.81,6983.84,6949.83,6960.69,6956.87,6950.07,7032,7037.6,7014.4,6907.2,0,24.08,22.3,19.06,17.33,0,0,0,0,           ,0,1,0,0,0,0,1.1,1.29,1.17,1.08,1.26,1.39,0.72,0,24.08,22.3,19.06,17.33,0,0,0,0,           ,0,1,0,0,0,0,1.1,1.29,1.17,1.08,1.26,1.39,0.72
2025/08/27-14:00,6957,6962,6930.6,6948.8,3917,6975.34,6990.16,6993.89,6982.41,6949.81,6948.8,6948.8,6941.32,7032,7037.6,6948.8,6948.8,0,39.17,25.36,20.05,17.55,0,0,0,1,25.36,0,0,1,1,0,0,1.14,1.45,1.27,1.54,1.95,2.23,1.63,0,39.17,25.36,20.05,17.55,0,0,0,1,25.36,0,0,1,1,0,0,1.14,1.45,1.27,1.54,1.95,2.23,1.63
2025/08/27-14:05,6949.8,6976.8,6946.8,6976.8,3237,6975.76,6988.1,6992.52,6982.18,6950.36,6976.8,6976.8,6932.56,6976.8,6976.8,6948.8,6948.8,0,32.37,26.64,20.65,17.69,0,0,0,0,26.64,0,0,1,0,0,0,1.17,1.51,1.29,1.22,1.57,1.83,0.83,0,32.37,26.64,20.65,17.69,0,0,0,0,26.64,0,0,1,0,0,0,1.17,1.51,1.29,1.22,1.57,1.83,0.83
2025/08/27-14:10,6976.8,6980.8,6967.6,6973.4,1569,6975.08,6985.84,6990.99,6981.82,6950.84,6959.2,6959.2,6923.81,6976.8,6976.8,6948.8,6948.8,0,15.69,24.65,20.4,17.67,0,0,0,0,24.65,1,0,0,0,0,0,1.15,1.39,1.21,0.64,0.77,0.89,0.48,0,15.69,24.65,20.4,17.67,0,0,0,0,24.65,1,0,0,0,0,0,1.15,1.39,1.21,0.64,0.77,0.89,0.48
2025/08/27-14:15,6973.4,6976.8,6956.8,6962.2,1387,6971.4,6982.2,6988.69,6981.02,6951.07,6941.6,6941.6,6915.06,6976.8,6976.8,6948.8,6948.8,0,13.87,22.69,20.09,17.64,0,0,0,0,           ,1,0,0,0,0,0,1.14,1.29,1.13,0.61,0.69,0.79,0.88,0,13.87,22.69,20.09,17.64,0,0,0,0,           ,1,0,0,0,0,0,1.14,1.29,1.13,0.61,0.69,0.79,0.88
2025/08/27-14:20,6961,6966.6,6924.4,6924.4,2573,6957.97,6973.31,6983.54,6978.71,6950.52,6924,6924,6906.31,6976.8,6976.8,6948.8,6948.8,0,25.73,23.24,20.36,17.72,0,0,0,0,23.24,0,1,0,1,0,0,1.15,1.31,1.14,1.11,1.26,1.45,1.86,0,25.73,23.24,20.36,17.72,0,0,0,0,23.24,0,1,0,1,0,0,1.15,1.31,1.14,1.11,1.26,1.45,1.86
2025/08/27-14:25,6924.4,6926.4,6897.6,6922.8,3819,6947.92,6965.54,6978.68,6976.43,6949.95,6906.4,6906.4,6897.55,6976.8,6976.8,6948.8,6948.8,0,38.19,25.96,21.23,17.92,0,0,0,1,25.96,0,0,1,0,0,0,1.18,1.45,1.22,1.47,1.8,2.13,1.48,0,38.19,25.96,21.23,17.92,0,0,0,1,25.96,0,0,1,0,0,0,1.18,1.45,1.22,1.47,1.8,2.13,1.48
2025/08/27-14:30,6922.2,6922.2,6888.8,6888.8,2802,6931.03,6953.73,6971.49,6972.85,6948.69,6888.8,6888.8,6888.8,6976.8,6976.8,6888.8,6888.8,0,28.02,26.33,21.56,18.02,0,0,0,0,26.33,0,1,0,0,0,0,1.2,1.46,1.22,1.06,1.3,1.55,0.73,0,28.02,26.33,21.56,18.02,0,0,0,0,26.33,0,1,0,0,0,0,1.2,1.46,1.22,1.06,1.3,1.55,0.73
2025/08/27-14:35,6888.6,6931.8,6873.6,6930.2,3738,6930.79,6950.11,6968.19,6971.11,6948.31,6930.2,6930.2,6930.2,6930.2,6930.2,6888.8,6888.8,0,37.38,28.34,22.33,18.21,0,0,0,1,28.34,0,0,1,0,0,0,1.23,1.56,1.27,1.32,1.67,2.05,1.33,0,37.38,28.34,22.33,18.21,0,0,0,1,28.34,0,0,1,0,0,0,1.23,1.56,1.27,1.32,1.67,2.05,1.33
2025/08/27-14:40,6931,6932.6,6890,6893,2188,6920,6941.33,6962.17,6967.92,6947.17,6903.9,6903.9,6903.9,6930.2,6930.2,6888.8,6888.8,0,21.88,27.17,22.31,18.25,0,0,0,0,27.17,0,1,0,0,0,0,1.22,1.49,1.22,0.81,0.98,1.2,0.59,0,21.88,27.17,22.31,18.25,0,0,0,0,27.17,0,1,0,0,0,0,1.22,1.49,1.22,0.81,0.98,1.2,0.59
2025/08/27-14:45,6891,6891.6,6865.8,6875,3225,6907.14,6931.12,6955.2,6964.13,6945.68,6877.6,6877.6,6877.6,6930.2,6930.2,6888.8,6888.8,0,32.25,28.09,22.8,18.39,0,0,0,0,28.09,0,1,0,0,0,0,1.24,1.53,1.23,1.15,1.41,1.75,1.47,0,32.25,28.09,22.8,18.39,0,0,0,0,28.09,0,1,0,0,0,0,1.24,1.53,1.23,1.15,1.41,1.75,1.47
2025/08/27-14:50,6877.2,6877.2,6845,6869,3563,6896.24,6921.56,6948.3,6960.25,6944.1,6851.3,6851.3,6851.3,6930.2,6930.2,6888.8,6888.8,0,35.63,29.46,23.42,18.56,0,0,0,0,29.46,0,0,1,0,0,0,1.26,1.59,1.26,1.21,1.52,1.92,1.1,0,35.63,29.46,23.42,18.56,0,0,0,0,29.46,0,0,1,0,0,0,1.26,1.59,1.26,1.21,1.52,1.92,1.1
2025/08/27-14:55,6869.2,6869.2,6825,6825,3488,6875.89,6906.71,6938.44,6954.73,6941.64,6825,6825,6825,6930.2,6930.2,6825,6825,0,34.88,30.45,23.98,18.72,0,0,0,0,30.45,0,1,0,0,0,0,1.28,1.63,1.27,1.15,1.45,1.86,0.98,0,34.88,30.45,23.98,18.72,0,0,0,0,30.45,0,1,0,0,0,0,1.28,1.63,1.27,1.15,1.45,1.86,0.98
2025/08/27-15:00,6825,6839,6814.4,6837.8,3951,6865.01,6896.11,6930.39,6949.95,6939.5,6855.3,6855.3,6855.3,6930.2,6930.2,6825,6825,0,39.51,32.09,24.74,18.93,0,0,0,1,32.09,0,0,1,0,0,0,1.31,1.7,1.3,1.23,1.6,2.09,1.13,0,39.51,32.09,24.74,18.93,0,0,0,1,32.09,0,0,1,0,0,0,1.31,1.7,1.3,1.23,1.6,2.09,1.13
2025/08/28-09:35,6850,6887.6,6842.8,6885.6,7790,6870.89,6894.49,6926.81,6947.33,6938.39,6885.6,6885.6,6885.6,6885.6,6885.6,6825,6825,0,77.9,40.42,27.33,19.52,0,1,0,1,40.42,0,0,1,1,1,1,1.4,2.07,1.48,1.93,2.85,3.99,1.97,0,77.9,40.42,27.33,19.52,0,1,0,1,40.42,0,0,1,1,1,1,1.4,2.07,1.48,1.93,2.85,3.99,1.97
2025/08/28-09:40,6886,6889.4,6848.8,6853.4,4562,6865.89,6888.17,6920.93,6943.49,6936.64,6853.4,6877.17,6877.17,6885.6,6885.6,6853.4,6825,0,45.62,41.37,28.22,19.78,0,0,0,1,41.37,0,1,0,0,0,0,1.43,2.09,1.47,1.1,1.62,2.31,0.59,0,45.62,41.37,28.22,19.78,0,0,0,1,41.37,0,1,0,0,0,0,1.43,2.09,1.47,1.1,1.62,2.31,0.59
2025/08/28-09:45,6854.2,6879.6,6835.8,6874.4,4381,6868.32,6886.05,6917.21,6940.67,6935.36,6866.5,6868.73,6868.73,6885.6,6885.6,6853.4,6825,0,43.81,41.81,28.98,20.02,0,0,0,1,41.81,0,1,0,0,0,0,1.45,2.09,1.44,1.05,1.51,2.19,0.96,0,43.81,41.81,28.98,20.02,0,0,0,1,41.81,0,1,0,0,0,0,1.45,2.09,1.44,1.05,1.51,2.19,0.96
2025/08/28-09:50,6873.6,6886.4,6868,6879.6,2888,6871.55,6885.06,6914.2,6938.18,6934.21,6879.6,6860.3,6860.3,6879.6,6885.6,6853.4,6825,0,28.88,39.46,28.98,20.1,0,0,0,0,39.46,1,0,0,0,0,0,1.44,1.96,1.36,0.73,1,1.44,0.66,0,28.88,39.46,28.98,20.1,0,0,0,0,39.46,1,0,0,0,0,0,1.44,1.96,1.36,0.73,1,1.44,0.66
2025/08/28-09:55,6879.8,6885.4,6862.8,6863,2314,6869.1,6881.67,6910.11,6935.11,6932.74,6864.73,6851.87,6851.87,6879.6,6885.6,6853.4,6825,0,23.14,36.49,28.69,20.13,0,0,0,0,36.49,1,0,0,0,0,0,1.43,1.81,1.27,0.63,0.81,1.15,0.8,0,23.14,36.49,28.69,20.13,0,0,0,0,36.49,1,0,0,0,0,0,1.43,1.81,1.27,0.63,0.81,1.15,0.8
2025/08/28-10:00,6863,6872.2,6844.4,6844.4,2318,6862.05,6875.93,6904.85,6931.41,6930.92,6849.87,6843.43,6843.43,6879.6,6885.6,6853.4,6825,0,23.18,34.07,28.43,20.16,0,0,0,0,34.07,1,0,0,0,0,0,1.41,1.69,1.2,0.68,0.82,1.15,1,0,23.18,34.07,28.43,20.16,0,0,0,0,34.07,1,0,0,0,0,0,1.41,1.69,1.2,0.68,0.82,1.15,1
2025/08/28-10:05,6845.2,6864.6,6831.4,6835,2736,6854.32,6869.63,6899.26,6927.47,6928.94,6835,6835,6835,6879.6,6885.6,6835,6835,0,27.36,32.85,28.37,20.24,0,0,0,0,32.85,0,1,0,0,0,0,1.4,1.62,1.16,0.83,0.96,1.35,1.18,0,27.36,32.85,28.37,20.24,0,0,0,0,32.85,0,1,0,0,0,0,1.4,1.62,1.16,0.83,0.96,1.35,1.18
2025/08/28-10:10,6835.8,6870.2,6827.8,6866,2616,6857.66,6869.08,6896.6,6924.96,6927.64,6846.11,6846.11,6846.11,6879.6,6885.6,6835,6835,0,26.16,31.64,28.27,20.29,0,0,0,0,31.64,0,1,0,0,0,0,1.39,1.56,1.12,0.83,0.93,1.29,0.96,0,26.16,31.64,28.27,20.29,0,0,0,0,31.64,0,1,0,0,0,0,1.39,1.56,1.12,0.83,0.93,1.29,0.96
2025/08/28-10:15,6867,6879.6,6864.4,6865.2,1656,6859.81,6868.48,6894.09,6922.52,6926.35,6857.22,6857.22,6857.22,6879.6,6885.6,6835,6835,0,16.56,28.89,27.69,20.26,0,0,0,0,28.89,1,0,0,0,0,0,1.37,1.43,1.04,0.57,0.6,0.82,0.63,0,16.56,28.89,27.69,20.26,0,0,0,0,28.89,1,0,0,0,0,0,1.37,1.43,1.04,0.57,0.6,0.82,0.63
2025/08/28-10:20,6864.8,6875.6,6852.4,6862.6,2034,6860.61,6867.58,6891.57,6920.08,6925.04,6868.33,6868.33,6868.33,6879.6,6885.6,6835,6835,0,20.34,27.34,27.34,20.26,0,0,0,0,27.34,1,0,0,0,0,0,1.35,1.35,1,0.74,0.74,1,1.23,0,20.34,27.34,27.34,20.26,0,0,0,0,27.34,1,0,0,0,0,0,1.35,1.35,1,0.74,0.74,1,1.23
2025/08/28-10:25,6863,6873.8,6858.4,6869.8,1458,6863.23,6867.92,6889.83,6918.03,6923.9,6879.44,6879.44,6879.44,6879.6,6885.6,6835,6835,0,14.58,25.02,26.71,20.2,0,0,0,0,           ,1,0,0,0,0,0,1.32,1.24,0.94,0.58,0.55,0.72,0.72,0,14.58,25.02,26.71,20.2,0,0,0,0,           ,1,0,0,0,0,0,1.32,1.24,0.94,0.58,0.55,0.72,0.72
2025/08/28-10:30,6868.6,6891.2,6861,6883.8,1946,6869.11,6870.36,6889.35,6916.63,6923.07,6890.56,6890.56,6890.56,6879.6,6885.6,6835,6835,0,19.46,24.01,26.36,20.19,0,0,0,0,           ,0,1,0,0,0,0,1.31,1.19,0.91,0.81,0.74,0.96,1.33,0,19.46,24.01,26.36,20.19,0,0,0,0,           ,0,1,0,0,0,0,1.31,1.19,0.91,0.81,0.74,0.96,1.33
2025/08/28-10:35,6884.2,6902.8,6884.2,6902,2170,6878.51,6875.23,6890.36,6916.03,6922.64,6901.67,6901.67,6901.67,6879.6,6885.6,6835,6835,0,21.7,23.59,26.13,20.21,0,0,0,0,           ,0,1,0,0,0,0,1.29,1.17,0.9,0.92,0.83,1.07,1.12,0,21.7,23.59,26.13,20.21,0,0,0,0,           ,0,1,0,0,0,0,1.29,1.17,0.9,0.92,0.83,1.07,1.12
2025/08/28-10:40,6902.6,6912.8,6898.2,6898.2,2098,6884.13,6878.76,6890.98,6915.3,6922.14,6912.78,6912.78,6912.78,6879.6,6885.6,6835,6835,0,20.98,23.11,25.88,20.22,0,0,0,0,           ,0,1,0,0,0,0,1.28,1.14,0.89,0.91,0.81,1.04,0.97,0,20.98,23.11,25.88,20.22,0,0,0,0,           ,0,1,0,0,0,0,1.28,1.14,0.89,0.91,0.81,1.04,0.97
2025/08/28-10:45,6898.2,6927.2,6898.2,6922.8,2170,6895.18,6885.54,6893.53,6915.61,6922.15,6923.89,6923.89,6923.89,6879.6,6885.6,6835,6835,0,21.7,22.86,25.68,20.23,0,0,0,0,           ,0,1,0,0,0,0,1.27,1.13,0.89,0.95,0.85,1.07,1.03,0,21.7,22.86,25.68,20.23,0,0,0,0,           ,0,1,0,0,0,0,1.27,1.13,0.89,0.95,0.85,1.07,1.03
2025/08/28-10:50,6923.6,6937,6914.4,6935,2133,6906.56,6893.15,6896.85,6916.4,6922.41,6935,6935,6935,6935,6935,6835,6835,0,21.33,22.58,25.47,20.24,0,0,0,0,           ,0,1,0,0,0,0,1.26,1.12,0.89,0.94,0.84,1.05,0.98,0,21.33,22.58,25.47,20.24,0,0,0,0,           ,0,1,0,0,0,0,1.26,1.12,0.89,0.94,0.84,1.05,0.98
2025/08/28-10:55,6934.8,6937.2,6919.6,6921.8,1926,6910.91,6897.56,6898.84,6916.62,6922.4,6920.23,6920.23,6924.47,6935,6935,6835,6835,0,19.26,21.98,25.16,20.23,0,0,0,0,           ,0,1,0,0,0,0,1.24,1.09,0.87,0.88,0.77,0.95,0.9,0,19.26,21.98,25.16,20.23,0,0,0,0,           ,0,1,0,0,0,0,1.24,1.09,0.87,0.88,0.77,0.95,0.9
2025/08/28-11:00,6921.4,6921.6,6902.2,6906,2329,6909.51,6898.85,6899.42,6916.19,6922.06,6905.46,6905.46,6913.93,6935,6935,6835,6835,0,23.29,22.21,25.07,20.26,0,0,0,0,           ,0,1,0,0,0,0,1.24,1.1,0.89,1.05,0.93,1.15,1.21,0,23.29,22.21,25.07,20.26,0,0,0,0,           ,0,1,0,0,0,0,1.24,1.1,0.89,1.05,0.93,1.15,1.21
2025/08/28-11:05,6906.4,6913.8,6885,6887.8,2289,6903.31,6897.15,6898.49,6915.03,6921.36,6890.69,6890.69,6903.4,6935,6935,6835,6835,0,22.89,22.34,24.96,20.29,0,0,0,0,           ,0,1,0,0,0,0,1.23,1.1,0.89,1.02,0.92,1.13,0.98,0,22.89,22.34,24.96,20.29,0,0,0,0,           ,0,1,0,0,0,0,1.23,1.1,0.89,1.02,0.92,1.13,0.98
2025/08/28-11:10,6887.2,6902.2,6885,6891.8,1553,6900.02,6896.33,6897.95,6914.08,6920.75,6875.91,6875.91,6892.87,6935,6935,6835,6835,0,15.53,21.1,24.5,20.24,0,0,0,0,           ,1,0,0,0,0,0,1.21,1.04,0.86,0.74,0.63,0.77,0.68,0,15.53,21.1,24.5,20.24,0,0,0,0,           ,1,0,0,0,0,0,1.21,1.04,0.86,0.74,0.63,0.77,0.68
2025/08/28-11:15,6892.4,6908.6,6881.2,6888.8,2266,6896.81,6895.17,6897.22,6913.05,6920.09,6861.14,6861.14,6882.33,6935,6935,6835,6835,0,22.66,21.38,24.41,20.27,0,0,0,0,           ,0,1,0,0,0,0,1.2,1.06,0.88,1.06,0.93,1.12,1.46,0,22.66,21.38,24.41,20.27,0,0,0,0,           ,0,1,0,0,0,0,1.2,1.06,0.88,1.06,0.93,1.12,1.46
2025/08/28-11:20,6888,6888,6849.2,6855.6,3387,6885.04,6889.08,6893.89,6910.71,6918.76,6846.37,6846.37,6871.8,6935,6935,6835,6835,0,33.87,23.65,24.88,20.4,0,0,0,0,           ,0,0,1,0,0,0,1.22,1.16,0.95,1.43,1.36,1.66,1.49,0,33.87,23.65,24.88,20.4,0,0,0,0,           ,0,0,1,0,0,0,1.22,1.16,0.95,1.43,1.36,1.66,1.49
2025/08/28-11:25,6853,6861.2,6830.6,6831.6,3110,6869.77,6880.24,6888.91,6907.48,6916.96,6831.6,6831.6,6861.27,6935,6935,6831.6,6831.6,0,31.1,25.01,25.18,20.51,0,0,0,0,           ,0,0,1,0,0,0,1.23,1.22,0.99,1.24,1.24,1.52,0.92,0,31.1,25.01,25.18,20.51,0,0,0,0,           ,0,0,1,0,0,0,1.23,1.22,0.99,1.24,1.24,1.52,0.92
2025/08/28-11:30,6831.6,6861.6,6829,6859.6,2185,6866.86,6877.06,6886.56,6905.52,6915.78,6859.6,6843,6850.73,6859.6,6935,6831.6,6831.6,0,21.85,24.43,25.02,20.52,0,0,0,0,           ,0,1,0,0,0,0,1.22,1.19,0.98,0.89,0.87,1.06,0.7,0,21.85,24.43,25.02,20.52,0,0,0,0,           ,0,1,0,0,0,0,1.22,1.19,0.98,0.89,0.87,1.06,0.7
2025/08/28-13:05,6859,6864.6,6836.2,6840.2,1676,6859.25,6871.39,6882.85,6902.86,6914.22,6840.2,6854.4,6840.2,6859.6,6935,6840.2,6831.6,0,16.76,23.04,24.61,20.48,0,0,0,0,           ,1,0,0,0,0,0,1.2,1.12,0.94,0.73,0.68,0.82,0.77,0,16.76,23.04,24.61,20.48,0,0,0,0,           ,1,0,0,0,0,0,1.2,1.12,0.94,0.73,0.68,0.82,0.77
2025/08/28-13:10,6839.2,6865.8,6837,6865.8,1414,6861.12,6870.53,6881.49,6901.34,6913.22,6865.8,6865.8,6829.67,6865.8,6865.8,6840.2,6831.6,0,14.14,21.42,24.1,20.42,0,0,0,0,           ,1,0,0,0,0,0,1.18,1.05,0.89,0.66,0.59,0.69,0.84,0,14.14,21.42,24.1,20.42,0,0,0,0,           ,1,0,0,0,0,0,1.18,1.05,0.89,0.66,0.59,0.69,0.84
2025/08/28-13:15,6866,6870.8,6846.2,6848.4,1324,6857.48,6867.13,6878.84,6899.18,6911.89,6848.04,6848.04,6819.13,6865.8,6865.8,6840.2,6831.6,0,13.24,19.93,23.57,20.35,0,0,0,0,           ,1,0,0,0,0,0,1.16,0.98,0.85,0.66,0.56,0.65,0.94,0,13.24,19.93,23.57,20.35,0,0,0,0,           ,1,0,0,0,0,0,1.16,0.98,0.85,0.66,0.56,0.65,0.94
2025/08/28-13:20,6848.6,6868.8,6839.4,6840.4,1178,6852.6,6863.02,6875.77,6896.78,6910.41,6830.28,6830.28,6808.6,6865.8,6865.8,6840.2,6831.6,0,11.78,18.45,23,20.26,0,0,0,0,           ,1,0,0,0,0,0,1.13,0.91,0.8,0.64,0.51,0.58,0.89,0,11.78,18.45,23,20.26,0,0,0,0,           ,1,0,0,0,0,0,1.13,0.91,0.8,0.64,0.51,0.58,0.89
2025/08/28-13:25,6839.6,6841.6,6812,6815,2433,6841.86,6855.63,6870.91,6893.45,6908.45,6812.52,6812.52,6798.07,6865.8,6865.8,6840.2,6831.6,0,24.33,19.52,23.06,20.3,0,0,0,0,           ,0,0,1,1,0,0,1.14,0.96,0.85,1.25,1.05,1.2,2.07,0,24.33,19.52,23.06,20.3,0,0,0,0,           ,0,0,1,1,0,0,1.14,0.96,0.85,1.25,1.05,1.2,2.07
2025/08/28-13:30,6813.8,6820.4,6786.6,6797.6,3672,6829.21,6846.7,6865.04,6889.53,6906.16,6794.76,6794.76,6787.53,6865.8,6865.8,6840.2,6831.6,0,36.72,22.65,23.73,20.47,0,0,0,0,           ,0,0,1,1,0,0,1.16,1.11,0.95,1.62,1.55,1.79,1.51,0,36.72,22.65,23.73,20.47,0,0,0,0,           ,0,0,1,1,0,0,1.16,1.11,0.95,1.62,1.55,1.79,1.51
2025/08/28-13:35,6798,6806.8,6762.4,6777,3616,6814.3,6835.98,6858,6884.94,6903.5,6777,6777,6777,6865.8,6865.8,6777,6777,0,36.16,25.1,24.34,20.62,0,0,0,0,           ,0,0,1,0,0,0,1.18,1.22,1.03,1.44,1.49,1.75,0.98,0,36.16,25.1,24.34,20.62,0,0,0,0,           ,0,0,1,0,0,0,1.18,1.22,1.03,1.44,1.49,1.75,0.98
2025/08/28-13:40,6774.6,6811,6774.6,6808.2,3107,6812.55,6831.7,6854.01,6881.81,6901.53,6792.18,6792.18,6784.9,6865.8,6865.8,6777,6777,0,31.07,26.19,24.66,20.73,0,0,0,0,           ,0,1,0,0,0,0,1.19,1.26,1.06,1.19,1.26,1.5,0.86,0,31.07,26.19,24.66,20.73,0,0,0,0,           ,0,1,0,0,0,0,1.19,1.26,1.06,1.19,1.26,1.5,0.86
2025/08/28-13:45,6808.2,6824.6,6791,6823.6,2215,6815.71,6830.46,6851.58,6879.43,6899.92,6807.36,6807.36,6792.81,6865.8,6865.8,6777,6777,0,22.15,25.45,24.54,20.74,0,0,0,0,           ,0,1,0,0,0,0,1.18,1.23,1.04,0.87,0.9,1.07,0.71,0,22.15,25.45,24.54,20.74,0,0,0,0,           ,0,1,0,0,0,0,1.18,1.23,1.04,0.87,0.9,1.07,0.71
2025/08/28-13:50,6823.6,6850,6821.6,6836.8,2271,6821.74,6831.43,6850.4,6877.69,6898.62,6822.53,6822.53,6800.71,6865.8,6865.8,6777,6777,0,22.71,24.96,24.45,20.76,0,0,0,0,           ,0,1,0,0,0,0,1.18,1.2,1.02,0.91,0.93,1.09,1.03,0,22.71,24.96,24.45,20.76,0,0,0,0,           ,0,1,0,0,0,0,1.18,1.2,1.02,0.91,0.93,1.09,1.03
2025/08/28-13:55,6836.6,6848.6,6824.4,6846,1636,6828.67,6833.67,6850.05,6876.4,6897.54,6837.71,6837.71,6808.61,6865.8,6865.8,6777,6777,0,16.36,23.39,24.06,20.72,0,0,0,0,           ,1,0,0,0,0,0,1.16,1.13,0.97,0.7,0.68,0.79,0.72,0,16.36,23.39,24.06,20.72,0,0,0,0,           ,1,0,0,0,0,0,1.16,1.13,0.97,0.7,0.68,0.79,0.72
2025/08/28-14:00,6845.8,6851,6833.2,6842.2,1509,6832.53,6834.99,6849.42,6875,6896.4,6852.89,6852.89,6816.52,6865.8,6865.8,6777,6777,0,15.09,21.88,23.62,20.66,0,0,0,0,           ,1,0,0,0,0,0,1.14,1.06,0.93,0.69,0.64,0.73,0.92,0,15.09,21.88,23.62,20.66,0,0,0,0,           ,1,0,0,0,0,0,1.14,1.06,0.93,0.69,0.64,0.73,0.92
2025/08/28-14:05,6844.8,6872,6837.4,6870.2,2005,6843.3,6840.4,6851.08,6874.81,6895.86,6868.07,6868.07,6824.42,6865.8,6865.8,6777,6777,0,20.05,21.55,23.45,20.66,0,0,0,0,           ,0,1,0,0,0,0,1.14,1.04,0.92,0.93,0.86,0.97,1.33,0,20.05,21.55,23.45,20.66,0,0,0,0,           ,0,1,0,0,0,0,1.14,1.04,0.92,0.93,0.86,0.97,1.33
2025/08/28-14:10,6871.2,6879.8,6868,6872,1870,6851.5,6845.26,6852.75,6874.69,6895.37,6883.24,6883.24,6832.32,6865.8,6865.8,6777,6777,0,18.7,21.03,23.21,20.64,0,0,0,0,           ,0,1,0,0,0,0,1.12,1.02,0.91,0.89,0.81,0.91,0.93,0,18.7,21.03,23.21,20.64,0,0,0,0,           ,0,1,0,0,0,0,1.12,1.02,0.91,0.89,0.81,0.91,0.93
2025/08/28-14:15,6872.8,6904.8,6867.4,6899.6,2845,6865.24,6853.62,6856.5,6875.71,6895.45,6898.42,6898.42,6840.22,6865.8,6865.8,6777,6777,0,28.45,22.38,23.47,20.71,0,0,0,0,           ,0,0,1,1,0,0,1.13,1.08,0.95,1.27,1.21,1.37,1.52,0,28.45,22.38,23.47,20.71,0,0,0,0,           ,0,0,1,1,0,0,1.13,1.08,0.95,1.27,1.21,1.37,1.52
2025/08/28-14:20,6900.6,6916,6895.6,6913.6,1803,6879.06,6862.85,6861.07,6877.25,6895.83,6913.6,6913.6,6848.13,6913.6,6913.6,6777,6777,0,18.03,21.59,23.2,20.69,0,0,0,0,           ,0,1,0,0,0,0,1.12,1.04,0.93,0.84,0.78,0.87,0.63,0,18.03,21.59,23.2,20.69,0,0,0,0,           ,0,1,0,0,0,0,1.12,1.04,0.93,0.84,0.78,0.87,0.63
2025/08/28-14:25,6912.6,6915.8,6884,6884,1752,6880.47,6866.1,6862.9,6877.53,6895.58,6884,6884,6856.03,6913.6,6913.6,6884,6884,0,17.52,20.85,22.93,20.66,0,0,0,0,           ,0,1,0,0,0,0,1.11,1.01,0.91,0.84,0.76,0.85,0.97,0,17.52,20.85,22.93,20.66,0,0,0,0,           ,0,1,0,0,0,0,1.11,1.01,0.91,0.84,0.76,0.85,0.97
2025/08/28-14:30,6885.8,6908.4,6884.6,6903.6,1422,6887.08,6871.87,6866.16,6878.59,6895.75,6898.3,6890.69,6863.93,6913.6,6913.6,6884,6884,0,14.22,19.64,22.5,20.59,0,0,0,0,           ,1,0,0,0,0,0,1.09,0.95,0.87,0.72,0.63,0.69,0.81,0,14.22,19.64,22.5,20.59,0,0,0,0,           ,1,0,0,0,0,0,1.09,0.95,0.87,0.72,0.63,0.69,0.81
2025/08/28-14:35,6902.6,6914.8,6897.2,6914,915,6894.77,6878.35,6869.99,6880.04,6896.13,6912.6,6897.37,6871.84,6913.6,6913.6,6884,6884,0,9.15,17.74,21.85,20.48,0,0,0,0,           ,1,0,0,0,0,0,1.07,0.87,0.81,0.52,0.42,0.45,0.64,0,9.15,17.74,21.85,20.48,0,0,0,0,           ,1,0,0,0,0,0,1.07,0.87,0.81,0.52,0.42,0.45,0.64
2025/08/28-14:40,6913.2,6933,6913.2,6927.8,1891,6904.21,6885.96,6874.61,6881.99,6896.78,6926.9,6904.06,6879.74,6913.6,6913.6,6884,6884,0,18.91,17.95,21.71,20.46,0,0,0,0,           ,0,1,0,1,0,0,1.06,0.88,0.83,1.05,0.87,0.92,2.07,0,18.91,17.95,21.71,20.46,0,0,0,0,           ,0,1,0,1,0,0,1.06,0.88,0.83,1.05,0.87,0.92,2.07
2025/08/28-14:45,6930.6,6943.6,6924.6,6942,1746,6915.01,6894.58,6880,6884.44,6897.71,6941.2,6910.75,6887.64,6913.6,6913.6,6884,6884,0,17.46,17.86,21.5,20.43,0,0,0,0,           ,0,1,0,0,0,0,1.05,0.87,0.83,0.98,0.81,0.85,0.92,0,17.46,17.86,21.5,20.43,0,0,0,0,           ,0,1,0,0,0,0,1.05,0.87,0.83,0.98,0.81,0.85,0.92
2025/08/28-14:50,6942,6964.8,6932.8,6964.8,2313,6929.23,6905.39,6886.79,6887.72,6899.09,6955.5,6917.43,6895.55,6913.6,6913.6,6884,6884,0,23.13,18.82,21.58,20.46,0,0,0,0,           ,0,0,1,0,0,0,1.05,0.92,0.87,1.23,1.07,1.13,1.32,0,23.13,18.82,21.58,20.46,0,0,0,0,           ,0,0,1,0,0,0,1.05,0.92,0.87,1.23,1.07,1.13,1.32
2025/08/28-14:55,6964.4,6975.6,6956,6969.8,2392,6940.82,6915.3,6893.43,6891.07,6900.55,6969.8,6924.12,6903.45,6969.8,6913.6,6884,6884,0,23.92,19.75,21.69,20.49,0,0,0,0,           ,0,0,1,0,0,0,1.06,0.96,0.91,1.21,1.1,1.17,1.03,0,23.92,19.75,21.69,20.49,0,0,0,0,           ,0,0,1,0,0,0,1.06,0.96,0.91,1.21,1.1,1.17,1.03
2025/08/28-15:00,6969.8,6977,6967,6967,3273,6948.3,6923.25,6899.31,6894.17,6901.92,6962.85,6930.81,6911.35,6969.8,6913.6,6884,6884,0,32.73,22.11,22.23,20.62,0,0,0,0,           ,0,0,1,0,0,0,1.08,1.07,0.99,1.48,1.47,1.59,1.37,0,32.73,22.11,22.23,20.62,0,0,0,0,           ,0,0,1,0,0,0,1.08,1.07,0.99,1.48,1.47,1.59,1.37
2025/08/29-09:35,6960,6970.4,6945.4,6955,7742,6950.22,6928.13,6903.77,6896.65,6903.02,6955.9,6937.5,6919.25,6969.8,6913.6,6884,6884,0,77.42,32.16,24.92,21.18,0,1,0,1,32.16,0,0,1,1,1,1,1.18,1.52,1.29,2.41,3.11,3.66,2.37,0,77.42,32.16,24.92,21.18,0,1,0,1,32.16,0,0,1,1,1,1,1.18,1.52,1.29,2.41,3.11,3.66,2.37
2025/08/29-09:40,6953.4,6967.8,6934.4,6953.8,5393,6951.24,6932.08,6907.77,6898.98,6904.06,6948.95,6944.18,6927.16,6969.8,6913.6,6884,6884,0,53.93,36.12,26.34,21.51,0,0,0,1,36.12,0,0,1,0,0,0,1.22,1.68,1.37,1.49,2.05,2.51,0.7,0,53.93,36.12,26.34,21.51,0,0,0,1,36.12,0,0,1,0,0,0,1.22,1.68,1.37,1.49,2.05,2.51,0.7
2025/08/29-09:45,6955.8,6961,6925.4,6942,3934,6948.6,6933.61,6910.51,6900.74,6904.85,6942,6950.87,6935.06,6969.8,6913.6,6942,6884,0,39.34,36.71,26.97,21.68,0,0,0,0,36.71,0,1,0,0,0,0,1.24,1.69,1.36,1.07,1.46,1.81,0.73,0,39.34,36.71,26.97,21.68,0,0,0,0,36.71,0,1,0,0,0,0,1.24,1.69,1.36,1.07,1.46,1.81,0.73
2025/08/29-09:50,6940.4,6959.6,6925.6,6947.8,4193,6948.37,6935.79,6913.49,6902.66,6905.73,6949.37,6957.56,6942.96,6969.8,6913.6,6942,6884,0,41.93,37.66,27.7,21.89,0,0,0,0,37.66,0,1,0,0,0,0,1.27,1.72,1.36,1.11,1.51,1.92,1.07,0,41.93,37.66,27.7,21.89,0,0,0,0,37.66,0,1,0,0,0,0,1.27,1.72,1.36,1.11,1.51,1.92,1.07
2025/08/29-09:55,6947.8,6961,6946,6954.4,3735,6950.09,6938.65,6916.77,6904.77,6906.73,6956.74,6964.24,6950.87,6969.8,6913.6,6942,6884,0,37.35,37.6,28.17,22.04,0,0,0,0,37.6,0,1,0,0,0,0,1.28,1.71,1.33,0.99,1.33,1.69,0.89,0,37.35,37.6,28.17,22.04,0,0,0,0,37.6,0,1,0,0,0,0,1.28,1.71,1.33,0.99,1.33,1.69,0.89
2025/08/29-10:00,6954.6,6962.2,6942.6,6956.4,2891,6951.9,6941.38,6919.94,6906.88,6907.76,6964.11,6970.93,6958.77,6969.8,6913.6,6942,6884,0,28.91,36.02,28.21,22.11,0,0,0,0,36.02,0,1,0,0,0,0,1.28,1.63,1.28,0.8,1.02,1.31,0.77,0,28.91,36.02,28.21,22.11,0,0,0,0,36.02,0,1,0,0,0,0,1.28,1.63,1.28,0.8,1.02,1.31,0.77
2025/08/29-10:05,6957.6,6976.4,6946.4,6967.6,2930,6956.38,6945.42,6923.75,6909.36,6908.99,6971.48,6977.62,6966.67,6969.8,6913.6,6942,6884,0,29.3,34.8,28.26,22.18,0,0,0,0,34.8,0,1,0,0,0,0,1.27,1.57,1.23,0.84,1.04,1.32,1.01,0,29.3,34.8,28.26,22.18,0,0,0,0,34.8,0,1,0,0,0,0,1.27,1.57,1.23,0.84,1.04,1.32,1.01
2025/08/29-10:10,6968.2,6970.2,6960.6,6963.4,2117,6958.39,6948.18,6926.92,6911.56,6910.11,6978.85,6984.3,6974.58,6969.8,6913.6,6942,6884,0,21.17,32.32,27.92,22.17,0,0,0,0,32.32,1,0,0,0,0,0,1.26,1.46,1.16,0.65,0.76,0.95,0.72,0,21.17,32.32,27.92,22.17,0,0,0,0,32.32,1,0,0,0,0,0,1.26,1.46,1.16,0.65,0.76,0.95,0.72
2025/08/29-10:15,6963,6970.8,6954.4,6967.4,2076,6960.96,6951.14,6930.16,6913.84,6911.3,6986.22,6990.99,6982.48,6969.8,6913.6,6942,6884,0,20.76,30.22,27.57,22.16,0,0,0,0,30.22,1,0,0,0,0,0,1.24,1.36,1.1,0.69,0.75,0.94,0.98,0,20.76,30.22,27.57,22.16,0,0,0,0,30.22,1,0,0,0,0,0,1.24,1.36,1.1,0.69,0.75,0.94,0.98
2025/08/29-10:20,6967.6,6975.8,6959,6970.2,2056,6963.6,6954.07,6933.36,6916.14,6912.51,6993.58,6997.68,6990.38,6969.8,6913.6,6942,6884,0,20.56,28.46,27.23,22.14,0,0,0,0,           ,1,0,0,0,0,0,1.23,1.29,1.05,0.72,0.76,0.93,0.99,0,20.56,28.46,27.23,22.14,0,0,0,0,           ,1,0,0,0,0,0,1.23,1.29,1.05,0.72,0.76,0.93,0.99
2025/08/29-10:25,6970.2,7017.4,6970.2,7015.4,3768,6978.4,6963.51,6939.93,6920.19,6914.63,7000.95,7004.37,6998.28,6969.8,6913.6,6942,6884,0,37.68,30.14,27.74,22.29,0,0,0,0,30.14,0,0,1,1,0,0,1.24,1.35,1.09,1.25,1.36,1.69,1.83,0,37.68,30.14,27.74,22.29,0,0,0,0,30.14,0,0,1,1,0,0,1.24,1.35,1.09,1.25,1.36,1.69,1.83
2025/08/29-10:30,7014.4,7017.8,7000,7008,2025,6986.86,6970.35,6945.37,6923.78,6916.56,7008.32,7011.05,7006.19,6969.8,6913.6,6942,6884,0,20.25,28.34,27.37,22.27,0,0,0,0,           ,1,0,0,0,0,0,1.23,1.27,1.04,0.71,0.74,0.91,0.54,0,20.25,28.34,27.37,22.27,0,0,0,0,           ,1,0,0,0,0,0,1.23,1.27,1.04,0.71,0.74,0.91,0.54
2025/08/29-10:35,7007.8,7016,6994,7001.8,1985,6991.13,6975.19,6949.89,6926.96,6918.31,7015.69,7017.74,7014.09,6969.8,6913.6,6942,6884,0,19.85,26.8,27,22.25,0,0,0,0,           ,1,0,0,0,0,0,1.21,1.2,0.99,0.74,0.74,0.89,0.98,0,19.85,26.8,27,22.25,0,0,0,0,           ,1,0,0,0,0,0,1.21,1.2,0.99,0.74,0.74,0.89,0.98
2025/08/29-10:40,7003.8,7033.6,7002.2,7030.6,1886,7002.4,6983.71,6956.34,6931.19,6920.63,7023.06,7024.43,7021.99,6969.8,6913.6,6942,6884,0,18.86,25.35,26.61,22.22,0,0,0,0,           ,1,0,0,0,0,0,1.2,1.14,0.95,0.74,0.71,0.85,0.95,0,18.86,25.35,26.61,22.22,0,0,0,0,           ,1,0,0,0,0,0,1.2,1.14,0.95,0.74,0.71,0.85,0.95
2025/08/29-10:45,7030.6,7034.8,7020,7025.4,1529,7008.97,6990.13,6961.87,6935.04,6922.79,7030.43,7031.11,7029.9,6969.8,6913.6,6942,6884,0,15.29,23.52,26.05,22.15,0,0,0,0,           ,1,0,0,0,0,0,1.18,1.06,0.9,0.65,0.59,0.69,0.81,0,15.29,23.52,26.05,22.15,0,0,0,0,           ,1,0,0,0,0,0,1.18,1.06,0.9,0.65,0.59,0.69,0.81
2025/08/29-10:50,7025.4,7038.6,7013.4,7037.8,1691,7017.21,6997.46,6967.94,6939.23,6925.16,7037.8,7037.8,7037.8,7037.8,7037.8,6942,6884,0,16.91,22.32,25.61,22.1,0,0,0,0,           ,1,0,0,0,0,0,1.16,1.01,0.87,0.76,0.66,0.77,1.11,0,16.91,22.32,25.61,22.1,0,0,0,0,           ,1,0,0,0,0,0,1.16,1.01,0.87,0.76,0.66,0.77,1.11
2025/08/29-10:55,7038,7038.8,7010,7022.2,1602,7018.64,7001.27,6972.28,6942.62,6927.16,7029.77,7029.77,7030.71,7037.8,7037.8,6942,6884,0,16.02,21.18,25.14,22.03,0,0,0,0,           ,1,0,0,0,0,0,1.14,0.96,0.84,0.76,0.64,0.73,0.95,0,16.02,21.18,25.14,22.03,0,0,0,0,           ,1,0,0,0,0,0,1.14,0.96,0.84,0.76,0.64,0.73,0.95
2025/08/29-11:00,7021.6,7030.4,6998,7005.8,2283,7014.97,7001.96,6974.96,6945.2,6928.78,7021.75,7021.75,7023.62,7037.8,7037.8,6942,6884,0,22.83,21.48,25.03,22.04,0,0,0,0,           ,0,1,0,0,0,0,1.14,0.97,0.86,1.06,0.91,1.04,1.43,0,22.83,21.48,25.03,22.04,0,0,0,0,           ,0,1,0,0,0,0,1.14,0.97,0.86,1.06,0.91,1.04,1.43
2025/08/29-11:05,7004.4,7024,6996,7012.8,1753,7014.35,7003.63,6977.99,6947.96,6930.52,7013.73,7013.73,7016.52,7037.8,7037.8,6942,6884,0,17.53,20.76,24.66,22,0,0,0,0,           ,0,1,0,0,0,0,1.12,0.94,0.84,0.84,0.71,0.8,0.77,0,17.53,20.76,24.66,22,0,0,0,0,           ,0,1,0,0,0,0,1.12,0.94,0.84,0.84,0.71,0.8,0.77
2025/08/29-11:10,7012.4,7018.4,6996,6998,1121,7009.68,7002.77,6979.59,6950,6931.91,7005.7,7005.7,7009.43,7037.8,7037.8,6942,6884,0,11.21,19.02,24.01,21.89,0,0,0,0,           ,1,0,0,0,0,0,1.1,0.87,0.79,0.59,0.47,0.51,0.64,0,11.21,19.02,24.01,21.89,0,0,0,0,           ,1,0,0,0,0,0,1.1,0.87,0.79,0.59,0.47,0.51,0.64
2025/08/29-11:15,6997,7012,6979.4,6983.6,2270,7002.23,6999.82,6979.91,6951.37,6932.97,6997.67,6997.67,7002.34,7037.8,7037.8,6942,6884,0,22.7,19.69,23.94,21.9,0,0,0,0,           ,0,1,0,1,0,0,1.09,0.9,0.82,1.15,0.95,1.04,2.02,0,22.7,19.69,23.94,21.9,0,0,0,0,           ,0,1,0,1,0,0,1.09,0.9,0.82,1.15,0.95,1.04,2.02
2025/08/29-11:20,6983.2,6988,6953.2,6987.4,2993,6997.99,6997.91,6980.51,6952.84,6934.1,6989.65,6989.65,6995.25,7037.8,7037.8,6942,6884,0,29.93,21.55,24.23,21.98,0,0,0,0,           ,0,0,1,0,0,0,1.1,0.98,0.89,1.39,1.24,1.36,1.32,0,29.93,21.55,24.23,21.98,0,0,0,0,           ,0,0,1,0,0,0,1.1,0.98,0.89,1.39,1.24,1.36,1.32
2025/08/29-11:25,6987.8,6991,6965.2,6975.2,1534,6991.48,6994.41,6980.09,6953.75,6934.94,6981.63,6981.63,6988.15,7037.8,7037.8,6942,6884,0,15.34,20.42,23.8,21.91,0,0,0,0,           ,1,0,0,0,0,0,1.09,0.93,0.86,0.75,0.64,0.7,0.51,0,15.34,20.42,23.8,21.91,0,0,0,0,           ,1,0,0,0,0,0,1.09,0.93,0.86,0.75,0.64,0.7,0.51
2025/08/29-11:30,6975.2,6977.8,6958,6973.6,1536,6986.37,6991.21,6979.57,6954.56,6935.74,6973.6,6973.6,6981.06,7037.8,7037.8,6973.6,6973.6,0,15.36,19.5,23.39,21.85,0,0,0,0,           ,0,1,0,0,0,0,1.07,0.89,0.83,0.79,0.66,0.7,1,0,15.36,19.5,23.39,21.85,0,0,0,0,           ,0,1,0,0,0,0,1.07,0.89,0.83,0.79,0.66,0.7,1
2025/08/29-13:05,6974.8,6988,6969.8,6985.8,1810,6986.21,6990.38,6980.07,6955.84,6936.77,6984.13,6984.13,6973.97,7037.8,7037.8,6973.6,6973.6,0,18.1,19.25,23.13,21.81,0,0,0,0,           ,0,1,0,0,0,0,1.06,0.88,0.83,0.94,0.78,0.83,1.18,0,18.1,19.25,23.13,21.81,0,0,0,0,           ,0,1,0,0,0,0,1.06,0.88,0.83,0.94,0.78,0.83,1.18
2025/08/29-13:10,6985.6,7008.6,6985,7004.8,1716,6991.52,6992.6,6982.04,6957.84,6938.18,6994.67,6994.67,6966.88,7037.8,7037.8,6973.6,6973.6,0,17.16,18.87,22.84,21.76,0,0,0,0,           ,0,1,0,0,0,0,1.05,0.87,0.83,0.91,0.75,0.79,0.95,0,17.16,18.87,22.84,21.76,0,0,0,0,           ,0,1,0,0,0,0,1.05,0.87,0.83,0.91,0.75,0.79,0.95
2025/08/29-13:15,7004.8,7008,6995,7005.2,1176,6995.43,6994.54,6983.9,6959.77,6939.56,7005.2,7005.2,6959.78,7005.2,7005.2,6973.6,6973.6,0,11.76,17.58,22.3,21.66,0,0,0,0,           ,1,0,0,0,0,0,1.03,0.81,0.79,0.67,0.53,0.54,0.69,0,11.76,17.58,22.3,21.66,0,0,0,0,           ,1,0,0,0,0,0,1.03,0.81,0.79,0.67,0.53,0.54,0.69
2025/08/29-13:20,7005,7014.4,6967.6,6968.4,1863,6987.71,6990.52,6982.66,6960.12,6940.15,6975.4,6975.4,6952.69,7005.2,7005.2,6973.6,6973.6,0,18.63,17.77,22.12,21.63,0,0,0,0,           ,0,1,0,1,0,0,1.02,0.82,0.8,1.05,0.84,0.86,1.58,0,18.63,17.77,22.12,21.63,0,0,0,0,           ,0,1,0,1,0,0,1.02,0.82,0.8,1.05,0.84,0.86,1.58
2025/08/29-13:25,6969.2,6973.8,6943.2,6945.6,2641,6975.68,6983.61,6979.69,6959.53,6940.26,6945.6,6945.6,6945.6,7005.2,7005.2,6945.6,6945.6,0,26.41,19.34,22.33,21.68,0,0,0,0,           ,0,0,1,0,0,0,1.03,0.89,0.87,1.37,1.18,1.22,1.42,0,26.41,19.34,22.33,21.68,0,0,0,0,           ,0,0,1,0,0,0,1.03,0.89,0.87,1.37,1.18,1.22,1.42
2025/08/29-13:30,6947.6,6956.8,6937.6,6955.8,1838,6970,6979.33,6977.78,6959.38,6940.58,6956.6,6952.63,6950.89,7005.2,7005.2,6945.6,6945.6,0,18.38,19.16,22.14,21.65,0,0,0,0,           ,0,1,0,0,0,0,1.02,0.89,0.87,0.96,0.83,0.85,0.7,0,18.38,19.16,22.14,21.65,0,0,0,0,           ,0,1,0,0,0,0,1.02,0.89,0.87,0.96,0.83,0.85,0.7
2025/08/29-13:35,6957,6967.6,6936.8,6967.6,1770,6969.31,6977.52,6976.97,6959.71,6941.14,6967.6,6959.66,6956.17,6967.6,7005.2,6945.6,6945.6,0,17.7,18.9,21.92,21.61,0,0,0,0,           ,0,1,0,0,0,0,1.01,0.87,0.86,0.94,0.81,0.82,0.96,0,17.7,18.9,21.92,21.61,0,0,0,0,           ,0,1,0,0,0,0,1.01,0.87,0.86,0.94,0.81,0.82,0.96
2025/08/29-13:40,6967.6,6968,6945.6,6967.4,1280,6968.77,6975.97,6976.2,6960.03,6941.68,6961.27,6966.69,6961.46,6967.6,7005.2,6945.6,6945.6,0,12.8,17.79,21.48,21.52,0,0,0,0,           ,1,0,0,0,0,0,1,0.83,0.83,0.72,0.6,0.59,0.72,0,12.8,17.79,21.48,21.52,0,0,0,0,           ,1,0,0,0,0,0,1,0.83,0.83,0.72,0.6,0.59,0.72
2025/08/29-13:45,6968,6974,6944.4,6948.8,1439,6963.06,6971.79,6974.01,6959.57,6941.83,6954.93,6973.71,6966.74,6967.6,7005.2,6945.6,6945.6,0,14.39,17.17,21.13,21.45,0,0,0,0,           ,0,1,0,0,0,0,0.99,0.8,0.81,0.84,0.68,0.67,1.12,0,14.39,17.17,21.13,21.45,0,0,0,0,           ,0,1,0,0,0,0,0.99,0.8,0.81,0.84,0.68,0.67,1.12
2025/08/29-13:50,6948.8,6952,6931,6948.6,1897,6958.93,6968.22,6971.98,6959.12,6941.97,6948.6,6980.74,6972.03,6967.6,7005.2,6948.6,6945.6,0,18.97,17.5,21.02,21.43,0,0,0,0,           ,0,1,0,0,0,0,0.98,0.82,0.83,1.08,0.9,0.89,1.32,0,18.97,17.5,21.02,21.43,0,0,0,0,           ,0,1,0,0,0,0,0.98,0.82,0.83,1.08,0.9,0.89,1.32
2025/08/29-13:55,6949.4,6967,6948.6,6960.8,1467,6959.46,6967.08,6971.08,6959.19,6942.36,6971.7,6987.77,6977.31,6967.6,7005.2,6948.6,6945.6,0,14.67,16.98,20.71,21.36,0,0,0,0,           ,0,1,0,0,0,0,0.97,0.8,0.82,0.86,0.71,0.69,0.77,0,14.67,16.98,20.71,21.36,0,0,0,0,           ,0,1,0,0,0,0,0.97,0.8,0.82,0.86,0.71,0.69,0.77
2025/08/29-14:00,6961.6,6996.6,6960.8,6994.8,2107,6969.56,6971.34,6972.98,6960.64,6943.44,6994.8,6994.8,6982.6,6994.8,6994.8,6948.6,6945.6,0,21.07,17.73,20.73,21.36,0,0,0,0,           ,0,1,0,0,0,0,0.97,0.83,0.86,1.19,1.02,0.99,1.44,0,21.07,17.73,20.73,21.36,0,0,0,0,           ,0,1,0,0,0,0,0.97,0.83,0.86,1.19,1.02,0.99,1.44
2025/08/29-14:05,6995.4,7004.2,6980.2,6982.4,1845,6973.23,6973.04,6973.73,6961.53,6944.24,6986.68,6986.68,6987.89,6994.8,6994.8,6948.6,6945.6,0,18.45,17.86,20.62,21.33,0,0,0,0,           ,0,1,0,0,0,0,0.97,0.84,0.87,1.03,0.89,0.87,0.88,0,18.45,17.86,20.62,21.33,0,0,0,0,           ,0,1,0,0,0,0,0.97,0.84,0.87,1.03,0.89,0.87,0.88
2025/08/29-14:10,6982.2,6992.8,6970,6971.2,1313,6972.65,6972.76,6973.53,6961.93,6944.8,6978.56,6978.56,6993.17,6994.8,6994.8,6948.6,6945.6,0,13.13,17,20.26,21.25,0,0,0,0,           ,1,0,0,0,0,0,0.95,0.8,0.84,0.77,0.65,0.62,0.71,0,13.13,17,20.26,21.25,0,0,0,0,           ,1,0,0,0,0,0,0.95,0.8,0.84,0.77,0.65,0.62,0.71
2025/08/29-14:15,6972.8,6981.8,6952.2,6976.4,1681,6973.72,6973.32,6973.76,6962.52,6945.45,6970.44,6970.44,6998.46,6994.8,6994.8,6948.6,6945.6,0,16.81,16.96,20.09,21.2,0,0,0,0,           ,0,1,0,0,0,0,0.95,0.8,0.84,0.99,0.84,0.79,1.28,0,16.81,16.96,20.09,21.2,0,0,0,0,           ,0,1,0,0,0,0,0.95,0.8,0.84,0.99,0.84,0.79,1.28
2025/08/29-14:20,6975.8,6977.8,6962.6,6974.4,913,6973.91,6973.49,6973.81,6963,6946.05,6962.32,6962.32,7003.74,6994.8,6994.8,6948.6,6945.6,0,9.13,15.54,19.55,21.08,0,0,0,0,           ,1,0,0,0,0,0,0.93,0.74,0.79,0.59,0.47,0.43,0.54,0,9.13,15.54,19.55,21.08,0,0,0,0,           ,1,0,0,0,0,0,0.93,0.74,0.79,0.59,0.47,0.43,0.54
2025/08/29-14:25,6975.6,6976.8,6953,6954.2,1065,6968.28,6970.52,6972.24,6962.64,6946.21,6954.2,6954.2,7009.03,6994.8,6994.8,6954.2,6954.2,0,10.65,14.65,19.12,20.98,0,0,0,0,           ,1,0,0,0,0,0,0.91,0.7,0.77,0.73,0.56,0.51,1.17,0,10.65,14.65,19.12,20.98,0,0,0,0,           ,1,0,0,0,0,0,0.91,0.7,0.77,0.73,0.56,0.51,1.17
2025/08/29-14:30,6956.2,6969.4,6953.2,6969.4,823,6968.6,6970.35,6972.02,6962.92,6946.69,6965.58,6965.58,7014.31,6994.8,6994.8,6954.2,6954.2,0,8.23,13.48,18.59,20.85,0,0,0,0,           ,1,0,0,0,0,0,0.89,0.65,0.73,0.61,0.44,0.39,0.77,0,8.23,13.48,18.59,20.85,0,0,0,0,           ,1,0,0,0,0,0,0.89,0.65,0.73,0.61,0.44,0.39,0.77
2025/08/29-14:35,6969.8,6984.4,6956,6968.4,1346,6968.54,6970.05,6971.73,6963.14,6947.14,6976.96,6976.96,7019.6,6994.8,6994.8,6954.2,6954.2,0,13.46,13.48,18.34,20.78,0,0,0,0,           ,0,1,0,1,0,0,0.88,0.65,0.74,1,0.73,0.65,1.64,0,13.46,13.48,18.34,20.78,0,0,0,0,           ,0,1,0,1,0,0,0.88,0.65,0.74,1,0.73,0.65,1.64
2025/08/29-14:40,6966,6981.6,6961.6,6976.4,883,6970.79,6971.02,6972.1,6963.68,6947.74,6988.33,6988.33,7024.89,6994.8,6994.8,6954.2,6954.2,0,8.83,12.63,17.87,20.66,0,0,0,0,           ,1,0,0,0,0,0,0.87,0.61,0.71,0.7,0.49,0.43,0.66,0,8.83,12.63,17.87,20.66,0,0,0,0,           ,1,0,0,0,0,0,0.87,0.61,0.71,0.7,0.49,0.43,0.66
2025/08/29-14:45,6976.4,6994.8,6976.4,6993.4,1488,6977.25,6974.47,6973.8,6964.9,6948.68,6999.71,6999.71,7030.17,6994.8,6994.8,6954.2,6954.2,0,14.88,13.04,17.73,20.6,0,0,0,0,           ,0,1,0,1,0,0,0.86,0.63,0.74,1.14,0.84,0.72,1.69,0,14.88,13.04,17.73,20.6,0,0,0,0,           ,0,1,0,1,0,0,0.86,0.63,0.74,1.14,0.84,0.72,1.69
2025/08/29-14:50,6993.4,7005.2,6989,6993.8,1653,6981.98,6977.44,6975.4,6966.07,6949.61,7011.09,7011.09,7035.46,6994.8,6994.8,6954.2,6954.2,0,16.53,13.68,17.67,20.56,0,0,0,0,           ,0,0,1,0,0,0,0.86,0.67,0.77,1.21,0.94,0.8,1.11,0,16.53,13.68,17.67,20.56,0,0,0,0,           ,0,0,1,0,0,0,0.86,0.67,0.77,1.21,0.94,0.8,1.11
2025/08/29-14:55,6994,7003.6,6986.4,6999.8,1604,6987.07,6980.88,6977.36,6967.45,6950.65,7022.47,7022.47,7040.74,6994.8,6994.8,6954.2,6954.2,0,16.04,14.11,17.59,20.51,0,0,0,0,           ,0,1,0,0,0,0,0.86,0.69,0.8,1.14,0.91,0.78,0.97,0,16.04,14.11,17.59,20.51,0,0,0,0,           ,0,1,0,0,0,0,0.86,0.69,0.8,1.14,0.91,0.78,0.97
2025/08/29-15:00,7000.4,7002.4,6991.4,6996.8,2145,6989.85,6983.33,6978.91,6968.65,6951.6,7033.84,7033.84,7046.03,6994.8,6994.8,6954.2,6954.2,0,21.45,15.44,17.78,20.52,0,0,0,0,           ,0,0,1,0,0,0,0.87,0.75,0.87,1.39,1.21,1.05,1.34,0,21.45,15.44,17.78,20.52,0,0,0,0,           ,0,0,1,0,0,0,0.87,0.75,0.87,1.39,1.21,1.05,1.34
2025/09/01-09:35,7021,7063.8,7021,7054,6748,7008.18,6994.2,6984.92,6972.13,6953.71,7045.22,7045.22,7051.31,6994.8,6994.8,6954.2,6954.2,0,67.48,24.9,20.2,20.99,0,1,0,1,           ,0,0,1,1,1,1,0.96,1.19,1.23,2.71,3.34,3.21,3.15,0,67.48,24.9,20.2,20.99,0,1,0,1,           ,0,0,1,1,1,1,0.96,1.19,1.23,2.71,3.34,3.21,3.15
2025/09/01-09:40,7053,7062.4,7041,7056.6,4300,7022.01,7003.8,6990.65,6975.58,6955.83,7056.6,7056.6,7056.6,7056.6,7056.6,6954.2,6954.2,0,43,28.19,21.31,21.21,0,0,0,1,28.19,0,0,1,0,0,0,1,1.33,1.32,1.53,2.02,2.03,0.64,0,43,28.19,21.31,21.21,0,0,0,1,28.19,0,0,1,0,0,0,1,1.33,1.32,1.53,2.02,2.03,0.64
2025/09/01-09:45,7055.2,7064,7034.2,7034.2,2956,7025.5,7008.48,6994.14,6977.97,6957.45,7043.04,7049.45,7049.45,7056.6,7056.6,6954.2,6954.2,0,29.56,28.44,21.72,21.29,0,0,0,0,28.44,0,1,0,0,0,0,1.02,1.34,1.31,1.04,1.36,1.39,0.69,0,29.56,28.44,21.72,21.29,0,0,0,0,28.44,0,1,0,0,0,0,1.02,1.34,1.31,1.04,1.36,1.39,0.69
2025/09/01-09:50,7034.2,7043.4,7005,7007.6,3470,7020.38,7008.34,6995.21,6979.18,6958.48,7029.48,7042.31,7042.31,7056.6,7056.6,6954.2,6954.2,0,34.7,29.58,22.35,21.43,0,0,0,0,29.58,0,1,0,0,0,0,1.04,1.38,1.32,1.17,1.55,1.62,1.17,0,34.7,29.58,22.35,21.43,0,0,0,0,29.58,0,1,0,0,0,0,1.04,1.38,1.32,1.17,1.55,1.62,1.17
2025/09/01-09:55,7007.2,7011,6983.4,6994.2,4429,7012.9,7006.17,6995.13,6979.8,6959.22,7015.92,7035.16,7035.16,7056.6,7056.6,6954.2,6954.2,0,44.29,32.25,23.42,21.65,0,0,0,1,32.25,0,0,1,0,0,0,1.08,1.49,1.38,1.37,1.89,2.05,1.28,0,44.29,32.25,23.42,21.65,0,0,0,1,32.25,0,0,1,0,0,0,1.08,1.49,1.38,1.37,1.89,2.05,1.28
2025/09/01-10:00,6994.8,7008.8,6987.2,6989.6,2563,7006.24,7003.62,6994.69,6980.2,6959.85,7002.36,7028.02,7028.02,7056.6,7056.6,6954.2,6954.2,0,25.63,31.05,23.53,21.69,0,0,0,0,31.05,0,1,0,0,0,0,1.08,1.43,1.32,0.83,1.09,1.18,0.58,0,25.63,31.05,23.53,21.69,0,0,0,0,31.05,0,1,0,0,0,0,1.08,1.43,1.32,0.83,1.09,1.18,0.58
2025/09/01-10:05,6990,7005,6979.8,6988.8,2851,7001.26,7001.34,6994.22,6980.55,6960.44,6988.8,7020.87,7020.87,7056.6,7056.6,6988.8,6954.2,0,28.51,30.59,23.77,21.76,0,0,0,0,30.59,0,1,0,0,0,0,1.09,1.41,1.29,0.93,1.2,1.31,1.11,0,28.51,30.59,23.77,21.76,0,0,0,0,30.59,0,1,0,0,0,0,1.09,1.41,1.29,0.93,1.2,1.31,1.11
2025/09/01-10:10,6988.2,7017,6982.4,7014.6,2058,7005.07,7003.38,6995.85,6981.94,6961.56,7002.6,7013.73,7013.73,7056.6,7056.6,6988.8,6954.2,0,20.58,28.77,23.62,21.75,0,0,0,0,28.77,1,0,0,0,0,0,1.09,1.32,1.22,0.72,0.87,0.95,0.72,0,20.58,28.77,23.62,21.75,0,0,0,0,28.77,1,0,0,0,0,0,1.09,1.32,1.22,0.72,0.87,0.95,0.72
2025/09/01-10:15,7014.6,7018.2,7007,7016.4,1629,7008.31,7005.38,6997.49,6983.34,6962.69,7016.4,7006.58,7006.58,7016.4,7056.6,6988.8,6954.2,0,16.29,26.5,23.26,21.7,0,0,0,0,           ,1,0,0,0,0,0,1.07,1.22,1.14,0.61,0.7,0.75,0.79,0,16.29,26.5,23.26,21.7,0,0,0,0,           ,1,0,0,0,0,0,1.07,1.22,1.14,0.61,0.7,0.75,0.79
2025/09/01-10:20,7017.2,7024.4,7007.8,7015.6,1254,7010.39,7006.95,6998.94,6984.66,6963.78,7006.8,6999.44,6999.44,7016.4,7056.6,6988.8,6954.2,0,12.54,23.96,22.74,21.6,0,0,0,0,           ,1,0,0,0,0,0,1.05,1.11,1.05,0.52,0.55,0.58,0.77,0,12.54,23.96,22.74,21.6,0,0,0,0,           ,1,0,0,0,0,0,1.05,1.11,1.05,0.52,0.55,0.58,0.77
2025/09/01-10:25,7015.6,7024.6,7010.6,7014.4,1151,7011.54,7008.1,7000.18,6985.87,6964.83,6997.2,6992.29,6992.29,7016.4,7056.6,6988.8,6954.2,0,11.51,21.7,22.19,21.5,0,0,0,0,           ,1,0,0,0,0,0,1.03,1.01,0.98,0.53,0.52,0.54,0.92,0,11.51,21.7,22.19,21.5,0,0,0,0,           ,1,0,0,0,0,0,1.03,1.01,0.98,0.53,0.52,0.54,0.92
2025/09/01-10:30,7015,7021.8,6983.6,6985.8,1619,7004.18,7004.67,6999.03,6985.87,6965.26,6987.6,6985.15,6985.15,7016.4,7056.6,6988.8,6954.2,0,16.19,20.7,21.9,21.45,0,0,0,0,           ,1,0,0,0,0,0,1.02,0.96,0.95,0.78,0.74,0.75,1.41,0,16.19,20.7,21.9,21.45,0,0,0,0,           ,1,0,0,0,0,0,1.02,0.96,0.95,0.78,0.74,0.75,1.41
2025/09/01-10:35,6985.2,6995.8,6975,6978,1957,6996.7,7000.57,6997.35,6985.55,6965.52,6978,6978,6978,7016.4,7056.6,6978,6978,0,19.57,20.49,21.78,21.43,0,0,0,0,           ,0,1,0,0,0,0,1.02,0.96,0.94,0.96,0.9,0.91,1.21,0,19.57,20.49,21.78,21.43,0,0,0,0,           ,0,1,0,0,0,0,1.02,0.96,0.94,0.96,0.9,0.91,1.21
2025/09/01-10:40,6979.2,6998,6976.4,6995.2,1603,6996.27,6999.74,6997.17,6985.94,6966.13,6994.67,6984.56,6984.56,7016.4,7056.6,6978,6978,0,16.03,19.68,21.5,21.38,0,0,0,0,           ,0,1,0,0,0,0,1.01,0.92,0.92,0.81,0.75,0.75,0.82,0,16.03,19.68,21.5,21.38,0,0,0,0,           ,0,1,0,0,0,0,1.01,0.92,0.92,0.81,0.75,0.75,0.82
2025/09/01-10:45,6995,7009.8,6995,7008,1143,6999.62,7001.01,6998.04,6986.84,6967,7011.33,6991.11,6991.11,7016.4,7056.6,6978,6978,0,11.43,18.18,21.01,21.28,0,0,0,0,           ,1,0,0,0,0,0,0.99,0.85,0.87,0.63,0.54,0.54,0.71,0,11.43,18.18,21.01,21.28,0,0,0,0,           ,1,0,0,0,0,0,0.99,0.85,0.87,0.63,0.54,0.54,0.71
2025/09/01-10:50,7007.6,7028.4,7007.6,7028,1474,7007.73,7005.16,7000.44,6988.52,6968.25,7028,6997.67,6997.67,7028,7056.6,6978,6978,0,14.74,17.55,20.7,21.21,0,0,0,0,           ,0,1,0,0,0,0,0.98,0.83,0.85,0.84,0.71,0.69,1.29,0,14.74,17.55,20.7,21.21,0,0,0,0,           ,0,1,0,0,0,0,0.98,0.83,0.85,0.84,0.71,0.69,1.29
2025/09/01-10:55,7027.6,7029.6,7008.8,7015.4,1118,7009.92,7006.74,7001.63,6989.62,6969.23,7018.4,7004.22,7004.22,7028,7056.6,6978,6978,0,11.18,16.4,20.24,21.11,0,0,0,0,           ,1,0,0,0,0,0,0.96,0.78,0.81,0.68,0.55,0.53,0.76,0,11.18,16.4,20.24,21.11,0,0,0,0,           ,1,0,0,0,0,0,0.96,0.78,0.81,0.68,0.55,0.53,0.76
2025/09/01-11:00,7015.8,7021.4,7003.4,7008.8,854,7009.6,7007.06,7002.21,6990.4,6970.04,7008.8,7010.78,7010.78,7028,7056.6,7008.8,6978,0,8.54,14.97,19.67,20.99,0,0,0,0,           ,1,0,0,0,0,0,0.94,0.71,0.76,0.57,0.43,0.41,0.76,0,8.54,14.97,19.67,20.99,0,0,0,0,           ,1,0,0,0,0,0,0.94,0.71,0.76,0.57,0.43,0.41,0.76
2025/09/01-11:05,7009,7027,7005.4,7026.4,1098,7014.4,7010.03,7004.14,6991.87,6971.2,7015.85,7017.33,7017.33,7028,7056.6,7008.8,6978,0,10.98,14.24,19.24,20.89,0,0,0,0,           ,1,0,0,0,0,0,0.92,0.68,0.74,0.77,0.57,0.53,1.29,0,10.98,14.24,19.24,20.89,0,0,0,0,           ,1,0,0,0,0,0,0.92,0.68,0.74,0.77,0.57,0.53,1.29
2025/09/01-11:10,7026.4,7028.2,7013.8,7022.6,1157,7016.74,7011.96,7005.62,6993.13,6972.26,7022.9,7023.89,7023.89,7028,7056.6,7008.8,6978,0,11.57,13.76,18.87,20.8,0,0,0,0,           ,0,1,0,0,0,0,0.91,0.66,0.73,0.84,0.61,0.56,1.05,0,11.57,13.76,18.87,20.8,0,0,0,0,           ,0,1,0,0,0,0,0.91,0.66,0.73,0.84,0.61,0.56,1.05
2025/09/01-11:15,7023.6,7038,7020.4,7034.2,1416,7021.73,7015.39,7007.91,6994.8,6973.54,7029.95,7030.44,7030.44,7028,7056.6,7008.8,6978,0,14.16,13.83,18.64,20.73,0,0,0,0,           ,0,1,0,0,0,0,0.9,0.67,0.74,1.02,0.76,0.68,1.22,0,14.16,13.83,18.64,20.73,0,0,0,0,           ,0,1,0,0,0,0,0.9,0.67,0.74,1.02,0.76,0.68,1.22
2025/09/01-11:20,7034.8,7040,7023,7037,1136,7026.09,7018.71,7010.23,6996.53,6974.85,7037,7037,7037,7037,7037,7008.8,6978,0,11.36,13.38,18.29,20.64,0,0,0,0,           ,0,1,0,0,0,0,0.89,0.65,0.73,0.85,0.62,0.55,0.8,0,11.36,13.38,18.29,20.64,0,0,0,0,           ,0,1,0,0,0,0,0.89,0.65,0.73,0.85,0.62,0.55,0.8
2025/09/01-11:25,7036.4,7045.6,7025.4,7026.4,1178,7026.18,7019.89,7011.53,6997.75,6975.91,7014.1,7014.1,7014.1,7037,7037,7008.8,6978,0,11.78,13.09,17.97,20.55,0,0,0,0,           ,0,1,0,0,0,0,0.87,0.64,0.73,0.9,0.66,0.57,1.04,0,11.78,13.09,17.97,20.55,0,0,0,0,           ,0,1,0,0,0,0,0.87,0.64,0.73,0.9,0.66,0.57,1.04
2025/09/01-11:30,7025.4,7026,6990,6991.2,2517,7016.19,7015.48,7009.9,6997.48,6976.23,6991.2,6991.2,6991.2,7037,7037,6991.2,6991.2,0,25.17,15.29,18.32,20.6,0,0,0,0,           ,0,0,1,1,0,0,0.89,0.74,0.83,1.65,1.37,1.22,2.14,0,25.17,15.29,18.32,20.6,0,0,0,0,           ,0,0,1,1,0,0,0.89,0.74,0.83,1.65,1.37,1.22,2.14
2025/09/01-13:05,6991.2,7017,6990.4,7017,1520,7016.42,7015.71,7010.47,6998.27,6977.07,7017,6993.47,6993.47,7017,7037,6991.2,6991.2,0,15.2,15.27,18.17,20.54,0,0,0,0,           ,0,1,0,0,0,0,0.88,0.74,0.84,1,0.84,0.74,0.6,0,15.2,15.27,18.17,20.54,0,0,0,0,           ,0,1,0,0,0,0,0.88,0.74,0.84,1,0.84,0.74,0.6
2025/09/01-13:10,7017,7022.8,6997.8,7002.6,1293,7012.47,7013.7,7009.84,6998.45,6977.59,7002.6,6995.74,6995.74,7017,7037,7002.6,6991.2,0,12.93,14.84,17.91,20.47,0,0,0,0,           ,0,1,0,0,0,0,0.88,0.73,0.83,0.87,0.72,0.63,0.85,0,12.93,14.84,17.91,20.47,0,0,0,0,           ,0,1,0,0,0,0,0.88,0.73,0.83,0.87,0.72,0.63,0.85
2025/09/01-13:15,7002.8,7015.2,6991.6,7008,1054,7011.19,7012.82,7009.69,6998.84,6978.22,7005.97,6998.01,6998.01,7017,7037,7002.6,6991.2,0,10.54,14.06,17.55,20.37,0,0,0,0,           ,1,0,0,0,0,0,0.86,0.69,0.8,0.75,0.6,0.52,0.82,0,10.54,14.06,17.55,20.37,0,0,0,0,           ,1,0,0,0,0,0,0.86,0.69,0.8,0.75,0.6,0.52,0.82
2025/09/01-13:20,7006.6,7013.2,7003,7010.2,629,7010.91,7012.42,7009.73,6999.31,6978.88,7009.33,7000.28,7000.28,7017,7037,7002.6,6991.2,0,6.29,12.65,17,20.23,1,0,0,0,           ,1,0,0,0,0,0,0.84,0.63,0.74,0.5,0.37,0.31,0.6,0,6.29,12.65,17,20.23,1,0,0,0,           ,1,0,0,0,0,0,0.84,0.63,0.74,0.5,0.37,0.31,0.6
2025/09/01-13:25,7012,7013.8,7003,7005.6,709,7009.39,7011.37,7009.4,6999.56,6979.43,7012.7,7002.55,7002.55,7017,7037,7002.6,6991.2,0,7.09,11.64,16.52,20.1,0,0,0,0,           ,1,0,0,0,0,0,0.82,0.58,0.7,0.61,0.43,0.35,1.13,0,7.09,11.64,16.52,20.1,0,0,0,0,           ,1,0,0,0,0,0,0.82,0.58,0.7,0.61,0.43,0.35,1.13
2025/09/01-13:30,7005.2,7022.8,7004.8,7022.6,826,7013.17,7013.1,7010.46,7000.5,6980.32,7016.07,7004.82,7004.82,7017,7037,7002.6,6991.2,0,8.26,11.02,16.12,19.98,0,0,0,0,           ,1,0,0,0,0,0,0.81,0.55,0.68,0.75,0.51,0.41,1.17,0,8.26,11.02,16.12,19.98,0,0,0,0,           ,1,0,0,0,0,0,0.81,0.55,0.68,0.75,0.51,0.41,1.17
2025/09/01-13:35,7022.6,7026.4,7008.8,7020.8,1295,7015.35,7014.28,7011.29,7001.33,6981.16,7019.43,7007.09,7007.09,7017,7037,7002.6,6991.2,0,12.95,11.37,15.96,19.91,0,0,0,0,           ,0,1,0,1,0,0,0.8,0.57,0.71,1.14,0.81,0.65,1.57,0,12.95,11.37,15.96,19.91,0,0,0,0,           ,0,1,0,1,0,0,0.8,0.57,0.71,1.14,0.81,0.65,1.57
2025/09/01-13:40,7020.8,7023.6,7013,7022.8,718,7017.48,7015.59,7012.21,7002.21,6982.01,7022.8,7009.36,7009.36,7022.8,7037,7002.6,6991.2,0,7.18,10.61,15.53,19.78,0,0,0,0,           ,1,0,0,0,0,0,0.79,0.54,0.68,0.68,0.46,0.36,0.55,0,7.18,10.61,15.53,19.78,0,0,0,0,           ,1,0,0,0,0,0,0.79,0.54,0.68,0.68,0.46,0.36,0.55
2025/09/01-13:45,7023.4,7025.8,7003.4,7009,1401,7015.05,7014.58,7011.95,7002.48,6982.57,7015.3,7011.63,7011.63,7022.8,7037,7002.6,6991.2,0,14.01,11.23,15.46,19.73,0,0,0,0,           ,0,0,1,1,0,0,0.78,0.57,0.73,1.25,0.91,0.71,1.95,0,14.01,11.23,15.46,19.73,0,0,0,0,           ,0,0,1,1,0,0,0.78,0.57,0.73,1.25,0.91,0.71,1.95
2025/09/01-13:50,7009.8,7011.2,6992,7007.8,1483,7012.98,7013.53,7011.62,7002.7,6983.09,7007.8,7013.9,7013.9,7022.8,7037,7007.8,6991.2,0,14.83,11.88,15.43,19.68,0,0,0,0,           ,0,0,1,0,0,0,0.78,0.6,0.77,1.25,0.96,0.75,1.06,0,14.83,11.88,15.43,19.68,0,0,0,0,           ,0,0,1,0,0,0,0.78,0.6,0.77,1.25,0.96,0.75,1.06
2025/09/01-13:55,7008,7018.6,7003,7012.2,790,7012.76,7013.33,7011.66,7003.09,6983.69,7010.68,7016.17,7016.17,7022.8,7037,7007.8,6991.2,0,7.9,11.16,15.06,19.56,0,0,0,0,           ,1,0,0,0,0,0,0.77,0.57,0.74,0.71,0.52,0.4,0.53,0,7.9,11.16,15.06,19.56,0,0,0,0,           ,1,0,0,0,0,0,0.77,0.57,0.74,0.71,0.52,0.4,0.53
2025/09/01-14:00,7011.6,7029.4,7010.8,7029.4,995,7017.51,7015.8,7013.08,7004.16,6984.63,7013.56,7018.44,7018.44,7022.8,7037,7007.8,6991.2,0,9.95,10.94,14.81,19.46,0,0,0,0,           ,0,1,0,0,0,0,0.76,0.56,0.74,0.91,0.67,0.51,1.26,0,9.95,10.94,14.81,19.46,0,0,0,0,           ,0,1,0,0,0,0,0.76,0.56,0.74,0.91,0.67,0.51,1.26
2025/09/01-14:05,7030,7033,7017.2,7019,1190,7017.94,7016.29,7013.56,7004.77,6985.34,7016.44,7020.71,7020.71,7022.8,7037,7007.8,6991.2,0,11.9,11.11,14.67,19.39,0,0,0,0,           ,0,1,0,0,0,0,0.76,0.57,0.76,1.07,0.81,0.61,1.2,0,11.9,11.11,14.67,19.39,0,0,0,0,           ,0,1,0,0,0,0,0.76,0.57,0.76,1.07,0.81,0.61,1.2
2025/09/01-14:10,7019,7029.6,7014.2,7024,674,7019.67,7017.48,7014.39,7005.55,6986.14,7019.32,7022.98,7022.98,7022.8,7037,7007.8,6991.2,0,6.74,10.32,14.28,19.26,0,0,0,0,           ,1,0,0,0,0,0,0.74,0.54,0.72,0.65,0.47,0.35,0.57,0,6.74,10.32,14.28,19.26,0,0,0,0,           ,1,0,0,0,0,0,0.74,0.54,0.72,0.65,0.47,0.35,0.57
2025/09/01-14:15,7024.8,7028.8,7015.8,7023.6,726,7020.79,7018.42,7015.13,7006.29,6986.91,7022.2,7025.25,7025.25,7022.8,7037,7007.8,6991.2,0,7.26,9.76,13.94,19.14,0,0,0,0,           ,1,0,0,0,0,0,0.73,0.51,0.7,0.74,0.52,0.38,1.08,0,7.26,9.76,13.94,19.14,0,0,0,0,           ,1,0,0,0,0,0,0.73,0.51,0.7,0.74,0.52,0.38,1.08
2025/09/01-14:20,7024,7025,7013.6,7018.6,627,7020.17,7018.45,7015.41,7006.79,6987.56,7025.08,7027.52,7027.52,7022.8,7037,7007.8,6991.2,0,6.27,9.13,13.57,19.02,1,0,0,0,           ,1,0,0,0,0,0,0.71,0.48,0.67,0.69,0.46,0.33,0.86,0,6.27,9.13,13.57,19.02,1,0,0,0,           ,1,0,0,0,0,0,0.71,0.48,0.67,0.69,0.46,0.33,0.86
2025/09/01-14:25,7017.8,7035,7013.4,7030.8,1058,7023.2,7020.35,7016.64,7007.77,6988.46,7027.96,7029.79,7029.79,7022.8,7037,7007.8,6991.2,0,10.58,9.39,13.42,18.93,0,0,0,0,           ,0,1,0,1,0,0,0.71,0.5,0.7,1.13,0.79,0.56,1.69,0,10.58,9.39,13.42,18.93,0,0,0,0,           ,0,1,0,1,0,0,0.71,0.5,0.7,1.13,0.79,0.56,1.69
2025/09/01-14:30,7030.6,7031,7019.2,7027.4,837,7024.4,7021.43,7017.5,7008.57,6989.26,7030.84,7032.06,7032.06,7022.8,7037,7007.8,6991.2,0,8.37,9.21,13.17,18.83,0,0,0,0,           ,0,1,0,0,0,0,0.7,0.49,0.7,0.91,0.64,0.44,0.79,0,8.37,9.21,13.17,18.83,0,0,0,0,           ,0,1,0,0,0,0,0.7,0.49,0.7,0.91,0.64,0.44,0.79
2025/09/01-14:35,7028,7032,7021.4,7026.4,751,7024.97,7022.2,7018.21,7009.3,6990.02,7033.72,7034.33,7034.33,7022.8,7037,7007.8,6991.2,0,7.51,8.9,12.9,18.71,0,0,0,0,           ,0,1,0,0,0,0,0.69,0.48,0.69,0.84,0.58,0.4,0.9,0,7.51,8.9,12.9,18.71,0,0,0,0,           ,0,1,0,0,0,0,0.69,0.48,0.69,0.84,0.58,0.4,0.9
2025/09/01-14:40,7026.2,7037,7018.4,7036.6,992,7028.3,7024.41,7019.68,7010.42,6990.99,7036.6,7036.6,7036.6,7036.6,7036.6,7007.8,6991.2,0,9.92,9.08,12.75,18.63,0,0,0,0,           ,0,1,0,0,0,0,0.68,0.49,0.71,1.09,0.78,0.53,1.32,0,9.92,9.08,12.75,18.63,0,0,0,0,           ,0,1,0,0,0,0,0.68,0.49,0.71,1.09,0.78,0.53,1.32
2025/09/01-14:45,7036.6,7039,7018.2,7020,1199,7025.93,7023.73,7019.71,7010.81,6991.58,7027.95,7028.23,7030.48,7036.6,7036.6,7007.8,6991.2,0,11.99,9.61,12.72,18.56,0,0,0,0,           ,0,0,1,0,0,0,0.69,0.52,0.76,1.25,0.94,0.65,1.21,0,11.99,9.61,12.72,18.56,0,0,0,0,           ,0,0,1,0,0,0,0.69,0.52,0.76,1.25,0.94,0.65,1.21
2025/09/01-14:50,7020.4,7021.2,7011.2,7020.4,1137,7024.35,7023.22,7019.76,7011.2,6992.18,7019.29,7019.86,7024.36,7036.6,7036.6,7007.8,6991.2,0,11.37,9.93,12.65,18.49,0,0,0,0,           ,0,1,0,0,0,0,0.68,0.54,0.79,1.14,0.9,0.61,0.95,0,11.37,9.93,12.65,18.49,0,0,0,0,           ,0,1,0,0,0,0,0.68,0.54,0.79,1.14,0.9,0.61,0.95
2025/09/01-14:55,7021,7023.8,7014.6,7020.4,1520,7023.22,7022.79,7019.81,7011.57,6992.76,7010.64,7011.49,7018.24,7036.6,7036.6,7007.8,6991.2,0,15.2,10.89,12.77,18.46,0,0,0,0,           ,0,0,1,0,0,0,0.69,0.59,0.85,1.4,1.19,0.82,1.34,0,15.2,10.89,12.77,18.46,0,0,0,0,           ,0,0,1,0,0,0,0.69,0.59,0.85,1.4,1.19,0.82,1.34
2025/09/01-15:00,7019.8,7023,7013.4,7014.8,1827,7020.81,7021.56,7019.41,7011.71,6993.21,7001.98,7003.12,7012.13,7036.6,7036.6,7007.8,6991.2,0,18.27,12.23,13.04,18.45,0,0,0,0,           ,0,0,1,0,0,0,0.71,0.66,0.94,1.49,1.4,0.99,1.2,0,18.27,12.23,13.04,18.45,0,0,0,0,           ,0,0,1,0,0,0,0.71,0.66,0.94,1.49,1.4,0.99,1.2
2025/09/02-09:35,7026,7031.8,7014.8,7021.6,4816,7021.04,7021.56,7019.59,7012.11,6993.8,6993.33,6994.75,7006.01,7036.6,7036.6,7007.8,6991.2,0,48.16,18.76,14.76,18.75,0,0,0,1,           ,0,0,1,1,0,0,0.79,1,1.27,2.57,3.26,2.57,2.64,0,48.16,18.76,14.76,18.75,0,0,0,1,           ,0,0,1,1,0,0,0.79,1,1.27,2.57,3.26,2.57,2.64
2025/09/02-09:40,7021,7021,6996,7006.8,3589,7016.97,7019.29,7018.56,7011.89,6994.07,6984.67,6986.38,6999.89,7036.6,7036.6,7007.8,6991.2,0,35.89,21.88,15.79,18.92,0,0,0,0,           ,0,0,1,0,0,0,0.83,1.16,1.39,1.64,2.27,1.9,0.75,0,35.89,21.88,15.79,18.92,0,0,0,0,           ,0,0,1,0,0,0,0.83,1.16,1.39,1.64,2.27,1.9,0.75
2025/09/02-09:45,7006.2,7014.2,6998.2,7012,2667,7015.55,7018.17,7018.04,7011.9,6994.44,6976.02,6978.02,6993.77,7036.6,7036.6,7007.8,6991.2,0,26.67,22.75,16.32,19,0,0,0,0,           ,0,1,0,0,0,0,0.86,1.2,1.39,1.17,1.63,1.4,0.74,0,26.67,22.75,16.32,19,0,0,0,0,           ,0,1,0,0,0,0,0.86,1.2,1.39,1.17,1.63,1.4,0.74
2025/09/02-09:50,7012.2,7031.6,7005,7008.6,2702,7013.56,7016.7,7017.28,7011.76,6994.73,6967.36,6969.65,6987.65,7036.6,7036.6,7007.8,6991.2,0,27.02,23.53,16.84,19.08,0,0,0,0,           ,0,1,0,0,0,0,0.88,1.23,1.4,1.15,1.6,1.42,1.01,0,27.02,23.53,16.84,19.08,0,0,0,0,           ,0,1,0,0,0,0,0.88,1.23,1.4,1.15,1.6,1.42,1.01
2025/09/02-09:55,7008.8,7008.8,6967.6,6978.4,4683,7003.52,7010.81,7014.17,7010.4,6994.39,6958.71,6961.28,6981.53,7036.6,7036.6,7007.8,6991.2,0,46.83,27.76,18.3,19.35,0,0,0,1,27.76,0,0,1,1,0,0,0.95,1.43,1.52,1.69,2.56,2.42,1.73,0,46.83,27.76,18.3,19.35,0,0,0,1,27.76,0,0,1,1,0,0,0.95,1.43,1.52,1.69,2.56,2.42,1.73
2025/09/02-10:00,6978.2,6982.4,6961,6961.2,2800,6991.43,7003.17,7009.94,7008.39,6993.71,6950.05,6952.91,6975.41,7036.6,7036.6,7007.8,6991.2,0,28,27.81,18.78,19.44,0,0,0,0,27.81,0,1,0,0,0,0,0.97,1.43,1.48,1.01,1.49,1.44,0.6,0,28,27.81,18.78,19.44,0,0,0,0,27.81,0,1,0,0,0,0,0.97,1.43,1.48,1.01,1.49,1.44,0.6
2025/09/02-10:05,6961,6965.8,6941,6941.4,3754,6977.13,6993.67,7004.45,7005.66,6992.63,6941.4,6944.54,6969.29,7036.6,7036.6,6941.4,6991.2,0,37.54,29.58,19.69,19.62,0,0,0,0,29.58,0,0,1,0,0,0,1,1.51,1.5,1.27,1.91,1.91,1.34,0,37.54,29.58,19.69,19.62,0,0,0,0,29.58,0,0,1,0,0,0,1,1.51,1.5,1.27,1.91,1.91,1.34
2025/09/02-10:10,6941.4,6965,6941.2,6959.8,2549,6972.18,6988.46,7000.88,7003.79,6991.95,6959.8,6936.17,6963.17,6959.8,7036.6,6941.4,6991.2,0,25.49,28.83,19.97,19.68,0,0,0,0,28.83,0,1,0,0,0,0,1.02,1.47,1.44,0.88,1.28,1.3,0.68,0,25.49,28.83,19.97,19.68,0,0,0,0,28.83,0,1,0,0,0,0,1.02,1.47,1.44,0.88,1.28,1.3,0.68
2025/09/02-10:15,6961,6961,6926.4,6927.8,2728,6959.5,6979.13,6995.03,7000.69,6990.63,6927.8,6927.8,6957.06,6959.8,7036.6,6927.8,6927.8,0,27.28,28.55,20.33,19.75,0,0,0,0,28.55,0,1,0,0,0,0,1.03,1.45,1.4,0.96,1.34,1.38,1.07,0,27.28,28.55,20.33,19.75,0,0,0,0,28.55,0,1,0,0,0,0,1.03,1.45,1.4,0.96,1.34,1.38,1.07
2025/09/02-10:20,6927.4,6948.2,6918,6941.8,3481,6954.44,6973.38,6990.77,6998.28,6989.62,6947.9,6947.9,6950.94,6959.8,7036.6,6927.8,6927.8,0,34.81,29.69,21.04,19.9,0,0,0,0,29.69,0,1,0,0,0,0,1.06,1.49,1.41,1.17,1.65,1.75,1.28,0,34.81,29.69,21.04,19.9,0,0,0,0,29.69,0,1,0,0,0,0,1.06,1.49,1.41,1.17,1.65,1.75,1.28
2025/09/02-10:25,6941.6,6971.2,6941.2,6968,2745,6958.32,6972.56,6988.95,6997.05,6989.18,6968,6968,6944.82,6968,6968,6927.8,6927.8,0,27.45,29.28,21.35,19.98,0,0,0,0,29.28,0,1,0,0,0,0,1.07,1.47,1.37,0.94,1.29,1.37,0.79,0,27.45,29.28,21.35,19.98,0,0,0,0,29.28,0,1,0,0,0,0,1.07,1.47,1.37,0.94,1.29,1.37,0.79
2025/09/02-10:30,6968.4,6977.4,6955.6,6965.2,1659,6960.28,6971.42,6987.05,6995.75,6988.68,6958.8,6958.8,6938.7,6968,6968,6927.8,6927.8,0,16.59,26.97,21.12,19.94,0,0,0,0,26.97,1,0,0,0,0,0,1.06,1.35,1.28,0.62,0.79,0.83,0.6,0,16.59,26.97,21.12,19.94,0,0,0,0,26.97,1,0,0,0,0,0,1.06,1.35,1.28,0.62,0.79,0.83,0.6
2025/09/02-10:35,6966,6967.4,6930,6935.2,2836,6953.12,6965.85,6982.9,6993.27,6987.58,6949.6,6949.6,6932.58,6968,6968,6927.8,6927.8,0,28.36,27.23,21.47,20.03,0,0,0,0,27.23,0,1,0,1,0,0,1.07,1.36,1.27,1.04,1.32,1.42,1.71,0,28.36,27.23,21.47,20.03,0,0,0,0,27.23,0,1,0,1,0,0,1.07,1.36,1.27,1.04,1.32,1.42,1.71
2025/09/02-10:40,6935.2,6936,6913.6,6913.6,2479,6941.83,6957.81,6977.36,6990.02,6986.06,6940.4,6940.4,6926.46,6968,6968,6927.8,6927.8,0,24.79,26.78,21.63,20.08,0,0,0,0,26.78,0,1,0,0,0,0,1.08,1.33,1.24,0.93,1.15,1.23,0.87,0,24.79,26.78,21.63,20.08,0,0,0,0,26.78,0,1,0,0,0,0,1.08,1.33,1.24,0.93,1.15,1.23,0.87
2025/09/02-10:45,6913,6920.4,6898.2,6901.8,2404,6930.39,6949.2,6971.31,6986.42,6984.32,6931.2,6931.2,6920.34,6968,6968,6927.8,6927.8,0,24.04,26.28,21.75,20.12,0,0,0,0,26.28,0,1,0,0,0,0,1.08,1.31,1.21,0.91,1.11,1.2,0.97,0,24.04,26.28,21.75,20.12,0,0,0,0,26.28,0,1,0,0,0,0,1.08,1.31,1.21,0.91,1.11,1.2,0.97
2025/09/02-10:50,6901.8,6921.4,6895.4,6903.4,1914,6922.68,6942.15,6965.88,6983.03,6982.65,6922,6922,6914.23,6968,6968,6927.8,6927.8,0,19.14,24.99,21.62,20.11,0,0,0,0,           ,1,0,0,0,0,0,1.08,1.24,1.16,0.77,0.89,0.95,0.8,0,19.14,24.99,21.62,20.11,0,0,0,0,           ,1,0,0,0,0,0,1.08,1.24,1.16,0.77,0.89,0.95,0.8
2025/09/02-10:55,6903,6923.8,6898.4,6905.2,1572,6917.69,6936.47,6961.03,6979.86,6981.05,6912.8,6912.8,6908.11,6968,6968,6927.8,6927.8,0,15.72,23.3,21.33,20.06,0,0,0,0,           ,1,0,0,0,0,0,1.06,1.16,1.09,0.67,0.74,0.78,0.82,0,15.72,23.3,21.33,20.06,0,0,0,0,           ,1,0,0,0,0,0,1.06,1.16,1.09,0.67,0.74,0.78,0.82
2025/09/02-11:00,6905.2,6909.2,6878.6,6895.8,2646,6911.43,6930.21,6955.81,6976.43,6979.29,6903.6,6903.6,6901.99,6968,6968,6927.8,6927.8,0,26.46,23.88,21.58,20.13,0,0,0,0,           ,0,1,0,1,0,0,1.07,1.19,1.11,1.11,1.23,1.31,1.68,0,26.46,23.88,21.58,20.13,0,0,0,0,           ,0,1,0,1,0,0,1.07,1.19,1.11,1.11,1.23,1.31,1.68
2025/09/02-11:05,6895.8,6902.4,6868.2,6898,3377,6907.59,6925.25,6951.18,6973.22,6977.62,6894.4,6894.4,6895.87,6968,6968,6927.8,6927.8,0,33.77,25.67,22.18,20.26,0,0,0,0,           ,0,0,1,0,0,0,1.09,1.27,1.16,1.32,1.52,1.67,1.28,0,33.77,25.67,22.18,20.26,0,0,0,0,           ,0,0,1,0,0,0,1.09,1.27,1.16,1.32,1.52,1.67,1.28
2025/09/02-11:10,6898.6,6910,6880.2,6884.4,2134,6900.97,6918.97,6945.84,6969.6,6975.7,6885.2,6885.2,6889.75,6968,6968,6927.8,6927.8,0,21.34,24.89,22.14,20.27,0,0,0,0,           ,0,1,0,0,0,0,1.09,1.23,1.12,0.86,0.96,1.05,0.63,0,21.34,24.89,22.14,20.27,0,0,0,0,           ,0,1,0,0,0,0,1.09,1.23,1.12,0.86,0.96,1.05,0.63
2025/09/02-11:15,6884.6,6902.4,6875,6876,1750,6893.83,6912.36,6940.25,6965.78,6973.64,6876,6876,6883.63,6968,6968,6876,6876,0,17.5,23.54,21.91,20.24,0,0,0,0,           ,1,0,0,0,0,0,1.08,1.16,1.07,0.74,0.8,0.86,0.82,0,17.5,23.54,21.91,20.24,0,0,0,0,           ,1,0,0,0,0,0,1.08,1.16,1.07,0.74,0.8,0.86,0.82
2025/09/02-11:20,6875.2,6882.4,6865.4,6882.4,1857,6890.57,6907.75,6935.63,6962.38,6971.76,6894.7,6894.7,6877.51,6968,6968,6876,6876,0,18.57,22.64,21.75,20.23,0,0,0,0,           ,0,1,0,0,0,0,1.08,1.12,1.04,0.82,0.85,0.92,1.06,0,18.57,22.64,21.75,20.23,0,0,0,0,           ,0,1,0,0,0,0,1.08,1.12,1.04,0.82,0.85,0.92,1.06
2025/09/02-11:25,6882.8,6927,6882.8,6913.4,2455,6897.09,6908.62,6933.85,6960.38,6970.56,6913.4,6913.4,6871.39,6913.4,6913.4,6876,6876,0,24.55,22.99,21.89,20.27,0,0,0,0,           ,0,1,0,0,0,0,1.08,1.13,1.05,1.07,1.12,1.21,1.32,0,24.55,22.99,21.89,20.27,0,0,0,0,           ,0,1,0,0,0,0,1.08,1.13,1.05,1.07,1.12,1.21,1.32
2025/09/02-11:30,6914.6,6925,6878.4,6881,2054,6892.49,6904.37,6929.62,6957.14,6968.71,6898.88,6898.88,6865.27,6913.4,6913.4,6876,6876,0,20.54,22.54,21.82,20.27,0,0,0,0,           ,0,1,0,0,0,0,1.08,1.11,1.03,0.91,0.94,1.01,0.84,0,20.54,22.54,21.82,20.27,0,0,0,0,           ,0,1,0,0,0,0,1.08,1.11,1.03,0.91,0.94,1.01,0.84
2025/09/02-13:05,6879.8,6897.2,6860,6894.6,2715,6893.1,6902.87,6926.82,6954.58,6967.18,6884.36,6884.36,6859.16,6913.4,6913.4,6876,6876,0,27.15,23.38,22.08,20.34,0,0,0,0,           ,0,1,0,0,0,0,1.09,1.15,1.06,1.16,1.23,1.33,1.32,0,27.15,23.38,22.08,20.34,0,0,0,0,           ,0,1,0,0,0,0,1.09,1.15,1.06,1.16,1.23,1.33,1.32
2025/09/02-13:10,6894,6908.2,6874,6878.6,1781,6888.95,6899.13,6922.96,6951.48,6965.36,6869.84,6869.84,6853.04,6913.4,6913.4,6876,6876,0,17.81,22.37,21.87,20.32,0,0,0,0,           ,0,1,0,0,0,0,1.08,1.1,1.02,0.8,0.81,0.88,0.66,0,17.81,22.37,21.87,20.32,0,0,0,0,           ,0,1,0,0,0,0,1.08,1.1,1.02,0.8,0.81,0.88,0.66
2025/09/02-13:15,6879.8,6879.8,6847,6850,1974,6877.82,6891.57,6917.12,6947.34,6962.98,6855.32,6855.32,6846.92,6913.4,6913.4,6876,6876,0,19.74,21.89,21.77,20.31,0,0,0,0,           ,0,1,0,0,0,0,1.07,1.08,1.01,0.9,0.91,0.97,1.11,0,19.74,21.89,21.77,20.31,0,0,0,0,           ,0,1,0,0,0,0,1.07,1.08,1.01,0.9,0.91,0.97,1.11
2025/09/02-13:20,6850.8,6856.4,6837.2,6840.8,2350,6867.25,6883.76,6911.02,6942.99,6960.46,6840.8,6840.8,6840.8,6913.4,6913.4,6840.8,6840.8,0,23.5,22.18,21.85,20.34,0,0,0,0,           ,0,1,0,0,0,0,1.07,1.09,1.02,1.06,1.08,1.16,1.19,0,23.5,22.18,21.85,20.34,0,0,0,0,           ,0,1,0,0,0,0,1.07,1.09,1.02,1.06,1.08,1.16,1.19
2025/09/02-13:25,6840.8,6850.4,6836.4,6842,1657,6860.03,6877.34,6905.5,6938.87,6958.02,6855.9,6855.9,6855.9,6913.4,6913.4,6840.8,6840.8,0,16.57,21.16,21.59,20.3,0,0,0,0,           ,1,0,0,0,0,0,1.06,1.04,0.98,0.78,0.77,0.82,0.71,0,16.57,21.16,21.59,20.3,0,0,0,0,           ,1,0,0,0,0,0,1.06,1.04,0.98,0.78,0.77,0.82,0.71
2025/09/02-13:30,6841.6,6858,6830,6856.2,1510,6858.94,6874.09,6901.55,6935.5,6955.92,6871,6871,6871,6913.4,6913.4,6840.8,6840.8,0,15.1,20.06,21.28,20.25,0,0,0,0,           ,1,0,0,0,0,0,1.05,0.99,0.94,0.75,0.71,0.75,0.91,0,15.1,20.06,21.28,20.25,0,0,0,0,           ,1,0,0,0,0,0,1.05,0.99,0.94,0.75,0.71,0.75,0.91
2025/09/02-13:35,6856.4,6893.8,6852.2,6892.2,2125,6868.44,6876.87,6900.8,6933.73,6954.6,6886.1,6886.1,6886.1,6913.4,6913.4,6840.8,6840.8,0,21.25,20.28,21.28,20.26,0,0,0,0,           ,0,1,0,0,0,0,1.05,1,0.95,1.05,1,1.05,1.41,0,21.25,20.28,21.28,20.26,0,0,0,0,           ,0,1,0,0,0,0,1.05,1,0.95,1.05,1,1.05,1.41
2025/09/02-13:40,6893.4,6915.6,6893.2,6906.6,2596,6879.34,6881.45,6901.27,6932.62,6953.61,6901.2,6901.2,6901.2,6913.4,6913.4,6840.8,6840.8,0,25.96,21.31,21.5,20.32,0,0,0,0,           ,0,0,1,0,0,0,1.06,1.05,0.99,1.22,1.21,1.28,1.22,0,25.96,21.31,21.5,20.32,0,0,0,0,           ,0,0,1,0,0,0,1.06,1.05,0.99,1.22,1.21,1.28,1.22
2025/09/02-13:45,6905.6,6938.6,6905.6,6922,2809,6891.53,6887.69,6902.93,6932.19,6952.96,6916.3,6916.3,6916.3,6913.4,6913.4,6840.8,6840.8,0,28.09,22.54,21.83,20.4,0,0,0,0,           ,0,0,1,0,0,0,1.07,1.11,1.03,1.25,1.29,1.38,1.08,0,28.09,22.54,21.83,20.4,0,0,0,0,           ,0,0,1,0,0,0,1.07,1.11,1.03,1.25,1.29,1.38,1.08
2025/09/02-13:50,6922,6946.8,6922,6931.4,2130,6902.92,6894.41,6905.2,6932.16,6952.52,6931.4,6931.4,6931.4,6931.4,6931.4,6840.8,6840.8,0,21.3,22.32,21.8,20.41,0,0,0,0,           ,0,1,0,0,0,0,1.07,1.09,1.02,0.95,0.98,1.04,0.76,0,21.3,22.32,21.8,20.41,0,0,0,0,           ,0,1,0,0,0,0,1.07,1.09,1.02,0.95,0.98,1.04,0.76
2025/09/02-13:55,6930.6,6933.4,6902,6902.6,1759,6902.83,6895.67,6905,6930.95,6951.49,6921.92,6921.92,6921.92,6931.4,6931.4,6840.8,6840.8,0,17.59,21.46,21.59,20.38,0,0,0,0,           ,0,1,0,0,0,0,1.06,1.05,0.99,0.82,0.81,0.86,0.83,0,17.59,21.46,21.59,20.38,0,0,0,0,           ,0,1,0,0,0,0,1.06,1.05,0.99,0.82,0.81,0.86,0.83
2025/09/02-14:00,6901.6,6918.2,6883.6,6885,1428,6897.74,6894.03,6903.4,6929.07,6950.12,6912.45,6912.45,6912.45,6931.4,6931.4,6840.8,6840.8,0,14.28,20.15,21.24,20.32,0,0,0,0,           ,1,0,0,0,0,0,1.05,0.99,0.95,0.71,0.67,0.7,0.81,0,14.28,20.15,21.24,20.32,0,0,0,0,           ,1,0,0,0,0,0,1.05,0.99,0.95,0.71,0.67,0.7,0.81
2025/09/02-14:05,6884.6,6913.2,6881,6884.2,1631,6893.87,6892.52,6901.86,6927.24,6948.76,6902.98,6902.98,6902.98,6931.4,6931.4,6840.8,6840.8,0,16.31,19.45,21,20.28,0,0,0,0,           ,0,1,0,0,0,0,1.04,0.96,0.93,0.84,0.78,0.8,1.14,0,16.31,19.45,21,20.28,0,0,0,0,           ,0,1,0,0,0,0,1.04,0.96,0.93,0.84,0.78,0.8,1.14
2025/09/02-14:10,6886.2,6886.2,6861.4,6869.2,1516,6886.82,6888.93,6899.25,6924.87,6947.12,6893.5,6893.5,6893.5,6931.4,6931.4,6840.8,6840.8,0,15.16,18.67,20.71,20.23,0,0,0,0,           ,0,1,0,0,0,0,1.02,0.92,0.9,0.81,0.73,0.75,0.93,0,15.16,18.67,20.71,20.23,0,0,0,0,           ,0,1,0,0,0,0,1.02,0.92,0.9,0.81,0.73,0.75,0.93
2025/09/02-14:15,6869.8,6879,6866,6873.2,779,6882.93,6886.51,6897.16,6922.76,6945.59,6884.02,6884.02,6884.02,6931.4,6931.4,6840.8,6840.8,0,7.79,16.69,20.08,20.1,0,0,0,0,           ,1,0,0,0,0,0,1,0.83,0.83,0.47,0.39,0.39,0.51,0,7.79,16.69,20.08,20.1,0,0,0,0,           ,1,0,0,0,0,0,1,0.83,0.83,0.47,0.39,0.39,0.51
2025/09/02-14:20,6872.4,6873.2,6852,6856.6,1171,6875.41,6881.91,6893.92,6920.06,6943.76,6874.55,6874.55,6874.55,6931.4,6931.4,6840.8,6840.8,0,11.71,15.79,19.67,20.02,0,0,0,0,           ,1,0,0,1,0,0,0.98,0.79,0.8,0.74,0.6,0.58,1.5,0,11.71,15.79,19.67,20.02,0,0,0,0,           ,1,0,0,1,0,0,0.98,0.79,0.8,0.74,0.6,0.58,1.5
2025/09/02-14:25,6857,6876.8,6856,6859.6,884,6870.89,6878.48,6891.17,6917.6,6942.02,6865.08,6865.08,6865.08,6931.4,6931.4,6840.8,6840.8,0,8.84,14.52,19.15,19.91,0,0,0,0,           ,1,0,0,0,0,0,0.96,0.73,0.76,0.61,0.46,0.44,0.75,0,8.84,14.52,19.15,19.91,0,0,0,0,           ,1,0,0,0,0,0,0.96,0.73,0.76,0.61,0.46,0.44,0.75
2025/09/02-14:30,6859.6,6865.6,6849.6,6855.6,775,6866.52,6874.96,6888.33,6915.06,6940.24,6855.6,6855.6,6855.6,6931.4,6931.4,6855.6,6855.6,0,7.75,13.29,18.59,19.79,0,0,0,0,           ,1,0,0,0,0,0,0.94,0.67,0.72,0.58,0.42,0.39,0.88,0,7.75,13.29,18.59,19.79,0,0,0,0,           ,1,0,0,0,0,0,0.94,0.67,0.72,0.58,0.42,0.39,0.88
2025/09/02-14:35,6856.6,6886,6849.6,6864,1339,6865.8,6873.27,6886.38,6912.98,6938.67,6864.91,6862.96,6862.96,6931.4,6931.4,6855.6,6855.6,0,13.39,13.31,18.34,19.72,0,0,0,0,           ,0,1,0,1,0,0,0.93,0.67,0.73,1.01,0.73,0.68,1.73,0,13.39,13.31,18.34,19.72,0,0,0,0,           ,0,1,0,1,0,0,0.93,0.67,0.73,1.01,0.73,0.68,1.73
2025/09/02-14:40,6862,6874.8,6855.4,6864.8,899,6865.52,6871.97,6884.65,6911.01,6937.15,6874.23,6870.31,6870.31,6931.4,6931.4,6855.6,6855.6,0,8.99,12.53,17.88,19.62,0,0,0,0,           ,1,0,0,0,0,0,0.91,0.64,0.7,0.72,0.5,0.46,0.67,0,8.99,12.53,17.88,19.62,0,0,0,0,           ,1,0,0,0,0,0,0.91,0.64,0.7,0.72,0.5,0.46,0.67
2025/09/02-14:45,6863.2,6866.8,6851.8,6864.8,1030,6865.31,6870.87,6883.07,6909.13,6935.65,6883.54,6877.67,6877.67,6931.4,6931.4,6855.6,6855.6,0,10.3,12.12,17.51,19.52,0,0,0,0,           ,0,1,0,0,0,0,0.9,0.62,0.69,0.85,0.59,0.53,1.15,0,10.3,12.12,17.51,19.52,0,0,0,0,           ,0,1,0,0,0,0,0.9,0.62,0.69,0.85,0.59,0.53,1.15
2025/09/02-14:50,6864.8,6881.2,6861.6,6880,1237,6869.51,6872.27,6882.82,6907.94,6934.51,6892.86,6885.02,6885.02,6931.4,6931.4,6855.6,6855.6,0,12.37,12.17,17.26,19.45,0,0,0,0,           ,0,1,0,0,0,0,0.89,0.63,0.7,1.02,0.72,0.64,1.2,0,12.37,12.17,17.26,19.45,0,0,0,0,           ,0,1,0,0,0,0,0.89,0.63,0.7,1.02,0.72,0.64,1.2
2025/09/02-14:55,6880,6902.2,6880,6894,1865,6876.51,6875.61,6883.72,6907.37,6933.67,6902.17,6892.38,6892.38,6931.4,6931.4,6855.6,6855.6,0,18.65,13.34,17.33,19.44,0,0,0,0,           ,0,0,1,1,0,0,0.89,0.69,0.77,1.4,1.08,0.96,1.51,0,18.65,13.34,17.33,19.44,0,0,0,0,           ,0,0,1,1,0,0,0.89,0.69,0.77,1.4,1.08,0.96,1.51
2025/09/02-15:00,6895.4,6906,6893.6,6896.2,2259,6882.13,6878.78,6884.71,6906.91,6932.9,6911.49,6899.73,6899.73,6931.4,6931.4,6855.6,6855.6,0,22.59,15.03,17.58,19.48,0,0,0,0,           ,0,0,1,0,0,0,0.9,0.77,0.85,1.5,1.28,1.16,1.21,0,22.59,15.03,17.58,19.48,0,0,0,0,           ,0,0,1,0,0,0,0.9,0.77,0.85,1.5,1.28,1.16,1.21
2025/09/03-09:35,6928,6945,6906.2,6920.8,5894,6893.18,6885.24,6887.6,6907.48,6932.65,6920.8,6907.09,6907.09,6920.8,6931.4,6855.6,6855.6,0,58.94,23.01,19.6,19.87,0,0,0,1,           ,0,0,1,1,1,1,0.99,1.16,1.17,2.56,3.01,2.97,2.61,0,58.94,23.01,19.6,19.87,0,0,0,1,           ,0,0,1,1,1,1,0.99,1.16,1.17,2.56,3.01,2.97,2.61
2025/09/03-09:40,6921.8,6923.6,6886,6898.8,3760,6894.79,6887.33,6888.5,6907.13,6931.95,6898.8,6914.44,6914.44,6920.8,6931.4,6898.8,6855.6,0,37.6,25.66,20.48,20.05,0,0,0,0,           ,0,0,1,0,0,0,1.02,1.28,1.25,1.47,1.84,1.88,0.64,0,37.6,25.66,20.48,20.05,0,0,0,0,           ,0,0,1,0,0,0,1.02,1.28,1.25,1.47,1.84,1.88,0.64
2025/09/03-09:45,6898.8,6931.8,6898.6,6921.8,2861,6902.5,6892.63,6891.16,6907.73,6931.74,6921.8,6921.8,6921.8,6921.8,6921.8,6898.8,6855.6,0,28.61,26.2,20.88,20.13,0,0,0,0,26.2,0,1,0,0,0,0,1.04,1.3,1.25,1.09,1.37,1.42,0.76,0,28.61,26.2,20.88,20.13,0,0,0,0,26.2,0,1,0,0,0,0,1.04,1.3,1.25,1.09,1.37,1.42,0.76
2025/09/03-09:50,6920.2,6930,6907,6914.4,2505,6905.9,6895.98,6893.02,6908,6931.39,6908.83,6910.74,6910.74,6921.8,6921.8,6898.8,6855.6,0,25.05,25.99,21.08,20.18,0,0,0,0,           ,0,1,0,0,0,0,1.04,1.29,1.23,0.96,1.19,1.24,0.88,0,25.05,25.99,21.08,20.18,0,0,0,0,           ,0,1,0,0,0,0,1.04,1.29,1.23,0.96,1.19,1.24,0.88
2025/09/03-09:55,6913.2,6917.6,6886,6893,2066,6902.22,6895.52,6893.02,6907.39,6930.59,6895.87,6899.68,6899.68,6921.8,6921.8,6898.8,6855.6,0,20.66,25.02,21.06,20.18,0,0,0,0,           ,0,1,0,0,0,0,1.04,1.24,1.19,0.83,0.98,1.02,0.82,0,20.66,25.02,21.06,20.18,0,0,0,0,           ,0,1,0,0,0,0,1.04,1.24,1.19,0.83,0.98,1.02,0.82
2025/09/03-10:00,6892.2,6898,6877,6888.6,1843,6898.33,6894.46,6892.67,6906.62,6929.73,6882.9,6888.62,6888.62,6921.8,6921.8,6898.8,6855.6,0,18.43,23.82,20.93,20.17,0,0,0,0,           ,1,0,0,0,0,0,1.04,1.18,1.14,0.77,0.88,0.91,0.89,0,18.43,23.82,20.93,20.17,0,0,0,0,           ,1,0,0,0,0,0,1.04,1.18,1.14,0.77,0.88,0.91,0.89
2025/09/03-10:05,6888.2,6894.4,6867.2,6872.4,1986,6890.92,6891.06,6891.04,6905.22,6928.55,6869.93,6877.56,6877.56,6921.8,6921.8,6898.8,6855.6,0,19.86,23.1,20.88,20.16,0,0,0,0,           ,0,1,0,0,0,0,1.04,1.15,1.11,0.86,0.95,0.98,1.08,0,19.86,23.1,20.88,20.16,0,0,0,0,           ,0,1,0,0,0,0,1.04,1.15,1.11,0.86,0.95,0.98,1.08
2025/09/03-10:10,6872.4,6875.8,6860.8,6865.8,1376,6883.74,6887.18,6889.02,6903.61,6927.25,6856.97,6866.5,6866.5,6921.8,6921.8,6898.8,6855.6,0,13.76,21.4,20.53,20.1,0,0,0,0,           ,1,0,0,0,0,0,1.02,1.06,1.04,0.64,0.67,0.68,0.69,0,13.76,21.4,20.53,20.1,0,0,0,0,           ,1,0,0,0,0,0,1.02,1.06,1.04,0.64,0.67,0.68,0.69
2025/09/03-10:15,6864.4,6868.2,6841,6844,2265,6872.39,6880.54,6885.42,6901.18,6925.54,6844,6855.44,6855.44,6921.8,6921.8,6844,6855.6,0,22.65,21.63,20.63,20.13,0,0,0,0,           ,0,1,0,1,0,0,1.03,1.07,1.05,1.05,1.1,1.13,1.65,0,22.65,21.63,20.63,20.13,0,0,0,0,           ,0,1,0,1,0,0,1.03,1.07,1.05,1.05,1.1,1.13,1.65
2025/09/03-10:20,6844,6857.6,6842.2,6855.4,2086,6867.53,6876.67,6883.02,6899.31,6924.09,6850.9,6844.38,6844.38,6921.8,6921.8,6844,6855.6,0,20.86,21.49,20.65,20.13,0,0,0,0,           ,0,1,0,0,0,0,1.03,1.07,1.04,0.97,1.01,1.04,0.92,0,20.86,21.49,20.65,20.13,0,0,0,0,           ,0,1,0,0,0,0,1.03,1.07,1.04,0.97,1.01,1.04,0.92
2025/09/03-10:25,6854.2,6873.8,6854.2,6857.8,1729,6864.75,6873.77,6881,6897.62,6922.72,6857.8,6833.32,6833.32,6857.8,6921.8,6844,6855.6,0,17.29,20.73,20.48,20.1,0,0,0,0,           ,0,1,0,0,0,0,1.02,1.03,1.01,0.83,0.84,0.86,0.83,0,17.29,20.73,20.48,20.1,0,0,0,0,           ,0,1,0,0,0,0,1.02,1.03,1.01,0.83,0.84,0.86,0.83
2025/09/03-10:30,6859.2,6861.8,6832.4,6841.8,2239,6858.19,6868.85,6877.87,6895.34,6921.05,6834.5,6822.26,6822.26,6857.8,6921.8,6844,6855.6,0,22.39,21.03,20.58,20.13,0,0,0,0,           ,0,1,0,0,0,0,1.02,1.04,1.02,1.06,1.09,1.11,1.29,0,22.39,21.03,20.58,20.13,0,0,0,0,           ,0,1,0,0,0,0,1.02,1.04,1.02,1.06,1.09,1.11,1.29
2025/09/03-10:35,6841.6,6853.6,6805,6811.2,3588,6844.77,6859.98,6872.53,6891.9,6918.79,6811.2,6811.2,6811.2,6857.8,6921.8,6811.2,6811.2,0,35.88,23.73,21.32,20.28,0,0,0,0,           ,0,0,1,1,0,0,1.05,1.17,1.11,1.51,1.68,1.77,1.6,0,35.88,23.73,21.32,20.28,0,0,0,0,           ,0,0,1,1,0,0,1.05,1.17,1.11,1.51,1.68,1.77,1.6
2025/09/03-10:40,6808.8,6858,6808.8,6851,2946,6846.55,6858.6,6870.81,6890.24,6917.39,6845.47,6845.47,6845.47,6857.8,6921.8,6811.2,6811.2,0,29.46,24.77,21.72,20.38,0,0,0,0,           ,0,1,0,0,0,0,1.07,1.22,1.14,1.19,1.36,1.45,0.82,0,29.46,24.77,21.72,20.38,0,0,0,0,           ,0,1,0,0,0,0,1.07,1.22,1.14,1.19,1.36,1.45,0.82
2025/09/03-10:45,6850,6904.6,6846.4,6894,3535,6860.11,6864.04,6872.67,6890.39,6916.91,6879.73,6879.73,6879.73,6857.8,6921.8,6811.2,6811.2,0,35.35,26.69,22.38,20.52,0,0,0,0,26.69,0,0,1,0,0,0,1.09,1.3,1.19,1.32,1.58,1.72,1.2,0,35.35,26.69,22.38,20.52,0,0,0,0,26.69,0,0,1,0,0,0,1.09,1.3,1.19,1.32,1.58,1.72,1.2
2025/09/03-10:50,6893.6,6916.2,6893.6,6914,2945,6875.5,6871.73,6875.97,6891.35,6916.85,6914,6914,6914,6914,6914,6811.2,6811.2,0,29.45,27.2,22.73,20.61,0,0,0,0,27.2,0,1,0,0,0,0,1.1,1.32,1.2,1.08,1.3,1.43,0.83,0,29.45,27.2,22.73,20.61,0,0,0,0,27.2,0,1,0,0,0,0,1.1,1.32,1.2,1.08,1.3,1.43,0.83
2025/09/03-10:55,6913.6,6921.8,6904.6,6909,2681,6885.07,6877.46,6878.61,6892.07,6916.69,6903.22,6906.71,6906.71,6914,6914,6811.2,6811.2,0,26.81,27.13,22.93,20.67,0,0,0,0,27.13,0,1,0,0,0,0,1.11,1.31,1.18,0.99,1.17,1.3,0.91,0,26.81,27.13,22.93,20.67,0,0,0,0,27.13,0,1,0,0,0,0,1.11,1.31,1.18,0.99,1.17,1.3,0.91
2025/09/03-11:00,6909,6910.8,6891.8,6895.4,1585,6888.02,6880.22,6879.96,6892.21,6916.25,6892.44,6899.42,6899.42,6914,6914,6811.2,6811.2,0,15.85,25.08,22.58,20.63,0,0,0,0,           ,1,0,0,0,0,0,1.09,1.22,1.11,0.63,0.7,0.77,0.59,0,15.85,25.08,22.58,20.63,0,0,0,0,           ,1,0,0,0,0,0,1.09,1.22,1.11,0.63,0.7,0.77,0.59
2025/09/03-11:05,6895,6903,6874.4,6883.6,1599,6886.76,6880.74,6880.25,6891.86,6915.58,6881.66,6892.13,6892.13,6914,6914,6811.2,6811.2,0,15.99,23.42,22.26,20.58,0,0,0,0,           ,1,0,0,0,0,0,1.08,1.14,1.05,0.68,0.72,0.78,1.01,0,15.99,23.42,22.26,20.58,0,0,0,0,           ,1,0,0,0,0,0,1.08,1.14,1.05,0.68,0.72,0.78,1.01
2025/09/03-11:10,6883.4,6891,6863,6863,1977,6879.97,6878.01,6878.87,6890.68,6914.49,6870.88,6884.84,6884.84,6914,6914,6811.2,6811.2,0,19.77,22.76,22.14,20.57,0,0,0,0,           ,0,1,0,0,0,0,1.08,1.11,1.03,0.87,0.89,0.96,1.24,0,19.77,22.76,22.14,20.57,0,0,0,0,           ,0,1,0,0,0,0,1.08,1.11,1.03,0.87,0.89,0.96,1.24
2025/09/03-11:15,6862.8,6867.2,6845,6847,2197,6870.55,6873.24,6876.32,6888.9,6913.1,6860.1,6877.56,6877.56,6914,6914,6811.2,6811.2,0,21.97,22.62,22.13,20.59,0,0,0,0,           ,0,1,0,0,0,0,1.08,1.1,1.02,0.97,0.99,1.07,1.11,0,21.97,22.62,22.13,20.59,0,0,0,0,           ,0,1,0,0,0,0,1.08,1.1,1.02,0.97,0.99,1.07,1.11
2025/09/03-11:20,6847.4,6857.8,6838.6,6843.6,1885,6862.85,6868.68,6873.7,6887.05,6911.67,6849.32,6870.27,6870.27,6914,6914,6811.2,6811.2,0,18.85,21.93,21.97,20.57,0,0,0,0,           ,0,1,0,0,0,0,1.07,1.07,1,0.86,0.86,0.92,0.86,0,18.85,21.93,21.97,20.57,0,0,0,0,           ,0,1,0,0,0,0,1.07,1.07,1,0.86,0.86,0.92,0.86
2025/09/03-11:25,6843.4,6843.4,6823.2,6826.6,1736,6852.49,6862.21,6869.93,6884.58,6909.91,6838.54,6862.98,6862.98,6914,6914,6811.2,6811.2,0,17.36,21.1,21.75,20.54,0,0,0,0,           ,0,1,0,0,0,0,1.06,1.03,0.97,0.82,0.8,0.85,0.92,0,17.36,21.1,21.75,20.54,0,0,0,0,           ,0,1,0,0,0,0,1.06,1.03,0.97,0.82,0.8,0.85,0.92
2025/09/03-11:30,6826.6,6833,6795,6807,2509,6839.5,6853.71,6864.9,6881.41,6907.79,6827.76,6855.69,6855.69,6914,6914,6811.2,6811.2,0,25.09,21.83,21.91,20.58,0,0,0,0,           ,0,1,0,0,0,0,1.06,1.06,1,1.15,1.15,1.22,1.45,0,25.09,21.83,21.91,20.58,0,0,0,0,           ,0,1,0,0,0,0,1.06,1.06,1,1.15,1.15,1.22,1.45
2025/09/03-13:05,6807,6829.6,6799,6807.2,2343,6830.27,6846.56,6860.28,6878.39,6905.72,6816.98,6848.4,6848.4,6914,6914,6811.2,6811.2,0,23.43,22.12,21.98,20.61,0,0,0,0,           ,0,1,0,0,0,0,1.07,1.07,1.01,1.06,1.07,1.14,0.93,0,23.43,22.12,21.98,20.61,0,0,0,0,           ,0,1,0,0,0,0,1.07,1.07,1.01,1.06,1.07,1.14,0.93
2025/09/03-13:10,6807.2,6820.4,6788.2,6806.2,2239,6823.39,6840.35,6855.96,6875.44,6903.66,6806.2,6841.11,6841.11,6914,6914,6806.2,6811.2,0,22.39,22.17,22,20.63,0,0,0,0,           ,0,1,0,0,0,0,1.07,1.07,1.01,1.01,1.02,1.09,0.96,0,22.39,22.17,22,20.63,0,0,0,0,           ,0,1,0,0,0,0,1.07,1.07,1.01,1.01,1.02,1.09,0.96
2025/09/03-13:15,6805,6822.8,6799.8,6822,1245,6822.99,6837.53,6853.24,6873.26,6901.98,6822,6833.82,6833.82,6822,6914,6806.2,6811.2,0,12.45,20.4,21.54,20.55,0,0,0,0,           ,1,0,0,0,0,0,1.05,0.99,0.95,0.61,0.58,0.61,0.56,0,12.45,20.4,21.54,20.55,0,0,0,0,           ,1,0,0,0,0,0,1.05,0.99,0.95,0.61,0.58,0.61,0.56
2025/09/03-13:20,6821.4,6827.4,6798.2,6805.6,1430,6818.02,6832.61,6849.43,6870.5,6899.99,6805.6,6826.53,6826.53,6822,6914,6805.6,6811.2,0,14.3,19.29,21.18,20.48,0,0,0,0,           ,1,0,0,0,0,0,1.03,0.94,0.91,0.74,0.68,0.7,1.15,0,14.3,19.29,21.18,20.48,0,0,0,0,           ,1,0,0,0,0,0,1.03,0.94,0.91,0.74,0.68,0.7,1.15
2025/09/03-13:25,6805.2,6825,6803.6,6823,868,6819.45,6831.14,6847.31,6868.56,6898.41,6823,6819.24,6819.24,6823,6914,6805.6,6811.2,0,8.68,17.36,20.57,20.37,0,0,0,0,           ,1,0,0,0,0,0,1.01,0.85,0.84,0.5,0.42,0.43,0.61,0,8.68,17.36,20.57,20.37,0,0,0,0,           ,1,0,0,0,0,0,1.01,0.85,0.84,0.5,0.42,0.43,0.61
2025/09/03-13:30,6822.4,6822.4,6798.8,6818,995,6819.03,6829.11,6844.97,6866.49,6896.75,6814.96,6811.96,6811.96,6823,6914,6805.6,6811.2,0,9.95,16.01,20.06,20.26,0,0,0,0,           ,1,0,0,0,0,0,0.99,0.79,0.8,0.62,0.5,0.49,1.15,0,9.95,16.01,20.06,20.26,0,0,0,0,           ,1,0,0,0,0,0,0.99,0.79,0.8,0.62,0.5,0.49,1.15
2025/09/03-13:35,6818,6820.2,6794.8,6797.2,1039,6812.79,6824.2,6841.15,6863.67,6894.7,6806.92,6804.67,6804.67,6823,6914,6805.6,6811.2,0,10.39,14.99,19.58,20.17,0,0,0,0,           ,1,0,0,0,0,0,0.97,0.74,0.77,0.69,0.53,0.52,1.04,0,10.39,14.99,19.58,20.17,0,0,0,0,           ,1,0,0,0,0,0,0.97,0.74,0.77,0.69,0.53,0.52,1.04
2025/09/03-13:40,6797.2,6809,6793.2,6797,1214,6808.28,6820.02,6837.62,6860.94,6892.68,6798.88,6797.38,6797.38,6823,6914,6805.6,6811.2,0,12.14,14.47,19.22,20.09,0,0,0,0,           ,0,1,0,0,0,0,0.96,0.72,0.75,0.84,0.63,0.6,1.17,0,12.14,14.47,19.22,20.09,0,0,0,0,           ,0,1,0,0,0,0,0.96,0.72,0.75,0.84,0.63,0.6,1.17
2025/09/03-13:45,6797.2,6826.4,6795.8,6802.6,1885,6806.66,6817.34,6834.81,6858.56,6890.82,6790.84,6790.09,6790.09,6823,6914,6805.6,6811.2,0,18.85,15.27,19.2,20.07,0,0,0,0,           ,0,0,1,1,0,0,0.96,0.76,0.8,1.23,0.98,0.94,1.55,0,18.85,15.27,19.2,20.07,0,0,0,0,           ,0,0,1,1,0,0,0.96,0.76,0.8,1.23,0.98,0.94,1.55
2025/09/03-13:50,6801,6801,6776.2,6782.8,2394,6799.84,6812.03,6830.65,6855.47,6888.6,6782.8,6782.8,6782.8,6823,6914,6782.8,6782.8,0,23.94,16.85,19.43,20.11,0,0,0,0,           ,0,0,1,0,0,0,0.97,0.84,0.87,1.42,1.23,1.19,1.27,0,23.94,16.85,19.43,20.11,0,0,0,0,           ,0,0,1,0,0,0,0.97,0.84,0.87,1.42,1.23,1.19,1.27
2025/09/03-13:55,6784.6,6809.2,6782.8,6807.8,1472,6802.12,6811.38,6828.83,6853.53,6886.93,6797.16,6797.16,6797.16,6823,6914,6782.8,6782.8,0,14.72,16.46,19.2,20.06,0,0,0,0,           ,0,1,0,0,0,0,0.96,0.82,0.86,0.89,0.77,0.73,0.61,0,14.72,16.46,19.2,20.06,0,0,0,0,           ,0,1,0,0,0,0,0.96,0.82,0.86,0.89,0.77,0.73,0.61
2025/09/03-14:00,6807,6812,6786,6805,1077,6802.94,6810.39,6826.92,6851.54,6885.24,6811.52,6811.52,6811.52,6823,6914,6782.8,6782.8,0,10.77,15.42,18.79,19.97,0,0,0,0,           ,1,0,0,0,0,0,0.94,0.77,0.82,0.7,0.57,0.54,0.73,0,10.77,15.42,18.79,19.97,0,0,0,0,           ,1,0,0,0,0,0,0.94,0.77,0.82,0.7,0.57,0.54,0.73
2025/09/03-14:05,6805.6,6825,6793.2,6820.2,1528,6807.87,6811.9,6826.38,6850.27,6883.9,6825.88,6825.88,6825.88,6823,6914,6782.8,6782.8,0,15.28,15.4,18.62,19.92,0,0,0,0,           ,0,1,0,0,0,0,0.93,0.77,0.83,0.99,0.82,0.77,1.42,0,15.28,15.4,18.62,19.92,0,0,0,0,           ,0,1,0,0,0,0,0.93,0.77,0.83,0.99,0.82,0.77,1.42
2025/09/03-14:10,6820.2,6842.2,6817,6837.6,2046,6816.37,6815.86,6827.28,6849.75,6882.95,6840.24,6840.24,6840.24,6823,6914,6782.8,6782.8,0,20.46,16.32,18.71,19.92,0,0,0,0,           ,0,0,1,0,0,0,0.94,0.82,0.87,1.25,1.09,1.03,1.34,0,20.46,16.32,18.71,19.92,0,0,0,0,           ,0,0,1,0,0,0,0.94,0.82,0.87,1.25,1.09,1.03,1.34
2025/09/03-14:15,6838,6856.8,6826.4,6854.6,2612,6827.29,6821.82,6829.46,6849.95,6882.36,6854.6,6854.6,6854.6,6854.6,6854.6,6782.8,6782.8,0,26.12,18.1,19.07,19.99,0,0,0,0,           ,0,0,1,0,0,0,0.95,0.91,0.95,1.44,1.37,1.31,1.28,0,26.12,18.1,19.07,19.99,0,0,0,0,           ,0,0,1,0,0,0,0.95,0.91,0.95,1.44,1.37,1.31,1.28
2025/09/03-14:20,6853.8,6856.8,6817,6825.2,2040,6826.69,6822.34,6829.12,6848.94,6881.18,6841.6,6841.6,6841.6,6854.6,6854.6,6782.8,6782.8,0,20.4,18.52,19.14,19.99,0,0,0,0,           ,0,1,0,0,0,0,0.96,0.93,0.97,1.1,1.07,1.02,0.78,0,20.4,18.52,19.14,19.99,0,0,0,0,           ,0,1,0,0,0,0,0.96,0.93,0.97,1.1,1.07,1.02,0.78
2025/09/03-14:25,6824.2,6844.2,6818.8,6824.2,1168,6825.98,6822.62,6828.73,6847.93,6880.01,6828.6,6828.6,6828.6,6854.6,6854.6,6782.8,6782.8,0,11.68,17.28,18.77,19.91,0,0,0,0,           ,1,0,0,0,0,0,0.94,0.87,0.92,0.68,0.62,0.59,0.57,0,11.68,17.28,18.77,19.91,0,0,0,0,           ,1,0,0,0,0,0,0.94,0.87,0.92,0.68,0.62,0.59,0.57
2025/09/03-14:30,6824.4,6833.8,6818.2,6831,922,6827.41,6823.91,6828.91,6847.24,6879,6815.6,6815.6,6815.6,6854.6,6854.6,6782.8,6782.8,0,9.22,15.81,18.31,19.8,0,0,0,0,           ,1,0,0,0,0,0,0.92,0.8,0.86,0.58,0.5,0.47,0.79,0,9.22,15.81,18.31,19.8,0,0,0,0,           ,1,0,0,0,0,0,0.92,0.8,0.86,0.58,0.5,0.47,0.79
2025/09/03-14:35,6832.6,6846,6821,6835.4,1603,6829.7,6825.68,6829.43,6846.75,6878.1,6802.6,6802.6,6802.6,6854.6,6854.6,6782.8,6782.8,0,16.03,15.85,18.2,19.76,0,0,0,0,           ,0,1,0,1,0,0,0.92,0.8,0.87,1.01,0.88,0.81,1.74,0,16.03,15.85,18.2,19.76,0,0,0,0,           ,0,1,0,1,0,0,0.92,0.8,0.87,1.01,0.88,0.81,1.74
2025/09/03-14:40,6835.8,6837.4,6805,6805.4,1071,6822.75,6822.56,6827.51,6845.06,6876.6,6789.6,6789.6,6789.6,6854.6,6854.6,6782.8,6782.8,0,10.71,14.92,17.83,19.67,0,0,0,0,           ,1,0,0,0,0,0,0.91,0.76,0.84,0.72,0.6,0.54,0.67,0,10.71,14.92,17.83,19.67,0,0,0,0,           ,1,0,0,0,0,0,0.91,0.76,0.84,0.72,0.6,0.54,0.67
2025/09/03-14:45,6805.4,6810,6787.6,6797.4,2105,6815.51,6818.69,6825.1,6843.12,6874.97,6776.6,6776.6,6776.6,6854.6,6854.6,6782.8,6782.8,0,21.05,16.03,17.99,19.69,0,0,0,0,           ,0,0,1,1,0,0,0.91,0.81,0.89,1.31,1.17,1.07,1.97,0,21.05,16.03,17.99,19.69,0,0,0,0,           ,0,0,1,1,0,0,0.91,0.81,0.89,1.31,1.17,1.07,1.97
2025/09/03-14:50,6799.6,6799.6,6760,6763.6,2397,6800.68,6810.21,6820.18,6839.87,6872.67,6763.6,6763.6,6763.6,6854.6,6854.6,6763.6,6763.6,0,23.97,17.47,18.28,19.73,0,0,0,0,           ,0,0,1,0,0,0,0.93,0.89,0.96,1.37,1.31,1.21,1.14,0,23.97,17.47,18.28,19.73,0,0,0,0,           ,0,0,1,0,0,0,0.93,0.89,0.96,1.37,1.31,1.21,1.14
2025/09/03-14:55,6763.6,6792,6762.8,6789.4,2683,6797.46,6807.01,6817.72,6837.81,6870.95,6783.15,6783.15,6783.15,6854.6,6854.6,6763.6,6763.6,0,26.83,19.18,18.7,19.8,0,0,0,0,           ,0,0,1,0,0,0,0.94,0.97,1.03,1.4,1.43,1.36,1.12,0,26.83,19.18,18.7,19.8,0,0,0,0,           ,0,0,1,0,0,0,0.94,0.97,1.03,1.4,1.43,1.36,1.12
2025/09/03-15:00,6790.6,6801,6784.8,6788.8,2528,6794.98,6804.21,6815.4,6835.81,6869.26,6802.7,6802.7,6802.7,6854.6,6854.6,6763.6,6763.6,0,25.28,20.29,19.02,19.86,0,0,0,0,           ,0,0,1,0,0,0,0.96,1.02,1.07,1.25,1.33,1.27,0.94,0,25.28,20.29,19.02,19.86,0,0,0,0,           ,0,0,1,0,0,0,0.96,1.02,1.07,1.25,1.33,1.27,0.94
2025/09/04-09:35,6818,6847.4,6816.8,6835.4,6207,6806.53,6809.01,6817,6835.8,6868.56,6822.25,6822.25,6822.25,6854.6,6854.6,6763.6,6763.6,0,62.07,27.88,21.12,20.28,0,1,0,1,27.88,0,0,1,1,1,1,1.04,1.38,1.32,2.23,2.94,3.06,2.46,0,62.07,27.88,21.12,20.28,0,1,0,1,27.88,0,0,1,1,1,1,1.04,1.38,1.32,2.23,2.94,3.06,2.46
2025/09/04-09:40,6835.6,6845.2,6827.2,6841.8,2865,6816.61,6814.05,6818.99,6836.04,6868.01,6841.8,6841.8,6841.8,6841.8,6841.8,6763.6,6763.6,0,28.65,28.02,21.49,20.36,0,0,0,0,28.02,0,1,0,0,0,0,1.06,1.38,1.3,1.02,1.33,1.41,0.46,0,28.65,28.02,21.49,20.36,0,0,0,0,28.02,0,1,0,0,0,0,1.06,1.38,1.3,1.02,1.33,1.41,0.46
2025/09/04-09:45,6841.4,6857,6812.4,6822.6,4142,6818.32,6815.37,6819.28,6835.49,6867.07,6826.03,6826.03,6831.61,6841.8,6841.8,6763.6,6763.6,0,41.42,30.46,22.46,20.57,0,0,0,1,30.46,0,0,1,0,0,0,1.09,1.48,1.36,1.36,1.84,2.01,1.45,0,41.42,30.46,22.46,20.57,0,0,0,1,30.46,0,0,1,0,0,0,1.09,1.48,1.36,1.36,1.84,2.01,1.45
2025/09/04-09:50,6823.2,6836.4,6812.2,6817.4,2431,6818.06,6815.68,6819.13,6834.75,6866.05,6810.27,6810.27,6821.43,6841.8,6841.8,6763.6,6763.6,0,24.31,29.34,22.55,20.61,0,0,0,0,29.34,0,1,0,0,0,0,1.09,1.42,1.3,0.83,1.08,1.18,0.59,0,24.31,29.34,22.55,20.61,0,0,0,0,29.34,0,1,0,0,0,0,1.09,1.42,1.3,0.83,1.08,1.18,0.59
2025/09/04-09:55,6817,6819.2,6796,6798,2997,6812.33,6812.96,6817.44,6833.25,6864.65,6794.5,6794.5,6811.24,6841.8,6841.8,6763.6,6763.6,0,29.97,29.45,22.91,20.7,0,0,0,0,29.45,0,1,0,0,0,0,1.11,1.42,1.29,1.02,1.31,1.45,1.23,0,29.97,29.45,22.91,20.7,0,0,0,0,29.45,0,1,0,0,0,0,1.11,1.42,1.29,1.02,1.31,1.45,1.23
2025/09/04-10:00,6797.2,6824.4,6793.2,6793.8,2388,6807.03,6810.01,6815.54,6831.64,6863.19,6778.73,6778.73,6801.05,6841.8,6841.8,6763.6,6763.6,0,23.88,28.44,22.96,20.73,0,0,0,0,28.44,0,1,0,0,0,0,1.11,1.37,1.24,0.84,1.04,1.15,0.8,0,23.88,28.44,22.96,20.73,0,0,0,0,28.44,0,1,0,0,0,0,1.11,1.37,1.24,0.84,1.04,1.15,0.8
2025/09/04-10:05,6793,6795.6,6778,6783.6,2656,6800.34,6805.95,6812.99,6829.68,6861.54,6762.97,6762.97,6790.87,6841.8,6841.8,6763.6,6763.6,0,26.56,28.1,23.13,20.79,0,0,0,0,28.1,0,1,0,0,0,0,1.11,1.35,1.21,0.95,1.15,1.28,1.11,0,26.56,28.1,23.13,20.79,0,0,0,0,28.1,0,1,0,0,0,0,1.11,1.35,1.21,0.95,1.15,1.28,1.11
2025/09/04-10:10,6783.2,6783.8,6740,6747.2,4062,6785.16,6796.91,6807.73,6826.32,6859.19,6747.2,6747.2,6780.68,6841.8,6841.8,6747.2,6747.2,0,40.62,30.38,23.99,20.99,0,0,0,0,30.38,0,0,1,1,0,0,1.14,1.45,1.27,1.34,1.69,1.94,1.53,0,40.62,30.38,23.99,20.99,0,0,0,0,30.38,0,0,1,1,0,0,1.14,1.45,1.27,1.34,1.69,1.94,1.53
2025/09/04-10:15,6749,6773.6,6742,6761.6,3229,6778.43,6791.48,6804.04,6823.67,6857.17,6762.3,6762.3,6770.49,6841.8,6841.8,6747.2,6747.2,0,32.29,30.72,24.39,21.1,0,0,0,0,30.72,0,1,0,0,0,0,1.16,1.46,1.26,1.05,1.32,1.53,0.79,0,32.29,30.72,24.39,21.1,0,0,0,0,30.72,0,1,0,0,0,0,1.16,1.46,1.26,1.05,1.32,1.53,0.79
2025/09/04-10:20,6761.2,6777.4,6760.8,6777.4,2148,6778.13,6789.31,6801.91,6821.79,6855.53,6777.4,6777.4,6760.31,6777.4,6777.4,6747.2,6747.2,0,21.48,29.04,24.25,21.1,0,0,0,0,29.04,1,0,0,0,0,0,1.15,1.38,1.2,0.74,0.89,1.02,0.67,0,21.48,29.04,24.25,21.1,0,0,0,0,29.04,1,0,0,0,0,0,1.15,1.38,1.2,0.74,0.89,1.02,0.67
2025/09/04-10:25,6777,6779.2,6746.8,6750.8,1855,6770.32,6783.39,6797.82,6818.89,6853.37,6764.77,6764.77,6750.12,6777.4,6777.4,6747.2,6747.2,0,18.55,27.14,23.97,21.08,0,0,0,0,           ,1,0,0,0,0,0,1.14,1.29,1.13,0.68,0.77,0.88,0.86,0,18.55,27.14,23.97,21.08,0,0,0,0,           ,1,0,0,0,0,0,1.14,1.29,1.13,0.68,0.77,0.88,0.86
2025/09/04-10:30,6751.4,6765,6733,6734,2282,6759.95,6775.79,6792.71,6815.42,6850.91,6752.14,6752.14,6739.93,6777.4,6777.4,6747.2,6747.2,0,22.82,26.35,23.92,21.09,0,0,0,0,           ,0,1,0,0,0,0,1.13,1.25,1.1,0.87,0.95,1.08,1.23,0,22.82,26.35,23.92,21.09,0,0,0,0,           ,0,1,0,0,0,0,1.13,1.25,1.1,0.87,0.95,1.08,1.23
2025/09/04-10:35,6734.2,6743,6722,6724.4,2458,6749.79,6767.88,6787.25,6811.71,6848.3,6739.51,6739.51,6729.75,6777.4,6777.4,6747.2,6747.2,0,24.58,26.03,23.95,21.13,0,0,0,0,           ,0,1,0,0,0,0,1.13,1.23,1.09,0.94,1.03,1.16,1.08,0,24.58,26.03,23.95,21.13,0,0,0,0,           ,0,1,0,0,0,0,1.13,1.23,1.09,0.94,1.03,1.16,1.08
2025/09/04-10:40,6723.4,6729,6707,6709.8,2791,6738.36,6758.95,6781.05,6807.55,6845.44,6726.89,6726.89,6719.56,6777.4,6777.4,6747.2,6747.2,0,27.91,26.37,24.14,21.2,0,0,0,0,           ,0,1,0,0,0,0,1.14,1.24,1.09,1.06,1.16,1.32,1.14,0,27.91,26.37,24.14,21.2,0,0,0,0,           ,0,1,0,0,0,0,1.14,1.24,1.09,1.06,1.16,1.32,1.14
2025/09/04-10:45,6710.6,6726.2,6702.4,6710.2,2551,6730.32,6751.45,6775.38,6803.58,6842.66,6714.26,6714.26,6709.37,6777.4,6777.4,6747.2,6747.2,0,25.51,26.21,24.21,21.24,0,0,0,0,           ,0,1,0,0,0,0,1.14,1.23,1.08,0.97,1.05,1.2,0.91,0,25.51,26.21,24.21,21.24,0,0,0,0,           ,0,1,0,0,0,0,1.14,1.23,1.08,0.97,1.05,1.2,0.91
2025/09/04-10:50,6711.4,6717.8,6696,6699.4,1788,6721.48,6743.44,6769.3,6799.32,6839.7,6701.63,6701.63,6699.19,6777.4,6777.4,6747.2,6747.2,0,17.88,24.7,23.9,21.21,0,0,0,0,           ,1,0,0,0,0,0,1.13,1.16,1.03,0.72,0.75,0.84,0.7,0,17.88,24.7,23.9,21.21,0,0,0,0,           ,1,0,0,0,0,0,1.13,1.16,1.03,0.72,0.75,0.84,0.7
2025/09/04-10:55,6699.4,6699.4,6670.6,6689,3215,6712.2,6735.06,6762.88,6794.82,6836.6,6689,6689,6689,6777.4,6777.4,6689,6689,0,32.15,26.05,24.3,21.31,0,0,0,0,           ,0,0,1,1,0,0,1.14,1.22,1.07,1.23,1.32,1.51,1.8,0,32.15,26.05,24.3,21.31,0,0,0,0,           ,0,0,1,1,0,0,1.14,1.22,1.07,1.23,1.32,1.51,1.8
2025/09/04-11:00,6688.8,6715.8,6688.4,6715,2130,6713,6731.98,6759.05,6791.56,6834.09,6702.6,6702.6,6702.6,6777.4,6777.4,6689,6689,0,21.3,25.19,24.16,21.31,0,0,0,0,           ,0,1,0,0,0,0,1.13,1.18,1.04,0.85,0.88,1,0.66,0,21.3,25.19,24.16,21.31,0,0,0,0,           ,0,1,0,0,0,0,1.13,1.18,1.04,0.85,0.88,1,0.66
2025/09/04-11:05,6715.4,6735.6,6715,6723.8,2337,6716.09,6730.72,6756.23,6788.8,6831.81,6716.2,6716.2,6716.2,6777.4,6777.4,6689,6689,0,23.37,24.86,24.12,21.33,0,0,0,0,           ,0,1,0,0,0,0,1.13,1.17,1.03,0.94,0.97,1.1,1.1,0,23.37,24.86,24.12,21.33,0,0,0,0,           ,0,1,0,0,0,0,1.13,1.17,1.03,0.94,0.97,1.1,1.1
2025/09/04-11:10,6723.8,6729.8,6703.6,6729.8,1565,6720,6730.58,6754.12,6786.39,6829.71,6729.8,6729.8,6729.8,6729.8,6729.8,6689,6689,0,15.65,23.18,23.7,21.28,0,0,0,0,           ,1,0,0,0,0,0,1.11,1.09,0.98,0.68,0.66,0.74,0.67,0,15.65,23.18,23.7,21.28,0,0,0,0,           ,1,0,0,0,0,0,1.11,1.09,0.98,0.68,0.66,0.74,0.67
2025/09/04-11:15,6729.8,6732.6,6691.2,6695,1783,6712.86,6725.1,6749.39,6782.66,6826.93,6717.4,6717.4,6717.4,6729.8,6729.8,6689,6689,0,17.83,22.21,23.42,21.24,0,0,0,0,           ,0,1,0,0,0,0,1.1,1.05,0.95,0.8,0.76,0.84,1.14,0,17.83,22.21,23.42,21.24,0,0,0,0,           ,0,1,0,0,0,0,1.1,1.05,0.95,0.8,0.76,0.84,1.14
2025/09/04-11:20,6696.2,6708,6681.8,6693.8,1940,6707.42,6720.29,6744.94,6779.03,6824.19,6705,6705,6705,6729.8,6729.8,6689,6689,0,19.4,21.7,23.22,21.23,0,0,0,0,           ,0,1,0,0,0,0,1.09,1.02,0.93,0.89,0.84,0.91,1.09,0,19.4,21.7,23.22,21.23,0,0,0,0,           ,0,1,0,0,0,0,1.09,1.02,0.93,0.89,0.84,0.91,1.09
2025/09/04-11:25,6694.2,6699.6,6672.2,6680.6,1379,6699.75,6714.18,6739.79,6775.01,6821.23,6692.6,6692.6,6692.6,6729.8,6729.8,6689,6689,0,13.79,20.26,22.76,21.15,0,0,0,0,           ,1,0,0,0,0,0,1.08,0.96,0.89,0.68,0.61,0.65,0.71,0,13.79,20.26,22.76,21.15,0,0,0,0,           ,1,0,0,0,0,0,1.08,0.96,0.89,0.68,0.61,0.65,0.71
2025/09/04-11:30,6679.8,6682.6,6655.4,6679.6,2528,6694,6708.86,6734.98,6771.12,6818.31,6680.2,6680.2,6680.2,6729.8,6729.8,6689,6689,0,25.28,21.17,22.88,21.19,0,0,0,0,           ,0,1,0,1,0,0,1.08,1,0.93,1.19,1.1,1.19,1.83,0,25.28,21.17,22.88,21.19,0,0,0,0,           ,0,1,0,1,0,0,1.08,1,0.93,1.19,1.1,1.19,1.83
2025/09/04-13:05,6680.2,6702.4,6667.8,6667.8,2172,6686.51,6702.54,6729.6,6766.9,6815.2,6667.8,6667.8,6667.8,6729.8,6729.8,6667.8,6667.8,0,21.72,21.27,22.83,21.2,0,0,0,0,           ,0,1,0,0,0,0,1.08,1,0.93,1.02,0.95,1.02,0.86,0,21.72,21.27,22.83,21.2,0,0,0,0,           ,0,1,0,0,0,0,1.08,1,0.93,1.02,0.95,1.02,0.86
2025/09/04-13:10,6667.8,6712,6664.6,6703,2268,6691.22,6702.61,6727.47,6764.29,6812.89,6689.4,6689.4,6689.4,6729.8,6729.8,6667.8,6667.8,0,22.68,21.53,22.82,21.21,0,0,0,0,           ,0,1,0,0,0,0,1.08,1.01,0.94,1.05,0.99,1.07,1.04,0,22.68,21.53,22.82,21.21,0,0,0,0,           ,0,1,0,0,0,0,1.08,1.01,0.94,1.05,0.99,1.07,1.04
2025/09/04-13:15,6704.6,6724,6699.4,6711,1938,6696.87,6703.9,6726.16,6762.12,6810.79,6711,6711,6711,6711,6711,6667.8,6667.8,0,19.38,21.14,22.65,21.19,0,0,0,0,           ,0,1,0,0,0,0,1.07,1,0.93,0.92,0.86,0.91,0.85,0,19.38,21.14,22.65,21.19,0,0,0,0,           ,0,1,0,0,0,0,1.07,1,0.93,0.92,0.86,0.91,0.85
2025/09/04-13:20,6711,6728,6692.6,6694.2,2191,6696.11,6702.41,6723.6,6759.35,6808.39,6701.29,6701.39,6701.39,6711,6711,6667.8,6667.8,0,21.91,21.28,22.62,21.2,0,0,0,0,           ,0,1,0,0,0,0,1.07,1,0.94,1.03,0.97,1.03,1.13,0,21.91,21.28,22.62,21.2,0,0,0,0,           ,0,1,0,0,0,0,1.07,1,0.94,1.03,0.97,1.03,1.13
2025/09/04-13:25,6694,6695,6672.4,6674,1726,6689.79,6698.04,6719.63,6755.86,6805.62,6691.57,6691.77,6691.77,6711,6711,6667.8,6667.8,0,17.26,20.55,22.35,21.16,0,0,0,0,           ,0,1,0,0,0,0,1.06,0.97,0.92,0.84,0.77,0.82,0.79,0,17.26,20.55,22.35,21.16,0,0,0,0,           ,0,1,0,0,0,0,1.06,0.97,0.92,0.84,0.77,0.82,0.79
2025/09/04-13:30,6674.6,6693,6668.2,6671.8,1559,6684.65,6694,6715.81,6752.43,6802.86,6681.86,6682.16,6682.16,6711,6711,6667.8,6667.8,0,15.59,19.65,22.02,21.11,0,0,0,0,           ,0,1,0,0,0,0,1.04,0.93,0.89,0.79,0.71,0.74,0.9,0,15.59,19.65,22.02,21.11,0,0,0,0,           ,0,1,0,0,0,0,1.04,0.93,0.89,0.79,0.71,0.74,0.9
2025/09/04-13:35,6670.4,6673.4,6651.6,6657.6,1723,6676.92,6688.4,6711.15,6748.56,6799.86,6672.14,6672.55,6672.55,6711,6711,6667.8,6667.8,0,17.23,19.21,21.79,21.07,0,0,0,0,           ,0,1,0,0,0,0,1.03,0.91,0.88,0.9,0.79,0.82,1.11,0,17.23,19.21,21.79,21.07,0,0,0,0,           ,0,1,0,0,0,0,1.03,0.91,0.88,0.9,0.79,0.82,1.11
2025/09/04-13:40,6657.4,6662,6647,6650.4,1373,6669.34,6682.56,6706.29,6744.55,6796.78,6662.43,6662.94,6662.94,6711,6711,6667.8,6667.8,0,13.73,18.21,21.4,21,0,0,0,0,           ,1,0,0,0,0,0,1.02,0.87,0.85,0.75,0.64,0.65,0.8,0,13.73,18.21,21.4,21,0,0,0,0,           ,1,0,0,0,0,0,1.02,0.87,0.85,0.75,0.64,0.65,0.8
2025/09/04-13:45,6651.4,6654,6638,6654,1292,6664.96,6678.16,6702.11,6740.86,6793.84,6652.71,6653.33,6653.33,6711,6711,6667.8,6667.8,0,12.92,17.25,20.98,20.91,0,0,0,0,           ,1,0,0,0,0,0,1,0.82,0.82,0.75,0.62,0.62,0.94,0,12.92,17.25,20.98,20.91,0,0,0,0,           ,1,0,0,0,0,0,1,0.82,0.82,0.75,0.62,0.62,0.94
2025/09/04-13:50,6655,6666.6,6633,6643,1853,6658.69,6672.75,6697.38,6736.86,6790.73,6643,6643.71,6643.71,6711,6711,6643,6667.8,0,18.53,17.48,20.86,20.89,0,0,0,0,           ,0,1,0,0,0,0,1,0.84,0.84,1.06,0.89,0.89,1.43,0,18.53,17.48,20.86,20.89,0,0,0,0,           ,0,1,0,0,0,0,1,0.84,0.84,1.06,0.89,0.89,1.43
2025/09/04-13:55,6644,6668,6636.6,6668,1421,6661.35,6672.02,6695.03,6734.05,6788.2,6668,6634.1,6634.1,6668,6711,6643,6667.8,0,14.21,16.89,20.54,20.82,0,0,0,0,           ,0,1,0,0,0,0,0.99,0.81,0.82,0.84,0.69,0.68,0.77,0,14.21,16.89,20.54,20.82,0,0,0,0,           ,0,1,0,0,0,0,0.99,0.81,0.82,0.84,0.69,0.68,0.77
2025/09/04-14:00,6668.4,6675.8,6645.4,6648,1786,6657.53,6668.33,6691.27,6730.54,6785.3,6654.15,6624.49,6624.49,6668,6711,6643,6667.8,0,17.86,17.06,20.41,20.8,0,0,0,0,           ,0,1,0,0,0,0,0.98,0.82,0.84,1.05,0.88,0.86,1.26,0,17.86,17.06,20.41,20.8,0,0,0,0,           ,0,1,0,0,0,0,0.98,0.82,0.84,1.05,0.88,0.86,1.26
2025/09/04-14:05,6648.2,6648.2,6622.2,6623.4,1974,6647.78,6661.41,6685.84,6726.17,6781.97,6640.3,6614.88,6614.88,6668,6711,6643,6667.8,0,19.74,17.55,20.38,20.78,0,0,0,0,           ,0,1,0,0,0,0,0.98,0.84,0.86,1.12,0.97,0.95,1.11,0,19.74,17.55,20.38,20.78,0,0,0,0,           ,0,1,0,0,0,0,0.98,0.84,0.86,1.12,0.97,0.95,1.11
2025/09/04-14:10,6622.4,6625.2,6609.4,6622.6,2171,6640.59,6655.44,6680.78,6721.94,6778.68,6626.45,6605.26,6605.26,6668,6711,6643,6667.8,0,21.71,18.31,20.44,20.79,0,0,0,0,           ,0,1,0,0,0,0,0.98,0.88,0.9,1.19,1.06,1.04,1.1,0,21.71,18.31,20.44,20.79,0,0,0,0,           ,0,1,0,0,0,0,0.98,0.88,0.9,1.19,1.06,1.04,1.1
2025/09/04-14:15,6622.6,6622.8,6587.8,6599.4,2783,6628.82,6646.82,6674.27,6716.94,6774.98,6612.6,6595.65,6595.65,6668,6711,6643,6667.8,0,27.83,20.04,20.8,20.86,0,0,0,0,           ,0,0,1,0,0,0,1,0.96,0.96,1.39,1.34,1.33,1.28,0,27.83,20.04,20.8,20.86,0,0,0,0,           ,0,0,1,0,0,0,1,0.96,0.96,1.39,1.34,1.33,1.28
2025/09/04-14:20,6601,6603.2,6588,6599.8,1497,6620.53,6639.59,6668.31,6712.16,6771.37,6598.75,6586.04,6586.04,6668,6711,6643,6667.8,0,14.97,19.12,20.52,20.81,0,0,0,0,           ,1,0,0,0,0,0,0.99,0.92,0.93,0.78,0.73,0.72,0.54,0,14.97,19.12,20.52,20.81,0,0,0,0,           ,1,0,0,0,0,0,0.99,0.92,0.93,0.78,0.73,0.72,0.54
2025/09/04-14:25,6598.2,6604,6580.6,6589.2,1641,6611.58,6631.83,6661.98,6707.14,6767.62,6584.9,6576.43,6576.43,6668,6711,6643,6667.8,0,16.41,18.62,20.32,20.76,0,0,0,0,           ,0,1,0,0,0,0,0.98,0.9,0.92,0.88,0.81,0.79,1.1,0,16.41,18.62,20.32,20.76,0,0,0,0,           ,0,1,0,0,0,0,0.98,0.9,0.92,0.88,0.81,0.79,1.1
2025/09/04-14:30,6592.2,6612,6576.2,6590.6,2389,6605.58,6625.49,6656.27,6702.38,6763.97,6571.05,6566.81,6566.81,6668,6711,6643,6667.8,0,23.89,19.58,20.49,20.79,0,0,0,0,           ,0,0,1,0,0,0,0.99,0.94,0.96,1.22,1.17,1.15,1.46,0,23.89,19.58,20.49,20.79,0,0,0,0,           ,0,0,1,0,0,0,0.99,0.94,0.96,1.22,1.17,1.15,1.46
2025/09/04-14:35,6590,6596.4,6550,6557.2,2241,6591.76,6614.98,6648.34,6696.46,6759.7,6557.2,6557.2,6557.2,6668,6711,6557.2,6557.2,0,22.41,20.1,20.59,20.81,0,0,0,0,           ,0,1,0,0,0,0,0.99,0.97,0.98,1.12,1.09,1.08,0.94,0,22.41,20.1,20.59,20.81,0,0,0,0,           ,0,1,0,0,0,0,0.99,0.97,0.98,1.12,1.09,1.08,0.94
2025/09/04-14:40,6556.2,6595.6,6550,6594.8,2499,6592.63,6611.88,6644.06,6692.31,6756.3,6571.83,6566.32,6564.22,6668,6711,6557.2,6557.2,0,24.99,20.99,20.8,20.85,0,0,0,0,           ,0,1,0,0,0,0,1,1.01,1.01,1.19,1.2,1.2,1.12,0,24.99,20.99,20.8,20.85,0,0,0,0,           ,0,1,0,0,0,0,1,1.01,1.01,1.19,1.2,1.2,1.12
2025/09/04-14:45,6595,6629.8,6588,6628.4,3100,6602.85,6614.42,6642.81,6689.7,6753.67,6586.47,6575.44,6571.24,6668,6711,6557.2,6557.2,0,31,22.81,21.3,20.95,0,0,0,0,           ,0,0,1,0,0,0,1.02,1.09,1.07,1.36,1.46,1.48,1.24,0,31,22.81,21.3,20.95,0,0,0,0,           ,0,0,1,0,0,0,1.02,1.09,1.07,1.36,1.46,1.48,1.24
2025/09/04-14:50,6629.2,6634.2,6596,6633.2,2665,6611.52,6617.31,6642.04,6687.39,6751.18,6601.1,6584.56,6578.26,6668,6711,6557.2,6557.2,0,26.65,23.51,21.56,21.01,0,0,0,0,           ,0,1,0,0,0,0,1.03,1.12,1.09,1.13,1.24,1.27,0.86,0,26.65,23.51,21.56,21.01,0,0,0,0,           ,0,1,0,0,0,0,1.03,1.12,1.09,1.13,1.24,1.27,0.86
2025/09/04-14:55,6633.2,6644.8,6630,6635.8,2588,6618.46,6620.15,6641.54,6685.29,6748.8,6615.73,6593.68,6585.28,6668,6711,6557.2,6557.2,0,25.88,23.94,21.77,21.06,0,0,0,0,           ,0,1,0,0,0,0,1.03,1.14,1.1,1.08,1.19,1.23,0.97,0,25.88,23.94,21.77,21.06,0,0,0,0,           ,0,1,0,0,0,0,1.03,1.14,1.1,1.08,1.19,1.23,0.97
2025/09/04-15:00,6635.8,6648.6,6635.8,6647,2699,6626.61,6624.28,6641.98,6683.72,6746.7,6630.37,6602.8,6592.3,6668,6711,6557.2,6557.2,0,26.99,24.49,22.02,21.12,0,0,0,0,           ,0,1,0,0,0,0,1.04,1.16,1.11,1.1,1.23,1.28,1.04,0,26.99,24.49,22.02,21.12,0,0,0,0,           ,0,1,0,0,0,0,1.04,1.16,1.11,1.1,1.23,1.28,1.04
2025/09/05-09:35,6667,6672.8,6646,6651.8,5708,6633.81,6628.52,6642.76,6682.42,6744.75,6645,6611.92,6599.32,6668,6711,6557.2,6557.2,0,57.08,30.42,23.73,21.47,0,0,0,1,30.42,0,0,1,1,0,0,1.11,1.42,1.28,1.88,2.4,2.66,2.11,0,57.08,30.42,23.73,21.47,0,0,0,1,30.42,0,0,1,1,0,0,1.11,1.42,1.28,1.88,2.4,2.66,2.11
2025/09/05-09:40,6651.8,6678,6637.8,6672.8,4303,6644.95,6635.33,6645.17,6682.03,6743.26,6659.63,6621.04,6606.34,6668,6711,6557.2,6557.2,0,43.03,32.71,24.68,21.69,0,0,0,0,32.71,0,0,1,0,0,0,1.14,1.51,1.33,1.32,1.74,1.98,0.75,0,43.03,32.71,24.68,21.69,0,0,0,0,32.71,0,0,1,0,0,0,1.14,1.51,1.33,1.32,1.74,1.98,0.75
2025/09/05-09:45,6672,6684.2,6658,6665.8,3195,6650.91,6640.02,6646.82,6681.37,6741.67,6674.27,6630.16,6613.36,6668,6711,6557.2,6557.2,0,31.95,32.57,25.03,21.79,0,0,0,0,32.57,0,1,0,0,0,0,1.15,1.49,1.3,0.98,1.28,1.47,0.74,0,31.95,32.57,25.03,21.79,0,0,0,0,32.57,0,1,0,0,0,0,1.15,1.49,1.3,0.98,1.28,1.47,0.74
2025/09/05-09:50,6665.2,6703.6,6663.8,6701,3335,6665.22,6649.4,6651.15,6682.17,6740.83,6688.9,6639.28,6620.38,6668,6711,6557.2,6557.2,0,33.35,32.71,25.44,21.9,0,0,0,0,32.71,0,1,0,0,0,0,1.16,1.49,1.29,1.02,1.31,1.52,1.04,0,33.35,32.71,25.44,21.9,0,0,0,0,32.71,0,1,0,0,0,0,1.16,1.49,1.29,1.02,1.31,1.52,1.04
2025/09/05-09:55,6700.4,6718.6,6683.4,6718.6,3376,6680.47,6660.05,6656.55,6683.65,6740.37,6703.53,6648.4,6627.4,6668,6711,6557.2,6557.2,0,33.76,32.9,25.84,22.02,0,0,0,0,32.9,0,1,0,0,0,0,1.17,1.49,1.27,1.03,1.31,1.53,1.01,0,33.76,32.9,25.84,22.02,0,0,0,0,32.9,0,1,0,0,0,0,1.17,1.49,1.27,1.03,1.31,1.53,1.01
2025/09/05-10:00,6718.2,6730,6712.2,6730,2778,6694.62,6670.81,6662.42,6685.55,6740.16,6718.17,6657.52,6634.42,6668,6711,6557.2,6557.2,0,27.78,31.97,25.94,22.08,0,0,0,0,31.97,0,1,0,0,0,0,1.17,1.45,1.23,0.87,1.07,1.26,0.82,0,27.78,31.97,25.94,22.08,0,0,0,0,31.97,0,1,0,0,0,0,1.17,1.45,1.23,0.87,1.07,1.26,0.82
2025/09/05-10:05,6729.2,6738.2,6723.2,6732.8,2777,6705.53,6680.35,6668.05,6687.47,6740,6732.8,6666.64,6641.45,6732.8,6711,6557.2,6557.2,0,27.77,31.21,26.03,22.14,0,0,0,0,31.21,0,1,0,0,0,0,1.18,1.41,1.2,0.89,1.07,1.25,1,0,27.77,31.21,26.03,22.14,0,0,0,0,31.21,0,1,0,0,0,0,1.18,1.41,1.2,0.89,1.07,1.25,1
2025/09/05-10:10,6731.2,6732.6,6707,6714,2324,6707.95,6685.52,6671.73,6688.56,6739.47,6714,6675.76,6648.47,6732.8,6711,6714,6557.2,0,23.24,29.76,25.89,22.15,0,0,0,0,29.76,1,0,0,0,0,0,1.17,1.34,1.15,0.78,0.9,1.05,0.84,0,23.24,29.76,25.89,22.15,0,0,0,0,29.76,1,0,0,0,0,0,1.17,1.34,1.15,0.78,0.9,1.05,0.84
2025/09/05-10:15,6714.6,6719.4,6701.2,6715.6,1800,6710.14,6690.15,6675.24,6689.66,6738.98,6721.09,6684.88,6655.49,6732.8,6711,6714,6557.2,0,18,27.62,25.51,22.11,0,0,0,0,           ,1,0,0,0,0,0,1.15,1.25,1.08,0.65,0.71,0.81,0.77,0,18,27.62,25.51,22.11,0,0,0,0,           ,1,0,0,0,0,0,1.15,1.25,1.08,0.65,0.71,0.81,0.77
2025/09/05-10:20,6715.6,6724.8,6706,6715.4,1408,6711.64,6694.04,6678.45,6690.71,6738.49,6728.18,6694,6662.51,6732.8,6711,6714,6557.2,0,14.08,25.16,24.95,22.03,0,0,0,0,           ,1,0,0,0,0,0,1.13,1.14,1.01,0.56,0.56,0.64,0.78,0,14.08,25.16,24.95,22.03,0,0,0,0,           ,1,0,0,0,0,0,1.13,1.14,1.01,0.56,0.56,0.64,0.78
2025/09/05-10:25,6715.4,6731,6704.6,6731,1194,6717.17,6699.72,6682.66,6692.36,6738.33,6735.27,6703.12,6669.53,6732.8,6711,6714,6557.2,0,11.94,22.76,24.31,21.93,0,0,0,0,           ,1,0,0,0,0,0,1.11,1.04,0.94,0.52,0.49,0.54,0.85,0,11.94,22.76,24.31,21.93,0,0,0,0,           ,1,0,0,0,0,0,1.11,1.04,0.94,0.52,0.49,0.54,0.85
2025/09/05-10:30,6731.2,6746.4,6724.2,6745,1675,6725.12,6706.69,6687.64,6694.51,6738.47,6742.36,6712.24,6676.55,6732.8,6711,6714,6557.2,0,16.75,21.66,23.94,21.87,0,0,0,0,           ,1,0,0,0,0,0,1.09,0.99,0.9,0.77,0.7,0.77,1.4,0,16.75,21.66,23.94,21.87,0,0,0,0,           ,1,0,0,0,0,0,1.09,0.99,0.9,0.77,0.7,0.77,1.4
2025/09/05-10:35,6745.4,6757,6739.2,6752.8,2181,6733.03,6713.78,6692.86,6696.88,6738.77,6749.44,6721.36,6683.57,6732.8,6711,6714,6557.2,0,21.81,21.69,23.84,21.87,0,0,0,0,           ,0,1,0,0,0,0,1.09,0.99,0.91,1.01,0.91,1,1.3,0,21.81,21.69,23.84,21.87,0,0,0,0,           ,0,1,0,0,0,0,1.09,0.99,0.91,1.01,0.91,1,1.3
2025/09/05-10:40,6753,6756.6,6732.6,6747.6,1855,6737.19,6718.98,6697.23,6698.95,6738.95,6756.53,6730.48,6690.59,6732.8,6711,6714,6557.2,0,18.55,21.12,23.58,21.84,0,0,0,0,           ,0,1,0,0,0,0,1.08,0.97,0.9,0.88,0.79,0.85,0.85,0,18.55,21.12,23.58,21.84,0,0,0,0,           ,0,1,0,0,0,0,1.08,0.97,0.9,0.88,0.79,0.85,0.85
2025/09/05-10:45,6746.8,6767.4,6741.6,6763,1954,6744.57,6725.76,6702.5,6701.57,6739.45,6763.62,6739.6,6697.61,6732.8,6711,6714,6557.2,0,19.54,20.83,23.39,21.82,0,0,0,0,           ,0,1,0,0,0,0,1.07,0.95,0.89,0.94,0.84,0.9,1.05,0,19.54,20.83,23.39,21.82,0,0,0,0,           ,0,1,0,0,0,0,1.07,0.95,0.89,0.94,0.84,0.9,1.05
2025/09/05-10:50,6763,6772.6,6758.6,6767.4,1623,6751.09,6732.16,6707.69,6704.26,6740.02,6770.71,6748.72,6704.63,6732.8,6711,6714,6557.2,0,16.23,20,23.04,21.76,0,0,0,0,           ,0,1,0,0,0,0,1.06,0.92,0.87,0.81,0.7,0.75,0.83,0,16.23,20,23.04,21.76,0,0,0,0,           ,0,1,0,0,0,0,1.06,0.92,0.87,0.81,0.7,0.75,0.83
2025/09/05-10:55,6768,6779,6762.6,6777.8,1659,6758.72,6739.18,6713.3,6707.26,6740.8,6777.8,6757.84,6711.65,6777.8,6711,6714,6557.2,0,16.59,19.38,22.72,21.71,0,0,0,0,           ,0,1,0,0,0,0,1.05,0.89,0.85,0.86,0.73,0.76,1.02,0,16.59,19.38,22.72,21.71,0,0,0,0,           ,0,1,0,0,0,0,1.05,0.89,0.85,0.86,0.73,0.76,1.02
2025/09/05-11:00,6778.6,6785,6763.4,6763.8,1824,6760.17,6742.97,6717.34,6709.57,6741.27,6763.8,6766.96,6718.67,6777.8,6711,6763.8,6557.2,0,18.24,19.17,22.5,21.68,0,0,0,0,           ,0,1,0,0,0,0,1.04,0.88,0.85,0.95,0.81,0.84,1.1,0,18.24,19.17,22.5,21.68,0,0,0,0,           ,0,1,0,0,0,0,1.04,0.88,0.85,0.95,0.81,0.84,1.1
2025/09/05-11:05,6764,6777,6758.2,6776,1820,6764.69,6748.05,6722.03,6712.28,6741.99,6774.5,6776.08,6725.69,6777.8,6711,6763.8,6557.2,0,18.2,18.99,22.29,21.64,0,0,0,0,           ,0,1,0,0,0,0,1.03,0.88,0.85,0.96,0.82,0.84,1,0,18.2,18.99,22.29,21.64,0,0,0,0,           ,0,1,0,0,0,0,1.03,0.88,0.85,0.96,0.82,0.84,1
2025/09/05-11:10,6777,6789.6,6773.4,6785.2,1530,6770.55,6753.77,6727.08,6715.25,6742.88,6785.2,6785.2,6732.71,6785.2,6785.2,6763.8,6557.2,0,15.3,18.32,21.95,21.58,0,0,0,0,           ,0,1,0,0,0,0,1.02,0.85,0.83,0.84,0.7,0.71,0.84,0,15.3,18.32,21.95,21.58,0,0,0,0,           ,0,1,0,0,0,0,1.02,0.85,0.83,0.84,0.7,0.71,0.84
2025/09/05-11:15,6785.2,6791,6771.8,6780.8,1566,6773.48,6757.93,6731.38,6717.93,6743.66,6771.4,6771.4,6739.73,6785.2,6785.2,6763.8,6557.2,0,15.66,17.84,21.65,21.52,0,0,0,0,           ,0,1,0,0,0,0,1.01,0.83,0.82,0.88,0.72,0.73,1.02,0,15.66,17.84,21.65,21.52,0,0,0,0,           ,0,1,0,0,0,0,1.01,0.83,0.82,0.88,0.72,0.73,1.02
2025/09/05-11:20,6781.8,6785.2,6755.6,6757.6,1957,6768.94,6757.88,6733.48,6719.55,6743.95,6757.6,6757.6,6746.75,6785.2,6785.2,6757.6,6757.6,0,19.57,18.15,21.54,21.5,0,0,0,0,           ,0,1,0,0,0,0,1,0.84,0.84,1.08,0.91,0.91,1.25,0,19.57,18.15,21.54,21.5,0,0,0,0,           ,0,1,0,0,0,0,1,0.84,0.84,1.08,0.91,0.91,1.25
2025/09/05-11:25,6757.6,6779.8,6756.6,6758.4,1060,6765.93,6757.96,6735.47,6721.13,6744.25,6764.13,6764.13,6753.77,6785.2,6785.2,6757.6,6757.6,0,10.6,16.78,21.01,21.39,0,0,0,0,           ,1,0,0,0,0,0,0.98,0.78,0.8,0.63,0.5,0.5,0.54,0,10.6,16.78,21.01,21.39,0,0,0,0,           ,1,0,0,0,0,0,0.98,0.78,0.8,0.63,0.5,0.5,0.54
2025/09/05-11:30,6758.2,6778,6748,6776.2,1510,6768.87,6760.76,6738.73,6723.38,6744.91,6770.65,6770.65,6760.79,6785.2,6785.2,6757.6,6757.6,0,15.1,16.47,20.72,21.33,0,0,0,0,           ,0,1,0,0,0,0,0.97,0.77,0.8,0.92,0.73,0.71,1.42,0,15.1,16.47,20.72,21.33,0,0,0,0,           ,0,1,0,0,0,0,0.97,0.77,0.8,0.92,0.73,0.71,1.42
2025/09/05-13:05,6775.4,6779.4,6762.2,6765.4,1347,6767.88,6761.48,6740.86,6725.1,6745.33,6777.18,6777.18,6767.81,6785.2,6785.2,6757.6,6757.6,0,13.47,15.93,20.37,21.25,0,0,0,0,           ,0,1,0,0,0,0,0.96,0.75,0.78,0.85,0.66,0.63,0.89,0,13.47,15.93,20.37,21.25,0,0,0,0,           ,0,1,0,0,0,0,0.96,0.75,0.78,0.85,0.66,0.63,0.89
2025/09/05-13:10,6766,6770.2,6755,6768.8,1071,6768.14,6762.6,6743.1,6726.88,6745.81,6783.71,6783.71,6774.83,6785.2,6785.2,6757.6,6757.6,0,10.71,14.98,19.9,21.15,0,0,0,0,           ,1,0,0,0,0,0,0.94,0.71,0.75,0.71,0.54,0.51,0.8,0,10.71,14.98,19.9,21.15,0,0,0,0,           ,1,0,0,0,0,0,0.94,0.71,0.75,0.71,0.54,0.51,0.8
2025/09/05-13:15,6769,6782,6767.8,6770,1194,6768.67,6763.74,6745.25,6728.64,6746.31,6790.24,6790.24,6781.85,6785.2,6785.2,6757.6,6757.6,0,11.94,14.43,19.51,21.05,0,0,0,0,           ,0,1,0,0,0,0,0.93,0.69,0.74,0.83,0.61,0.57,1.11,0,11.94,14.43,19.51,21.05,0,0,0,0,           ,0,1,0,0,0,0,0.93,0.69,0.74,0.83,0.61,0.57,1.11
2025/09/05-13:20,6770,6770.8,6762.2,6768,886,6768.48,6764.4,6747.07,6730.25,6746.76,6796.76,6796.76,6788.87,6785.2,6785.2,6757.6,6757.6,0,8.86,13.41,18.99,20.93,0,0,0,0,           ,1,0,0,0,0,0,0.91,0.64,0.71,0.66,0.47,0.42,0.74,0,8.86,13.41,18.99,20.93,0,0,0,0,           ,1,0,0,0,0,0,0.91,0.64,0.71,0.66,0.47,0.42,0.74
2025/09/05-13:25,6768,6772,6765,6767,730,6768.06,6764.8,6748.67,6731.75,6747.18,6803.29,6803.29,6795.89,6785.2,6785.2,6757.6,6757.6,0,7.3,12.3,18.42,20.8,0,0,0,0,           ,1,0,0,0,0,0,0.89,0.59,0.67,0.59,0.4,0.35,0.82,0,7.3,12.3,18.42,20.8,0,0,0,0,           ,1,0,0,0,0,0,0.89,0.59,0.67,0.59,0.4,0.35,0.82
2025/09/05-13:30,6767,6788,6767,6786,1162,6773.18,6768.06,6751.65,6733.96,6747.98,6809.82,6809.82,6802.91,6785.2,6785.2,6757.6,6757.6,0,11.62,12.18,18.09,20.71,0,0,0,0,           ,0,1,0,1,0,0,0.87,0.59,0.67,0.95,0.64,0.56,1.59,0,11.62,12.18,18.09,20.71,0,0,0,0,           ,0,1,0,1,0,0,0.87,0.59,0.67,0.95,0.64,0.56,1.59
2025/09/05-13:35,6787,6801.8,6786.6,6794,1993,6779.13,6772.05,6755.04,6736.41,6748.93,6816.35,6816.35,6809.94,6785.2,6785.2,6757.6,6757.6,0,19.93,13.59,18.18,20.7,0,0,0,0,           ,0,0,1,1,0,0,0.88,0.66,0.75,1.47,1.1,0.96,1.72,0,19.93,13.59,18.18,20.7,0,0,0,0,           ,0,0,1,1,0,0,0.88,0.66,0.75,1.47,1.1,0.96,1.72
2025/09/05-13:40,6794.4,6801,6791.8,6800.6,1052,6785.27,6776.44,6758.68,6739.03,6749.99,6822.87,6822.87,6816.96,6785.2,6785.2,6757.6,6757.6,0,10.52,13.03,17.8,20.6,0,0,0,0,           ,0,1,0,0,0,0,0.86,0.63,0.73,0.81,0.59,0.51,0.53,0,10.52,13.03,17.8,20.6,0,0,0,0,           ,0,1,0,0,0,0,0.86,0.63,0.73,0.81,0.59,0.51,0.53
2025/09/05-13:45,6800.6,6804.4,6789.2,6796,1318,6788.33,6779.45,6761.67,6741.36,6750.94,6829.4,6829.4,6823.98,6785.2,6785.2,6757.6,6757.6,0,13.18,13.06,17.58,20.52,0,0,0,0,           ,0,1,0,0,0,0,0.86,0.64,0.74,1.01,0.75,0.64,1.25,0,13.18,13.06,17.58,20.52,0,0,0,0,           ,0,1,0,0,0,0,0.86,0.64,0.74,1.01,0.75,0.64,1.25
2025/09/05-13:50,6796,6814.4,6794.6,6813.2,1526,6795.44,6784.64,6765.79,6744.29,6752.22,6835.93,6835.93,6831,6785.2,6785.2,6757.6,6757.6,0,15.26,13.46,17.47,20.47,0,0,0,0,           ,0,1,0,0,0,0,0.85,0.66,0.77,1.13,0.87,0.75,1.16,0,15.26,13.46,17.47,20.47,0,0,0,0,           ,0,1,0,0,0,0,0.85,0.66,0.77,1.13,0.87,0.75,1.16
2025/09/05-13:55,6813.2,6826,6807.4,6818.8,1633,6802.11,6789.9,6770.03,6747.33,6753.6,6842.45,6842.45,6838.02,6785.2,6785.2,6757.6,6757.6,0,16.33,13.98,17.41,20.43,0,0,0,0,           ,0,1,0,0,0,0,0.85,0.68,0.8,1.17,0.94,0.8,1.07,0,16.33,13.98,17.41,20.43,0,0,0,0,           ,0,1,0,0,0,0,0.85,0.68,0.8,1.17,0.94,0.8,1.07
2025/09/05-14:00,6820.4,6835.2,6818.4,6834.8,1763,6811.45,6796.81,6775.21,6750.9,6755.27,6848.98,6848.98,6845.04,6785.2,6785.2,6757.6,6757.6,0,17.63,14.64,17.42,20.4,0,0,0,0,           ,0,0,1,0,0,0,0.85,0.72,0.84,1.2,1.01,0.86,1.08,0,17.63,14.64,17.42,20.4,0,0,0,0,           ,0,0,1,0,0,0,0.85,0.72,0.84,1.2,1.01,0.86,1.08
2025/09/05-14:05,6834.8,6853.8,6834.8,6850.6,2666,6822.64,6805.08,6781.25,6754.97,6757.24,6855.51,6855.51,6852.06,6785.2,6785.2,6757.6,6757.6,0,26.66,16.83,17.87,20.46,0,0,0,0,           ,0,0,1,1,0,0,0.87,0.82,0.94,1.58,1.49,1.3,1.51,0,26.66,16.83,17.87,20.46,0,0,0,0,           ,0,0,1,1,0,0,0.87,0.82,0.94,1.58,1.49,1.3,1.51
2025/09/05-14:10,6850.2,6860,6845,6854.8,2013,6831.83,6812.73,6787.13,6759.04,6759.25,6862.04,6862.04,6859.08,6785.2,6785.2,6757.6,6757.6,0,20.13,17.43,17.98,20.46,0,0,0,0,           ,0,1,0,0,0,0,0.88,0.85,0.97,1.15,1.12,0.98,0.76,0,20.13,17.43,17.98,20.46,0,0,0,0,           ,0,1,0,0,0,0,0.88,0.85,0.97,1.15,1.12,0.98,0.76
2025/09/05-14:15,6856.6,6869.6,6848.2,6856.6,2845,6838.9,6819.48,6792.69,6763.03,6761.25,6868.56,6868.56,6866.1,6785.2,6785.2,6757.6,6757.6,0,28.45,19.43,18.49,20.54,0,0,0,0,           ,0,0,1,0,0,0,0.9,0.95,1.05,1.46,1.54,1.39,1.41,0,28.45,19.43,18.49,20.54,0,0,0,0,           ,0,0,1,0,0,0,0.9,0.95,1.05,1.46,1.54,1.39,1.41
2025/09/05-14:20,6856.4,6869,6856,6865.6,1772,6846.53,6826.58,6798.52,6767.21,6763.41,6875.09,6875.09,6873.12,6785.2,6785.2,6757.6,6757.6,0,17.72,19.12,18.45,20.51,0,0,0,0,           ,0,1,0,0,0,0,0.9,0.93,1.04,0.93,0.96,0.86,0.62,0,17.72,19.12,18.45,20.51,0,0,0,0,           ,0,1,0,0,0,0,0.9,0.93,1.04,0.93,0.96,0.86,0.62
2025/09/05-14:25,6866,6880.6,6859.6,6875.2,1917,6854.72,6834.06,6804.65,6771.62,6765.71,6881.62,6881.62,6880.14,6785.2,6785.2,6757.6,6757.6,0,19.17,19.13,18.49,20.5,0,0,0,0,           ,0,1,0,0,0,0,0.9,0.93,1.03,1,1.04,0.94,1.08,0,19.17,19.13,18.49,20.5,0,0,0,0,           ,0,1,0,0,0,0,0.9,0.93,1.03,1,1.04,0.94,1.08
2025/09/05-14:30,6874.4,6885,6868.8,6880.8,1603,6862.17,6841.25,6810.75,6776.08,6768.08,6888.15,6888.15,6887.16,6785.2,6785.2,6757.6,6757.6,0,16.03,18.57,18.37,20.45,0,0,0,0,           ,0,1,0,0,0,0,0.9,0.91,1.01,0.86,0.87,0.78,0.84,0,16.03,18.57,18.37,20.45,0,0,0,0,           ,0,1,0,0,0,0,0.9,0.91,1.01,0.86,0.87,0.78,0.84
2025/09/05-14:35,6880.8,6902.6,6877.4,6878.8,2547,6866.92,6847.02,6816.19,6780.27,6770.37,6894.67,6894.67,6894.18,6785.2,6785.2,6757.6,6757.6,0,25.47,19.82,18.72,20.5,0,0,0,0,           ,0,0,1,1,0,0,0.91,0.97,1.06,1.28,1.36,1.24,1.59,0,25.47,19.82,18.72,20.5,0,0,0,0,           ,0,0,1,1,0,0,0.91,0.97,1.06,1.28,1.36,1.24,1.59
2025/09/05-14:40,6879,6902,6875.6,6901.2,2622,6876.72,6855.36,6822.99,6785.21,6773.06,6901.2,6901.2,6901.2,6901.2,6901.2,6757.6,6757.6,0,26.22,20.98,19.08,20.56,0,0,0,0,           ,0,0,1,0,0,0,0.93,1.02,1.1,1.25,1.37,1.28,1.03,0,26.22,20.98,19.08,20.56,0,0,0,0,           ,0,0,1,0,0,0,0.93,1.02,1.1,1.25,1.37,1.28,1.03
2025/09/05-14:45,6903,6905.2,6891.2,6900.4,2356,6883.48,6862.29,6829.18,6789.91,6775.69,6895.4,6900.55,6900.55,6901.2,6901.2,6757.6,6757.6,0,23.56,21.45,19.3,20.59,0,0,0,0,           ,0,1,0,0,0,0,0.94,1.04,1.11,1.1,1.22,1.14,0.9,0,23.56,21.45,19.3,20.59,0,0,0,0,           ,0,1,0,0,0,0,0.94,1.04,1.11,1.1,1.22,1.14,0.9
2025/09/05-14:50,6900.4,6904.8,6889.2,6894.2,1980,6886.55,6867.2,6834.39,6794.16,6778.13,6889.6,6899.9,6899.9,6901.2,6901.2,6757.6,6757.6,0,19.8,21.15,19.32,20.58,0,0,0,0,           ,0,1,0,0,0,0,0.94,1.03,1.09,0.94,1.02,0.96,0.84,0,19.8,21.15,19.32,20.58,0,0,0,0,           ,0,1,0,0,0,0,0.94,1.03,1.09,0.94,1.02,0.96,0.84
2025/09/05-14:55,6894,6894,6881.4,6883.8,2407,6885.76,6869.75,6838.34,6797.82,6780.31,6883.8,6899.25,6899.25,6901.2,6901.2,6883.8,6757.6,0,24.07,21.68,19.56,20.62,0,0,0,0,           ,0,1,0,0,0,0,0.95,1.05,1.11,1.11,1.23,1.17,1.22,0,24.07,21.68,19.56,20.62,0,0,0,0,           ,0,1,0,0,0,0,0.95,1.05,1.11,1.11,1.23,1.17,1.22
2025/09/05-15:00,6883,6898.6,6880.4,6898.6,2909,6889.43,6874.19,6843.16,6801.94,6782.75,6898.6,6898.6,6898.6,6901.2,6901.2,6883.8,6757.6,0,29.09,23.03,20.02,20.7,0,0,0,0,           ,0,0,1,0,0,0,0.97,1.11,1.15,1.26,1.45,1.41,1.21,0,29.09,23.03,20.02,20.7,0,0,0,0,           ,0,0,1,0,0,0,0.97,1.11,1.15,1.26,1.45,1.41,1.21
