time,open,high,low,close,volume
2025/07/09-13:05,5718,5728.6,5716.2,5725.4,269
2025/07/09-13:10,5725.8,5726.2,5722.2,5724.6,127
2025/07/09-13:15,5723.6,5729.6,5723.2,5728,107
2025/07/09-13:20,5727.2,5728.6,5723.4,5727,114
2025/07/09-13:25,5726.8,5728.2,5724.4,5728,86
2025/07/09-13:30,5728,5728,5719.4,5721.6,116
2025/07/09-13:35,5721.4,5723.2,5719.2,5720.2,95
2025/07/09-13:40,5720,5721,5717,5718.2,78
2025/07/09-13:45,5718.4,5722.4,5717.4,5720.6,75
2025/07/09-13:50,5720.2,5724.6,5718,5723.8,99
2025/07/09-13:55,5723.2,5725,5720.8,5723.6,91
2025/07/09-14:00,5723.6,5725.6,5722,5723.4,59
2025/07/09-14:05,5723.4,5724,5716,5716.6,106
2025/07/09-14:10,5717,5719,5713,5713.2,204
2025/07/09-14:15,5712,5715.2,5709,5715.2,226
2025/07/09-14:20,5715.6,5718.6,5713.6,5716.8,167
2025/07/09-14:25,5716.2,5716.2,5711,5711,111
2025/07/09-14:30,5710.8,5712.2,5707,5712.2,181
2025/07/09-14:35,5711.2,5712.2,5708,5709.2,132
2025/07/09-14:40,5709,5712.8,5698.4,5701.2,306
2025/07/09-14:45,5699.6,5702.8,5695.4,5697.2,337
2025/07/09-14:50,5696.2,5707,5694.8,5706,354
2025/07/09-14:55,5705.6,5708.8,5704.2,5705,208
2025/07/09-15:00,5705.2,5706.2,5696,5700,305
2025/07/10-09:35,5691.6,5713.6,5691.6,5707,479
2025/07/10-09:40,5706,5709,5696.2,5696.8,316
2025/07/10-09:45,5696.6,5713,5695.6,5710,265
2025/07/10-09:50,5710.6,5718.4,5708.6,5714.8,196
2025/07/10-09:55,5714.6,5716,5710.2,5712,126
2025/07/10-10:00,5711.2,5711.4,5706,5711.2,107
2025/07/10-10:05,5712.2,5714.6,5709.2,5709.8,107
2025/07/10-10:10,5709.8,5715.2,5708,5711.2,112
2025/07/10-10:15,5711.6,5713.2,5705,5705.4,166
2025/07/10-10:20,5705.4,5710.2,5703,5709.4,110
2025/07/10-10:25,5707.8,5711.2,5706,5709.6,145
2025/07/10-10:30,5708.6,5717.4,5706.6,5717.4,148
2025/07/10-10:35,5716.6,5719.6,5711.8,5713.2,218
2025/07/10-10:40,5712.4,5713.4,5703.6,5707,230
2025/07/10-10:45,5707,5707.6,5700.2,5700.2,206
2025/07/10-10:50,5701,5701.4,5688.8,5693.2,704
2025/07/10-10:55,5693.4,5698.8,5693,5698.6,173
2025/07/10-11:00,5697.2,5701,5697,5700.4,112
2025/07/10-11:05,5698.2,5705,5698.2,5699.4,107
2025/07/10-11:10,5700,5701.6,5697,5698.2,52
2025/07/10-11:15,5698.2,5701.4,5697.2,5701,70
2025/07/10-11:20,5701,5706.4,5700.8,5706,101
2025/07/10-11:25,5705.8,5707.2,5703.8,5706.8,58
2025/07/10-11:30,5706,5708,5705.4,5708,109
2025/07/10-13:05,5706,5720,5706,5717.2,254
2025/07/10-13:10,5717.6,5725.2,5715,5724.8,229
2025/07/10-13:15,5725,5725,5715.8,5718.4,158
2025/07/10-13:20,5718.4,5718.8,5711.8,5712.8,111
2025/07/10-13:25,5712.8,5716.6,5709.2,5715.8,112
2025/07/10-13:30,5716.6,5718.4,5713.2,5716.4,80
2025/07/10-13:35,5717.2,5719.4,5715.8,5717.2,112
2025/07/10-13:40,5718.4,5720.4,5716,5717.4,152
2025/07/10-13:45,5717.2,5720,5715.4,5716.6,90
2025/07/10-13:50,5716.6,5718.8,5714.8,5718.6,90
2025/07/10-13:55,5718.6,5724.2,5716.4,5720.8,117
2025/07/10-14:00,5721.2,5724.8,5718.2,5724.8,112
2025/07/10-14:05,5724.6,5732.2,5721.8,5729.2,296
2025/07/10-14:10,5729,5740.8,5728.2,5738.2,341
2025/07/10-14:15,5738.4,5754.2,5736.4,5754.2,409
2025/07/10-14:20,5754.4,5755.8,5744,5747,412
2025/07/10-14:25,5746,5746.8,5735,5739.8,304
2025/07/10-14:30,5740.4,5741.6,5729.4,5730.8,303
2025/07/10-14:35,5730.2,5735,5724.2,5725.8,322
2025/07/10-14:40,5726.4,5732.6,5724.4,5731.4,169
2025/07/10-14:45,5731.2,5734.8,5729.4,5731.2,128
2025/07/10-14:50,5730.6,5733,5728,5728,154
2025/07/10-14:55,5728.2,5732.2,5728.2,5731.2,155
2025/07/10-15:00,5731,5732.2,5729.6,5731.2,198
2025/07/11-09:35,5736.6,5736.6,5711,5711,557
2025/07/11-09:40,5711,5729.6,5705.4,5726.8,402
2025/07/11-09:45,5728.4,5732.6,5723.6,5730.4,239
2025/07/11-09:50,5730,5740.8,5729,5740.8,291
2025/07/11-09:55,5741,5742,5735.8,5740,206
2025/07/11-10:00,5740.6,5745.4,5731.6,5745.4,237
2025/07/11-10:05,5746.2,5749.8,5738,5749.8,311
2025/07/11-10:10,5750,5764.2,5749.6,5755.6,295
2025/07/11-10:15,5754.8,5764.6,5746,5746.6,383
2025/07/11-10:20,5746.8,5755.2,5744.4,5751,387
2025/07/11-10:25,5750.4,5780.4,5749.8,5779.6,576
2025/07/11-10:30,5779.4,5787,5768.8,5776.2,432
2025/07/11-10:35,5776.4,5795.6,5773,5785.2,487
2025/07/11-10:40,5784.6,5796.2,5777.8,5784.2,297
2025/07/11-10:45,5785.2,5791.4,5782.8,5790.8,204
2025/07/11-10:50,5790.2,5791.2,5775.4,5775.4,289
2025/07/11-10:55,5775,5780.2,5768.6,5775.6,303
2025/07/11-11:00,5774.8,5777.4,5770.4,5772,220
2025/07/11-11:05,5770.8,5776.2,5767.2,5772.2,186
2025/07/11-11:10,5772.8,5783,5770.6,5778.2,161
2025/07/11-11:15,5776.8,5782,5772.2,5772.2,132
2025/07/11-11:20,5771.2,5788.8,5769.2,5788.4,145
2025/07/11-11:25,5788.4,5794.6,5785,5794.4,207
2025/07/11-11:30,5793.6,5829.8,5790.8,5822.8,789
2025/07/11-13:05,5825.8,5846.8,5825.8,5838,977
2025/07/11-13:10,5836.2,5847.2,5831.8,5833.2,670
2025/07/11-13:15,5833.4,5833.4,5816.8,5819.4,374
2025/07/11-13:20,5819.6,5825.8,5815.8,5819.4,325
2025/07/11-13:25,5819.2,5827,5818,5822.8,271
2025/07/11-13:30,5823.8,5828.8,5816.6,5818.4,280
2025/07/11-13:35,5820.4,5833,5820,5830,421
2025/07/11-13:40,5831.4,5833.2,5812.2,5813,369
2025/07/11-13:45,5813.6,5827.2,5813,5827.2,259
2025/07/11-13:50,5826,5838.2,5822.2,5831,371
2025/07/11-13:55,5830,5831.4,5813.6,5816,250
2025/07/11-14:00,5815.8,5820.6,5810.2,5815.4,246
2025/07/11-14:05,5815.4,5816.8,5810,5812.2,281
2025/07/11-14:10,5812.2,5819.4,5808.6,5812.8,330
2025/07/11-14:15,5812,5814,5806.8,5814,174
2025/07/11-14:20,5814.8,5818.4,5813.6,5815.4,163
2025/07/11-14:25,5815.4,5817.8,5810,5812.2,172
2025/07/11-14:30,5810.4,5815.8,5808.6,5810.8,232
2025/07/11-14:35,5810,5814.6,5808.6,5811,239
2025/07/11-14:40,5810.4,5811.6,5786,5786,400
2025/07/11-14:45,5785,5793.8,5780,5781.4,594
2025/07/11-14:50,5780,5787,5770.8,5785,345
2025/07/11-14:55,5786.6,5794.8,5782.8,5790,346
2025/07/11-15:00,5790.4,5799.4,5790.4,5794,323
2025/07/14-09:35,5795.2,5803.4,5785.4,5788,660
2025/07/14-09:40,5788.2,5799.6,5786,5788.4,461
2025/07/14-09:45,5787.4,5791.6,5784.6,5787.8,264
2025/07/14-09:50,5787,5797,5785.8,5793,244
2025/07/14-09:55,5792.6,5799.8,5791,5799,242
2025/07/14-10:00,5799.6,5800.6,5790,5792.4,277
2025/07/14-10:05,5792.4,5798.2,5791.4,5791.8,136
2025/07/14-10:10,5791.2,5793,5788.2,5791,133
2025/07/14-10:15,5791,5791.2,5787.8,5789,115
2025/07/14-10:20,5790,5794.2,5788.8,5792.6,74
2025/07/14-10:25,5791.8,5792.4,5787.4,5789,112
2025/07/14-10:30,5790.6,5793.4,5785,5787.4,90
2025/07/14-10:35,5788,5792.8,5788,5789.2,49
2025/07/14-10:40,5788.4,5792.2,5788.4,5790.4,96
2025/07/14-10:45,5789.6,5789.6,5785.6,5786.6,59
2025/07/14-10:50,5786.4,5787.8,5786,5787.8,25
2025/07/14-10:55,5786,5788.4,5784.6,5786.2,85
2025/07/14-11:00,5786.2,5788,5783.4,5783.6,46
2025/07/14-11:05,5783.6,5786.2,5783,5783,52
2025/07/14-11:10,5783.4,5786,5783,5785.6,56
2025/07/14-11:15,5785.6,5786.8,5783.2,5784.2,61
2025/07/14-11:20,5785.6,5786.2,5783,5785,53
2025/07/14-11:25,5785,5786.4,5781,5783.4,82
2025/07/14-11:30,5783.8,5785.8,5777.4,5779.2,152
2025/07/14-13:05,5778,5783,5774.2,5779.4,170
2025/07/14-13:10,5780,5783.8,5778,5782.4,76
2025/07/14-13:15,5781.6,5782.4,5778.8,5780,78
2025/07/14-13:20,5779.2,5784,5778.6,5779,80
2025/07/14-13:25,5780.8,5785.8,5778.8,5785.4,219
2025/07/14-13:30,5787,5789.8,5785.8,5786.6,217
2025/07/14-13:35,5787.8,5791.6,5786.2,5791,236
2025/07/14-13:40,5791,5792.4,5785,5787.2,147
2025/07/14-13:45,5788,5790,5786.8,5789.6,54
2025/07/14-13:50,5788,5789.4,5786.8,5787.2,48
2025/07/14-13:55,5786.8,5788.4,5784,5787.6,40
2025/07/14-14:00,5787.2,5788.6,5785,5788.6,46
2025/07/14-14:05,5787.6,5791.6,5786.6,5791.6,63
2025/07/14-14:10,5792,5792,5787.8,5790,74
2025/07/14-14:15,5789.8,5791,5787.4,5789.6,38
2025/07/14-14:20,5790,5792.8,5788,5788.8,100
2025/07/14-14:25,5790.4,5790.4,5786,5786.8,62
2025/07/14-14:30,5788.2,5790,5787.8,5790,39
2025/07/14-14:35,5790,5790.2,5783,5785.4,93
2025/07/14-14:40,5784.4,5784.8,5780.4,5781,79
2025/07/14-14:45,5780.6,5785.8,5780.6,5782.6,64
2025/07/14-14:50,5782.8,5785.6,5782.6,5783.8,109
2025/07/14-14:55,5784,5784.6,5779.4,5780,310
2025/07/14-15:00,5779,5780.8,5774.2,5774.6,312
2025/07/15-09:35,5778.2,5794,5773.4,5793,551
2025/07/15-09:40,5791.2,5809,5791.2,5809,299
2025/07/15-09:45,5809.4,5812.4,5800.4,5809.8,291
2025/07/15-09:50,5812,5816,5808.2,5815,274
2025/07/15-09:55,5814.2,5817.4,5791,5794.4,421
2025/07/15-10:00,5794.8,5805.4,5791.6,5801,404
2025/07/15-10:05,5801,5805.4,5794.4,5799.6,311
2025/07/15-10:10,5800,5801.8,5794.2,5794.8,213
2025/07/15-10:15,5795.4,5795.4,5765.8,5765.8,475
2025/07/15-10:20,5765.8,5773,5758.6,5768.8,673
2025/07/15-10:25,5766,5783.6,5766,5773.4,307
2025/07/15-10:30,5773.2,5779.2,5771,5772.2,168
2025/07/15-10:35,5772.8,5778,5768.6,5775.4,154
2025/07/15-10:40,5775.8,5785.8,5772.4,5785.4,125
2025/07/15-10:45,5786.2,5787.2,5773.6,5774.8,126
2025/07/15-10:50,5774.6,5776.8,5770.2,5775.8,100
2025/07/15-10:55,5774.8,5775.2,5771.2,5772.6,82
2025/07/15-11:00,5772.6,5773.4,5768.2,5771.8,84
2025/07/15-11:05,5771.8,5773.2,5754.2,5761.8,525
2025/07/15-11:10,5761.6,5763.4,5750,5750,314
2025/07/15-11:15,5750,5750,5735.4,5736.8,503
2025/07/15-11:20,5737,5742.8,5730,5730,405
2025/07/15-11:25,5730,5737,5728,5734.6,220
2025/07/15-11:30,5732.6,5735.2,5726.2,5731,201
2025/07/15-13:05,5731.2,5747,5730.2,5745,244
2025/07/15-13:10,5743.4,5753.6,5743.4,5751.2,195
2025/07/15-13:15,5751,5753.4,5746.6,5750.6,99
2025/07/15-13:20,5750,5757.4,5749.2,5751,153
2025/07/15-13:25,5751,5753.4,5749,5752.6,302
2025/07/15-13:30,5753.6,5753.8,5746.4,5749.2,54
2025/07/15-13:35,5749.6,5754.8,5747.4,5753.4,66
2025/07/15-13:40,5754.4,5757,5746.2,5750.6,73
2025/07/15-13:45,5750.8,5757.6,5750.6,5756,54
2025/07/15-13:50,5756,5756.2,5749.6,5752.8,91
2025/07/15-13:55,5752.8,5755.6,5751.2,5752.6,72
2025/07/15-14:00,5753.8,5758.2,5753.2,5756.6,75
2025/07/15-14:05,5756.8,5768,5756.8,5765.8,173
2025/07/15-14:10,5765.8,5769,5763.6,5767.4,148
2025/07/15-14:15,5767.2,5768.8,5760.2,5764,109
2025/07/15-14:20,5763.2,5769.4,5759.8,5767.2,118
2025/07/15-14:25,5766.6,5771.4,5765.2,5768,78
2025/07/15-14:30,5767.6,5777.8,5767.6,5775.4,186
2025/07/15-14:35,5775.2,5779.6,5773.6,5775.8,168
2025/07/15-14:40,5775.6,5780,5773,5774.2,126
2025/07/15-14:45,5773.4,5774,5768.4,5770.8,128
2025/07/15-14:50,5770.8,5771.6,5767.4,5770.6,106
2025/07/15-14:55,5770.8,5773.6,5768.2,5768.8,237
2025/07/15-15:00,5769.6,5772.6,5767.6,5770.4,272
2025/07/16-09:35,5779.2,5787.6,5771,5777.8,410
2025/07/16-09:40,5779,5791.6,5777.8,5789.6,217
2025/07/16-09:45,5790.6,5809,5788.8,5806.8,289
2025/07/16-09:50,5806.8,5807.2,5798.4,5805.4,239
2025/07/16-09:55,5805.6,5824,5805.6,5821.8,405
2025/07/16-10:00,5823.4,5836.2,5822,5830.6,418
2025/07/16-10:05,5830.6,5832,5816.4,5817,312
2025/07/16-10:10,5817.2,5817.2,5805.8,5808.2,275
2025/07/16-10:15,5807,5807.4,5796.2,5801.8,267
2025/07/16-10:20,5801.8,5812.2,5799.6,5811.4,178
2025/07/16-10:25,5812.2,5812.8,5800.8,5803,146
2025/07/16-10:30,5802,5805,5797.6,5798.2,98
2025/07/16-10:35,5798.4,5801.4,5794.4,5796.6,138
2025/07/16-10:40,5795,5800.6,5792,5794,153
2025/07/16-10:45,5793.6,5795.4,5789,5793,141
2025/07/16-10:50,5793,5796.4,5786.8,5787.2,147
2025/07/16-10:55,5787,5789.2,5782,5784.4,183
2025/07/16-11:00,5784.8,5790.6,5782.8,5788.2,146
2025/07/16-11:05,5788.2,5799.2,5788,5797.4,122
2025/07/16-11:10,5795.8,5796.2,5789,5790,51
2025/07/16-11:15,5788.2,5797.4,5787.6,5796,61
2025/07/16-11:20,5795.8,5797.8,5792.8,5794.2,59
2025/07/16-11:25,5794.8,5794.8,5784,5787,80
2025/07/16-11:30,5787.2,5793,5784.6,5792.2,132
2025/07/16-13:05,5791,5792.6,5778.2,5784.4,220
2025/07/16-13:10,5783.4,5787.2,5783.2,5785.4,45
2025/07/16-13:15,5785.6,5785.6,5780,5781.4,46
2025/07/16-13:20,5781,5783,5776.8,5778,80
2025/07/16-13:25,5778.2,5784,5778.2,5781.4,106
2025/07/16-13:30,5781.2,5786.4,5781.2,5782.8,80
2025/07/16-13:35,5784,5784,5778,5780.6,95
2025/07/16-13:40,5778,5779.8,5774,5776.4,72
2025/07/16-13:45,5777.2,5777.6,5772,5772,54
2025/07/16-13:50,5771,5771.2,5750.6,5768.4,513
2025/07/16-13:55,5768.6,5774,5765,5769.8,225
2025/07/16-14:00,5771.4,5780.4,5771.4,5778,217
2025/07/16-14:05,5776.6,5779.6,5768.6,5773.2,129
2025/07/16-14:10,5772.8,5779.8,5766.4,5779.2,117
2025/07/16-14:15,5778.2,5785,5777.2,5780.6,129
2025/07/16-14:20,5783,5789.6,5783,5787,75
2025/07/16-14:25,5787.8,5787.8,5777.2,5780.2,81
2025/07/16-14:30,5780.4,5780.4,5773.8,5775.6,67
2025/07/16-14:35,5776.2,5778,5772.8,5776,119
2025/07/16-14:40,5775.2,5776.8,5770,5770,148
2025/07/16-14:45,5770,5775.2,5768.8,5774,130
2025/07/16-14:50,5774.4,5775,5770.2,5772.8,93
2025/07/16-14:55,5773.8,5773.8,5766.2,5767.2,214
2025/07/16-15:00,5767.2,5769.8,5766,5767.2,275
2025/07/17-09:35,5766,5792,5766,5792,446
2025/07/17-09:40,5790,5794.6,5785,5792.2,239
2025/07/17-09:45,5794.8,5803.2,5794.4,5799.6,238
2025/07/17-09:50,5800,5802.2,5788.8,5793.8,289
2025/07/17-09:55,5795,5802,5793,5800.2,220
2025/07/17-10:00,5799.2,5808,5796.4,5808,171
2025/07/17-10:05,5808,5810,5792.2,5796,214
2025/07/17-10:10,5796,5799.8,5793.6,5797.4,121
2025/07/17-10:15,5796.8,5816.4,5795,5815.4,251
2025/07/17-10:20,5815.4,5820.2,5808.6,5810.2,263
2025/07/17-10:25,5809.2,5812,5797.6,5799.8,195
2025/07/17-10:30,5799.8,5807,5794.4,5804.8,190
2025/07/17-10:35,5805,5806.6,5800.2,5803.2,101
2025/07/17-10:40,5803.2,5809.4,5801.6,5809.4,72
2025/07/17-10:45,5809.8,5811.2,5805.6,5808.8,55
2025/07/17-10:50,5807.2,5808,5803.8,5806.6,79
2025/07/17-10:55,5806.8,5815,5806.4,5810.4,91
2025/07/17-11:00,5811.6,5814,5807.4,5812.6,220
2025/07/17-11:05,5813,5816.4,5808,5812.6,178
2025/07/17-11:10,5813.4,5815.2,5810,5811.2,123
2025/07/17-11:15,5811,5811,5802.2,5809.8,108
2025/07/17-11:20,5811.4,5827,5811.4,5813.6,364
2025/07/17-11:25,5814.2,5825,5813.2,5820.4,133
2025/07/17-11:30,5821.8,5826,5816,5825.2,137
2025/07/17-13:05,5824.4,5829.2,5821.2,5827.4,231
2025/07/17-13:10,5827.4,5830,5815.8,5818,123
2025/07/17-13:15,5817.4,5825.4,5815.6,5824.2,75
2025/07/17-13:20,5824.2,5824.2,5818,5822.8,57
2025/07/17-13:25,5823.4,5830.4,5821.8,5826.6,100
2025/07/17-13:30,5826.6,5827,5822,5825.8,80
2025/07/17-13:35,5826,5828.4,5823,5828.4,76
2025/07/17-13:40,5828.4,5840,5827.2,5835.8,211
2025/07/17-13:45,5835.8,5846.8,5832.6,5844,269
2025/07/17-13:50,5842.8,5842.8,5833,5837.6,140
2025/07/17-13:55,5834.6,5838,5830.2,5838,92
2025/07/17-14:00,5838,5842.4,5836,5838.4,98
2025/07/17-14:05,5841.4,5851.2,5840,5845,285
2025/07/17-14:10,5844.8,5852.8,5842.2,5845.6,232
2025/07/17-14:15,5844,5845.2,5833.8,5835.8,185
2025/07/17-14:20,5835.8,5847.8,5835.8,5847.6,119
2025/07/17-14:25,5847.6,5848.8,5842,5842,104
2025/07/17-14:30,5841.8,5843.2,5837.6,5838,94
2025/07/17-14:35,5838,5850,5837,5850,251
2025/07/17-14:40,5850,5853,5848.2,5850.2,264
2025/07/17-14:45,5850,5850,5841,5842.4,153
2025/07/17-14:50,5841.8,5844.4,5840.4,5843.2,113
2025/07/17-14:55,5842.8,5845,5838.4,5844.6,221
2025/07/17-15:00,5845.2,5849.8,5843,5849.4,270
2025/07/18-09:35,5867.2,5889.6,5862.8,5883,735
2025/07/18-09:40,5883.6,5893.4,5875,5893.4,539
2025/07/18-09:45,5894,5898.6,5882,5882,380
2025/07/18-09:50,5882,5894.8,5870.2,5876.4,409
2025/07/18-09:55,5876.2,5887.8,5873.8,5874.4,239
2025/07/18-10:00,5873.8,5877.6,5865.8,5872,314
2025/07/18-10:05,5872,5881.6,5863.8,5865,260
2025/07/18-10:10,5864.6,5870.6,5858.6,5860,314
2025/07/18-10:15,5859.4,5878,5859,5878,255
2025/07/18-10:20,5878,5878.4,5870,5873.6,203
2025/07/18-10:25,5872,5879,5870.8,5876.4,151
2025/07/18-10:30,5877.2,5882,5876,5876,125
2025/07/18-10:35,5877,5877.6,5872,5873.8,136
2025/07/18-10:40,5874.6,5878,5870.8,5873.6,162
2025/07/18-10:45,5874,5880.8,5872.2,5878.4,85
2025/07/18-10:50,5878.6,5882.4,5876.4,5879.2,97
2025/07/18-10:55,5879.2,5882.8,5877.4,5880,61
2025/07/18-11:00,5880.2,5888.2,5878.2,5878.2,124
2025/07/18-11:05,5878.4,5885.4,5876.2,5884.8,119
2025/07/18-11:10,5885.6,5887.6,5876.2,5877,130
2025/07/18-11:15,5876.2,5877,5867.2,5870.4,269
2025/07/18-11:20,5871.8,5878,5870,5876,127
2025/07/18-11:25,5874.4,5878,5871.4,5877.8,109
2025/07/18-11:30,5877.6,5877.6,5869.4,5872.8,144
2025/07/18-13:05,5872.6,5872.6,5852.2,5855,373
2025/07/18-13:10,5853.8,5860.2,5849.4,5860.2,289
2025/07/18-13:15,5860.2,5864,5857.2,5857.4,146
2025/07/18-13:20,5857.4,5862,5856.2,5859.6,143
2025/07/18-13:25,5859.8,5864,5858.4,5862,135
2025/07/18-13:30,5863.4,5863.6,5857.2,5859,149
2025/07/18-13:35,5858.4,5863,5858.4,5858.6,92
2025/07/18-13:40,5858.6,5861.6,5850.2,5858,156
2025/07/18-13:45,5857.8,5859.6,5852,5852,134
2025/07/18-13:50,5852.4,5852.6,5846.2,5847.8,162
2025/07/18-13:55,5848.8,5849.8,5842,5845.2,225
2025/07/18-14:00,5847,5849.4,5843.6,5847.2,154
2025/07/18-14:05,5846.8,5856.4,5846.8,5855.6,135
2025/07/18-14:10,5856.4,5866.4,5855.2,5860.6,160
2025/07/18-14:15,5860.4,5863.4,5858.2,5862.4,150
2025/07/18-14:20,5861.8,5865,5858,5859.2,135
2025/07/18-14:25,5858.8,5861.2,5857.2,5860,90
2025/07/18-14:30,5859.8,5861,5856.6,5857.2,160
2025/07/18-14:35,5858.4,5860.6,5854.2,5858.6,152
2025/07/18-14:40,5858.8,5864,5856.4,5861.4,250
2025/07/18-14:45,5862.6,5869,5860.8,5868.2,359
2025/07/18-14:50,5869.4,5876.6,5868.6,5870,417
2025/07/18-14:55,5869.8,5877.8,5869.4,5875.4,454
2025/07/18-15:00,5875.4,5875.4,5869.2,5872.4,456
2025/07/21-09:35,5890,5923.8,5890,5919,1134
2025/07/21-09:40,5919,5932.8,5917.6,5926.4,806
2025/07/21-09:45,5927.6,5931.8,5917.2,5927.8,662
2025/07/21-09:50,5928.2,5941.8,5917.2,5919.2,565
2025/07/21-09:55,5919.4,5928.8,5917.2,5928,452
2025/07/21-10:00,5926.2,5944.4,5926.2,5940,546
2025/07/21-10:05,5941.2,5941.8,5931,5937.2,250
2025/07/21-10:10,5936.2,5937,5925.6,5935.6,233
2025/07/21-10:15,5936.4,5945.2,5935,5941.8,340
2025/07/21-10:20,5940.4,5954.6,5940,5945.2,591
2025/07/21-10:25,5945,5948.2,5942.4,5942.8,324
2025/07/21-10:30,5942.8,5942.8,5934.4,5939.8,164
2025/07/21-10:35,5941.2,5952.4,5939.6,5949.6,208
2025/07/21-10:40,5949.2,5950.4,5941,5943.4,183
2025/07/21-10:45,5945.2,5948,5939.6,5940.2,228
2025/07/21-10:50,5940.2,5941.4,5932.2,5934,120
2025/07/21-10:55,5935.8,5941.6,5933.4,5937.4,116
2025/07/21-11:00,5939,5939.2,5932.2,5935.8,114
2025/07/21-11:05,5935.8,5937,5932,5936,115
2025/07/21-11:10,5936.8,5937,5928.2,5928.4,148
2025/07/21-11:15,5928.8,5933.6,5922.8,5924,179
2025/07/21-11:20,5924.2,5926,5910.6,5916.4,434
2025/07/21-11:25,5916.6,5931.4,5915.8,5929,261
2025/07/21-11:30,5928,5932.8,5927,5927,142
2025/07/21-13:05,5925.6,5927.8,5911.2,5915.4,252
2025/07/21-13:10,5917,5920.8,5913.2,5916.2,223
2025/07/21-13:15,5917.4,5918.2,5912,5914.2,223
2025/07/21-13:20,5915.4,5925.8,5914.2,5920.6,248
2025/07/21-13:25,5920.4,5925.8,5917.2,5923.8,169
2025/07/21-13:30,5924.6,5929,5923.6,5925.8,153
2025/07/21-13:35,5925.4,5930,5923.6,5924.2,164
2025/07/21-13:40,5926,5936,5925.8,5934.4,219
2025/07/21-13:45,5934.2,5941.6,5933.2,5939.2,187
2025/07/21-13:50,5939.2,5940.4,5932.6,5934.6,171
2025/07/21-13:55,5934.6,5935.8,5926.4,5928.8,248
2025/07/21-14:00,5928.8,5928.8,5921.6,5924,261
2025/07/21-14:05,5924.8,5935.2,5923.2,5933,174
2025/07/21-14:10,5933.4,5935.8,5930.8,5934.2,165
2025/07/21-14:15,5934.2,5935,5931.6,5932.6,160
2025/07/21-14:20,5932.6,5937.6,5931.8,5933,136
2025/07/21-14:25,5934.4,5937.8,5934,5936,129
2025/07/21-14:30,5935.2,5939.8,5934.8,5935,260
2025/07/21-14:35,5934.6,5938.2,5933.8,5936,225
2025/07/21-14:40,5934.8,5934.8,5928.6,5934,230
2025/07/21-14:45,5933.8,5936,5931.4,5932.8,173
2025/07/21-14:50,5933,5934.4,5929.2,5933.2,243
2025/07/21-14:55,5933,5933,5929,5929.2,336
2025/07/21-15:00,5929.4,5930.6,5927.6,5929.4,445
2025/07/22-09:35,5933.2,5947.6,5930,5940.2,542
2025/07/22-09:40,5942,5952.8,5939.6,5947.4,330
2025/07/22-09:45,5946.4,5950,5941.6,5950,183
2025/07/22-09:50,5950,5951.2,5938.8,5938.8,243
2025/07/22-09:55,5938.8,5946.8,5938,5946.8,151
2025/07/22-10:00,5945.8,5948.4,5936.4,5945.8,259
2025/07/22-10:05,5947,5949.4,5939.2,5942,195
2025/07/22-10:10,5943.8,5947.6,5943.4,5945,126
2025/07/22-10:15,5944.4,5947.6,5942.4,5947.2,103
2025/07/22-10:20,5947.4,5947.6,5935.6,5936.6,214
2025/07/22-10:25,5937,5937.2,5923.4,5925,289
2025/07/22-10:30,5924.6,5932.8,5923.8,5930.6,261
2025/07/22-10:35,5929.8,5938.2,5929.8,5938.2,220
2025/07/22-10:40,5938.6,5944.8,5937.6,5944.8,144
2025/07/22-10:45,5944.8,5950.4,5944.2,5948.6,195
2025/07/22-10:50,5948.4,5962,5948.4,5962,245
2025/07/22-10:55,5962.4,5967.4,5960,5967.2,364
2025/07/22-11:00,5967.2,5968,5960.2,5965.2,207
2025/07/22-11:05,5964.2,5965,5958,5965,104
2025/07/22-11:10,5965,5965,5958.2,5962.8,80
2025/07/22-11:15,5962.4,5970.8,5959.6,5968,149
2025/07/22-11:20,5969,5973,5965.8,5972.4,159
2025/07/22-11:25,5972.2,5979,5966.6,5967.2,247
2025/07/22-11:30,5968.2,5980,5968,5976.4,209
2025/07/22-13:05,5975.6,5980,5965.4,5965.4,595
2025/07/22-13:10,5965.4,5975,5961.6,5969.6,432
2025/07/22-13:15,5968.6,5980,5967.8,5973.8,383
2025/07/22-13:20,5974.2,5980.4,5972.4,5977.2,254
2025/07/22-13:25,5976,6002.2,5974.2,6001.8,703
2025/07/22-13:30,6001.6,6001.6,5985.6,5988.2,489
2025/07/22-13:35,5988,5991.8,5974.4,5983.8,353
2025/07/22-13:40,5984,5997.8,5984,5987.4,265
2025/07/22-13:45,5986,5989.8,5981.4,5982.4,170
2025/07/22-13:50,5981.6,5982.2,5975,5975.4,179
2025/07/22-13:55,5975,5976.6,5971,5971.6,254
2025/07/22-14:00,5971,5979.6,5970.6,5973,235
2025/07/22-14:05,5972.8,5978.8,5962.2,5962.8,342
2025/07/22-14:10,5962.4,5972.8,5961,5962,234
2025/07/22-14:15,5962,5972.4,5959,5970.6,226
2025/07/22-14:20,5971,5978,5970,5970.8,293
2025/07/22-14:25,5970.8,5981.6,5970.6,5980.2,238
2025/07/22-14:30,5980.6,5990.8,5977.6,5990,277
2025/07/22-14:35,5990,6001.6,5990,5994.6,492
2025/07/22-14:40,5994.8,5998,5987.4,5991.4,237
2025/07/22-14:45,5992,5994.2,5985,5991.6,204
2025/07/22-14:50,5992.4,5995,5988.8,5990.8,187
2025/07/22-14:55,5991.2,5994.4,5987,5989.2,234
2025/07/22-15:00,5990,6005,5988,6001.2,409
2025/07/23-09:35,6024.2,6024.2,5986.2,5993.2,844
2025/07/23-09:40,5993.2,6012,5993.2,6006.2,482
2025/07/23-09:45,6005,6009.2,5993.2,6004.2,545
2025/07/23-09:50,6005.2,6019.4,6004.4,6007.4,581
2025/07/23-09:55,6008.2,6021.2,6005.4,6018.2,333
2025/07/23-10:00,6018.2,6033.4,6018,6028.6,351
2025/07/23-10:05,6028.4,6032.8,6013,6018.6,374
2025/07/23-10:10,6018.6,6030.2,6018.6,6028.8,323
2025/07/23-10:15,6029.4,6029.4,6014,6018,358
2025/07/23-10:20,6017.2,6018,6007,6008.2,605
2025/07/23-10:25,6007.4,6010.4,6003.8,6008,396
2025/07/23-10:30,6007.6,6012.8,6003,6009.8,274
2025/07/23-10:35,6009.2,6016.8,6008,6011.2,160
2025/07/23-10:40,6010.2,6013.2,6006.6,6008.6,185
2025/07/23-10:45,6010.2,6010.8,6003.8,6004,173
2025/07/23-10:50,6003.6,6008.4,6000,6005,238
2025/07/23-10:55,6003.8,6005,5998.6,6000.2,151
2025/07/23-11:00,5999.2,6007.4,5999,6003,272
2025/07/23-11:05,6003,6012.6,6001.2,6008,262
2025/07/23-11:10,6008,6010.4,6004.6,6007.4,125
2025/07/23-11:15,6008.6,6022.8,6008.6,6018.6,196
2025/07/23-11:20,6018.4,6023.4,6010.8,6012.8,141
2025/07/23-11:25,6012.8,6027,6012.8,6026.2,423
2025/07/23-11:30,6027,6037,6025.8,6034.2,713
2025/07/23-13:05,6036.2,6043,6028.8,6037.4,614
2025/07/23-13:10,6036.4,6043.8,6031.4,6040.8,385
2025/07/23-13:15,6041.4,6053.8,6037.4,6052.4,450
2025/07/23-13:20,6051.2,6055.4,6045,6048,411
2025/07/23-13:25,6047.2,6051.8,6034.2,6034.8,266
2025/07/23-13:30,6034.8,6047,6033.2,6044.2,371
2025/07/23-13:35,6043.8,6046.4,6027.4,6031.2,303
2025/07/23-13:40,6030.2,6030.8,6020,6020,364
2025/07/23-13:45,6020,6023.8,6018,6019.2,242
2025/07/23-13:50,6020.2,6029.6,6019.6,6026.6,213
2025/07/23-13:55,6025.6,6036.8,6025.6,6026,206
2025/07/23-14:00,6026,6030.6,6020.8,6020.8,144
2025/07/23-14:05,6021.4,6026.6,6018,6018.6,203
2025/07/23-14:10,6018.8,6026.4,6018.2,6019,203
2025/07/23-14:15,6019,6023,5999.4,5999.6,405
2025/07/23-14:20,6000,6012.2,5994.4,5994.4,846
2025/07/23-14:25,5994.6,5996.8,5977,5985,926
2025/07/23-14:30,5985.6,5997.8,5980,5996.6,335
2025/07/23-14:35,5996.2,6003.6,5989.8,5991.8,257
2025/07/23-14:40,5994,5996.4,5980.2,5980.2,267
2025/07/23-14:45,5980.2,5997,5979.4,5994.8,290
2025/07/23-14:50,5995.8,5999.4,5994.2,5999.4,248
2025/07/23-14:55,5999,6000,5997,5997.8,381
2025/07/23-15:00,5998,5998.8,5994.6,5996.2,524
2025/07/24-09:35,6003,6024,5991.8,6021,1023
2025/07/24-09:40,6020.6,6024.8,6010,6024.4,442
2025/07/24-09:45,6025,6028,6016.2,6024.6,349
2025/07/24-09:50,6023.8,6027.8,6021,6023,239
2025/07/24-09:55,6023.2,6036.6,6021.4,6034.6,418
2025/07/24-10:00,6034.6,6041.2,6028.4,6036,313
2025/07/24-10:05,6036.2,6039.6,6030.6,6032.6,263
2025/07/24-10:10,6032.6,6032.8,6026.4,6027.2,275
2025/07/24-10:15,6028.6,6037.4,6025.6,6037.4,211
2025/07/24-10:20,6038,6050,6038,6045.2,322
2025/07/24-10:25,6045.2,6050.2,6041.4,6041.6,310
2025/07/24-10:30,6041.2,6041.2,6036.2,6040,152
2025/07/24-10:35,6041.4,6047.2,6040.6,6045.8,149
2025/07/24-10:40,6044.8,6056.6,6044.8,6055.8,227
2025/07/24-10:45,6056.8,6067.4,6054.8,6059,286
2025/07/24-10:50,6059.6,6064,6052.2,6058.4,188
2025/07/24-10:55,6058.8,6063.2,6052,6052,171
2025/07/24-11:00,6053,6066.4,6051.6,6065.2,260
2025/07/24-11:05,6065.2,6067.8,6045,6045.2,332
2025/07/24-11:10,6045.8,6054.8,6042.6,6046.2,216
2025/07/24-11:15,6046,6059.6,6045.6,6059,128
2025/07/24-11:20,6057.2,6076.6,6057.2,6068.2,284
2025/07/24-11:25,6068.2,6071.4,6059,6059.8,271
2025/07/24-11:30,6060,6068.2,6055,6068.2,180
2025/07/24-13:05,6068,6080,6068,6079,369
2025/07/24-13:10,6078,6085,6075.2,6078.2,328
2025/07/24-13:15,6077.4,6079.2,6069.2,6076.4,235
2025/07/24-13:20,6076.8,6079.2,6070.8,6075,249
2025/07/24-13:25,6075.2,6077.2,6068.8,6075.8,200
2025/07/24-13:30,6075.6,6085,6074.8,6083,201
2025/07/24-13:35,6083.2,6086.8,6078.2,6078.8,292
2025/07/24-13:40,6078.8,6082,6076.4,6081.6,214
2025/07/24-13:45,6081.6,6086.6,6060.8,6062,430
2025/07/24-13:50,6061.8,6081.6,6050.6,6073.8,526
2025/07/24-13:55,6075.4,6075.8,6065.2,6073.4,271
2025/07/24-14:00,6074.6,6074.6,6055,6069.2,435
2025/07/24-14:05,6069.6,6081.8,6068.8,6081.2,286
2025/07/24-14:10,6079.4,6082.8,6074.2,6081,188
2025/07/24-14:15,6081.4,6084.8,6076.8,6082,274
2025/07/24-14:20,6083.4,6086.2,6077,6080.2,208
2025/07/24-14:25,6078.4,6084.2,6077.6,6082.6,210
2025/07/24-14:30,6082.6,6091.2,6080.4,6087.6,317
2025/07/24-14:35,6087.6,6100.4,6084.6,6099.8,331
2025/07/24-14:40,6100.6,6103.8,6092.6,6100.2,443
2025/07/24-14:45,6101.6,6102.2,6090.4,6095.6,281
2025/07/24-14:50,6096.2,6098.2,6089.6,6097.4,369
2025/07/24-14:55,6097.2,6108.6,6093.8,6108.6,542
2025/07/24-15:00,6108,6111.6,6100,6104.6,657
2025/07/25-09:35,6105.8,6105.8,6084,6092.8,740
2025/07/25-09:40,6093.8,6097.4,6080,6094,520
2025/07/25-09:45,6094,6094,6083.4,6083.6,353
2025/07/25-09:50,6083,6086.6,6076,6078.4,395
2025/07/25-09:55,6079.4,6100,6077.2,6099.2,303
2025/07/25-10:00,6100,6104.4,6095.2,6095.6,272
2025/07/25-10:05,6095,6103.4,6092.8,6103.4,267
2025/07/25-10:10,6102.4,6103.4,6085,6089.2,264
2025/07/25-10:15,6089,6092.8,6083.2,6092.8,332
2025/07/25-10:20,6092,6092.8,6084.8,6086.2,156
2025/07/25-10:25,6085.2,6091.8,6080,6090,210
2025/07/25-10:30,6089.6,6093.8,6086.2,6093.8,110
2025/07/25-10:35,6092.4,6104.4,6091.2,6104.4,185
2025/07/25-10:40,6103.6,6106.6,6097.8,6097.8,162
2025/07/25-10:45,6097,6098,6093,6095.2,156
2025/07/25-10:50,6096,6097,6087.6,6092.8,143
2025/07/25-10:55,6092,6092.8,6084.2,6086.8,140
2025/07/25-11:00,6086.8,6087,6066,6073.6,529
2025/07/25-11:05,6072.6,6083.8,6072,6078.6,288
2025/07/25-11:10,6079.8,6082,6071,6082,167
2025/07/25-11:15,6081.8,6089.6,6080.6,6089.4,146
2025/07/25-11:20,6087.4,6090.8,6084,6089,105
2025/07/25-11:25,6089.4,6090.4,6083,6086.6,96
2025/07/25-11:30,6086,6087.2,6080.8,6082.2,97
2025/07/25-13:05,6080.2,6085.6,6075,6082.6,215
2025/07/25-13:10,6082,6088.6,6079.4,6087,115
2025/07/25-13:15,6087,6089.8,6077.4,6078,150
2025/07/25-13:20,6079.2,6083.6,6078.2,6078.8,77
2025/07/25-13:25,6079.2,6088.6,6078.2,6088.6,245
2025/07/25-13:30,6087.2,6092.8,6085.4,6086.8,242
2025/07/25-13:35,6088.2,6094,6082.4,6092.2,138
2025/07/25-13:40,6093.4,6093.6,6083.2,6084.4,177
2025/07/25-13:45,6085.2,6089.4,6080.8,6081.6,147
2025/07/25-13:50,6082.6,6087,6082.2,6084.2,136
2025/07/25-13:55,6083.8,6089,6082.8,6089,157
2025/07/25-14:00,6088.6,6096,6086.4,6095,157
2025/07/25-14:05,6095,6099.2,6091.4,6097.4,232
2025/07/25-14:10,6097.2,6100,6093.8,6094,224
2025/07/25-14:15,6094,6095.2,6088,6090.8,184
2025/07/25-14:20,6090,6093.4,6085.4,6087.4,154
2025/07/25-14:25,6087.4,6090,6071,6077.2,353
2025/07/25-14:30,6076.6,6088.6,6076.6,6085.4,435
2025/07/25-14:35,6086.4,6095.6,6085.4,6095.4,259
2025/07/25-14:40,6096,6096.2,6088.8,6093.4,290
2025/07/25-14:45,6092.6,6097,6089.2,6092.4,443
2025/07/25-14:50,6092.8,6099,6092,6097.2,224
2025/07/25-14:55,6097,6099,6092.6,6094.4,246
2025/07/25-15:00,6094.4,6094.4,6090,6090.6,413
2025/07/28-09:35,6093,6094.2,6052,6053.8,1120
2025/07/28-09:40,6053.4,6066.6,6052,6066,794
2025/07/28-09:45,6065.8,6077.8,6063.2,6076.8,484
2025/07/28-09:50,6076.8,6077.4,6065.4,6074,280
2025/07/28-09:55,6074.2,6098.6,6074.2,6098.6,437
2025/07/28-10:00,6099,6105.4,6095.4,6099,539
2025/07/28-10:05,6098.8,6101.6,6091.2,6098.6,281
2025/07/28-10:10,6100,6115.8,6098.4,6114,368
2025/07/28-10:15,6114,6120.8,6112.4,6120.8,383
2025/07/28-10:20,6121.8,6122,6115.2,6119.2,329
2025/07/28-10:25,6118.6,6119.2,6107,6117,267
2025/07/28-10:30,6115,6119,6109.2,6113.2,200
2025/07/28-10:35,6113.2,6118.4,6111.4,6117.4,184
2025/07/28-10:40,6118.2,6122.4,6112.4,6112.6,219
2025/07/28-10:45,6113.4,6119.4,6111,6117.4,125
2025/07/28-10:50,6118,6122.6,6115.2,6115.2,268
2025/07/28-10:55,6116.2,6120.2,6115.4,6119.4,121
2025/07/28-11:00,6120.2,6121.8,6105.4,6114.8,353
2025/07/28-11:05,6114.8,6119.8,6111.6,6116.2,165
2025/07/28-11:10,6116.2,6120,6111.8,6111.8,121
2025/07/28-11:15,6113,6117.6,6110.2,6111.8,78
2025/07/28-11:20,6111.2,6118.6,6105.6,6105.6,133
2025/07/28-11:25,6105.2,6105.8,6088.8,6090,390
2025/07/28-11:30,6090.2,6096.8,6069,6069,691
2025/07/28-13:05,6068.8,6095,6066.4,6091.2,485
2025/07/28-13:10,6090.4,6096.6,6088,6092.4,288
2025/07/28-13:15,6093,6099,6092.2,6099,245
2025/07/28-13:20,6099,6106,6097.6,6100.6,457
2025/07/28-13:25,6101.4,6103,6096.2,6098.4,174
2025/07/28-13:30,6099.6,6101.6,6095.2,6097.8,153
2025/07/28-13:35,6097.8,6102,6095.8,6100.2,200
2025/07/28-13:40,6100,6105,6095,6099.8,235
2025/07/28-13:45,6100.8,6103.8,6095.6,6101,273
2025/07/28-13:50,6101.2,6101.8,6083,6089.6,273
2025/07/28-13:55,6090.4,6103.6,6090.4,6101.4,180
2025/07/28-14:00,6102,6103.8,6098.8,6103.4,83
2025/07/28-14:05,6103.4,6108.6,6099.4,6100.2,245
2025/07/28-14:10,6099.6,6103.8,6090,6090.6,206
2025/07/28-14:15,6090.6,6094.8,6086.6,6093.4,148
2025/07/28-14:20,6093.4,6096.6,6082,6087.6,172
2025/07/28-14:25,6088.2,6089,6080,6080.8,414
2025/07/28-14:30,6080.6,6089.6,6080.6,6089.6,233
2025/07/28-14:35,6089.8,6093,6086.4,6089.4,156
2025/07/28-14:40,6090.2,6094.8,6088.8,6094.8,136
2025/07/28-14:45,6094.8,6097.8,6094,6095,113
2025/07/28-14:50,6095,6097.2,6092.8,6096.8,156
2025/07/28-14:55,6096.8,6097.4,6093.8,6095.2,290
2025/07/28-15:00,6095.4,6095.4,6091,6091.4,278
2025/07/29-09:35,6081.4,6089.4,6065.4,6073.4,755
2025/07/29-09:40,6074.6,6083.2,6074.6,6079.6,383
2025/07/29-09:45,6081,6084.2,6054.2,6055.2,586
2025/07/29-09:50,6055.2,6064,6051.2,6059.2,455
2025/07/29-09:55,6059.6,6061.4,6054,6061.2,213
2025/07/29-10:00,6060.4,6060.4,6037.4,6039.4,668
2025/07/29-10:05,6039.8,6048.8,6033,6047.2,698
2025/07/29-10:10,6047.2,6056,6045.6,6053.6,283
2025/07/29-10:15,6053.6,6069,6052,6069,298
2025/07/29-10:20,6068.4,6068.4,6059.2,6062.8,188
2025/07/29-10:25,6061.8,6062,6051.6,6058,189
2025/07/29-10:30,6057.4,6065.4,6056.8,6059.4,174
2025/07/29-10:35,6059.2,6062.6,6053.4,6053.4,119
2025/07/29-10:40,6053.2,6055.8,6045.4,6053.2,236
2025/07/29-10:45,6052.6,6061,6051,6061,107
2025/07/29-10:50,6060.4,6061.2,6051,6053.6,164
2025/07/29-10:55,6053.2,6060.8,6053.2,6059.2,269
2025/07/29-11:00,6059,6066.8,6056.4,6064.8,264
2025/07/29-11:05,6065,6067,6058,6064.2,264
2025/07/29-11:10,6064.8,6072.4,6063.2,6069.6,273
2025/07/29-11:15,6069.6,6071.2,6066,6069.8,87
2025/07/29-11:20,6070.8,6091,6070.8,6083.4,457
2025/07/29-11:25,6083.4,6088.6,6079,6079,190
2025/07/29-11:30,6077.8,6081,6067.2,6069,204
2025/07/29-13:05,6070.4,6084.4,6068.4,6084.4,288
2025/07/29-13:10,6084.8,6086,6068,6068,115
2025/07/29-13:15,6068.2,6071.8,6063.2,6066.2,152
2025/07/29-13:20,6066,6066,6060.6,6063.2,155
2025/07/29-13:25,6062.4,6066.2,6060.4,6062,266
2025/07/29-13:30,6062.6,6066.8,6059.2,6063.4,329
2025/07/29-13:35,6063.8,6071.6,6063.8,6068,165
2025/07/29-13:40,6069.8,6071.8,6061.8,6063,137
2025/07/29-13:45,6063.2,6072.8,6063.2,6072.6,114
2025/07/29-13:50,6072.8,6080,6072.8,6078.6,251
2025/07/29-13:55,6078,6079.6,6069.2,6071,143
2025/07/29-14:00,6070.4,6076.2,6069.4,6072.4,122
2025/07/29-14:05,6072.8,6087.8,6072.8,6086.6,364
2025/07/29-14:10,6087,6092.8,6081.6,6083,469
2025/07/29-14:15,6082.8,6087.8,6078,6086.2,202
2025/07/29-14:20,6086.8,6092.4,6086.2,6090,128
2025/07/29-14:25,6090,6105.4,6087.6,6105.4,218
2025/07/29-14:30,6105.2,6110,6099.2,6106,352
2025/07/29-14:35,6106,6109.2,6101,6104,215
2025/07/29-14:40,6103,6108.8,6100.4,6104.8,228
2025/07/29-14:45,6103.8,6105,6099,6101.4,370
2025/07/29-14:50,6101,6109.4,6100,6108,274
2025/07/29-14:55,6107.6,6116.8,6105,6115.6,458
2025/07/29-15:00,6115.8,6124.4,6115,6122.8,548
2025/07/30-09:35,6105,6110.2,6081.4,6086.6,858
2025/07/30-09:40,6085.4,6102.2,6083,6096.8,590
2025/07/30-09:45,6096.2,6106.2,6091.4,6098.4,568
2025/07/30-09:50,6098.4,6110.6,6096.4,6107.6,296
2025/07/30-09:55,6108.2,6110,6095,6097.4,414
2025/07/30-10:00,6097.6,6114.4,6096,6104.6,353
2025/07/30-10:05,6105.4,6118.8,6103,6112,352
2025/07/30-10:10,6112,6113.8,6107,6111,327
2025/07/30-10:15,6113.6,6116,6099.8,6100.8,284
2025/07/30-10:20,6099.8,6103.2,6091.4,6103.2,359
2025/07/30-10:25,6102,6110.6,6099,6110.6,183
2025/07/30-10:30,6111,6116.4,6108.2,6116.4,157
2025/07/30-10:35,6116.8,6124.6,6116.2,6119,302
2025/07/30-10:40,6119,6126.2,6114,6117,192
2025/07/30-10:45,6118.2,6128.6,6115.4,6128.6,186
2025/07/30-10:50,6128.6,6132.6,6121.6,6125.8,272
2025/07/30-10:55,6125.6,6133,6124.6,6132.4,191
2025/07/30-11:00,6132.8,6135,6123,6127,310
2025/07/30-11:05,6127.8,6128.8,6119.8,6121,222
2025/07/30-11:10,6121,6127,6119.2,6123,166
2025/07/30-11:15,6123.4,6132,6123,6128.8,128
2025/07/30-11:20,6128.8,6129.6,6112,6113.8,197
2025/07/30-11:25,6114.4,6121.4,6106,6107.2,210
2025/07/30-11:30,6107,6115.6,6106.8,6111.6,124
2025/07/30-13:05,6111.6,6117.8,6109.2,6114.4,187
2025/07/30-13:10,6115,6115,6108,6108.8,141
2025/07/30-13:15,6109.2,6110,6104,6106,154
2025/07/30-13:20,6105.4,6107.4,6097.8,6098.8,243
2025/07/30-13:25,6099.6,6101.4,6096,6098.8,257
2025/07/30-13:30,6098.2,6101.6,6095,6100.4,261
2025/07/30-13:35,6099.2,6109.6,6098.6,6104.2,216
2025/07/30-13:40,6103.2,6104,6083.2,6083.2,466
2025/07/30-13:45,6083.2,6090.8,6075.2,6081.8,464
2025/07/30-13:50,6081.8,6083.6,6069.4,6074,504
2025/07/30-13:55,6073.6,6076.4,6066.4,6071.4,481
2025/07/30-14:00,6070.8,6071.6,6045,6065.8,750
2025/07/30-14:05,6060.8,6063,6040.4,6040.8,523
2025/07/30-14:10,6040.8,6069.4,6038.8,6066.2,517
2025/07/30-14:15,6067.8,6068,6049.8,6058.8,303
2025/07/30-14:20,6058.2,6079.6,6058,6077.4,301
2025/07/30-14:25,6078.4,6091.8,6078.4,6090.4,277
2025/07/30-14:30,6090.6,6094.8,6084,6092,257
2025/07/30-14:35,6093.4,6098.8,6086.6,6095,246
2025/07/30-14:40,6096,6097.8,6085,6085.8,235
2025/07/30-14:45,6085.2,6088.6,6080.2,6083,227
2025/07/30-14:50,6083,6088.4,6078.8,6085,220
2025/07/30-14:55,6085,6087,6083,6086.6,217
2025/07/30-15:00,6085,6088,6079,6079,354
2025/07/31-09:35,6041.8,6075,6041.8,6068,1010
2025/07/31-09:40,6068.4,6086.2,6067.4,6084.8,520
2025/07/31-09:45,6085.6,6088.4,6079.8,6083.6,213
2025/07/31-09:50,6082,6089,6065,6066.8,398
2025/07/31-09:55,6068.2,6076.2,6063.8,6068.6,268
2025/07/31-10:00,6067.6,6067.6,6044.8,6044.8,394
2025/07/31-10:05,6044.2,6047.8,6021.2,6039.2,835
2025/07/31-10:10,6039.6,6054.4,6033.2,6050.4,387
2025/07/31-10:15,6050.6,6058,6046,6046.8,177
2025/07/31-10:20,6045.8,6048.2,6040.2,6042,157
2025/07/31-10:25,6043.4,6049.4,6028.2,6030,232
2025/07/31-10:30,6030.4,6033,6015,6020.6,414
2025/07/31-10:35,6019.8,6019.8,6006,6017.4,532
2025/07/31-10:40,6017.2,6017.8,6005,6009.6,354
2025/07/31-10:45,6009.6,6018.4,6005,6018.2,227
2025/07/31-10:50,6016.6,6021,6011.6,6020.6,381
2025/07/31-10:55,6020.6,6029,6017,6028,544
2025/07/31-11:00,6028,6039,6027.2,6039,226
2025/07/31-11:05,6039.4,6042,6031.6,6034,233
2025/07/31-11:10,6033.6,6040.2,6032,6036.6,112
2025/07/31-11:15,6035.2,6036.8,6030,6033.6,118
2025/07/31-11:20,6031,6031,6023,6024,150
2025/07/31-11:25,6024.2,6032,6018.2,6032,203
2025/07/31-11:30,6032,6034.8,6025.8,6033.4,106
2025/07/31-13:05,6032.8,6047,6031.2,6040,288
2025/07/31-13:10,6039.6,6039.6,6028.2,6028.2,156
2025/07/31-13:15,6028.2,6028.2,6017.6,6021.8,214
2025/07/31-13:20,6022.6,6028.8,6018.8,6022.8,162
2025/07/31-13:25,6023.8,6026,6011,6018.8,154
2025/07/31-13:30,6019.2,6023.2,6008,6009,198
2025/07/31-13:35,6009.8,6015.8,6001,6001,237
2025/07/31-13:40,6000.2,6004.2,5983.8,5992.2,511
2025/07/31-13:45,5990,5999.2,5988.8,5998.8,449
2025/07/31-13:50,5999.8,6010,5997.8,6008.2,204
2025/07/31-13:55,6009.2,6010.2,6002.6,6004,134
2025/07/31-14:00,6003.8,6020,6003.8,6012.6,557
2025/07/31-14:05,6012.6,6012.6,5990.4,6003,264
2025/07/31-14:10,6003.8,6005,5975.8,5976.6,471
2025/07/31-14:15,5978,5986.2,5972.2,5976.2,571
2025/07/31-14:20,5975,5975,5962,5967.4,532
2025/07/31-14:25,5967.4,5971.8,5958.8,5961,439
2025/07/31-14:30,5960.4,5971.2,5948,5948.2,504
2025/07/31-14:35,5948.6,5954,5937.8,5947.2,579
2025/07/31-14:40,5950,5967,5945,5951,601
2025/07/31-14:45,5951,5956.2,5941.4,5948,365
2025/07/31-14:50,5948.8,5957,5943.4,5957,812
2025/07/31-14:55,5956,5974.4,5955.4,5973.6,465
2025/07/31-15:00,5973.2,5981,5969.2,5979.8,536
2025/08/01-09:35,5977,5986.6,5961.8,5984.2,914
2025/08/01-09:40,5985.4,5998,5981.8,5988.6,624
2025/08/01-09:45,5988.6,6002.6,5987.6,5992.2,511
2025/08/01-09:50,5992.2,6002,5978.8,5999.6,881
2025/08/01-09:55,5998.4,6000.4,5990.4,6000.2,241
2025/08/01-10:00,5999.8,6004.6,5989.4,5998.6,195
2025/08/01-10:05,5998.6,6018.2,5998.6,6015.8,510
2025/08/01-10:10,6015.4,6016.4,6008,6011.4,216
2025/08/01-10:15,6013,6015.4,6010,6013,190
2025/08/01-10:20,6014,6017,6010.2,6014,157
2025/08/01-10:25,6016,6016.4,6000.2,6011.8,171
2025/08/01-10:30,6012,6016.4,6011,6013.8,185
2025/08/01-10:35,6013.4,6014.2,5996.2,5997,223
2025/08/01-10:40,5996.8,6001.2,5993.4,5999.2,155
2025/08/01-10:45,5997.8,5997.8,5983.4,5986,191
2025/08/01-10:50,5987,5987,5975,5979.2,384
2025/08/01-10:55,5979.2,5979.8,5970,5971,172
2025/08/01-11:00,5971.4,5975.2,5967.4,5973.4,125
2025/08/01-11:05,5972.8,5977.2,5963,5966.4,168
2025/08/01-11:10,5966.4,5979.4,5966.4,5977.4,165
2025/08/01-11:15,5978.4,5979.4,5969,5975.2,91
2025/08/01-11:20,5975,5976,5969.6,5975,171
2025/08/01-11:25,5975,5979.8,5972.6,5975.2,257
2025/08/01-11:30,5975,5975,5963,5963,236
2025/08/01-13:05,5963,5968.6,5952.4,5965,358
2025/08/01-13:10,5965.8,5972.6,5964.4,5966.8,263
2025/08/01-13:15,5967.6,5968.8,5957,5957,152
2025/08/01-13:20,5956.6,5961.8,5950.8,5959,198
2025/08/01-13:25,5960.4,5962,5949,5950.4,189
2025/08/01-13:30,5949.2,5954.8,5946,5948,168
2025/08/01-13:35,5949,5957.2,5942.2,5945.2,253
2025/08/01-13:40,5943,5943,5932,5941.8,618
2025/08/01-13:45,5941.8,5944.6,5935.4,5939.8,280
2025/08/01-13:50,5940.6,5957,5940.6,5956,366
2025/08/01-13:55,5956.2,5965,5953.6,5961.6,237
2025/08/01-14:00,5961.4,5962.8,5952,5952,161
2025/08/01-14:05,5952,5963,5948.6,5950.8,233
2025/08/01-14:10,5948.8,5958.4,5945.2,5958.4,189
2025/08/01-14:15,5958.2,5973,5953,5971.8,393
2025/08/01-14:20,5971.4,5973.8,5966,5968.6,344
2025/08/01-14:25,5968.6,5973,5965.2,5972.4,102
2025/08/01-14:30,5972.8,5973,5965.2,5968,141
2025/08/01-14:35,5968.2,5972,5958.4,5964.8,239
2025/08/01-14:40,5964,5965.4,5955.6,5960.2,208
2025/08/01-14:45,5961.4,5965,5959.6,5962.6,146
2025/08/01-14:50,5961.6,5963.6,5958,5962.6,184
2025/08/01-14:55,5962.6,5963.2,5958.4,5960.6,256
2025/08/01-15:00,5960.6,5961.6,5945.2,5957,446
2025/08/04-09:35,5937.8,5958.2,5935,5942.2,853
2025/08/04-09:40,5940.6,5966,5937.6,5965,462
2025/08/04-09:45,5966.4,5966.4,5948.2,5948.4,338
2025/08/04-09:50,5948.4,5956.6,5939.4,5948,347
2025/08/04-09:55,5948,5965,5946.6,5963.8,314
2025/08/04-10:00,5963.8,5967.4,5959.8,5967,189
2025/08/04-10:05,5964.4,5964.8,5953.8,5959.4,206
2025/08/04-10:10,5959.4,5970.6,5953.4,5970.6,261
2025/08/04-10:15,5971,5974.6,5963.6,5970,254
2025/08/04-10:20,5970,5976.6,5970,5975.2,136
2025/08/04-10:25,5975,5980.6,5974.2,5977.8,183
2025/08/04-10:30,5978,5979.8,5970.6,5971.6,124
2025/08/04-10:35,5972,5977.6,5967.8,5967.8,164
2025/08/04-10:40,5970.6,5973.2,5964,5964.4,98
2025/08/04-10:45,5964.8,5975,5964.2,5973,120
2025/08/04-10:50,5972.8,5975.8,5966.2,5967.4,105
2025/08/04-10:55,5966.2,5969,5959,5960,132
2025/08/04-11:00,5959.8,5965.2,5959,5964,180
2025/08/04-11:05,5962.6,5970,5960.4,5969.8,201
2025/08/04-11:10,5969.8,5970.2,5965,5970,69
2025/08/04-11:15,5969.2,5969.6,5964.4,5969,73
2025/08/04-11:20,5969.2,5973.6,5967.8,5970.4,92
2025/08/04-11:25,5971.4,5982,5971,5973.8,144
2025/08/04-11:30,5973.8,5973.8,5961.4,5962.2,111
2025/08/04-13:05,5961.4,5979.6,5961.4,5975.2,247
2025/08/04-13:10,5975.2,5981,5973,5975.4,188
2025/08/04-13:15,5975.4,5976.2,5969,5969,91
2025/08/04-13:20,5968.2,5980,5967.6,5979.8,88
2025/08/04-13:25,5980.2,5981.6,5976.8,5979.8,135
2025/08/04-13:30,5979.8,5981.2,5976.6,5980.4,106
2025/08/04-13:35,5979.2,5983,5974,5974,166
2025/08/04-13:40,5974,5977,5971.8,5974.2,75
2025/08/04-13:45,5974.2,5978,5974,5976,163
2025/08/04-13:50,5977,5977.8,5974,5976.4,205
2025/08/04-13:55,5976.6,5980.4,5975.2,5977.6,168
2025/08/04-14:00,5976,5978,5972,5976.4,116
2025/08/04-14:05,5977.8,5988,5976.4,5988,449
2025/08/04-14:10,5988,5997.8,5987,5997.8,681
2025/08/04-14:15,5997.8,6000.2,5992.6,6000.2,596
2025/08/04-14:20,6000,6011,5996.2,6006.8,510
2025/08/04-14:25,6006.8,6009.4,6003.6,6008.6,227
2025/08/04-14:30,6009,6014.8,6006.2,6009.8,373
2025/08/04-14:35,6009,6010.4,6003.8,6006.4,325
2025/08/04-14:40,6005.2,6014.6,6004.6,6011.6,320
2025/08/04-14:45,6011.2,6011.6,6004.8,6005.8,154
2025/08/04-14:50,6005.8,6008.4,6003,6007.2,230
2025/08/04-14:55,6008.4,6008.4,6005,6007.6,306
2025/08/04-15:00,6008,6014.4,6005.8,6014.4,560
2025/08/05-09:35,6030.8,6040.8,6021.2,6029,777
2025/08/05-09:40,6029.4,6034.8,6020.4,6022,396
2025/08/05-09:45,6023.2,6037.8,6021.2,6028.4,367
2025/08/05-09:50,6028.4,6031.4,6022.6,6024.2,290
2025/08/05-09:55,6025.6,6026.4,6018,6022.4,260
2025/08/05-10:00,6022.2,6024.2,6013,6017,217
2025/08/05-10:05,6017,6024.6,6013.2,6024,300
2025/08/05-10:10,6022.6,6032.2,6022,6029.4,224
2025/08/05-10:15,6031,6033.4,6026,6027,179
2025/08/05-10:20,6026.6,6027,6013.6,6015.6,311
2025/08/05-10:25,6015,6023.6,6014.6,6023.6,171
2025/08/05-10:30,6022.4,6022.4,6011.2,6011.8,170
2025/08/05-10:35,6012,6017.4,6006.2,6014.8,177
2025/08/05-10:40,6012.6,6015.8,6008,6008.6,151
2025/08/05-10:45,6008,6010,6006,6007,172
2025/08/05-10:50,6007,6011.8,6004.4,6004.8,93
2025/08/05-10:55,6004.8,6009.4,6004.8,6009.4,168
2025/08/05-11:00,6009.8,6014.4,6008.6,6014.4,176
2025/08/05-11:05,6012.6,6016.8,6011.2,6013.2,130
2025/08/05-11:10,6013.4,6013.4,6007.6,6011.4,156
2025/08/05-11:15,6010.6,6010.6,6002.8,6008,141
2025/08/05-11:20,6008.2,6012.8,6006,6011,129
2025/08/05-11:25,6012.2,6017.6,6012.2,6015.8,149
2025/08/05-11:30,6015.8,6016.4,6009.4,6009.4,144
2025/08/05-13:05,6011,6016,6008.8,6010.2,133
2025/08/05-13:10,6009.6,6015,6006.8,6015,117
2025/08/05-13:15,6013,6021.4,6012,6021,187
2025/08/05-13:20,6021.6,6025.4,6020.8,6024.2,317
2025/08/05-13:25,6023.4,6027,6022.2,6025.2,135
2025/08/05-13:30,6023.8,6026.4,6018.6,6019.8,135
2025/08/05-13:35,6020,6021.6,6012.2,6014.4,179
2025/08/05-13:40,6015.2,6025.4,6014.4,6025.2,98
2025/08/05-13:45,6025.8,6030.4,6024.8,6028.6,191
2025/08/05-13:50,6028.6,6030.8,6024,6024.8,163
2025/08/05-13:55,6024.6,6028.6,6023.4,6024.8,159
2025/08/05-14:00,6024.2,6026.8,6018,6025.2,265
2025/08/05-14:05,6025,6032.6,6023.2,6029.2,178
2025/08/05-14:10,6030.4,6037,6029,6037,289
2025/08/05-14:15,6037.2,6043.2,6035.6,6036,459
2025/08/05-14:20,6035.6,6041.6,6035,6037.6,166
2025/08/05-14:25,6037.6,6042,6036,6040.4,201
2025/08/05-14:30,6040,6042.6,6038.8,6039.2,138
2025/08/05-14:35,6039,6040,6033.8,6037.2,149
2025/08/05-14:40,6037.2,6040,6034.2,6035,123
2025/08/05-14:45,6035,6041,6035,6039.8,150
2025/08/05-14:50,6039.4,6042,6037.4,6041,197
2025/08/05-14:55,6040.4,6041.8,6038.4,6040.8,213
2025/08/05-15:00,6041.4,6044.6,6040,6040.2,405
2025/08/06-09:35,6034.8,6049.8,6034.8,6037.2,768
2025/08/06-09:40,6039,6050.2,6036.2,6049.8,394
2025/08/06-09:45,6048.8,6058.8,6045.6,6058.8,298
2025/08/06-09:50,6059,6061.6,6050,6051.4,416
2025/08/06-09:55,6051.2,6063,6051,6054.4,211
2025/08/06-10:00,6054.4,6062,6052,6058.4,199
2025/08/06-10:05,6058,6062.4,6056.8,6061.8,287
2025/08/06-10:10,6061.8,6065.6,6056.4,6061.2,273
2025/08/06-10:15,6062,6066,6059,6059.4,258
2025/08/06-10:20,6060.2,6066,6059.8,6060,214
2025/08/06-10:25,6061,6064.6,6056.8,6057.4,136
2025/08/06-10:30,6057.6,6059.8,6053,6055.4,211
2025/08/06-10:35,6055,6060.2,6052.4,6059.2,421
2025/08/06-10:40,6060.6,6064,6060,6062.8,160
2025/08/06-10:45,6062.2,6068.4,6062.2,6068,291
2025/08/06-10:50,6066.6,6071.2,6065.4,6069.2,171
2025/08/06-10:55,6069.2,6079.2,6069.2,6076.4,199
2025/08/06-11:00,6077,6083.4,6075.4,6081.6,142
2025/08/06-11:05,6082.2,6086.4,6078.2,6078.4,284
2025/08/06-11:10,6078.6,6083,6076.2,6077.8,124
2025/08/06-11:15,6076.4,6084.2,6073.2,6083.6,141
2025/08/06-11:20,6083,6084,6078.8,6078.8,118
2025/08/06-11:25,6078.8,6090,6078,6086.2,159
2025/08/06-11:30,6085,6096,6082,6090.6,222
2025/08/06-13:05,6090,6090.2,6076.8,6080.4,385
2025/08/06-13:10,6081,6089,6075.4,6087.8,260
2025/08/06-13:15,6087.6,6088.8,6085,6088.2,107
2025/08/06-13:20,6088.8,6089.8,6083.4,6088.6,85
2025/08/06-13:25,6087.6,6089,6080.2,6081.2,123
2025/08/06-13:30,6082,6082,6075,6075.6,161
2025/08/06-13:35,6075.6,6081.6,6073.8,6080.6,175
2025/08/06-13:40,6080.6,6082,6079.2,6082,84
2025/08/06-13:45,6081.6,6089.8,6081.4,6089.2,144
2025/08/06-13:50,6090,6103.2,6088.4,6101.8,375
2025/08/06-13:55,6101.8,6108,6099.6,6103.4,390
2025/08/06-14:00,6103.4,6103.6,6098.4,6099.4,272
2025/08/06-14:05,6100.6,6105.4,6098.2,6101.4,168
2025/08/06-14:10,6102.2,6110.8,6102.2,6105,257
2025/08/06-14:15,6105,6107.4,6101.8,6103.4,139
2025/08/06-14:20,6102.2,6108.4,6099,6106,200
2025/08/06-14:25,6105.8,6115.6,6105.8,6114.8,219
2025/08/06-14:30,6115.4,6115.4,6109.2,6110.8,185
2025/08/06-14:35,6110,6112.6,6106.2,6111,183
2025/08/06-14:40,6111,6111.2,6105,6107.6,161
2025/08/06-14:45,6107,6111.4,6105.8,6106.2,193
2025/08/06-14:50,6106.4,6113.6,6106,6113.6,249
2025/08/06-14:55,6112.8,6113.8,6107.2,6109,330
2025/08/06-15:00,6108.4,6110,6104.8,6106.2,463
2025/08/07-09:35,6108.2,6130.6,6108,6116.6,987
2025/08/07-09:40,6116.6,6119.8,6101.2,6107.4,487
2025/08/07-09:45,6107.6,6109.6,6097.4,6100.6,327
2025/08/07-09:50,6098.8,6109.6,6095,6107.4,323
2025/08/07-09:55,6106.4,6108.8,6101.6,6101.6,269
2025/08/07-10:00,6101,6106.8,6100,6101,178
2025/08/07-10:05,6101,6101.6,6090.4,6091,392
2025/08/07-10:10,6090.2,6091.2,6084.2,6087.4,397
2025/08/07-10:15,6086.6,6088.8,6070.4,6070.4,658
2025/08/07-10:20,6070.4,6070.8,6061,6070.2,590
2025/08/07-10:25,6068.8,6069.8,6058.2,6060.2,454
2025/08/07-10:30,6060,6063.4,6050.6,6051,533
2025/08/07-10:35,6051.2,6057.4,6049.4,6055.8,482
2025/08/07-10:40,6056.2,6064.4,6055,6056.6,311
2025/08/07-10:45,6056.4,6064,6055.2,6058,248
2025/08/07-10:50,6057.2,6063.4,6055,6058.8,131
2025/08/07-10:55,6059.6,6062.8,6054.2,6056.8,119
2025/08/07-11:00,6056,6058.2,6050.2,6050.2,149
2025/08/07-11:05,6051,6058.6,6042.8,6042.8,226
2025/08/07-11:10,6044,6057.2,6042,6056.4,195
2025/08/07-11:15,6056.4,6061.4,6050.4,6059.6,146
2025/08/07-11:20,6059,6067.6,6057.8,6066.4,154
2025/08/07-11:25,6067.4,6077.4,6067.2,6076.8,198
2025/08/07-11:30,6077.8,6078.8,6073,6077.6,256
2025/08/07-13:05,6079.8,6083.8,6075.6,6080,273
2025/08/07-13:10,6080.4,6083.6,6076.4,6078.2,136
2025/08/07-13:15,6076.6,6076.6,6066,6067,182
2025/08/07-13:20,6067,6069.8,6062.8,6069.6,168
2025/08/07-13:25,6069.6,6074.2,6068.2,6070.6,157
2025/08/07-13:30,6070,6070,6062.6,6064.2,146
2025/08/07-13:35,6064.2,6070.8,6064.2,6069,150
2025/08/07-13:40,6069.8,6072,6065.2,6070.4,138
2025/08/07-13:45,6070.2,6074.6,6067.6,6073.6,115
2025/08/07-13:50,6073.4,6075.4,6069.2,6071.8,129
2025/08/07-13:55,6072.2,6072.4,6066.6,6069.8,177
2025/08/07-14:00,6068.6,6073.2,6066.6,6071.4,114
2025/08/07-14:05,6071.4,6082,6070.4,6080.8,176
2025/08/07-14:10,6080.8,6081.2,6069,6070,173
2025/08/07-14:15,6070,6074.8,6066.6,6069.4,146
2025/08/07-14:20,6069,6069,6056.4,6067.8,280
2025/08/07-14:25,6068.4,6072,6067,6069.8,100
2025/08/07-14:30,6069.2,6070.2,6065.6,6066,122
2025/08/07-14:35,6066,6078.4,6064.8,6078,180
2025/08/07-14:40,6078,6078,6071.6,6073,188
2025/08/07-14:45,6072,6074.6,6070.8,6073.4,125
2025/08/07-14:50,6073.2,6077.2,6071.8,6073.8,183
2025/08/07-14:55,6073.8,6073.8,6068.2,6071,151
2025/08/07-15:00,6070.8,6071.6,6066.2,6069.4,290
2025/08/08-09:35,6060,6069.4,6056.4,6059.2,519
2025/08/08-09:40,6058.4,6066.6,6057.8,6059.4,254
2025/08/08-09:45,6059.4,6063.2,6052.8,6055,227
2025/08/08-09:50,6056,6056.4,6045.6,6051.6,303
2025/08/08-09:55,6050.2,6056.6,6043,6044.8,339
2025/08/08-10:00,6045,6051,6042.4,6045,167
2025/08/08-10:05,6045.6,6049,6041.4,6048.4,205
2025/08/08-10:10,6048.4,6056.4,6047.8,6053.2,242
2025/08/08-10:15,6053.4,6056,6045,6054,199
2025/08/08-10:20,6054,6065.4,6054,6064.8,284
2025/08/08-10:25,6063.8,6068,6060.2,6062,189
2025/08/08-10:30,6062.8,6064.8,6059.8,6061.8,108
2025/08/08-10:35,6063.8,6067.8,6061.6,6067.4,114
2025/08/08-10:40,6067.6,6082.4,6067.6,6082,258
2025/08/08-10:45,6081.8,6083.4,6078,6080.2,230
2025/08/08-10:50,6080.2,6092.6,6079.2,6090.4,286
2025/08/08-10:55,6089.2,6091.8,6084.8,6090.6,230
2025/08/08-11:00,6090.8,6093.8,6089.2,6089.2,208
2025/08/08-11:05,6090.8,6090.8,6080,6080,176
2025/08/08-11:10,6080,6085,6078.2,6081.2,105
2025/08/08-11:15,6080.2,6081.6,6076,6076.2,121
2025/08/08-11:20,6075,6080.6,6071.8,6079.4,129
2025/08/08-11:25,6080.2,6086,6079.8,6086,122
2025/08/08-11:30,6087,6088.6,6080.4,6084,152
2025/08/08-13:05,6083,6086.4,6080.8,6082.2,123
2025/08/08-13:10,6082,6085.4,6079.8,6080.4,94
2025/08/08-13:15,6080,6086.8,6078,6086.4,97
2025/08/08-13:20,6085.8,6088.4,6076,6076,185
2025/08/08-13:25,6076.8,6080.4,6072,6072.4,141
2025/08/08-13:30,6072,6077,6054,6056,334
2025/08/08-13:35,6057,6074.4,6057,6071.2,230
2025/08/08-13:40,6070,6072.8,6067.8,6072.2,131
2025/08/08-13:45,6071.6,6071.6,6062,6063,129
2025/08/08-13:50,6063.2,6063.8,6059.6,6061.2,174
2025/08/08-13:55,6059.8,6064.6,6057.4,6063.6,204
2025/08/08-14:00,6064.4,6064.4,6057.2,6062.6,126
2025/08/08-14:05,6062.2,6072.4,6061.8,6069.2,240
2025/08/08-14:10,6070,6078.2,6068.8,6078,157
2025/08/08-14:15,6078.4,6079,6073.4,6075.2,129
2025/08/08-14:20,6075.2,6077,6072,6072,170
2025/08/08-14:25,6073,6076,6068.8,6075,313
2025/08/08-14:30,6075,6076.4,6070.2,6074.6,210
2025/08/08-14:35,6074.8,6079.2,6070.2,6073.2,199
2025/08/08-14:40,6073.6,6074.4,6069,6073,156
2025/08/08-14:45,6071.8,6075.2,6071.6,6074.4,294
2025/08/08-14:50,6075.2,6076.4,6072.4,6074.2,369
2025/08/08-14:55,6075,6075.8,6072.2,6075.6,200
2025/08/08-15:00,6074,6075.8,6066,6066,374
2025/08/11-09:35,6092.6,6098,6080.6,6089.6,766
2025/08/11-09:40,6089.6,6109.6,6089.6,6104.8,451
2025/08/11-09:45,6104.6,6110.6,6096.2,6110,365
2025/08/11-09:50,6110.8,6111,6090.4,6103.2,616
2025/08/11-09:55,6103,6136.8,6102.4,6135.2,718
2025/08/11-10:00,6136,6143,6131.2,6133,555
2025/08/11-10:05,6132,6150,6130.2,6150,547
2025/08/11-10:10,6150,6157,6143,6145.6,453
2025/08/11-10:15,6145,6147,6132,6133,679
2025/08/11-10:20,6132.2,6132.8,6123.6,6123.6,751
2025/08/11-10:25,6123.6,6138.2,6122.6,6137.2,276
2025/08/11-10:30,6137.2,6142.4,6135,6140,177
2025/08/11-10:35,6138.4,6139,6131.6,6131.6,194
2025/08/11-10:40,6132,6146.6,6132,6145.6,253
2025/08/11-10:45,6146.4,6155.6,6144.6,6152.6,323
2025/08/11-10:50,6152.8,6155.6,6143.6,6144.2,207
2025/08/11-10:55,6144.8,6155,6144.8,6152.2,158
2025/08/11-11:00,6152.6,6153.8,6147.4,6153.4,137
2025/08/11-11:05,6154.4,6166,6154,6159.6,444
2025/08/11-11:10,6160.4,6161.8,6151.2,6155.4,252
2025/08/11-11:15,6154.6,6160,6153,6158.4,207
2025/08/11-11:20,6158.4,6168.2,6158.4,6166.2,270
2025/08/11-11:25,6166,6167.8,6162.6,6163.6,199
2025/08/11-11:30,6163,6180.4,6161.2,6175.2,559
2025/08/11-13:05,6176.2,6176.4,6161.8,6168.4,287
2025/08/11-13:10,6169,6184.4,6169,6181,386
2025/08/11-13:15,6181,6182.4,6174.4,6174.6,389
2025/08/11-13:20,6174.4,6176.8,6169.4,6170.2,225
2025/08/11-13:25,6170.2,6172.4,6168,6170.8,171
2025/08/11-13:30,6171.8,6176,6171.2,6171.2,149
2025/08/11-13:35,6171,6175,6168.6,6170.2,176
2025/08/11-13:40,6169.2,6177.6,6169,6175,157
2025/08/11-13:45,6174.4,6175.4,6169.6,6170.2,105
2025/08/11-13:50,6168.8,6170.4,6168,6169,138
2025/08/11-13:55,6169.2,6170.8,6168.2,6170.4,91
2025/08/11-14:00,6169.8,6173.8,6169,6173.8,179
2025/08/11-14:05,6173.8,6180,6171.6,6172.2,280
2025/08/11-14:10,6172.2,6172.6,6150,6154.2,439
2025/08/11-14:15,6152.4,6168,6152.4,6162,421
2025/08/11-14:20,6162,6163.4,6148,6158.4,406
2025/08/11-14:25,6158.4,6159,6151.4,6155.2,144
2025/08/11-14:30,6155.4,6161,6155.2,6158.2,151
2025/08/11-14:35,6158.2,6161.4,6157.8,6159.8,120
2025/08/11-14:40,6160.4,6160.8,6154.4,6155.2,112
2025/08/11-14:45,6155.2,6155.2,6148,6148.8,189
2025/08/11-14:50,6148.8,6155.4,6147.6,6149.4,265
2025/08/11-14:55,6149.2,6150.8,6143,6150.8,536
2025/08/11-15:00,6150.2,6150.2,6141,6144.6,534
2025/08/12-09:35,6154.6,6154.6,6138,6144.8,763
2025/08/12-09:40,6144.4,6146,6132.2,6139,410
2025/08/12-09:45,6139,6143,6130.8,6131.4,307
2025/08/12-09:50,6131.4,6148.6,6125.4,6146,520
2025/08/12-09:55,6145,6154.6,6142.6,6150.2,379
2025/08/12-10:00,6151.8,6157.6,6142,6154.4,396
2025/08/12-10:05,6154.6,6159.8,6148.2,6154.6,333
2025/08/12-10:10,6155.2,6158.6,6153,6155.2,304
2025/08/12-10:15,6155.2,6164,6150,6162.2,256
2025/08/12-10:20,6162.2,6167.4,6160,6165,325
2025/08/12-10:25,6165,6174,6163,6165.6,301
2025/08/12-10:30,6165.4,6165.4,6156.2,6156.6,213
2025/08/12-10:35,6156.2,6162,6153.6,6161.6,230
2025/08/12-10:40,6161.2,6166.8,6156.6,6156.6,225
2025/08/12-10:45,6156.2,6162.8,6156,6160.2,126
2025/08/12-10:50,6160,6160,6152,6153.6,198
2025/08/12-10:55,6153.6,6156,6145.6,6149.8,308
2025/08/12-11:00,6149.2,6149.2,6133,6139.8,702
2025/08/12-11:05,6139.8,6151.8,6138.6,6150.2,368
2025/08/12-11:10,6151,6160.6,6148.8,6156,216
2025/08/12-11:15,6155.8,6163,6154.8,6156.2,303
2025/08/12-11:20,6157,6162,6151.4,6158.4,174
2025/08/12-11:25,6157.4,6165.2,6156.8,6165,138
2025/08/12-11:30,6165,6173.8,6162,6173.8,211
2025/08/12-13:05,6174,6176,6168.6,6172,271
2025/08/12-13:10,6172,6181,6170.4,6181,155
2025/08/12-13:15,6180.6,6182,6175.6,6179.4,154
2025/08/12-13:20,6180,6180,6173.2,6176,126
2025/08/12-13:25,6176.4,6182.2,6175.6,6176.8,202
2025/08/12-13:30,6177.4,6180,6174.8,6175.6,144
2025/08/12-13:35,6176.2,6183.4,6175.2,6180,140
2025/08/12-13:40,6180,6181.6,6168.8,6169.2,160
2025/08/12-13:45,6168.8,6182.2,6168.8,6181.2,247
2025/08/12-13:50,6180.2,6181,6175,6176,162
2025/08/12-13:55,6175.8,6178,6172.6,6174.8,121
2025/08/12-14:00,6174.4,6181.6,6174.2,6181.2,85
2025/08/12-14:05,6181.6,6186.6,6180.6,6182.4,247
2025/08/12-14:10,6183.6,6185.2,6180.8,6183,116
2025/08/12-14:15,6182.8,6183.4,6178.6,6181.2,166
2025/08/12-14:20,6181.4,6181.4,6174,6179.2,286
2025/08/12-14:25,6180,6185.4,6179.2,6185,214
2025/08/12-14:30,6184.4,6188,6183,6187,157
2025/08/12-14:35,6187,6187.4,6182.4,6185.6,182
2025/08/12-14:40,6185,6186.6,6181.8,6182.8,198
2025/08/12-14:45,6182.4,6182.8,6180.4,6182.2,136
2025/08/12-14:50,6182.2,6183.8,6180.4,6181,216
2025/08/12-14:55,6181.4,6182.2,6177.4,6181,228
2025/08/12-15:00,6180.6,6190.4,6179.8,6190,455
2025/08/13-09:35,6200,6216.2,6200,6211.4,1101
2025/08/13-09:40,6212.6,6231.6,6210.2,6231.6,728
2025/08/13-09:45,6230.4,6240.6,6227.6,6233.8,545
2025/08/13-09:50,6233.8,6242,6226,6227.6,509
2025/08/13-09:55,6228.4,6245.8,6228.4,6237.2,560
2025/08/13-10:00,6238,6239.8,6228.2,6230.4,363
2025/08/13-10:05,6230.4,6236.6,6217,6230.8,644
2025/08/13-10:10,6230.2,6238,6221.4,6221.6,380
2025/08/13-10:15,6221.4,6228.8,6213.2,6224.2,551
2025/08/13-10:20,6226,6227.8,6220,6221.8,242
2025/08/13-10:25,6221,6230.4,6221,6227.2,188
2025/08/13-10:30,6227.2,6229.8,6223.6,6226,140
2025/08/13-10:35,6227,6232.2,6226.8,6230.8,138
2025/08/13-10:40,6231.6,6249,6231.6,6248.8,389
2025/08/13-10:45,6248,6249,6237.8,6241.4,223
2025/08/13-10:50,6240.8,6255.8,6238.8,6250,535
2025/08/13-10:55,6250.4,6254,6237.8,6237.8,356
2025/08/13-11:00,6237.2,6250,6234.8,6249.8,197
2025/08/13-11:05,6250.8,6252,6244,6246,176
2025/08/13-11:10,6247,6260,6247,6257,239
2025/08/13-11:15,6257,6270.8,6257,6267.6,328
2025/08/13-11:20,6268,6278,6268,6276.4,318
2025/08/13-11:25,6275.8,6276.6,6265.2,6276.6,385
2025/08/13-11:30,6277.8,6288,6272.2,6286.2,527
2025/08/13-13:05,6285.8,6290.8,6279.6,6284.8,418
2025/08/13-13:10,6286.6,6287.2,6279.6,6285.4,221
2025/08/13-13:15,6286.4,6287.6,6280,6282.2,155
2025/08/13-13:20,6283.4,6298,6281,6292.8,248
2025/08/13-13:25,6291.6,6296.4,6280,6282.2,234
2025/08/13-13:30,6282.2,6288.6,6280.4,6283.6,397
2025/08/13-13:35,6284.6,6295,6283.4,6287.6,269
2025/08/13-13:40,6288,6298,6287.6,6292.8,288
2025/08/13-13:45,6293,6298.6,6292.6,6293.6,235
2025/08/13-13:50,6292.4,6301,6288.8,6299.2,269
2025/08/13-13:55,6301,6302,6296,6296,210
2025/08/13-14:00,6295.2,6299.8,6293.2,6299,249
2025/08/13-14:05,6301,6309.6,6301,6305,387
2025/08/13-14:10,6305.4,6314,6304,6313.2,295
2025/08/13-14:15,6312.8,6314.8,6302,6307,358
2025/08/13-14:20,6306.4,6316,6304,6304,413
2025/08/13-14:25,6303.4,6303.8,6286.2,6297,658
2025/08/13-14:30,6296.6,6297.6,6275.4,6282.2,703
2025/08/13-14:35,6282.2,6290,6282,6282.2,204
2025/08/13-14:40,6282,6294,6278.4,6292.2,256
2025/08/13-14:45,6293,6296,6290,6295.4,190
2025/08/13-14:50,6295.6,6302.8,6295.6,6295.6,221
2025/08/13-14:55,6296.6,6304,6292,6303.6,261
2025/08/13-15:00,6303.6,6305,6300.6,6303.2,426
2025/08/14-09:35,6317.4,6323.2,6305.8,6310.6,1243
2025/08/14-09:40,6309.2,6311.8,6300.6,6300.8,730
2025/08/14-09:45,6300.2,6306.8,6297.4,6297.6,574
2025/08/14-09:50,6300,6310.8,6293.2,6308.4,653
2025/08/14-09:55,6308.4,6314.4,6297,6302.8,713
2025/08/14-10:00,6302.2,6305,6294,6297,370
2025/08/14-10:05,6297.6,6307.8,6293.2,6305.6,303
2025/08/14-10:10,6305.6,6315.2,6300.2,6311,453
2025/08/14-10:15,6311,6312.8,6303.8,6306.2,249
2025/08/14-10:20,6306.4,6312.8,6304,6307.2,304
2025/08/14-10:25,6306.6,6312.4,6305,6312.2,171
2025/08/14-10:30,6311.2,6318,6309.4,6317.4,193
2025/08/14-10:35,6316.8,6323,6316.8,6318.4,369
2025/08/14-10:40,6318.8,6326,6309.8,6313.6,287
2025/08/14-10:45,6313.4,6313.4,6304,6306,311
2025/08/14-10:50,6306.8,6307.4,6287.8,6295,652
2025/08/14-10:55,6294.8,6302.4,6293,6298,417
2025/08/14-11:00,6297.6,6303.2,6296,6297.6,208
2025/08/14-11:05,6296.6,6306.6,6295.8,6305.8,208
2025/08/14-11:10,6306.6,6308,6297.8,6301.4,235
2025/08/14-11:15,6301,6308.8,6300.2,6305.2,181
2025/08/14-11:20,6305.6,6307.8,6301,6303.2,118
2025/08/14-11:25,6302,6303.8,6298,6298.8,164
2025/08/14-11:30,6298.8,6298.8,6280,6282.4,401
2025/08/14-13:05,6280,6282,6270.2,6272.2,479
2025/08/14-13:10,6272,6272.4,6248.6,6251.4,732
2025/08/14-13:15,6251.8,6256,6246.4,6249.6,463
2025/08/14-13:20,6250,6250,6235.2,6238.6,677
2025/08/14-13:25,6238.6,6242.2,6222,6222.6,657
2025/08/14-13:30,6222.4,6242.4,6218.4,6242.4,769
2025/08/14-13:35,6240.6,6253.8,6237.2,6253.6,579
2025/08/14-13:40,6253,6263,6248.8,6260,379
2025/08/14-13:45,6260,6263,6249,6257.6,344
2025/08/14-13:50,6259.4,6265,6255.4,6263.4,322
2025/08/14-13:55,6263.4,6268.6,6260.6,6264.8,242
2025/08/14-14:00,6263.2,6268,6255,6259.4,254
2025/08/14-14:05,6260.8,6276,6260.8,6274.8,318
2025/08/14-14:10,6275.4,6278,6271.2,6278,239
2025/08/14-14:15,6275.2,6278,6264.2,6265.6,196
2025/08/14-14:20,6263.8,6271.8,6261.8,6264,137
2025/08/14-14:25,6265.2,6274.4,6263.2,6273.4,197
2025/08/14-14:30,6273.2,6274.8,6267.8,6269.8,164
2025/08/14-14:35,6271.2,6275.6,6263.4,6264.2,152
2025/08/14-14:40,6263,6267,6255,6259,267
2025/08/14-14:45,6258.4,6263.8,6247,6248.6,245
2025/08/14-14:50,6248.6,6252.6,6237.8,6246.4,496
2025/08/14-14:55,6246.4,6248,6240.2,6243.8,320
2025/08/14-15:00,6244.8,6247.6,6242.2,6243,471
2025/08/15-09:35,6243,6272,6227.2,6270.4,1371
2025/08/15-09:40,6272.4,6285.4,6269,6281.8,833
2025/08/15-09:45,6281.6,6292.8,6281.6,6291.8,861
2025/08/15-09:50,6292.2,6314.8,6289,6314,1067
2025/08/15-09:55,6314,6315,6301.2,6312.2,781
2025/08/15-10:00,6312.2,6312.2,6300.2,6310.8,567
2025/08/15-10:05,6311,6313,6296.4,6297.6,533
2025/08/15-10:10,6297.2,6306.2,6292.6,6304.2,475
2025/08/15-10:15,6304.2,6326.8,6304.2,6324,551
2025/08/15-10:20,6324,6335.2,6322.6,6329,512
2025/08/15-10:25,6327.2,6333,6320.2,6322.6,525
2025/08/15-10:30,6321.8,6327,6315,6315.6,373
2025/08/15-10:35,6315.6,6323.4,6310.6,6320.8,572
2025/08/15-10:40,6321,6333.4,6321,6332.8,402
2025/08/15-10:45,6334,6341.6,6330.2,6334.4,357
2025/08/15-10:50,6334.8,6338.6,6329.2,6337.4,263
2025/08/15-10:55,6336,6337.8,6329,6335,192
2025/08/15-11:00,6335.2,6340.6,6330.2,6330.2,267
2025/08/15-11:05,6330,6333.8,6324,6329.2,557
2025/08/15-11:10,6328.6,6330.2,6315,6315,548
2025/08/15-11:15,6315.4,6321.6,6312.4,6318.2,382
2025/08/15-11:20,6318,6332.6,6315.6,6329.2,291
2025/08/15-11:25,6329.2,6347.6,6328.4,6345,323
2025/08/15-11:30,6346,6355,6338.6,6355,417
2025/08/15-13:05,6357,6378.8,6357,6371,1071
2025/08/15-13:10,6370.8,6387,6370,6376.8,675
2025/08/15-13:15,6376.8,6382,6375,6382,636
2025/08/15-13:20,6382.2,6391,6380.4,6387.8,573
2025/08/15-13:25,6387.6,6395.4,6379,6379.8,730
2025/08/15-13:30,6380.2,6392.8,6380.2,6392.6,409
2025/08/15-13:35,6393,6395.4,6379,6389.8,472
2025/08/15-13:40,6389.2,6396.2,6385,6388.8,249
2025/08/15-13:45,6388.6,6394.8,6385.2,6394.8,268
2025/08/15-13:50,6394.4,6402.4,6388.8,6397,465
2025/08/15-13:55,6397.2,6397.2,6384.6,6387.6,406
2025/08/15-14:00,6387.8,6389.2,6382.8,6388.2,296
2025/08/15-14:05,6387.4,6401.4,6387.4,6395.4,423
2025/08/15-14:10,6395,6397.8,6383.4,6390.6,373
2025/08/15-14:15,6389,6397,6389,6394.8,161
2025/08/15-14:20,6395,6395.2,6386.4,6387.2,173
2025/08/15-14:25,6387.6,6391.4,6385.6,6385.6,169
2025/08/15-14:30,6386.2,6387,6365.2,6376,590
2025/08/15-14:35,6376.2,6384.2,6372,6377.2,487
2025/08/15-14:40,6376.8,6390.2,6376.8,6388.8,313
2025/08/15-14:45,6388.2,6395.2,6387.6,6391,352
2025/08/15-14:50,6391,6393.8,6389.2,6390.2,257
2025/08/15-14:55,6391.2,6394.2,6387.8,6392.6,482
2025/08/15-15:00,6392.2,6397,6388,6394.4,674
2025/08/18-09:35,6425,6448.2,6422.6,6444.8,2421
2025/08/18-09:40,6445,6445,6407.8,6407.8,1252
2025/08/18-09:45,6407.8,6424.2,6401,6420.4,1027
2025/08/18-09:50,6420.4,6440,6417.4,6437,793
2025/08/18-09:55,6436.2,6460,6431.2,6455.2,811
2025/08/18-10:00,6455.8,6464,6448.2,6459.2,708
2025/08/18-10:05,6459.2,6467.8,6453.4,6464.4,539
2025/08/18-10:10,6464.6,6470.4,6460.8,6467.8,551
2025/08/18-10:15,6467.6,6490.6,6467.6,6477.4,820
2025/08/18-10:20,6477.4,6487.2,6474.4,6483,731
2025/08/18-10:25,6481.8,6485,6475.4,6480.2,401
2025/08/18-10:30,6480.8,6498.2,6480.8,6496.8,490
2025/08/18-10:35,6496.8,6510,6495.4,6510,727
2025/08/18-10:40,6511,6512,6502.4,6508,598
2025/08/18-10:45,6508.4,6512.2,6502,6507.4,529
2025/08/18-10:50,6507.2,6515.6,6494,6496.6,478
2025/08/18-10:55,6497,6510.8,6491,6509,404
2025/08/18-11:00,6509,6528.6,6509,6526.6,688
2025/08/18-11:05,6526.6,6534.2,6518.6,6522.4,554
2025/08/18-11:10,6520.8,6520.8,6508.6,6515,572
2025/08/18-11:15,6515.6,6523,6507.2,6521.8,519
2025/08/18-11:20,6521.6,6534,6517.6,6522.8,823
2025/08/18-11:25,6523.6,6548.2,6511.2,6547.2,456
2025/08/18-11:30,6546.6,6562.6,6544.6,6557.2,1072
2025/08/18-13:05,6558,6560.6,6552,6556.2,667
2025/08/18-13:10,6556,6563.6,6548.6,6555.4,412
2025/08/18-13:15,6554.8,6562,6541,6542,451
2025/08/18-13:20,6540.8,6549.6,6533.8,6539.2,565
2025/08/18-13:25,6540,6544.4,6525.8,6526.8,739
2025/08/18-13:30,6527,6528.4,6515,6525.4,804
2025/08/18-13:35,6526,6538.6,6523,6533.4,517
2025/08/18-13:40,6534,6539.2,6524.8,6528,362
2025/08/18-13:45,6528,6537.8,6516,6519,481
2025/08/18-13:50,6518.6,6530,6518.6,6522.8,361
2025/08/18-13:55,6523,6528.4,6513,6514.8,293
2025/08/18-14:00,6514.2,6518.8,6498.8,6508.6,786
2025/08/18-14:05,6509.8,6524.6,6508.2,6521.4,555
2025/08/18-14:10,6522.4,6522.4,6495.6,6500.2,558
2025/08/18-14:15,6498.4,6507.8,6474.6,6486.8,1100
2025/08/18-14:20,6486.8,6486.8,6461.2,6468.6,869
2025/08/18-14:25,6468.4,6496,6465.4,6492,609
2025/08/18-14:30,6491.8,6492.8,6471.8,6476.2,436
2025/08/18-14:35,6476.2,6489.2,6474.6,6481,651
2025/08/18-14:40,6480.8,6499.4,6480,6498.2,532
2025/08/18-14:45,6498.2,6503,6496.4,6497.6,407
2025/08/18-14:50,6497.2,6498.6,6482.4,6484.6,482
2025/08/18-14:55,6484.8,6491,6477.8,6491,543
2025/08/18-15:00,6489.6,6491,6483.4,6486.6,497
2025/08/19-09:35,6488.8,6514.4,6481.2,6507.8,1599
2025/08/19-09:40,6507.2,6519.6,6504.4,6513.6,761
2025/08/19-09:45,6513.6,6527.4,6504.2,6522.6,853
2025/08/19-09:50,6522.6,6527.8,6512.8,6513.6,680
2025/08/19-09:55,6513.8,6527.8,6513.6,6522.2,880
2025/08/19-10:00,6522.2,6524.4,6501,6503.8,635
2025/08/19-10:05,6501.6,6506.4,6474,6475.6,1134
2025/08/19-10:10,6475.6,6495,6469.2,6489.6,1275
2025/08/19-10:15,6489,6497.2,6482.2,6486.4,485
2025/08/19-10:20,6486.2,6491.2,6474.6,6474.6,352
2025/08/19-10:25,6474.6,6483.6,6474.6,6483.2,468
2025/08/19-10:30,6483,6503,6480.4,6495.6,582
2025/08/19-10:35,6494.4,6505.8,6494.4,6504.2,570
2025/08/19-10:40,6505,6508,6499.6,6504,330
2025/08/19-10:45,6503.8,6508.2,6496.6,6499,337
2025/08/19-10:50,6498.8,6503,6491.6,6501.6,272
2025/08/19-10:55,6502,6502.8,6494,6495.6,231
2025/08/19-11:00,6493.8,6498.8,6485.2,6491.2,230
2025/08/19-11:05,6491.2,6504.6,6489,6501.8,311
2025/08/19-11:10,6500.2,6504.8,6495,6503,410
2025/08/19-11:15,6504,6515,6503.6,6512,376
2025/08/19-11:20,6510.6,6513,6503.8,6506.2,152
2025/08/19-11:25,6507.2,6521.8,6504.2,6519.2,558
2025/08/19-11:30,6518.2,6520,6506,6506.8,434
2025/08/19-13:05,6506.8,6520.6,6506.4,6518,427
2025/08/19-13:10,6518.4,6524,6510.8,6515.2,469
2025/08/19-13:15,6517.8,6519.6,6504.8,6507,333
2025/08/19-13:20,6505.8,6512.8,6498.2,6502.8,394
2025/08/19-13:25,6503.6,6506.8,6497.2,6499,204
2025/08/19-13:30,6498.6,6504.8,6494.8,6504.6,346
2025/08/19-13:35,6504.4,6504.4,6482.2,6483.2,476
2025/08/19-13:40,6483.2,6494.6,6478,6492,423
2025/08/19-13:45,6492.2,6492.2,6482.8,6488.6,176
2025/08/19-13:50,6486.8,6489.4,6478.2,6482.2,272
2025/08/19-13:55,6481.8,6483.4,6471,6478.6,600
2025/08/19-14:00,6480,6482.4,6468,6474.4,431
2025/08/19-14:05,6474.4,6490,6469.6,6490,464
2025/08/19-14:10,6490.4,6494,6483.8,6483.8,324
2025/08/19-14:15,6485.2,6487.4,6477.6,6486,551
2025/08/19-14:20,6485.4,6490,6472.2,6473.6,286
2025/08/19-14:25,6473.6,6479.4,6465,6471.2,479
2025/08/19-14:30,6469.2,6474.4,6456.8,6473.8,648
2025/08/19-14:35,6475,6482.8,6470.4,6478,441
2025/08/19-14:40,6477.6,6485,6472.6,6475.8,365
2025/08/19-14:45,6476.6,6481.2,6471,6480,426
2025/08/19-14:50,6480.4,6481.4,6473,6473,443
2025/08/19-14:55,6472.4,6473.8,6466.4,6467.2,550
2025/08/19-15:00,6467.2,6472.8,6463,6463,689
2025/08/20-09:35,6433,6433,6391,6414,2893
2025/08/20-09:40,6412.2,6435.6,6403.4,6431,1298
2025/08/20-09:45,6431.4,6449.8,6426.8,6443.4,907
2025/08/20-09:50,6442.2,6460.6,6439,6453.8,836
2025/08/20-09:55,6453.4,6467.6,6450.8,6460.4,490
2025/08/20-10:00,6459.4,6468.8,6448.6,6464.4,593
2025/08/20-10:05,6464,6464.4,6445,6447.6,524
2025/08/20-10:10,6447.4,6451.2,6435,6441.8,595
2025/08/20-10:15,6441.4,6449,6436.2,6440.4,247
2025/08/20-10:20,6438.8,6448.8,6433.2,6442.8,375
2025/08/20-10:25,6443,6449.2,6438.2,6442.8,185
2025/08/20-10:30,6441.8,6460,6438.4,6460,288
2025/08/20-10:35,6460,6475,6459,6472.8,448
2025/08/20-10:40,6473.4,6483,6472.2,6476,545
2025/08/20-10:45,6476.8,6480,6471,6471,255
2025/08/20-10:50,6471,6480.6,6471,6479.8,215
2025/08/20-10:55,6479.6,6479.6,6460.4,6465.6,467
2025/08/20-11:00,6464.6,6466.6,6444.4,6444.4,528
2025/08/20-11:05,6443.6,6449.4,6432.6,6445.8,427
2025/08/20-11:10,6445.8,6448.4,6434.4,6440.8,194
2025/08/20-11:15,6440.8,6443.2,6433.8,6440.2,276
2025/08/20-11:20,6438.6,6438.6,6422,6430,550
2025/08/20-11:25,6429.4,6436,6408,6410.6,588
2025/08/20-11:30,6410.2,6425.8,6389,6423.8,1790
2025/08/20-13:05,6425.2,6427.6,6418.8,6420.8,467
2025/08/20-13:10,6418,6423.8,6406.6,6411.6,319
2025/08/20-13:15,6410,6424.6,6409.8,6416.8,425
2025/08/20-13:20,6416.8,6423,6411.6,6421.6,238
2025/08/20-13:25,6422.4,6430.4,6420.2,6429.2,208
2025/08/20-13:30,6428.4,6437.2,6422.6,6435.8,238
2025/08/20-13:35,6434.6,6446.8,6433.4,6446.8,296
2025/08/20-13:40,6447,6462,6447,6461.2,793
2025/08/20-13:45,6461,6471,6456,6456,495
2025/08/20-13:50,6455,6476.8,6453.8,6469.6,454
2025/08/20-13:55,6470.6,6476.6,6466.8,6472.2,376
2025/08/20-14:00,6473,6484.4,6466.4,6483.8,342
2025/08/20-14:05,6483.4,6506,6482.8,6504.8,843
2025/08/20-14:10,6505.2,6510,6497.8,6500.4,687
2025/08/20-14:15,6501.8,6517.8,6501.4,6514.8,525
2025/08/20-14:20,6514.8,6532,6514.2,6522.8,789
2025/08/20-14:25,6523,6530.6,6515.4,6526.8,506
2025/08/20-14:30,6528,6533,6517,6529.2,386
2025/08/20-14:35,6530.6,6539,6530,6530,518
2025/08/20-14:40,6530,6534.2,6520.8,6528.8,627
2025/08/20-14:45,6528,6536.8,6523,6536.2,256
2025/08/20-14:50,6535.2,6557.4,6532.6,6555.6,703
2025/08/20-14:55,6554.8,6562.8,6547.4,6562.8,817
2025/08/20-15:00,6562.4,6574,6560,6569.2,1146
2025/08/21-09:35,6579,6598.8,6579,6582.4,2067
2025/08/21-09:40,6583.2,6601.6,6580.4,6591,1025
2025/08/21-09:45,6591,6592.8,6561.4,6565.2,1382
2025/08/21-09:50,6564.2,6582.2,6561,6561,683
2025/08/21-09:55,6561,6564,6542,6543.4,897
2025/08/21-10:00,6543.8,6547.4,6525,6528.2,1459
2025/08/21-10:05,6528,6541.6,6521.6,6524.2,1122
2025/08/21-10:10,6526,6550.8,6526,6549.6,995
2025/08/21-10:15,6550,6552.8,6537.2,6540.8,734
2025/08/21-10:20,6542,6542,6520.2,6526.4,1484
2025/08/21-10:25,6527.6,6546.2,6525,6537.4,585
2025/08/21-10:30,6537.8,6545.8,6536.6,6539.6,532
2025/08/21-10:35,6539.8,6552.2,6536,6549.8,634
2025/08/21-10:40,6550,6556,6543.6,6548.8,600
2025/08/21-10:45,6548,6549.2,6535.4,6545,404
2025/08/21-10:50,6546,6561.8,6544.4,6554,530
2025/08/21-10:55,6553.8,6566.6,6550.8,6563.8,466
2025/08/21-11:00,6564.6,6575,6562.2,6565.6,391
2025/08/21-11:05,6565.6,6576.6,6562.6,6568.8,569
2025/08/21-11:10,6569.4,6570,6542.2,6543.4,654
2025/08/21-11:15,6544.4,6557.6,6539.4,6543.6,546
2025/08/21-11:20,6544,6549.4,6532.2,6534.4,392
2025/08/21-11:25,6535,6545,6520,6542.8,690
2025/08/21-11:30,6542.2,6551.8,6541,6544.2,361
2025/08/21-13:05,6544.2,6551.2,6542.2,6549.6,554
2025/08/21-13:10,6549.8,6554.4,6543.2,6545.4,304
2025/08/21-13:15,6546.6,6550.6,6543.4,6549.2,273
2025/08/21-13:20,6549,6563.4,6544.4,6561.2,569
2025/08/21-13:25,6560,6567.6,6557.4,6564.4,361
2025/08/21-13:30,6564.4,6565.8,6548,6550.4,496
2025/08/21-13:35,6552.6,6557.2,6540.8,6542.8,505
2025/08/21-13:40,6542.4,6544.6,6538,6544,260
2025/08/21-13:45,6544.8,6548.2,6532,6544.8,481
2025/08/21-13:50,6545.2,6547.4,6532,6534.2,235
2025/08/21-13:55,6533.6,6536.4,6528,6535.2,458
2025/08/21-14:00,6534.6,6535,6530.2,6534.6,200
2025/08/21-14:05,6534.2,6535.2,6519,6523.6,669
2025/08/21-14:10,6524.6,6544.8,6521.4,6522.6,464
2025/08/21-14:15,6523.2,6531.8,6520.2,6525.4,259
2025/08/21-14:20,6525.4,6535,6523,6529.4,274
2025/08/21-14:25,6529,6529.8,6506.6,6509,786
2025/08/21-14:30,6509,6524.6,6498.4,6524,812
2025/08/21-14:35,6524,6526,6494,6498.6,624
2025/08/21-14:40,6500,6512.8,6496.2,6509.8,479
2025/08/21-14:45,6510.4,6523,6505.6,6512.6,465
2025/08/21-14:50,6512.6,6528,6510.2,6523.8,371
2025/08/21-14:55,6523.8,6538,6522.4,6535.8,682
2025/08/21-15:00,6535,6538,6530.4,6530.6,661
2025/08/22-09:35,6544,6566.8,6538.8,6548.8,1507
2025/08/22-09:40,6549.8,6576,6544.2,6568,1392
2025/08/22-09:45,6569,6593,6563.2,6593,818
2025/08/22-09:50,6594.4,6603.4,6591,6597.8,1123
2025/08/22-09:55,6597,6603.6,6586.2,6587.8,854
2025/08/22-10:00,6588,6593.6,6581.2,6586.6,640
2025/08/22-10:05,6589,6591.8,6566,6572.4,976
2025/08/22-10:10,6571,6580.8,6566.2,6566.2,472
2025/08/22-10:15,6563.4,6571,6553.4,6567.4,756
2025/08/22-10:20,6565.4,6579.4,6558,6579.2,568
2025/08/22-10:25,6578,6582,6564,6566.8,412
2025/08/22-10:30,6567,6572.6,6559,6571.4,483
2025/08/22-10:35,6573,6590,6573,6576.6,637
2025/08/22-10:40,6575.8,6587,6570.4,6582.8,443
2025/08/22-10:45,6582,6591.8,6582,6591.6,373
2025/08/22-10:50,6591.4,6603,6591.4,6598,601
2025/08/22-10:55,6597.4,6624,6597.4,6621.2,1045
2025/08/22-11:00,6620.4,6620.4,6608.2,6608.2,626
2025/08/22-11:05,6609.4,6612.2,6594.6,6600.8,799
2025/08/22-11:10,6600,6619.8,6594,6613.6,780
2025/08/22-11:15,6613.4,6623.6,6610.2,6613.6,443
2025/08/22-11:20,6613.8,6626.8,6613.2,6620,446
2025/08/22-11:25,6620.6,6622.4,6603.4,6607.2,642
2025/08/22-11:30,6605.2,6619.6,6591.4,6618.2,1055
2025/08/22-13:05,6618.2,6625,6602.6,6610.6,738
2025/08/22-13:10,6611,6620.4,6608.2,6615.8,290
2025/08/22-13:15,6614.2,6628.6,6614.2,6627,422
2025/08/22-13:20,6627.2,6628.2,6604.4,6605.4,521
2025/08/22-13:25,6606,6614,6599,6606.4,661
2025/08/22-13:30,6606.6,6619.4,6599,6611.2,575
2025/08/22-13:35,6611,6621,6610.2,6615.4,343
2025/08/22-13:40,6615.4,6620.4,6607,6619.8,471
2025/08/22-13:45,6619.2,6628.8,6616,6626.4,418
2025/08/22-13:50,6626.4,6632,6621,6627.2,505
2025/08/22-13:55,6628.2,6635,6622,6627.6,558
2025/08/22-14:00,6627.8,6628.6,6618.4,6626,472
2025/08/22-14:05,6628.6,6643,6627,6640,698
2025/08/22-14:10,6641,6654.6,6641,6649.2,698
2025/08/22-14:15,6648,6659.8,6642.2,6642.4,551
2025/08/22-14:20,6642,6652.6,6639.4,6646.6,893
2025/08/22-14:25,6647.6,6663,6639.6,6662.4,661
2025/08/22-14:30,6661.2,6671.2,6656,6670.2,697
2025/08/22-14:35,6671.6,6674.8,6660.2,6673.8,680
2025/08/22-14:40,6673.4,6675,6663.8,6673,505
2025/08/22-14:45,6673.8,6673.8,6660.2,6666.4,465
2025/08/22-14:50,6666.4,6684.8,6664.4,6684.8,800
2025/08/22-14:55,6684.6,6690.8,6682,6690.8,694
2025/08/22-15:00,6690.6,6690.8,6680,6688.8,1044
2025/08/25-09:35,6750,6778,6741,6778,3093
2025/08/25-09:40,6774.4,6783,6725,6733.4,1794
2025/08/25-09:45,6733.4,6771,6729,6763.6,1404
2025/08/25-09:50,6763.6,6765.8,6720.6,6737,1188
2025/08/25-09:55,6736,6761.8,6734.8,6759.4,883
2025/08/25-10:00,6759,6776.6,6746.6,6774.2,751
2025/08/25-10:05,6774.2,6798.4,6770,6795.4,925
2025/08/25-10:10,6793.8,6799.8,6783.8,6799,668
2025/08/25-10:15,6798.8,6804.4,6793.4,6799.2,617
2025/08/25-10:20,6799.4,6808,6788.4,6808,607
2025/08/25-10:25,6808,6815,6796.2,6801.4,588
2025/08/25-10:30,6801.8,6815,6801.8,6807,546
2025/08/25-10:35,6806.2,6807.8,6785.4,6807.8,852
2025/08/25-10:40,6807.8,6807.8,6791.2,6792.2,653
2025/08/25-10:45,6793,6811.6,6786,6804.2,570
2025/08/25-10:50,6805,6807.8,6792.2,6805.6,370
2025/08/25-10:55,6804.8,6820.8,6803.2,6820.2,432
2025/08/25-11:00,6819.8,6828.8,6816.6,6828.8,479
2025/08/25-11:05,6827.6,6830,6813,6816,553
2025/08/25-11:10,6816,6831,6816,6823.4,555
2025/08/25-11:15,6823.4,6837.6,6819.6,6823.4,693
2025/08/25-11:20,6822,6822.2,6783.8,6786,928
2025/08/25-11:25,6785.8,6787.4,6760.8,6772.8,1126
2025/08/25-11:30,6775.2,6775.2,6741.6,6763,1374
2025/08/25-13:05,6767,6767,6726.8,6734,1160
2025/08/25-13:10,6734.6,6753.4,6730,6750,982
2025/08/25-13:15,6750,6754.2,6733.6,6733.6,901
2025/08/25-13:20,6733.8,6738.6,6717.8,6728,1057
2025/08/25-13:25,6726.6,6747,6725.4,6735.2,517
2025/08/25-13:30,6736.2,6736.2,6717.8,6729.6,510
2025/08/25-13:35,6730.6,6740.8,6713,6731.2,487
2025/08/25-13:40,6730,6734.2,6718.2,6728.4,359
2025/08/25-13:45,6727.8,6737.2,6719,6734.2,402
2025/08/25-13:50,6733.4,6753.2,6725.8,6746.6,475
2025/08/25-13:55,6745.8,6755.2,6744.2,6753,667
2025/08/25-14:00,6752.4,6757.8,6746.8,6747,531
2025/08/25-14:05,6746.6,6751.4,6732,6743.8,333
2025/08/25-14:10,6742.2,6755.4,6737.6,6753,223
2025/08/25-14:15,6752.2,6770,6752.2,6770,425
2025/08/25-14:20,6770,6782.6,6768.6,6778.6,592
2025/08/25-14:25,6778.6,6797.4,6777.8,6796.8,616
2025/08/25-14:30,6797,6819.4,6794.2,6819.4,691
2025/08/25-14:35,6820,6825,6793.8,6797,777
2025/08/25-14:40,6798.4,6809.2,6793.2,6802.8,497
2025/08/25-14:45,6802.8,6802.8,6776.6,6781.4,606
2025/08/25-14:50,6783,6791.8,6781.4,6785,497
2025/08/25-14:55,6784.4,6790.8,6777,6790.4,637
2025/08/25-15:00,6790,6792.2,6785,6785,456
2025/08/26-09:35,6767,6792.4,6749.8,6783.4,2380
2025/08/26-09:40,6782.2,6787.2,6762.2,6778.4,1079
2025/08/26-09:45,6778,6785,6775,6780,814
2025/08/26-09:50,6780,6793.6,6771,6789.6,1118
2025/08/26-09:55,6790.8,6812.2,6790.4,6811.4,766
2025/08/26-10:00,6811.8,6826.8,6806.8,6810.2,1055
2025/08/26-10:05,6811.6,6820,6800.2,6818.4,794
2025/08/26-10:10,6820,6824,6814,6820,403
2025/08/26-10:15,6820,6820,6805.6,6811.2,401
2025/08/26-10:20,6811,6814.4,6799.2,6810.4,434
2025/08/26-10:25,6810.8,6813,6797.2,6801,460
2025/08/26-10:30,6801,6807.4,6790,6798.6,580
2025/08/26-10:35,6798.6,6805.8,6789,6804.8,730
2025/08/26-10:40,6805,6807.8,6795,6795.4,478
2025/08/26-10:45,6795,6810.8,6792.6,6809.2,468
2025/08/26-10:50,6810,6811.4,6805,6807.2,197
2025/08/26-10:55,6807,6814.8,6805.6,6810,334
2025/08/26-11:00,6809.2,6810,6793.6,6803.4,362
2025/08/26-11:05,6802.2,6806.8,6791.8,6794.8,381
2025/08/26-11:10,6794.8,6808.2,6792.6,6801.8,349
2025/08/26-11:15,6801.6,6810,6790.6,6808,312
2025/08/26-11:20,6807.8,6838,6807.6,6838,1082
2025/08/26-11:25,6839,6847,6834,6844.2,935
2025/08/26-11:30,6844.2,6851.4,6838.4,6843.4,714
2025/08/26-13:05,6843,6845.2,6828.6,6834.8,637
2025/08/26-13:10,6834.2,6835.8,6823,6827.4,661
2025/08/26-13:15,6827.4,6828.2,6810.6,6810.6,812
2025/08/26-13:20,6810.6,6821.6,6810.6,6817.8,335
2025/08/26-13:25,6818.4,6822.4,6810.4,6822.4,496
2025/08/26-13:30,6820.2,6830.8,6819.4,6828.4,411
2025/08/26-13:35,6828.4,6829.2,6819.8,6820.6,296
2025/08/26-13:40,6820.2,6823,6815.4,6820.4,221
2025/08/26-13:45,6821.2,6830,6815.2,6824.4,264
2025/08/26-13:50,6824.8,6833,6824,6829.6,335
2025/08/26-13:55,6830.2,6838.6,6829,6838.6,340
2025/08/26-14:00,6838,6845,6837.4,6845,411
2025/08/26-14:05,6843.6,6854.8,6832.4,6854.6,569
2025/08/26-14:10,6854.6,6856.8,6849,6853.6,602
2025/08/26-14:15,6853.2,6853.2,6835,6841.4,581
2025/08/26-14:20,6841,6847.6,6828.6,6829.4,400
2025/08/26-14:25,6829.8,6832,6817.6,6821.2,820
2025/08/26-14:30,6819.6,6837,6817.2,6834.8,398
2025/08/26-14:35,6834.4,6835,6818.2,6824.2,425
2025/08/26-14:40,6825.4,6828.4,6813.2,6816.6,322
2025/08/26-14:45,6816.6,6816.6,6798.6,6805.6,848
2025/08/26-14:50,6804.6,6805.6,6781.2,6782.4,928
2025/08/26-14:55,6783.4,6802.4,6778,6794,917
2025/08/26-15:00,6795,6800,6789,6789,880
2025/08/27-09:35,6797,6841.8,6797,6841.8,2231
2025/08/27-09:40,6840.6,6842,6821.8,6830.2,1110
2025/08/27-09:45,6830.8,6844,6828.4,6834,1002
2025/08/27-09:50,6834,6843.8,6821.6,6841,758
2025/08/27-09:55,6840,6846.8,6822,6832.6,874
2025/08/27-10:00,6833.2,6839.2,6810,6826.2,790
2025/08/27-10:05,6825.2,6840.4,6824,6833.2,601
2025/08/27-10:10,6833,6856.8,6831.8,6855.8,840
2025/08/27-10:15,6855.8,6866.8,6851.8,6865.4,1033
2025/08/27-10:20,6866,6871.2,6855.4,6864.2,699
2025/08/27-10:25,6863.6,6869.6,6859,6862.8,361
2025/08/27-10:30,6863.6,6869.6,6850.2,6850.2,394
2025/08/27-10:35,6850.4,6863.8,6847.4,6851,559
2025/08/27-10:40,6851.2,6857.6,6846,6852.4,396
2025/08/27-10:45,6850.2,6857.8,6841.4,6849.2,392
2025/08/27-10:50,6850.4,6865,6847.6,6864,531
2025/08/27-10:55,6863.2,6870,6861,6863.4,555
2025/08/27-11:00,6862.6,6870,6858,6867.2,374
2025/08/27-11:05,6867.4,6880,6866.6,6878.8,660
2025/08/27-11:10,6879.2,6886.8,6877.4,6885.2,591
2025/08/27-11:15,6886,6901.8,6884.8,6901.2,799
2025/08/27-11:20,6900,6917.6,6893,6906,1035
2025/08/27-11:25,6907.4,6910,6892.6,6905.4,997
2025/08/27-11:30,6904.8,6913,6899.6,6907,605
2025/08/27-13:05,6907.4,6911.6,6902,6906.6,1096
2025/08/27-13:10,6907,6907.8,6884,6885.8,1014
2025/08/27-13:15,6885.6,6889,6878,6888.8,747
2025/08/27-13:20,6888.4,6895,6887.4,6894,486
2025/08/27-13:25,6895.4,6909,6894,6903.2,814
2025/08/27-13:30,6903.2,6912,6898.2,6900.6,969
2025/08/27-13:35,6900.4,6903.2,6870.2,6883,1059
2025/08/27-13:40,6883,6890,6865,6868.2,1004
2025/08/27-13:45,6868.2,6882.8,6857,6857,799
2025/08/27-13:50,6857,6862.6,6847.4,6857.2,1208
2025/08/27-13:55,6857.8,6864.2,6832.2,6834,980
2025/08/27-14:00,6833.2,6838,6808,6825.8,1626
2025/08/27-14:05,6827.6,6856,6827.2,6853.6,1474
2025/08/27-14:10,6854,6858,6846.6,6851.2,549
2025/08/27-14:15,6850.8,6853.4,6835,6838.6,664
2025/08/27-14:20,6836.4,6840.8,6798.6,6798.6,1388
2025/08/27-14:25,6798.6,6799,6770.2,6794,1962
2025/08/27-14:30,6794,6794,6762,6763.2,1138
2025/08/27-14:35,6762,6806,6748.2,6802.8,1817
2025/08/27-14:40,6803.6,6805.2,6764.6,6765.8,1090
2025/08/27-14:45,6766.6,6766.6,6737.4,6744,1521
2025/08/27-14:50,6744.6,6746.4,6714.6,6736,2022
2025/08/27-14:55,6736,6737.8,6690,6690,1422
2025/08/27-15:00,6689.8,6703.4,6682,6697.2,1857
2025/08/28-09:35,6699.4,6760,6699.4,6758.6,3487
2025/08/28-09:40,6759.6,6762,6717.6,6723.6,1875
2025/08/28-09:45,6723.2,6748,6708,6743.2,1962
2025/08/28-09:50,6743.2,6752.8,6737.2,6750.6,1397
2025/08/28-09:55,6750.6,6755,6733.8,6734,1186
2025/08/28-10:00,6734.6,6742,6715.6,6716.4,1061
2025/08/28-10:05,6715,6736,6702.2,6705,918
2025/08/28-10:10,6705.2,6741.2,6696.4,6735,1045
2025/08/28-10:15,6735.2,6748,6732.6,6733.2,711
2025/08/28-10:20,6732.6,6744.8,6723.6,6733,718
2025/08/28-10:25,6734.8,6744.2,6728.4,6738.6,510
2025/08/28-10:30,6738.8,6759,6732,6751.8,1202
2025/08/28-10:35,6752.2,6770,6752.2,6770,1079
2025/08/28-10:40,6770,6781,6767.4,6768,1337
2025/08/28-10:45,6767.4,6795.8,6766.6,6791.2,991
2025/08/28-10:50,6791.6,6807.4,6783.2,6805,1053
2025/08/28-10:55,6805,6807.6,6789.2,6791,1064
2025/08/28-11:00,6790.6,6791.8,6772,6774.4,1251
2025/08/28-11:05,6775.4,6781.4,6753.6,6755.8,1010
2025/08/28-11:10,6755.6,6773.4,6755,6760.2,785
2025/08/28-11:15,6759.8,6777.8,6749.4,6757,939
2025/08/28-11:20,6756.4,6756.4,6716,6721.2,1467
2025/08/28-11:25,6721.2,6728.8,6699,6701,1446
2025/08/28-11:30,6700.4,6727,6698.2,6725,1190
2025/08/28-13:05,6720,6731.8,6703.2,6707.6,1070
2025/08/28-13:10,6706.8,6730.8,6705.2,6730.6,613
2025/08/28-13:15,6730.4,6735.2,6711,6712.4,462
2025/08/28-13:20,6712.4,6733.2,6704.4,6705.2,541
2025/08/28-13:25,6704.8,6706.4,6676.2,6680,1056
2025/08/28-13:30,6678.8,6686.2,6651,6661.4,1668
2025/08/28-13:35,6662.2,6671.4,6625.2,6636,1517
2025/08/28-13:40,6638,6670.6,6637.6,6667.6,1892
2025/08/28-13:45,6667,6681.4,6652,6681.4,1513
2025/08/28-13:50,6680.6,6711.2,6679.8,6698.6,1441
2025/08/28-13:55,6697.8,6708.2,6683.8,6705.8,761
2025/08/28-14:00,6705.8,6710,6694.6,6702.4,568
2025/08/28-14:05,6703.6,6730,6701.6,6727,704
2025/08/28-14:10,6728,6738,6725,6731.2,736
2025/08/28-14:15,6731,6764.4,6723.8,6759.6,1435
2025/08/28-14:20,6759.4,6777,6753.8,6774,1024
2025/08/28-14:25,6773.2,6777,6744,6744.4,654
2025/08/28-14:30,6744.2,6767.8,6744.2,6761.8,479
2025/08/28-14:35,6761.2,6774,6754.6,6774,424
2025/08/28-14:40,6774,6788.8,6773.8,6786,702
2025/08/28-14:45,6785.8,6801.2,6783.8,6800.2,783
2025/08/28-14:50,6800,6821,6792.6,6819,920
2025/08/28-14:55,6819.2,6828.6,6812.6,6827.2,1080
2025/08/28-15:00,6827,6833.4,6822.6,6822.8,1284
2025/08/29-09:35,6821.8,6828,6803.6,6807.4,3421
2025/08/29-09:40,6807.2,6820.4,6783.2,6806.2,2397
2025/08/29-09:45,6806.8,6812,6772.2,6788,1958
2025/08/29-09:50,6786.6,6804,6772,6792.8,1459
2025/08/29-09:55,6795,6807,6790.8,6800,1144
2025/08/29-10:00,6799,6808.8,6790,6806.4,975
2025/08/29-10:05,6807,6822.4,6797.4,6817.4,1225
2025/08/29-10:10,6816.8,6820,6810,6811,727
2025/08/29-10:15,6811.8,6819.4,6803,6815.6,898
2025/08/29-10:20,6815.8,6823.8,6808.8,6818.8,678
2025/08/29-10:25,6819.2,6865,6819.2,6864,1419
2025/08/29-10:30,6862,6866.6,6848.4,6858,1089
2025/08/29-10:35,6857.2,6861.6,6840.6,6847.2,876
2025/08/29-10:40,6848.6,6878,6846.8,6875.6,987
2025/08/29-10:45,6873.8,6879,6867,6872.2,788
2025/08/29-10:50,6872,6885.6,6861.6,6885.2,831
2025/08/29-10:55,6884.6,6887.2,6860.2,6871.8,696
2025/08/29-11:00,6870,6880,6847,6853,804
2025/08/29-11:05,6852.6,6871,6844,6858.2,856
2025/08/29-11:10,6858.8,6865.4,6845.6,6848.6,863
2025/08/29-11:15,6848,6863.6,6831,6835.2,971
2025/08/29-11:20,6835.2,6838,6806.4,6838,1086
2025/08/29-11:25,6838.2,6841.2,6817.4,6823.8,639
2025/08/29-11:30,6825,6829.8,6808,6824.8,676
2025/08/29-13:05,6825.4,6838.4,6822.2,6835.4,587
2025/08/29-13:10,6835.4,6858.6,6834.6,6855,547
2025/08/29-13:15,6855,6858.8,6846.8,6856,520
2025/08/29-13:20,6856,6865.6,6819.6,6821.2,758
2025/08/29-13:25,6819.4,6824,6790,6793,1606
2025/08/29-13:30,6793,6805,6788.4,6805,697
2025/08/29-13:35,6805,6817.4,6789.2,6817.4,610
2025/08/29-13:40,6817.4,6817.4,6794.6,6816,408
2025/08/29-13:45,6816.8,6824.6,6793.8,6799.4,418
2025/08/29-13:50,6799.4,6802.2,6781.2,6798,629
2025/08/29-13:55,6799.8,6818,6797.4,6811.4,437
2025/08/29-14:00,6811.4,6845,6811.4,6842,689
2025/08/29-14:05,6841.6,6851.4,6823.4,6829,917
2025/08/29-14:10,6829,6840.6,6817.8,6820.6,365
2025/08/29-14:15,6821,6829.8,6796.4,6821,1140
2025/08/29-14:20,6822,6823.8,6810,6819.4,339
2025/08/29-14:25,6821,6823,6801,6805,432
2025/08/29-14:30,6805.2,6816.8,6802.2,6816.8,218
2025/08/29-14:35,6817,6830,6804,6813,539
2025/08/29-14:40,6814.8,6826.8,6807.8,6821.6,281
2025/08/29-14:45,6823.6,6839.8,6822.4,6838,443
2025/08/29-14:50,6837.4,6848.2,6833.6,6837.4,621
2025/08/29-14:55,6838.8,6848.8,6834.4,6845,743
2025/08/29-15:00,6845.8,6847.6,6837.8,6841.8,765
2025/09/01-09:35,6886.2,6912,6876.2,6902.4,3339
2025/09/01-09:40,6900.2,6910.8,6888,6905.6,2419
2025/09/01-09:45,6904.8,6910,6883.2,6884.6,1281
2025/09/01-09:50,6884.6,6890.6,6852,6856.2,2013
2025/09/01-09:55,6855.4,6863.2,6833.2,6846.2,1898
2025/09/01-10:00,6845.4,6858.4,6839.2,6840,1637
2025/09/01-10:05,6840,6853,6828.6,6839,1071
2025/09/01-10:10,6841,6866.6,6832,6865.2,937
2025/09/01-10:15,6865.8,6869.6,6855.4,6865.6,858
2025/09/01-10:20,6865.2,6875,6859,6866,695
2025/09/01-10:25,6865.4,6876,6859.6,6863,444
2025/09/01-10:30,6862.8,6869.8,6835.4,6836.6,540
2025/09/01-10:35,6837.6,6846,6825,6828.2,1061
2025/09/01-10:40,6829.6,6848.4,6826.6,6844.8,649
2025/09/01-10:45,6844,6858.4,6844,6856.8,590
2025/09/01-10:50,6856.6,6876.8,6856.6,6874.8,689
2025/09/01-10:55,6875.2,6876,6858.2,6864.4,496
2025/09/01-11:00,6865.2,6869.2,6852.8,6857.8,418
2025/09/01-11:05,6858.2,6875,6855.2,6874.2,497
2025/09/01-11:10,6873.8,6875.2,6861.2,6871.4,441
2025/09/01-11:15,6871.4,6886.6,6867.4,6882,822
2025/09/01-11:20,6882.4,6887.2,6871.4,6883.8,428
2025/09/01-11:25,6883.8,6893.8,6873.4,6874.2,542
2025/09/01-11:30,6873.6,6873.8,6839,6840,1200
2025/09/01-13:05,6839,6865.8,6839,6864.8,570
2025/09/01-13:10,6865.4,6871.8,6845.8,6850,459
2025/09/01-13:15,6848.8,6862.8,6838.8,6853.2,370
2025/09/01-13:20,6853.8,6859.6,6849.4,6856,319
2025/09/01-13:25,6858.2,6859.2,6849.6,6851.4,310
2025/09/01-13:30,6850.6,6870,6850.6,6868.6,299
2025/09/01-13:35,6868.8,6873,6853.8,6866.2,621
2025/09/01-13:40,6867.2,6870,6858.8,6867,430
2025/09/01-13:45,6868.2,6870,6850.2,6854.8,507
2025/09/01-13:50,6855.8,6857,6839,6852.8,649
2025/09/01-13:55,6853.8,6863,6849,6856.6,324
2025/09/01-14:00,6856.6,6874,6856.6,6874,385
2025/09/01-14:05,6874.8,6878.8,6861.6,6864.6,398
2025/09/01-14:10,6863.8,6874.8,6859.8,6869.4,302
2025/09/01-14:15,6869.4,6873.4,6860.6,6868.6,298
2025/09/01-14:20,6869.2,6869.2,6858.4,6862,358
2025/09/01-14:25,6861.2,6879.4,6858,6874.6,376
2025/09/01-14:30,6874.4,6875.6,6863.4,6871.2,399
2025/09/01-14:35,6871.8,6875.8,6865.2,6870,268
2025/09/01-14:40,6870.8,6879.8,6863,6879.8,391
2025/09/01-14:45,6880,6882.6,6861,6863.6,578
2025/09/01-14:50,6863.6,6865.8,6854.6,6865.6,486
2025/09/01-14:55,6864.8,6870,6860,6865.4,556
2025/09/01-15:00,6865,6868.6,6856.8,6858.6,651
2025/09/02-09:35,6859.4,6875,6859.4,6866.4,1522
2025/09/02-09:40,6865,6865,6844.2,6854.4,1532
2025/09/02-09:45,6854.4,6862.2,6845.8,6860.6,1189
2025/09/02-09:50,6861.2,6880,6855.8,6858,1182
2025/09/02-09:55,6858,6858,6824.6,6833.2,1773
2025/09/02-10:00,6833.4,6836.2,6812,6812,1425
2025/09/02-10:05,6813.4,6816.4,6793.6,6795.8,1598
2025/09/02-10:10,6795.2,6815.2,6792.6,6814.2,1100
2025/09/02-10:15,6812.4,6813.2,6772.6,6773.2,1498
2025/09/02-10:20,6773.4,6800.6,6764.8,6792.2,1224
2025/09/02-10:25,6791.4,6819,6791.4,6816.8,939
2025/09/02-10:30,6816.6,6825,6803,6811.8,562
2025/09/02-10:35,6813.2,6814.6,6776,6783.8,1145
2025/09/02-10:40,6783.8,6783.8,6762.4,6762.4,1000
2025/09/02-10:45,6762,6768.8,6748.2,6753,1005
2025/09/02-10:50,6752,6768,6745.8,6750.4,1040
2025/09/02-10:55,6749.6,6773.6,6747,6753.8,804
2025/09/02-11:00,6753.8,6760,6729.8,6746.6,1317
2025/09/02-11:05,6746.2,6754.2,6722,6750.2,1195
2025/09/02-11:10,6750.4,6761.4,6731.8,6737,792
2025/09/02-11:15,6735.8,6752.8,6728,6728.8,652
2025/09/02-11:20,6729,6733.4,6718,6732.6,958
2025/09/02-11:25,6735.4,6778,6735.2,6767,1229
2025/09/02-11:30,6767,6777,6730.2,6733.4,815
2025/09/02-13:05,6731.2,6745,6710.2,6743.4,1312
2025/09/02-13:10,6743.4,6755.4,6725,6727,660
2025/09/02-13:15,6726.2,6726.2,6694,6699.8,1116
2025/09/02-13:20,6698.6,6706,6686.4,6691.2,849
2025/09/02-13:25,6691,6698.4,6683.2,6690.8,523
2025/09/02-13:30,6690.6,6705.6,6680,6705.2,680
2025/09/02-13:35,6706.6,6743,6701.8,6742.4,992
2025/09/02-13:40,6742.6,6764,6742.6,6754.8,1106
2025/09/02-13:45,6755.4,6785.6,6755.4,6769.2,1164
2025/09/02-13:50,6770.2,6794,6770.2,6778.4,967
2025/09/02-13:55,6779,6780.2,6750.6,6750.6,836
2025/09/02-14:00,6750.2,6765,6733.4,6733.8,737
2025/09/02-14:05,6734.4,6760.8,6730.4,6734.2,769
2025/09/02-14:10,6734.2,6735,6711,6720.8,1011
2025/09/02-14:15,6720.8,6730,6718.6,6724.6,375
2025/09/02-14:20,6724.6,6724.6,6704,6708.8,601
2025/09/02-14:25,6708.8,6727.8,6708,6711.2,398
2025/09/02-14:30,6711.2,6716.2,6702.2,6709.6,325
2025/09/02-14:35,6708,6734,6703.6,6714.8,671
2025/09/02-14:40,6713.6,6723.4,6706.4,6715,431
2025/09/02-14:45,6715,6716.6,6703.2,6712.4,438
2025/09/02-14:50,6712.2,6730.8,6711.4,6729.8,613
2025/09/02-14:55,6729.8,6749,6729.6,6741.8,751
2025/09/02-15:00,6741.4,6753.4,6741.2,6741.2,862
2025/09/03-09:35,6772,6790.8,6752.2,6765,2620
2025/09/03-09:40,6766,6766,6728.6,6745,1474
2025/09/03-09:45,6745.2,6776,6743.8,6766.4,1119
2025/09/03-09:50,6764.4,6774.2,6751.6,6758.4,823
2025/09/03-09:55,6757.6,6760.6,6730.2,6736.4,1172
2025/09/03-10:00,6735.2,6742.6,6720.8,6733.4,742
2025/09/03-10:05,6732.2,6738.4,6711.4,6716,696
2025/09/03-10:10,6716,6718.6,6704.2,6708.4,592
2025/09/03-10:15,6708.2,6710.4,6684.6,6685.4,838
2025/09/03-10:20,6686.6,6700.2,6686.6,6698.6,889
2025/09/03-10:25,6700.4,6713.8,6698.6,6702.4,667
2025/09/03-10:30,6702.4,6705.8,6677.2,6687.6,1053
2025/09/03-10:35,6685.6,6696.8,6651.8,6656.8,1668
2025/09/03-10:40,6657,6699.2,6657,6693.8,1741
2025/09/03-10:45,6693,6745,6688.4,6737.4,2192
2025/09/03-10:50,6738.6,6758.2,6737.4,6757.6,1631
2025/09/03-10:55,6756.8,6767.4,6748.4,6755,1434
2025/09/03-11:00,6753.8,6755.4,6738.2,6740,655
2025/09/03-11:05,6739.8,6747.2,6718,6728.6,693
2025/09/03-11:10,6727.6,6733.4,6711.2,6711.2,854
2025/09/03-11:15,6710.6,6711.2,6692,6693,1153
2025/09/03-11:20,6693.8,6703.8,6685,6689.8,789
2025/09/03-11:25,6689.4,6690.2,6669,6673.2,836
2025/09/03-11:30,6673.4,6681.8,6641,6647.2,1597
2025/09/03-13:05,6646,6688.8,6640.8,6653.4,977
2025/09/03-13:10,6653.4,6661.8,6633,6649.8,1057
2025/09/03-13:15,6647.6,6666,6645,6665.4,472
2025/09/03-13:20,6664.2,6669,6641.4,6647.8,544
2025/09/03-13:25,6647.4,6667.4,6643.8,6663.6,293
2025/09/03-13:30,6664.6,6664.8,6642,6660.4,417
2025/09/03-13:35,6661.4,6662.4,6638.2,6641,378
2025/09/03-13:40,6639.8,6650.6,6638,6643,543
2025/09/03-13:45,6643,6672.8,6641.8,6647,815
2025/09/03-13:50,6645.8,6645.8,6619,6626,1265
2025/09/03-13:55,6625.6,6654,6625.6,6652,631
2025/09/03-14:00,6651.6,6653.8,6629.2,6649,420
2025/09/03-14:05,6647.6,6665,6636.2,6661.6,503
2025/09/03-14:10,6662.4,6681,6656.4,6677.2,834
2025/09/03-14:15,6678.2,6694.8,6665.6,6693,924
2025/09/03-14:20,6692.4,6695,6656.4,6661.6,707
2025/09/03-14:25,6662.6,6680,6657,6663.8,338
2025/09/03-14:30,6661,6670,6653.4,6667.6,401
2025/09/03-14:35,6667.6,6677.2,6655,6672.2,639
2025/09/03-14:40,6671.6,6672.8,6642.8,6643.2,440
2025/09/03-14:45,6643.2,6646.6,6620,6635,1010
2025/09/03-14:50,6633.8,6633.8,6595.8,6598.4,1078
2025/09/03-14:55,6598.6,6626.6,6597,6625,1283
2025/09/03-15:00,6626,6637,6619,6622.2,944
2025/09/04-09:35,6645,6676.8,6645,6664.6,2663
2025/09/04-09:40,6664,6675,6656.4,6669.6,1024
2025/09/04-09:45,6670,6685.8,6643.4,6655,1598
2025/09/04-09:50,6653.8,6665.6,6644.2,6647.6,1075
2025/09/04-09:55,6647.6,6649.2,6627.2,6627.2,1483
2025/09/04-10:00,6627.2,6655,6626,6627.6,1224
2025/09/04-10:05,6626,6630,6610.2,6620,1205
2025/09/04-10:10,6618.4,6621.2,6588,6588.6,1600
2025/09/04-10:15,6589,6612.2,6582.2,6598.4,1693
2025/09/04-10:20,6599,6618.6,6599,6618.6,984
2025/09/04-10:25,6619.2,6620.4,6587.2,6593.2,945
2025/09/04-10:30,6593.6,6604.2,6575.6,6575.6,1066
2025/09/04-10:35,6575,6586.6,6565,6566.2,1249
2025/09/04-10:40,6564.2,6570.2,6550.2,6552,1215
2025/09/04-10:45,6551.8,6572,6543.6,6552,1276
2025/09/04-10:50,6554.4,6560.8,6538.2,6544,903
2025/09/04-10:55,6542.2,6542.2,6515,6529.6,1948
2025/09/04-11:00,6528.4,6554.8,6528.2,6554.6,1307
2025/09/04-11:05,6555,6574,6555,6562.4,1147
2025/09/04-11:10,6562.4,6567.6,6541.8,6567.6,700
2025/09/04-11:15,6567.8,6571.2,6532,6536.8,945
2025/09/04-11:20,6535,6546,6519.6,6534,956
2025/09/04-11:25,6530.6,6538.8,6512.4,6519.4,764
2025/09/04-11:30,6519,6521.6,6495.4,6517.8,1182
2025/09/04-13:05,6515.6,6540.6,6507.2,6507.2,924
2025/09/04-13:10,6507,6549.2,6504.6,6544.6,1032
2025/09/04-13:15,6542.8,6562.2,6539.4,6549.4,1016
2025/09/04-13:20,6550.2,6565.4,6532.4,6533,850
2025/09/04-13:25,6532.6,6533.4,6510.8,6511.6,686
2025/09/04-13:30,6511.2,6530.8,6505.6,6512.4,587
2025/09/04-13:35,6509.2,6511.8,6491,6495.6,940
2025/09/04-13:40,6496.6,6502,6486.6,6489.2,696
2025/09/04-13:45,6489.2,6493.4,6477.8,6492.4,706
2025/09/04-13:50,6493,6507.4,6472.8,6480,758
2025/09/04-13:55,6482.4,6503.8,6476.6,6503.8,913
2025/09/04-14:00,6503.4,6508.8,6476.2,6478.8,972
2025/09/04-14:05,6480.4,6480.8,6453,6454.8,1205
2025/09/04-14:10,6455.8,6456.2,6441.2,6453.2,1585
2025/09/04-14:15,6454.6,6454.6,6418.6,6433.6,1738
2025/09/04-14:20,6433.8,6433.8,6421,6430.6,810
2025/09/04-14:25,6431.6,6436.4,6414.4,6424.2,1154
2025/09/04-14:30,6424.2,6444,6412.4,6425,1299
2025/09/04-14:35,6425,6430.4,6382,6388,1231
2025/09/04-14:40,6387,6428,6381.2,6428,1320
2025/09/04-14:45,6426.2,6459.8,6418.6,6459,1541
2025/09/04-14:50,6458.8,6463.6,6427,6463.2,1308
2025/09/04-14:55,6463.2,6476.2,6459,6465,1134
2025/09/04-15:00,6466,6480,6466,6479.6,929
2025/09/05-09:35,6499.2,6503.8,6478,6482.2,2444
2025/09/05-09:40,6483,6508.6,6468.4,6503.6,1775
2025/09/05-09:45,6502.6,6515.8,6486.6,6494.2,1441
2025/09/05-09:50,6494.2,6532.2,6494.2,6528.6,1247
2025/09/05-09:55,6529.6,6548,6513,6547.4,1549
2025/09/05-10:00,6548.8,6563,6543.8,6560.2,1253
2025/09/05-10:05,6559,6565.8,6552.2,6561.6,1358
2025/09/05-10:10,6559.6,6560.6,6535,6542,1145
2025/09/05-10:15,6541.6,6546,6530.2,6544.4,634
2025/09/05-10:20,6544.4,6552,6535.2,6545.6,645
2025/09/05-10:25,6542.8,6558,6533.2,6557.6,516
2025/09/05-10:30,6557.4,6574,6550.8,6571.2,837
2025/09/05-10:35,6571.2,6586,6566.2,6581.8,1107
2025/09/05-10:40,6580.8,6585,6562.8,6574.8,710
2025/09/05-10:45,6575.2,6595,6570,6590.2,746
2025/09/05-10:50,6591,6599.8,6586.6,6596.2,747
2025/09/05-10:55,6595,6609,6593,6608.4,805
2025/09/05-11:00,6608.6,6615.4,6595,6595.2,962
2025/09/05-11:05,6594.6,6608.4,6588.8,6608.4,714
2025/09/05-11:10,6608.8,6621,6605.2,6615.6,510
2025/09/05-11:15,6615.6,6621.2,6603,6611.6,654
2025/09/05-11:20,6611.6,6614.6,6587.4,6589,849
2025/09/05-11:25,6589,6612,6586,6587.6,858
2025/09/05-11:30,6587.4,6608.2,6576.2,6606,872
2025/09/05-13:05,6605.2,6608.8,6590.4,6592.4,555
2025/09/05-13:10,6592.6,6599.6,6583.4,6599.6,435
2025/09/05-13:15,6597.6,6612.6,6597.6,6600.8,584
2025/09/05-13:20,6602.8,6602.8,6594,6600.2,346
2025/09/05-13:25,6600.2,6603.4,6595.6,6597,255
2025/09/05-13:30,6598,6621,6598,6619,686
2025/09/05-13:35,6619,6634.2,6619,6628,959
2025/09/05-13:40,6628.4,6635.8,6625.6,6635.8,634
2025/09/05-13:45,6636,6639.4,6624.2,6631.8,942
2025/09/05-13:50,6631.8,6650,6630,6648.8,781
2025/09/05-13:55,6648.8,6660,6643.8,6654.6,718
2025/09/05-14:00,6657,6672,6654.4,6671.8,944
2025/09/05-14:05,6672.2,6689.6,6672.2,6688,1098
2025/09/05-14:10,6687.2,6699.6,6684.8,6692.6,1050
2025/09/05-14:15,6692.2,6707.4,6685.2,6695.6,1258
2025/09/05-14:20,6695.4,6707.6,6694.6,6703.6,1046
2025/09/05-14:25,6704,6720,6698.4,6715,908
2025/09/05-14:30,6714.8,6728.2,6710,6723,1054
2025/09/05-14:35,6723,6746.8,6720.6,6722.2,1757
2025/09/05-14:40,6723.2,6746,6719,6745.2,1441
2025/09/05-14:45,6745.2,6750,6739.6,6744,1308
2025/09/05-14:50,6743.8,6748.2,6733.4,6737.2,1155
2025/09/05-14:55,6737.2,6738.2,6724.2,6726.2,1421
2025/09/05-15:00,6726.2,6740,6723,6738.2,1407
2025/09/08-09:35,6750,6753.2,6721.6,6743,3174
2025/09/08-09:40,6744.8,6778,6740.4,6768.6,2109
2025/09/08-09:45,6767,6776,6746.6,6775,2665
2025/09/08-09:50,6774.6,6779,6740.4,6742.8,1442
2025/09/08-09:55,6742.6,6774.6,6740.6,6769.2,1124
2025/09/08-10:00,6766.6,6785.6,6764.2,6776,995
2025/09/08-10:05,6777.4,6780.8,6756.8,6761.8,847
2025/09/08-10:10,6760.4,6776.6,6756,6770.4,746
2025/09/08-10:15,6768,6769,6746.2,6753.4,709
2025/09/08-10:20,6753.8,6761.2,6727,6730.4,1191
2025/09/08-10:25,6731.2,6732.4,6716.6,6725.8,1258
2025/09/08-10:30,6724.6,6733,6717,6717,999
2025/09/08-10:35,6717.2,6728.2,6710.2,6727.8,969
2025/09/08-10:40,6727.4,6727.4,6694,6699.2,1156
2025/09/08-10:45,6698.6,6699.8,6680.4,6695.2,1094
2025/09/08-10:50,6694,6701.4,6684.8,6685.2,851
2025/09/08-10:55,6685.4,6700,6683.4,6683.4,595
2025/09/08-11:00,6683.4,6715.8,6683.4,6712.8,963
2025/09/08-11:05,6711.8,6723,6694.6,6695.4,982
2025/09/08-11:10,6695.2,6703.6,6685.6,6702.4,770
2025/09/08-11:15,6701.2,6720.8,6697.6,6720.8,624
2025/09/08-11:20,6720.8,6723.4,6704.8,6717.8,536
2025/09/08-11:25,6718.4,6732.8,6707.2,6727,704
2025/09/08-11:30,6726.8,6735,6720.2,6722.2,538
2025/09/08-13:05,6722.2,6742.4,6714.2,6733,820
2025/09/08-13:10,6732.8,6738.6,6725.6,6734,466
2025/09/08-13:15,6733.8,6738.8,6726.6,6733.4,371
2025/09/08-13:20,6733,6738,6726.2,6732.2,355
2025/09/08-13:25,6731,6731,6716,6718.8,580
2025/09/08-13:30,6717.6,6722.6,6712,6719.6,328
2025/09/08-13:35,6718,6721.2,6709.2,6719.8,390
2025/09/08-13:40,6719.2,6732,6716.8,6720,619
2025/09/08-13:45,6719.4,6731.6,6716.6,6727.6,393
2025/09/08-13:50,6728,6736.6,6722.8,6730,348
2025/09/08-13:55,6729.4,6739.4,6723,6739.2,387
2025/09/08-14:00,6739.2,6751.8,6737.2,6747.6,620
2025/09/08-14:05,6747,6748.2,6734.6,6738.8,495
2025/09/08-14:10,6741,6745,6733.6,6734.8,325
2025/09/08-14:15,6734.8,6748,6733.8,6747.6,290
2025/09/08-14:20,6746.4,6749.8,6741.4,6746.2,295
2025/09/08-14:25,6747.6,6758,6741.6,6754.6,591
2025/09/08-14:30,6754.8,6757.2,6747.4,6751.4,476
2025/09/08-14:35,6751.2,6781.4,6751,6780.6,871
2025/09/08-14:40,6781,6787.8,6773.2,6774,1169
2025/09/08-14:45,6774.6,6780,6770.2,6772,568
2025/09/08-14:50,6772,6773.2,6761.6,6770.8,661
2025/09/08-14:55,6770,6770.4,6758.8,6764.2,576
2025/09/08-15:00,6763,6764.6,6754,6759,815
2025/09/09-09:35,6730,6747.4,6728,6728,2122
2025/09/09-09:40,6728,6740.2,6710.6,6731.8,1582
2025/09/09-09:45,6732.4,6751.8,6729.6,6748.4,1551
2025/09/09-09:50,6749,6759.6,6746.2,6753.2,947
2025/09/09-09:55,6753.2,6760.4,6741.4,6760,1097
2025/09/09-10:00,6758.6,6767.6,6754,6766.6,874
2025/09/09-10:05,6765,6767.4,6760.4,6760.8,539
2025/09/09-10:10,6760.4,6769,6756.2,6764.8,724
2025/09/09-10:15,6765.6,6777,6759.4,6774,582
2025/09/09-10:20,6773.4,6780,6757.8,6758,718
2025/09/09-10:25,6758.2,6768,6748.8,6765,917
2025/09/09-10:30,6764.4,6770.4,6758,6761.8,345
2025/09/09-10:35,6760.4,6769.8,6757.2,6763.4,555
2025/09/09-10:40,6762.4,6764.4,6755.6,6759,569
2025/09/09-10:45,6758.4,6765,6752.8,6764,564
2025/09/09-10:50,6765,6767.4,6756.4,6762.4,299
2025/09/09-10:55,6762.2,6762.2,6740.4,6749.2,571
2025/09/09-11:00,6749.6,6766.6,6746,6758,528
2025/09/09-11:05,6757.8,6759.8,6743,6749.2,418
2025/09/09-11:10,6749.8,6750.6,6738,6738.4,612
2025/09/09-11:15,6739.8,6750.8,6733.4,6735.4,515
2025/09/09-11:20,6735.4,6748.4,6728.4,6730.4,679
2025/09/09-11:25,6730.4,6742.2,6727,6728,521
2025/09/09-11:30,6727.2,6734,6713.6,6732.8,969
2025/09/09-13:05,6732.8,6734.2,6713,6718.8,960
2025/09/09-13:10,6717.8,6731.2,6715.4,6722,462
2025/09/09-13:15,6723.2,6723.2,6703.8,6705.2,1117
2025/09/09-13:20,6705.2,6707.8,6691,6705,1037
2025/09/09-13:25,6705.6,6707,6682,6683.6,1407
2025/09/09-13:30,6683.8,6700.8,6681,6699.2,699
2025/09/09-13:35,6699.8,6699.8,6670.4,6683.2,1152
2025/09/09-13:40,6682,6686,6675,6676,711
2025/09/09-13:45,6675.6,6693.2,6671,6684.6,972
2025/09/09-13:50,6683.4,6686.2,6672,6683.4,783
2025/09/09-13:55,6683.8,6698,6676,6696.4,779
2025/09/09-14:00,6696.8,6698.6,6666,6667.2,935
2025/09/09-14:05,6667.8,6687,6661,6687,1184
2025/09/09-14:10,6686.2,6695.8,6673.4,6681.6,1028
2025/09/09-14:15,6682.6,6712.6,6682.6,6705,1186
2025/09/09-14:20,6703.4,6709,6692.2,6697.4,716
2025/09/09-14:25,6697.4,6697.6,6682.4,6688.4,612
2025/09/09-14:30,6688.4,6689.8,6673.8,6682.6,553
2025/09/09-14:35,6682.8,6692.4,6673.8,6680.8,616
2025/09/09-14:40,6682.4,6710.6,6680.2,6709.8,762
2025/09/09-14:45,6709.6,6714,6690.2,6699.4,626
2025/09/09-14:50,6698.4,6705,6687.4,6698.2,465
2025/09/09-14:55,6700,6708,6698,6705.8,504
2025/09/09-15:00,6705.8,6708.4,6696.2,6696.4,898
2025/09/10-09:35,6690,6716.6,6690,6711.6,2361
2025/09/10-09:40,6708,6727.8,6698.8,6727.4,1236
2025/09/10-09:45,6726,6741,6722,6741,1446
2025/09/10-09:50,6741.8,6762,6737.8,6762,1627
2025/09/10-09:55,6762.4,6772,6760.2,6772,1649
2025/09/10-10:00,6772.6,6776.8,6744,6744,1315
2025/09/10-10:05,6744,6744,6723,6723.8,1387
2025/09/10-10:10,6723.8,6733.8,6713.2,6716.4,1113
2025/09/10-10:15,6717.4,6733,6713.4,6733,715
2025/09/10-10:20,6733,6733,6701,6706.2,1046
2025/09/10-10:25,6706.8,6715.6,6693,6694,950
2025/09/10-10:30,6694,6706,6688,6691.8,825
2025/09/10-10:35,6693.8,6698.4,6684.8,6688.6,1628
2025/09/10-10:40,6688.8,6697.2,6672.4,6682.8,1060
2025/09/10-10:45,6683.2,6687.6,6664.2,6670,839
2025/09/10-10:50,6670,6684,6664.6,6680.2,822
2025/09/10-10:55,6679.8,6689.2,6671,6684.6,586
2025/09/10-11:00,6685.8,6691.4,6669,6682,599
2025/09/10-11:05,6681.2,6691.6,6669.8,6691.2,642
2025/09/10-11:10,6690.8,6700.8,6689,6694.4,766
2025/09/10-11:15,6693.8,6708.4,6693.8,6707.8,501
2025/09/10-11:20,6708,6716,6703.4,6714.2,655
2025/09/10-11:25,6715,6723,6708.2,6713.4,1004
2025/09/10-11:30,6713,6723.2,6694,6707.6,869
2025/09/10-13:05,6708,6719.4,6703.8,6708.4,536
2025/09/10-13:10,6710.6,6733,6710.2,6729.2,623
2025/09/10-13:15,6730.8,6735,6707,6712.2,592
2025/09/10-13:20,6712.2,6718.4,6696,6707.8,570
2025/09/10-13:25,6707.8,6720.4,6701.8,6716.4,596
2025/09/10-13:30,6714.8,6727.4,6714.8,6720.4,438
2025/09/10-13:35,6721.4,6726.4,6715.8,6717,385
2025/09/10-13:40,6715.8,6717.8,6704.8,6716.6,413
2025/09/10-13:45,6716,6722.8,6706.2,6715.6,476
2025/09/10-13:50,6714,6718.8,6708.8,6715.6,403
2025/09/10-13:55,6714.6,6719.6,6707.8,6715,363
2025/09/10-14:00,6715.2,6721,6709,6717.8,380
2025/09/10-14:05,6718.4,6729,6718,6728.2,499
2025/09/10-14:10,6728.2,6743.6,6721.2,6721.2,1108
2025/09/10-14:15,6721,6724.8,6708.8,6719,950
2025/09/10-14:20,6720,6721.8,6708.8,6709.8,548
2025/09/10-14:25,6709.2,6728.4,6709,6719.6,428
2025/09/10-14:30,6718.8,6723,6713.4,6716.8,396
2025/09/10-14:35,6714.4,6714.8,6693.4,6705.4,934
2025/09/10-14:40,6706,6710.4,6693.8,6697.8,672
2025/09/10-14:45,6698.4,6703.2,6687.6,6701.4,557
2025/09/10-14:50,6701,6708,6695,6695.2,348
2025/09/10-14:55,6694.8,6697.8,6688.2,6693.6,499
2025/09/10-15:00,6692.8,6693.2,6682.8,6682.8,776
2025/09/11-09:35,6680,6692.6,6647.8,6661.8,2596
2025/09/11-09:40,6662.2,6676.4,6648,6670,1346
2025/09/11-09:45,6670.8,6703.2,6664.4,6702,1702
2025/09/11-09:50,6701.8,6712.6,6692,6709.8,1255
2025/09/11-09:55,6710.8,6713.6,6691.4,6694.8,829
2025/09/11-10:00,6696.6,6717,6687.2,6716.8,879
2025/09/11-10:05,6715.4,6746,6712.4,6732,1949
2025/09/11-10:10,6732,6739.4,6725,6736.6,964
2025/09/11-10:15,6738,6748.8,6732.2,6746.4,897
2025/09/11-10:20,6747.2,6752.4,6738,6741.2,883
2025/09/11-10:25,6741.2,6749.6,6734.4,6736,852
2025/09/11-10:30,6736.8,6750,6728.8,6750,597
2025/09/11-10:35,6750,6752.4,6742.6,6751.4,611
2025/09/11-10:40,6752,6753.4,6744.2,6747.8,504
2025/09/11-10:45,6747.8,6748.6,6736,6743.6,643
2025/09/11-10:50,6743.4,6753.8,6743,6749.6,583
2025/09/11-10:55,6750.8,6776.2,6750.8,6775.8,1046
2025/09/11-11:00,6776,6805,6775,6796,2174
2025/09/11-11:05,6798,6827,6797,6824.8,1963
2025/09/11-11:10,6823.6,6829,6812.8,6816.8,1646
2025/09/11-11:15,6816.8,6839.4,6816.8,6833.2,1384
2025/09/11-11:20,6833.2,6840,6820,6837,1694
2025/09/11-11:25,6837.2,6853.4,6834,6852.2,1077
2025/09/11-11:30,6852.2,6870,6844.4,6863.6,1178
2025/09/11-13:05,6864.8,6872,6858.2,6863,1576
2025/09/11-13:10,6863.8,6890,6860.6,6884.6,1719
2025/09/11-13:15,6884,6884.2,6858.8,6864,1289
2025/09/11-13:20,6862.4,6873.2,6852,6853.8,1004
2025/09/11-13:25,6854.4,6878.4,6854.4,6875.4,1171
2025/09/11-13:30,6874.4,6883,6868.2,6879,895
2025/09/11-13:35,6880.4,6885.8,6871.2,6875,844
2025/09/11-13:40,6873.6,6879.2,6862,6875,759
2025/09/11-13:45,6874.8,6877,6860,6869.8,944
2025/09/11-13:50,6871,6887.4,6868,6885.6,973
2025/09/11-13:55,6885,6888,6878.4,6880,657
2025/09/11-14:00,6879.2,6894.4,6877.2,6893,938
2025/09/11-14:05,6892.8,6906.8,6890.6,6900,1184
2025/09/11-14:10,6900.6,6904.8,6891.6,6904,769
2025/09/11-14:15,6905,6906,6897.4,6900.8,545
2025/09/11-14:20,6900.8,6918.4,6898.2,6918.4,846
2025/09/11-14:25,6918.4,6933,6914.2,6931.2,1456
2025/09/11-14:30,6931.2,6935.8,6929.4,6931.6,1462
2025/09/11-14:35,6933.8,6948.8,6931.2,6948.8,1483
2025/09/11-14:40,6948.6,6954,6939.6,6950,1366
2025/09/11-14:45,6950,6953,6945,6952,1095
2025/09/11-14:50,6951.8,6964.8,6945,6962,996
2025/09/11-14:55,6963.4,6963.4,6948.2,6956.4,1504
2025/09/11-15:00,6956.4,6970,6953,6969.2,1263
2025/09/12-09:35,6955,6984.8,6955,6973.6,4358
2025/09/12-09:40,6975.6,6986.8,6965.6,6975.2,2492
2025/09/12-09:45,6974.8,6991.6,6966.6,6981,1736
2025/09/12-09:50,6981.4,6982.4,6968.8,6975.8,1588
2025/09/12-09:55,6975.6,6983,6960.6,6969.2,1714
2025/09/12-10:00,6969,6985.6,6968.2,6979.4,1163
2025/09/12-10:05,6981.6,6993.6,6978.4,6990.2,1456
2025/09/12-10:10,6990.2,6992.2,6978,6978,1121
2025/09/12-10:15,6978.4,6992,6978,6980.4,609
2025/09/12-10:20,6981.2,6985.2,6969.6,6980.6,861
2025/09/12-10:25,6981.2,7010.4,6981,7009.8,1578
2025/09/12-10:30,7009,7028,7007.8,7025.6,1718
2025/09/12-10:35,7024,7039,7014.4,7034.4,1673
2025/09/12-10:40,7034.4,7041.6,7020,7022.2,1244
2025/09/12-10:45,7021.8,7025.8,7005.8,7005.8,1291
2025/09/12-10:50,7005,7014,6997.6,7005,1240
2025/09/12-10:55,7006.2,7011.6,6989.2,6992.8,1175
2025/09/12-11:00,6992.4,6995.2,6970.6,6970.6,1416
2025/09/12-11:05,6971.2,6988,6966.6,6974.4,1843
2025/09/12-11:10,6972.6,6992.4,6969.8,6989.6,1262
2025/09/12-11:15,6988.8,7004.8,6988.8,6998.4,1097
2025/09/12-11:20,6998.4,7011.6,6994,7006.2,969
2025/09/12-11:25,7003.8,7017,7001.4,7009.2,589
2025/09/12-11:30,7008.8,7017.4,7008.8,7015.6,536
2025/09/12-13:05,7016.6,7022,7002,7016.2,906
2025/09/12-13:10,7016,7020.8,7006.8,7020,529
2025/09/12-13:15,7019.8,7021.8,7011,7019.6,489
2025/09/12-13:20,7017.4,7023.2,7015.4,7019.8,413
2025/09/12-13:25,7020,7022.6,7008.6,7015.6,518
2025/09/12-13:30,7014.6,7028.8,7011.4,7023.2,814
2025/09/12-13:35,7022.2,7027.6,7013.6,7017.6,694
2025/09/12-13:40,7017,7025,7015.6,7024.6,463
2025/09/12-13:45,7024.8,7032,7017.2,7022.6,698
2025/09/12-13:50,7024,7033.8,7023.2,7032.4,548
2025/09/12-13:55,7033,7039.4,7021.6,7025.4,999
2025/09/12-14:00,7024.4,7031.8,7016.6,7016.6,731
2025/09/12-14:05,7016.6,7019.2,7000,7019.2,1796
2025/09/12-14:10,7019,7023,7001,7001.4,915
2025/09/12-14:15,7001.2,7015.2,7001.2,7006.4,739
2025/09/12-14:20,7006.2,7016,7003,7004.6,728
2025/09/12-14:25,7004.6,7018.8,7001.2,7010.8,915
2025/09/12-14:30,7010.6,7011.8,6999,7009.2,819
2025/09/12-14:35,7011.2,7017,7008,7016.2,704
2025/09/12-14:40,7016.2,7016.4,7004.8,7008,531
2025/09/12-14:45,7006,7008.2,6982,6983.4,1474
2025/09/12-14:50,6983.6,6997.4,6974,6995,1444
2025/09/12-14:55,6994,6996.2,6983.6,6983.6,817
2025/09/12-15:00,6983,6991.4,6975.8,6988.8,1179
2025/09/15-09:35,7030.2,7030.2,6982.2,6984,3743
2025/09/15-09:40,6985.8,6996.2,6975,6990.2,2584
2025/09/15-09:45,6991,6991,6955.8,6966,2461
2025/09/15-09:50,6965.8,6989.6,6961.2,6978.6,1466
2025/09/15-09:55,6979,6992.4,6977,6981.6,878
2025/09/15-10:00,6982.2,6985.8,6968.8,6968.8,606
2025/09/15-10:05,6967.6,6978,6957.8,6963.8,1693
2025/09/15-10:10,6961.6,6970.8,6956,6964.6,944
2025/09/15-10:15,6965,6968,6958,6960.6,690
2025/09/15-10:20,6960.8,6963.6,6947.6,6954.4,1161
2025/09/15-10:25,6954.2,6957,6936.6,6945.8,1157
2025/09/15-10:30,6945.4,6962.6,6944.2,6960.2,975
2025/09/15-10:35,6961,6975.8,6955.6,6972,1163
2025/09/15-10:40,6972,6984.8,6966.6,6982,893
2025/09/15-10:45,6981.8,6984.4,6968.8,6969.4,775
2025/09/15-10:50,6969.2,6981.2,6967.6,6980.8,569
2025/09/15-10:55,6981,6983.2,6968.8,6971.2,548
2025/09/15-11:00,6971.8,6975.6,6953.6,6964.2,686
2025/09/15-11:05,6965.6,6970.2,6956,6960.4,652
2025/09/15-11:10,6960.2,6964.4,6955.4,6960.6,635
2025/09/15-11:15,6960.6,6961.4,6950,6953,548
2025/09/15-11:20,6952.2,6954.4,6945,6954,512
2025/09/15-11:25,6952.4,6965,6949.8,6962,469
2025/09/15-11:30,6961.6,6971.4,6960.2,6967,535
2025/09/15-13:05,6966.2,6978,6963,6973,548
2025/09/15-13:10,6973,6989,6970.8,6989,805
2025/09/15-13:15,6989,6989.8,6972.8,6978,711
2025/09/15-13:20,6978.4,6979.8,6962.6,6972.4,777
2025/09/15-13:25,6973,6976.2,6966,6968,664
2025/09/15-13:30,6968.6,6975.8,6967.2,6970,640
2025/09/15-13:35,6970.6,6978.2,6968.8,6972.8,651
2025/09/15-13:40,6973,6976,6961,6963.6,906
2025/09/15-13:45,6964.2,6971.8,6961,6963.6,492
2025/09/15-13:50,6964.2,6969.6,6959,6966.8,450
2025/09/15-13:55,6967,6973,6962.2,6966.6,338
2025/09/15-14:00,6965,6976.2,6964.8,6971.2,465
2025/09/15-14:05,6970,6981.4,6947,6947.8,1241
2025/09/15-14:10,6947.8,6968.2,6942.8,6954,908
2025/09/15-14:15,6951.6,6960.8,6945,6958.8,605
2025/09/15-14:20,6958.4,6962.8,6953.2,6958.2,331
2025/09/15-14:25,6959,6963.2,6945,6950,612
2025/09/15-14:30,6950.8,6956.8,6946,6952,324
2025/09/15-14:35,6952.2,6960.4,6950.2,6955.6,594
2025/09/15-14:40,6955.4,6956.8,6947.6,6949.4,361
2025/09/15-14:45,6950.6,6955.4,6946.2,6946.6,404
2025/09/15-14:50,6947,6952,6945,6945,597
2025/09/15-14:55,6945,6949.2,6940.2,6945.2,1044
2025/09/15-15:00,6945,6945.4,6939,6939.4,1091
2025/09/16-09:35,6971,7021.8,6971,7017.2,4806
2025/09/16-09:40,7017.6,7033,7011,7019,2615
2025/09/16-09:45,7018.8,7018.8,6975,6975,2870
2025/09/16-09:50,6976,6998,6976,6998,1484
2025/09/16-09:55,6997.4,6998.8,6974,6990,1117
2025/09/16-10:00,6989.8,6990,6969.2,6979.8,952
2025/09/16-10:05,6980.4,6987.2,6965,6976.6,1220
2025/09/16-10:10,6976,6986.2,6975,6978.4,699
2025/09/16-10:15,6979.2,6984,6962.6,6973.4,714
2025/09/16-10:20,6974.4,6977,6958,6962.2,982
2025/09/16-10:25,6962.2,6962.2,6949.8,6956,1064
2025/09/16-10:30,6956.6,6961.4,6942.6,6958.8,1094
2025/09/16-10:35,6958.8,6961,6918,6928.6,2096
2025/09/16-10:40,6930.4,6930.4,6910,6916,1466
2025/09/16-10:45,6915.6,6925.4,6908.6,6911.6,1161
2025/09/16-10:50,6912.4,6926,6908.2,6922.2,1588
2025/09/16-10:55,6921.6,6926.2,6904.2,6908.2,1084
2025/09/16-11:00,6908.6,6908.6,6881.4,6898,2107
2025/09/16-11:05,6896.4,6915,6895,6905.6,992
2025/09/16-11:10,6905,6919,6900.8,6918.8,831
2025/09/16-11:15,6918,6927,6915,6924.6,724
2025/09/16-11:20,6924,6940.8,6911.2,6933.4,1252
2025/09/16-11:25,6934.6,6955,6932.8,6954.4,1573
2025/09/16-11:30,6954.2,6959.4,6942,6945.2,1250
2025/09/16-13:05,6945,6955,6943.6,6949.6,793
2025/09/16-13:10,6950.2,6959.6,6948.8,6951.2,584
2025/09/16-13:15,6952.2,6969.4,6950.2,6967.8,955
2025/09/16-13:20,6968.8,6969,6951.4,6952.8,777
2025/09/16-13:25,6952.8,6959,6945.8,6955.8,738
2025/09/16-13:30,6954.6,6959,6946.2,6946.2,509
2025/09/16-13:35,6946,6954,6936.4,6950.4,792
2025/09/16-13:40,6951.6,6955.4,6943.4,6955.2,517
2025/09/16-13:45,6954,6970.8,6949,6970.8,704
2025/09/16-13:50,6970,6971.4,6956.4,6965.2,714
2025/09/16-13:55,6965.8,6970.8,6963.2,6965.4,505
2025/09/16-14:00,6965.4,6998,6965.4,6997.2,1201
2025/09/16-14:05,6998.2,7013.4,6988,7010.8,1973
2025/09/16-14:10,7010.8,7019.4,6992.2,6994.8,1381
2025/09/16-14:15,6994.8,7000,6976,6996.8,926
2025/09/16-14:20,6996,7008.2,6994.2,6998.8,808
2025/09/16-14:25,6998.8,6998.8,6983.4,6984.2,546
2025/09/16-14:30,6985.4,6991.2,6973.8,6975.6,681
2025/09/16-14:35,6975.8,6987,6975,6979.4,566
2025/09/16-14:40,6979.4,6996,6979.4,6994.4,384
2025/09/16-14:45,6994.4,6994.4,6979.8,6983,442
2025/09/16-14:50,6982.8,6993.4,6980.8,6989.4,492
2025/09/16-14:55,6989.4,6989.4,6983.8,6987.2,462
2025/09/16-15:00,6986.6,7002,6986.2,6996.8,1043
2025/09/17-09:35,6990,6994.8,6970,6978.4,2424
2025/09/17-09:40,6979.6,6998.4,6977.2,6992,1471
2025/09/17-09:45,6991.6,7012.6,6990,7009.8,1418
2025/09/17-09:50,7009.8,7012,6998.2,7009.8,1848
2025/09/17-09:55,7010.6,7048,7009.8,7038.8,2556
2025/09/17-10:00,7039.4,7040.4,7007.6,7007.8,1432
2025/09/17-10:05,7008,7018.6,7001.4,7010.4,1320
2025/09/17-10:10,7011.6,7013.8,6980.2,6980.2,2518
2025/09/17-10:15,6981,6994.6,6975.4,6990.8,1662
2025/09/17-10:20,6991.8,7010.4,6988.8,7008,1024
2025/09/17-10:25,7007,7007,6972,6984.6,1199
2025/09/17-10:30,6983.2,6983.2,6954,6954.8,1822
2025/09/17-10:35,6953.8,6977,6951.4,6963.8,1292
2025/09/17-10:40,6963.6,6985,6960.8,6985,886
2025/09/17-10:45,6983,6987.4,6971.6,6976.6,918
2025/09/17-10:50,6975,6998.6,6973.8,6994.8,1023
2025/09/17-10:55,6994.8,7015.8,6993.2,7013.6,1128
2025/09/17-11:00,7014.2,7031.2,7012,7030.6,1459
2025/09/17-11:05,7030.6,7043.6,7019.6,7042.8,1615
2025/09/17-11:10,7042.8,7055.4,7032,7033.8,2067
2025/09/17-11:15,7035,7047.2,7028.6,7036.6,1205
2025/09/17-11:20,7037.8,7057.4,7034,7055,1170
2025/09/17-11:25,7055.6,7076.6,7054,7068.2,2163
2025/09/17-11:30,7068.2,7072.2,7046.8,7059.4,1257
2025/09/17-13:05,7059.6,7069,7050.2,7064.2,794
2025/09/17-13:10,7063.6,7068,7047.4,7049.6,526
2025/09/17-13:15,7050.2,7057,7048.2,7052.8,403
2025/09/17-13:20,7052.8,7063.8,7045.8,7061,942
2025/09/17-13:25,7061.6,7072,7058,7060,621
2025/09/17-13:30,7061,7064.8,7036.4,7041,837
2025/09/17-13:35,7043,7050,7033.6,7049.8,1057
2025/09/17-13:40,7050.8,7051.8,7042.8,7048.6,679
2025/09/17-13:45,7047.6,7053.6,7045.8,7053.6,463
2025/09/17-13:50,7053,7066,7052.8,7061.8,676
2025/09/17-13:55,7061,7072,7054.8,7070.2,678
2025/09/17-14:00,7070.2,7082,7068.4,7078,955
2025/09/17-14:05,7077.8,7080.8,7070.2,7077.4,708
2025/09/17-14:10,7077,7079.6,7063,7069,704
2025/09/17-14:15,7069,7072,7064.2,7068.2,665
2025/09/17-14:20,7068.6,7077.6,7067.6,7071.8,592
2025/09/17-14:25,7071.6,7086.2,7066,7086.2,879
2025/09/17-14:30,7086.4,7088,7058,7066.2,1147
2025/09/17-14:35,7067,7072.6,7055.4,7064.2,1002
2025/09/17-14:40,7063.2,7067,7046.6,7046.8,1068
2025/09/17-14:45,7046.6,7067.6,7044.8,7064.8,1078
2025/09/17-14:50,7063.8,7071.6,7061.8,7070.2,914
2025/09/17-14:55,7070.4,7078,7068,7077.8,1026
2025/09/17-15:00,7077.8,7082.4,7074.2,7081,1150
2025/09/18-09:35,7073,7090.8,7050,7079,4144
2025/09/18-09:40,7077.6,7087.6,7058,7065.2,2807
2025/09/18-09:45,7065.2,7082.2,7060.2,7067.4,1568
2025/09/18-09:50,7066.4,7078.8,7053.2,7059.2,1631
2025/09/18-09:55,7059.6,7083.6,7056.2,7075.6,1342
2025/09/18-10:00,7075,7096.4,7072.4,7093.6,1588
2025/09/18-10:05,7093.2,7116,7093,7114.8,2208
2025/09/18-10:10,7115.6,7123.8,7109,7110.8,2348
2025/09/18-10:15,7111.2,7148.6,7110,7147.8,2389
2025/09/18-10:20,7148,7160.8,7144.2,7153.2,2351
2025/09/18-10:25,7153.8,7177,7153.8,7174.6,1937
2025/09/18-10:30,7174.4,7189.4,7168.4,7183,2656
2025/09/18-10:35,7183,7183,7153,7154.4,1947
2025/09/18-10:40,7154.4,7158.8,7136.2,7141.6,2405
2025/09/18-10:45,7141.2,7168,7141.2,7166.8,1770
2025/09/18-10:50,7167,7168,7150,7153.8,1744
2025/09/18-10:55,7154.2,7183.2,7152.6,7178.2,1111
2025/09/18-11:00,7178.2,7178.6,7151.6,7166.2,1154
2025/09/18-11:05,7166.4,7168.4,7145,7150,1004
2025/09/18-11:10,7149.6,7163.8,7137,7137,1187
2025/09/18-11:15,7137,7160,7132,7150,1379
2025/09/18-11:20,7150.6,7152.4,7141.6,7151.6,706
2025/09/18-11:25,7150.8,7168.8,7145.6,7165.4,842
2025/09/18-11:30,7164.8,7176,7164.8,7168,1290
2025/09/18-13:05,7167.6,7178.8,7167.6,7175.6,1225
2025/09/18-13:10,7175.6,7177,7159.4,7164.6,1297
2025/09/18-13:15,7164.2,7165.6,7153,7156.2,1219
2025/09/18-13:20,7155.6,7156.4,7139.4,7141.6,1186
2025/09/18-13:25,7140.6,7142.4,7107,7107.2,2738
2025/09/18-13:30,7107,7107,7078,7092.6,3098
2025/09/18-13:35,7092.2,7116,7090.8,7100.2,2171
2025/09/18-13:40,7101.6,7120.6,7095.6,7109.2,1667
2025/09/18-13:45,7108.4,7116,7092.6,7094.4,1036
2025/09/18-13:50,7094.4,7094.4,7056.8,7087,3013
2025/09/18-13:55,7086.6,7104.4,7072.2,7072.2,1508
2025/09/18-14:00,7072,7088,7052,7052,2179
2025/09/18-14:05,7052,7059.2,7011.8,7012.4,3596
2025/09/18-14:10,7011.8,7025.4,6930,6969.4,6122
2025/09/18-14:15,6969.4,6970,6891.8,6948,4726
2025/09/18-14:20,6947.8,6987,6925.2,6969.2,3061
2025/09/18-14:25,6968.8,6970.6,6941.6,6947.4,1971
2025/09/18-14:30,6947.4,6960.4,6935,6954.6,2098
2025/09/18-14:35,6953.8,6987,6937.6,6959.2,2102
2025/09/18-14:40,6959.2,6968,6922.6,6929,2101
2025/09/18-14:45,6929.2,6943.4,6893,6942.6,3397
2025/09/18-14:50,6943.6,6962.2,6934.6,6961.4,1913
2025/09/18-14:55,6961.8,6981.8,6960,6969,1942
2025/09/18-15:00,6969.2,6989.8,6968,6985.4,2255
2025/09/19-09:35,6995.6,7030,6987.2,7028.6,6193
2025/09/19-09:40,7028.6,7028.6,7006.6,7013.4,3335
2025/09/19-09:45,7014,7024.6,6978.4,6987.8,3100
2025/09/19-09:50,6989.8,7014,6989.8,7007.4,2311
2025/09/19-09:55,7008.2,7015.2,6998.4,7011.4,1962
2025/09/19-10:00,7011,7012,6980.4,6981.4,1691
2025/09/19-10:05,6981.8,6997.4,6971.2,6986.4,2192
2025/09/19-10:10,6986.4,6992.2,6972,6983,1440
2025/09/19-10:15,6982.4,6999.6,6968,6992.2,2055
2025/09/19-10:20,6992.6,7011,6992.4,7002,1741
2025/09/19-10:25,7002,7018.6,6997,7015.4,1322
2025/09/19-10:30,7014.8,7028,7014,7020.2,1765
2025/09/19-10:35,7020,7022,7008.2,7015.2,1341
2025/09/19-10:40,7016.4,7018.8,6997.8,6999.4,1142
2025/09/19-10:45,6999.6,7015,6998.8,7007.6,887
2025/09/19-10:50,7007.6,7015,6987.6,6993.8,1121
2025/09/19-10:55,6994.8,6997,6974,6980,1402
2025/09/19-11:00,6979.6,6983.2,6962,6980.6,1978
2025/09/19-11:05,6980.8,6987.6,6965.4,6974.8,1403
2025/09/19-11:10,6975.2,6994.6,6975.2,6987.8,1337
2025/09/19-11:15,6987.8,6995.8,6980,6983.2,1030
2025/09/19-11:20,6984,6985.8,6969.6,6977,939
2025/09/19-11:25,6976.8,7004.4,6971.4,6998,1288
2025/09/19-11:30,6998,7008.4,6982.8,7005.6,1150
2025/09/19-13:05,7005.6,7028.6,6998.6,7024.4,1924
2025/09/19-13:10,7024.4,7036.8,7018,7021.8,2169
2025/09/19-13:15,7022,7028.4,7008.6,7014.8,1789
2025/09/19-13:20,7016.4,7019.6,6985.4,6985.4,2026
2025/09/19-13:25,6983.6,6985.6,6971.2,6973.4,1994
2025/09/19-13:30,6971.8,6972.2,6951,6957.2,3048
2025/09/19-13:35,6957.2,6962.6,6936.2,6941,2562
2025/09/19-13:40,6941,6955,6930,6952.2,2430
2025/09/19-13:45,6952.2,6952.2,6924,6942.4,1841
2025/09/19-13:50,6942,6968,6938.2,6964.2,1791
2025/09/19-13:55,6963.2,6965.4,6939.2,6943.6,1617
2025/09/19-14:00,6943.8,6972,6942.2,6952.4,1445
2025/09/19-14:05,6952.2,6976.4,6944.8,6976.4,1469
2025/09/19-14:10,6977.4,6994.8,6976,6983,2249
2025/09/19-14:15,6983.6,7004.8,6972.4,7000,2091
2025/09/19-14:20,7000.4,7020,6998.6,7014.6,2508
2025/09/19-14:25,7014.4,7015.8,6994.6,7012.4,1903
2025/09/19-14:30,7012,7025.4,7011.6,7020,1693
2025/09/19-14:35,7020.2,7025.2,7007.6,7008.8,1511
2025/09/19-14:40,7008.6,7012.8,7001.2,7010.2,1270
2025/09/19-14:45,7011.2,7011.2,6992,7005.4,1296
2025/09/19-14:50,7005.4,7006.8,6998.6,6999.2,1241
2025/09/19-14:55,7000,7003.6,6988.6,7000.4,1856
2025/09/19-15:00,6999.4,7001,6983,6984,2319
2025/09/22-09:35,7007,7009,6963.6,6965.2,5119
2025/09/22-09:40,6965.6,6995.2,6965.6,6989.8,3133
2025/09/22-09:45,6989.8,6992.8,6975,6988.8,1947
2025/09/22-09:50,6987.6,6988.4,6960.6,6962,2187
2025/09/22-09:55,6961.6,6967.4,6943,6945.8,3359
2025/09/22-10:00,6946.6,6951.8,6928.4,6929.6,2844
2025/09/22-10:05,6930,6956.2,6925.2,6955.6,2651
2025/09/22-10:10,6954.4,6975.8,6953.4,6970,2397
2025/09/22-10:15,6972,6973.2,6961,6967.8,1362
2025/09/22-10:20,6968.4,6973,6956.2,6962.8,1337
2025/09/22-10:25,6961.2,6974.8,6961,6974,1078
2025/09/22-10:30,6973.8,6987,6973.4,6982,1676
2025/09/22-10:35,6981.6,6996,6977,6979.6,1556
2025/09/22-10:40,6978.4,6997.2,6976.8,6995.6,1051
2025/09/22-10:45,6994.6,6996.8,6976.6,6982.6,1096
2025/09/22-10:50,6983,6988,6973.6,6982.8,785
2025/09/22-10:55,6981.4,6992.4,6978,6985,630
2025/09/22-11:00,6986.4,6995,6981.2,6992.2,580
2025/09/22-11:05,6991.8,6996.2,6980.6,6981.8,847
2025/09/22-11:10,6981.2,6985.6,6963,6963,1275
2025/09/22-11:15,6962.6,6971.2,6952.8,6955,1224
2025/09/22-11:20,6954.8,6967.8,6947.2,6949.8,1255
2025/09/22-11:25,6950.2,6976.6,6947.2,6971.6,883
2025/09/22-11:30,6971,6982.8,6966.4,6978,1067
2025/09/22-13:05,6982.6,6982.8,6970,6973,1030
2025/09/22-13:10,6973.8,6994.6,6968.2,6983.8,1549
2025/09/22-13:15,6983.8,6986.4,6974.2,6980.4,1462
2025/09/22-13:20,6982.2,6992,6975,6978.2,972
2025/09/22-13:25,6977.8,6997.8,6975,6993.6,1145
2025/09/22-13:30,6993,6994.2,6982,6989.6,688
2025/09/22-13:35,6991.4,6993,6979.4,6984.4,766
2025/09/22-13:40,6986,6991.2,6979,6989.2,684
2025/09/22-13:45,6990,6992.6,6968.4,6974.4,1123
2025/09/22-13:50,6973.6,6987.6,6971,6981.4,818
2025/09/22-13:55,6981.2,6986.2,6970.8,6977,678
2025/09/22-14:00,6977,6978.8,6968,6973.8,678
2025/09/22-14:05,6973.2,6977.2,6960.2,6961.2,910
2025/09/22-14:10,6961.6,6974.4,6953.8,6973,1366
2025/09/22-14:15,6972,6979.8,6966,6979.2,772
2025/09/22-14:20,6979.6,6982.8,6970,6982.8,776
2025/09/22-14:25,6982.6,6993.8,6982.6,6989,1097
2025/09/22-14:30,6988.4,6993.6,6983.6,6991.8,728
2025/09/22-14:35,6992,7014,6991.8,7014,1962
2025/09/22-14:40,7013.2,7019.8,7004.4,7008.4,1733
2025/09/22-14:45,7009.8,7011,6997.8,7000.8,1104
2025/09/22-14:50,7001.4,7005.6,6995.2,7000.4,933
2025/09/22-14:55,7000.2,7004.6,6995.6,7004.6,1260
2025/09/22-15:00,7004.4,7016.8,7003,7013.2,2402
2025/09/23-09:35,7033,7035,7003,7003.8,4888
2025/09/23-09:40,7003.8,7018.6,6986.2,6990.6,3179
2025/09/23-09:45,6989.6,6996.2,6975.4,6980.6,3037
2025/09/23-09:50,6980.2,7003.8,6976.6,6992,3016
2025/09/23-09:55,6993.8,6996,6955.4,6957.4,3312
2025/09/23-10:00,6958,6959.2,6928.2,6928.8,3713
2025/09/23-10:05,6929.4,6931.8,6906.4,6921.2,4393
2025/09/23-10:10,6920.6,6924.2,6893.2,6894.2,2843
2025/09/23-10:15,6894,6906.8,6875.8,6900.8,4184
2025/09/23-10:20,6901,6901,6871,6875.6,2389
2025/09/23-10:25,6875.6,6886.8,6858,6858,2385
2025/09/23-10:30,6858.8,6861.4,6845.2,6845.8,3652
2025/09/23-10:35,6847.8,6854,6830,6848,3223
2025/09/23-10:40,6848.2,6861.4,6841.4,6847,3469
2025/09/23-10:45,6848.6,6862,6823.2,6859.4,3871
2025/09/23-10:50,6858.6,6861.6,6846.2,6850.8,2459
2025/09/23-10:55,6850.4,6850.6,6818,6841.8,2317
2025/09/23-11:00,6841.2,6847.6,6821.6,6839.6,1473
2025/09/23-11:05,6840.6,6844.6,6825,6837.4,1336
2025/09/23-11:10,6837.8,6856,6831.6,6839,1430
2025/09/23-11:15,6836.4,6856.6,6810,6815,1820
2025/09/23-11:20,6815,6840,6808.8,6839.8,1862
2025/09/23-11:25,6839.8,6841.2,6798,6800,1704
2025/09/23-11:30,6800,6804.8,6789,6799.6,1514
2025/09/23-13:05,6800.2,6823.8,6796,6798,1642
2025/09/23-13:10,6796.2,6819.2,6790.8,6812,1601
2025/09/23-13:15,6811.6,6835.8,6801,6828.2,1723
2025/09/23-13:20,6828.8,6835,6819.6,6827.4,1040
2025/09/23-13:25,6828.6,6840,6823.8,6840,1088
2025/09/23-13:30,6840,6852,6840,6844.8,1659
2025/09/23-13:35,6844,6855,6832.8,6832.8,1250
2025/09/23-13:40,6832.4,6832.4,6813.6,6818,1367
2025/09/23-13:45,6817.8,6818,6802,6805,1039
2025/09/23-13:50,6805,6818,6797,6805,1217
2025/09/23-13:55,6805.6,6829.6,6804,6825.4,932
2025/09/23-14:00,6825.2,6835,6815.2,6828.6,751
2025/09/23-14:05,6828,6832.2,6802,6804.6,942
2025/09/23-14:10,6804,6811,6799.6,6809,638
2025/09/23-14:15,6810,6821.8,6797.2,6821.2,1517
2025/09/23-14:20,6820.8,6851.4,6820.2,6845.4,2063
2025/09/23-14:25,6845.4,6855,6838.4,6849.6,1313
2025/09/23-14:30,6848,6878,6848,6874.2,1873
2025/09/23-14:35,6874.4,6888.2,6863.8,6887.6,2274
2025/09/23-14:40,6888,6900,6874.8,6883,2757
2025/09/23-14:45,6883,6909.4,6883,6907.4,2085
2025/09/23-14:50,6906.8,6946.6,6904.2,6943.8,3223
2025/09/23-14:55,6944,6950,6940,6950,2433
2025/09/23-15:00,6950,6953.4,6938.2,6940.6,3131
2025/09/24-09:35,6910,6948.8,6910,6946.6,5754
2025/09/24-09:40,6946,6992,6941,6992,4135
2025/09/24-09:45,6991.6,7016.6,6985.8,6996.4,6023
2025/09/24-09:50,6996.6,7003.4,6979,6989,3309
2025/09/24-09:55,6988,6993,6973,6983.4,2408
2025/09/24-10:00,6983.8,6992.8,6964,6992,2634
2025/09/24-10:05,6992.4,6996.8,6980,6980,1806
2025/09/24-10:10,6980.6,6996,6965,6967.6,1542
2025/09/24-10:15,6966.8,6968,6951,6962,2015
2025/09/24-10:20,6963.6,6993.2,6957.2,6990.6,1913
2025/09/24-10:25,6992,6999.8,6987.8,6998.6,1695
2025/09/24-10:30,6998.8,7004.6,6990.6,6997,1918
2025/09/24-10:35,6997.8,7002.6,6981.8,6998.4,1624
2025/09/24-10:40,6999.2,7003,6988,6991,1089
2025/09/24-10:45,6992.2,6992.6,6967,6980.8,1290
2025/09/24-10:50,6980.2,6999.6,6980.2,6999.6,1026
2025/09/24-10:55,7000,7041.4,6999.4,7038.6,3750
2025/09/24-11:00,7038.2,7074,7037.4,7074,4029
2025/09/24-11:05,7073.4,7077.6,7061.6,7067,3302
2025/09/24-11:10,7066,7067.6,7045.6,7062,2398
2025/09/24-11:15,7061.4,7068.4,7049.4,7068.4,1584
2025/09/24-11:20,7068.2,7087,7056.2,7087,2043
2025/09/24-11:25,7087.4,7091,7075.2,7083,2114
2025/09/24-11:30,7083.8,7095,7081.8,7094.2,2005
2025/09/24-13:05,7095.2,7099.4,7076,7080.6,2386
2025/09/24-13:10,7080,7087.8,7065,7083.4,1833
2025/09/24-13:15,7084.2,7088.6,7064.6,7066,1671
2025/09/24-13:20,7067.8,7084.6,7065.2,7082.6,1113
2025/09/24-13:25,7082.4,7086.2,7069.8,7079.8,1134
2025/09/24-13:30,7079.8,7095,7074,7092.2,1379
2025/09/24-13:35,7092.2,7114.4,7086,7107.6,2222
2025/09/24-13:40,7107.8,7123,7106.6,7116.8,1764
2025/09/24-13:45,7116.8,7136,7115,7136,1856
2025/09/24-13:50,7136,7152.6,7136,7147,2414
2025/09/24-13:55,7149,7162.4,7142,7155,2171
2025/09/24-14:00,7155,7155,7129,7134.8,2491
2025/09/24-14:05,7135,7149.8,7125.2,7125.2,1807
2025/09/24-14:10,7124.8,7142,7118.2,7118.2,1956
2025/09/24-14:15,7118,7138,7110.8,7131,1848
2025/09/24-14:20,7131.8,7142,7131.8,7140,1157
2025/09/24-14:25,7139,7139,7116.2,7126.4,1143
2025/09/24-14:30,7125.6,7132.6,7109.2,7122,1713
2025/09/24-14:35,7120.4,7128.8,7107.6,7123.4,1281
2025/09/24-14:40,7123.2,7137.6,7122.6,7137.2,1129
2025/09/24-14:45,7137.2,7138.8,7127.4,7132,1021
2025/09/24-14:50,7132,7152.4,7130.2,7150.4,1881
2025/09/24-14:55,7151.2,7152.2,7145.2,7151.2,2051
2025/09/24-15:00,7151,7158.6,7149.4,7157,2781
2025/09/25-09:35,7139,7186.6,7139,7172.6,6294
2025/09/25-09:40,7172.2,7187.6,7160,7178.6,3300
2025/09/25-09:45,7178.6,7206,7173,7189.2,3694
2025/09/25-09:50,7188.6,7189,7161,7161,3311
2025/09/25-09:55,7161.6,7168.8,7153.2,7159,2472
2025/09/25-10:00,7160,7167.4,7144.4,7155.2,2201
2025/09/25-10:05,7154.6,7158,7146.2,7154,1806
2025/09/25-10:10,7152.6,7155,7132.4,7150.8,2515
2025/09/25-10:15,7151.4,7179.2,7147.8,7175.4,2080
2025/09/25-10:20,7176.2,7178.8,7152,7162,1792
2025/09/25-10:25,7162.4,7168.6,7151.4,7164.6,1243
2025/09/25-10:30,7165,7180.8,7162,7173.6,1285
2025/09/25-10:35,7173.6,7191.6,7170.4,7189.2,1959
2025/09/25-10:40,7189.6,7199.6,7185.4,7191.2,1620
2025/09/25-10:45,7192,7196,7169,7176.4,1638
2025/09/25-10:50,7177.2,7190.6,7177.2,7182,903
2025/09/25-10:55,7183,7193.4,7173.4,7175,1278
2025/09/25-11:00,7175,7193,7168,7173.8,1432
2025/09/25-11:05,7173.4,7189,7168,7189,1007
2025/09/25-11:10,7189.6,7198,7188,7189.2,1115
2025/09/25-11:15,7189.8,7189.8,7176.2,7183.4,1059
2025/09/25-11:20,7184,7191.6,7173.8,7186.8,1148
2025/09/25-11:25,7187.6,7194.6,7177,7194.4,834
2025/09/25-11:30,7193.2,7197.2,7176,7179,1388
2025/09/25-13:05,7179,7184,7164,7167,1475
2025/09/25-13:10,7166.6,7182,7166.2,7167.8,1059
2025/09/25-13:15,7167.2,7173,7151.4,7153,1962
2025/09/25-13:20,7151.8,7165.6,7150.4,7157.6,1291
2025/09/25-13:25,7158.2,7172,7157.2,7169.4,1079
2025/09/25-13:30,7169,7172,7155.6,7156,927
2025/09/25-13:35,7155.8,7170.6,7153,7167.2,1284
2025/09/25-13:40,7167.8,7174,7161.8,7174,1080
2025/09/25-13:45,7174,7193.2,7171.8,7189,1775
2025/09/25-13:50,7189.2,7190,7177.8,7178.2,1037
2025/09/25-13:55,7178.4,7184.4,7171.6,7175.2,1151
2025/09/25-14:00,7175.4,7186,7171.4,7184.2,544
2025/09/25-14:05,7185.2,7191.4,7179,7184.8,1061
2025/09/25-14:10,7184.6,7192,7182.4,7187,757
2025/09/25-14:15,7188.2,7190,7180,7187.6,662
2025/09/25-14:20,7185.6,7187,7177.2,7184,454
2025/09/25-14:25,7183.4,7188,7181.8,7185.4,434
2025/09/25-14:30,7185.4,7201.2,7185.4,7198,1725
2025/09/25-14:35,7198.6,7212.4,7188.8,7195,2123
2025/09/25-14:40,7194.2,7198.8,7185.8,7187.8,921
2025/09/25-14:45,7187.6,7194.8,7179.2,7193,1445
2025/09/25-14:50,7193.6,7195,7183.8,7187,765
2025/09/25-14:55,7186.8,7186.8,7170,7174.2,1772
2025/09/25-15:00,7173.2,7174.4,7164.6,7166.6,2472
2025/09/26-09:35,7147,7186,7142,7182.6,5583
2025/09/26-09:40,7181.2,7194.6,7173.2,7184,2799
2025/09/26-09:45,7185.4,7196.4,7180.2,7183,1859
2025/09/26-09:50,7183,7193.6,7174,7174,1963
2025/09/26-09:55,7173.6,7178.2,7135,7137.4,3379
2025/09/26-10:00,7138,7153.4,7121.4,7147,4188
2025/09/26-10:05,7147.8,7156.8,7134.2,7147.8,2833
2025/09/26-10:10,7148,7168,7138,7166.4,1907
2025/09/26-10:15,7166.4,7167.6,7140.6,7143.6,1843
2025/09/26-10:20,7144.2,7152.2,7133,7138,1374
2025/09/26-10:25,7137.2,7149.6,7128.8,7149.6,1455
2025/09/26-10:30,7149.8,7157,7138.8,7142.4,1137
2025/09/26-10:35,7143.6,7163.6,7143.6,7153.4,1247
2025/09/26-10:40,7155,7156,7137,7146.2,1018
2025/09/26-10:45,7147.2,7149,7137.2,7149,719
2025/09/26-10:50,7149,7165.6,7147.2,7156.2,1127
2025/09/26-10:55,7155.4,7163.8,7151,7159.4,850
2025/09/26-11:00,7160,7163.8,7154,7161.8,554
2025/09/26-11:05,7161.8,7185.6,7160.6,7179.8,1767
2025/09/26-11:10,7179.8,7179.8,7158.2,7162.2,1105
2025/09/26-11:15,7162.2,7163,7146.4,7157.8,1053
2025/09/26-11:20,7156.8,7162.4,7141,7143.8,1197
2025/09/26-11:25,7143.6,7147.2,7131.8,7133.8,1312
2025/09/26-11:30,7133,7137.6,7127.4,7129,1481
2025/09/26-13:05,7132.2,7133,7120.2,7120.4,2057
2025/09/26-13:10,7122,7130,7118.2,7127.2,1520
2025/09/26-13:15,7127,7142.2,7126.2,7141.8,1218
2025/09/26-13:20,7142.4,7145,7136,7138.6,849
2025/09/26-13:25,7139,7150,7137.8,7139.8,987
2025/09/26-13:30,7140.2,7146.6,7134.6,7141.2,808
2025/09/26-13:35,7141,7142,7124.4,7129.2,1179
2025/09/26-13:40,7129.2,7138.6,7122,7126.4,1276
2025/09/26-13:45,7126.4,7136.8,7120.2,7127.2,1087
2025/09/26-13:50,7127.2,7147.4,7120.2,7144.2,1630
2025/09/26-13:55,7143.8,7145.8,7109,7124.8,2219
2025/09/26-14:00,7125.8,7130.6,7100,7100.8,2403
2025/09/26-14:05,7100.8,7117.4,7093,7113.8,2061
2025/09/26-14:10,7114.2,7121,7105,7112.8,1148
2025/09/26-14:15,7112.4,7115,7099.6,7100,1157
2025/09/26-14:20,7099.4,7114.8,7098,7109,1169
2025/09/26-14:25,7108.2,7121.4,7099.6,7102.4,1040
2025/09/26-14:30,7102.8,7108.6,7089.2,7105,1775
2025/09/26-14:35,7105,7114.8,7085,7092.6,2392
2025/09/26-14:40,7091.8,7102.8,7082.2,7088.8,1964
2025/09/26-14:45,7089,7110,7086,7108.4,1785
2025/09/26-14:50,7109.4,7112.8,7092,7099.4,1586
2025/09/26-14:55,7099.6,7101,7081,7081,2151
2025/09/26-15:00,7081,7085,7080,7080,2878
2025/09/29-09:35,7083.8,7103.8,7076,7091.6,4946
2025/09/29-09:40,7091.8,7098.4,7079.8,7086.4,2519
2025/09/29-09:45,7086.4,7092,7066.2,7068,2989
2025/09/29-09:50,7068.8,7103,7067,7097.4,2988
2025/09/29-09:55,7097.6,7099,7061.8,7067.6,2055
2025/09/29-10:00,7067.4,7087.8,7058,7085.8,2536
2025/09/29-10:05,7085.8,7086.8,7067.4,7081,1496
2025/09/29-10:10,7081.8,7091,7075.4,7090,1302
2025/09/29-10:15,7090,7110,7090,7107,1854
2025/09/29-10:20,7108.2,7117.4,7106,7116,2321
2025/09/29-10:25,7115.6,7145.6,7110,7144.6,2793
2025/09/29-10:30,7145,7156,7142.6,7154.6,2610
2025/09/29-10:35,7157,7163,7137.2,7145,2210
2025/09/29-10:40,7144.4,7163.6,7141.6,7155,1528
2025/09/29-10:45,7156.6,7165,7149.4,7161.4,1332
2025/09/29-10:50,7161.4,7167.8,7146,7152,1496
2025/09/29-10:55,7152.8,7159.8,7143.4,7150.4,998
2025/09/29-11:00,7151.4,7153.2,7136,7137.6,1144
2025/09/29-11:05,7137.2,7155,7136.8,7150.8,1145
2025/09/29-11:10,7150,7157.2,7130,7131.6,1502
2025/09/29-11:15,7131.2,7141.8,7115,7130.6,1746
2025/09/29-11:20,7131.4,7142.2,7130.2,7131.6,847
2025/09/29-11:25,7131.6,7135.4,7119.2,7126.2,994
2025/09/29-11:30,7126,7133.4,7118.8,7118.8,758
2025/09/29-13:05,7118.6,7142.8,7118,7139.8,1249
2025/09/29-13:10,7140,7145,7127,7127,847
2025/09/29-13:15,7126,7134.8,7121.6,7132.6,869
2025/09/29-13:20,7132.4,7134.6,7123.8,7128.6,627
2025/09/29-13:25,7127.6,7133,7119.2,7124.4,634
2025/09/29-13:30,7125.8,7142.8,7125.8,7139,821
2025/09/29-13:35,7139.8,7148.8,7136.8,7140,1239
2025/09/29-13:40,7140.2,7149.4,7138.8,7145.4,821
2025/09/29-13:45,7145.8,7167,7140.8,7143,2019
2025/09/29-13:50,7142.2,7186.8,7142,7186,2787
2025/09/29-13:55,7185.4,7237.2,7182.2,7235.8,4553
2025/09/29-14:00,7236.2,7250,7232,7244,4367
2025/09/29-14:05,7245.2,7266,7224.8,7242.6,4178
2025/09/29-14:10,7241.4,7252.4,7221,7223.6,2328
2025/09/29-14:15,7224.6,7224.6,7161,7161.8,4431
2025/09/29-14:20,7162.2,7186.4,7159.8,7176.4,2285
2025/09/29-14:25,7176.4,7193.6,7172.4,7188,1280
2025/09/29-14:30,7188.6,7202,7185.6,7200.6,1166
2025/09/29-14:35,7199.6,7207.8,7189.2,7203.6,1359
2025/09/29-14:40,7203,7210.2,7191.4,7198,1127
2025/09/29-14:45,7196.8,7207.8,7195,7206,866
2025/09/29-14:50,7206.2,7219.4,7199.8,7217.6,1253
2025/09/29-14:55,7217.6,7226,7210.2,7225.8,2036
2025/09/29-15:00,7225.6,7236.2,7225.2,7232.2,2655
2025/09/30-09:35,7252,7287,7236.6,7278,6213
2025/09/30-09:40,7278,7314.6,7276,7304,4244
2025/09/30-09:45,7303.2,7316,7295.6,7309.6,2697
2025/09/30-09:50,7308.8,7314.4,7300.8,7308.4,2099
2025/09/30-09:55,7310,7323,7295,7297.8,2620
2025/09/30-10:00,7298,7310.8,7288,7292.2,1904
2025/09/30-10:05,7292,7299.8,7283.6,7296.8,1734
2025/09/30-10:10,7297,7297.8,7284,7287.8,1178
2025/09/30-10:15,7287.4,7308,7283.8,7301.6,1303
2025/09/30-10:20,7300.8,7302.8,7287,7301.2,1300
2025/09/30-10:25,7301.4,7307.6,7286,7288,1139
2025/09/30-10:30,7287,7289.2,7254.4,7270.2,2962
2025/09/30-10:35,7269.6,7282,7260.6,7281.6,1783
2025/09/30-10:40,7281.8,7288.8,7270.4,7273.2,1271
2025/09/30-10:45,7273.8,7276,7261,7270.4,1198
2025/09/30-10:50,7270,7275.6,7256.4,7256.6,978
2025/09/30-10:55,7256.6,7275.4,7253.2,7273.8,1115
2025/09/30-11:00,7274,7287.2,7273.2,7280.4,1503
2025/09/30-11:05,7280.4,7282.2,7274.2,7280.4,640
2025/09/30-11:10,7280.6,7297.2,7279.2,7295.2,1108
2025/09/30-11:15,7295.4,7306,7292,7306,1105
2025/09/30-11:20,7306.8,7306.8,7290.8,7295.8,1082
2025/09/30-11:25,7296.4,7305.2,7296,7301.4,699
2025/09/30-11:30,7301.6,7305,7283.4,7284.8,873
2025/09/30-13:05,7283.8,7291,7270.6,7287,1633
2025/09/30-13:10,7288,7288.8,7272.4,7282.6,1328
2025/09/30-13:15,7282.8,7295,7279.4,7290.8,907
2025/09/30-13:20,7291.6,7305.4,7289.4,7302.6,1190
2025/09/30-13:25,7302,7303,7290.2,7298.8,922
2025/09/30-13:30,7299.2,7301,7288.8,7290.8,727
2025/09/30-13:35,7291.6,7293.6,7268.8,7269.2,1624
2025/09/30-13:40,7268.8,7279,7264.8,7275.2,1528
2025/09/30-13:45,7275.6,7282.4,7272,7277.8,899
2025/09/30-13:50,7279,7280.4,7266.6,7271.6,997
2025/09/30-13:55,7271.8,7272.4,7261,7265,987
2025/09/30-14:00,7263.6,7271.8,7252,7267,1627
2025/09/30-14:05,7267,7287.6,7262.2,7280.2,1137
2025/09/30-14:10,7280.2,7286.6,7274,7277.2,823
2025/09/30-14:15,7278,7283.6,7272.2,7279.2,600
2025/09/30-14:20,7280.8,7295,7277.8,7292.8,1020
2025/09/30-14:25,7294,7305,7292,7305,1604
2025/09/30-14:30,7305.2,7312.4,7295.6,7297,1471
2025/09/30-14:35,7297.4,7301.4,7288.2,7296.8,1006
2025/09/30-14:40,7296.8,7299.4,7285.6,7297,932
2025/09/30-14:45,7297.4,7297.8,7290,7294,838
2025/09/30-14:50,7294,7294,7283,7286.8,1093
2025/09/30-14:55,7287,7287,7277,7280.6,1829
2025/09/30-15:00,7280.8,7291.2,7275,7280.6,2120
2025/10/09-09:35,7330,7377,7323.8,7376,6617
2025/10/09-09:40,7376,7386.4,7366.4,7382.4,4311
2025/10/09-09:45,7382.8,7399,7380,7388.4,3000
2025/10/09-09:50,7388.6,7392.2,7340.8,7344.2,3802
2025/10/09-09:55,7345,7350.6,7326.6,7331.8,3347
2025/10/09-10:00,7332,7345,7324.8,7340.8,2180
2025/10/09-10:05,7342,7344.8,7324.8,7338.8,1864
2025/10/09-10:10,7336.8,7366.8,7335.4,7366,1932
2025/10/09-10:15,7367,7421,7367,7412.2,4855
2025/10/09-10:20,7411.8,7413,7396.6,7405,2188
2025/10/09-10:25,7405,7418.6,7401.8,7418.6,1584
2025/10/09-10:30,7418.6,7432.4,7415,7432.4,2231
2025/10/09-10:35,7432.4,7438,7421.2,7431.2,2316
2025/10/09-10:40,7430.4,7443,7422.6,7438.2,1923
2025/10/09-10:45,7438.6,7468,7438.6,7458.4,2879
2025/10/09-10:50,7457.4,7469.4,7451,7468.2,1777
2025/10/09-10:55,7468.6,7469.6,7441.2,7443,1677
2025/10/09-11:00,7442.8,7447.4,7431,7447.4,1845
2025/10/09-11:05,7448,7460,7445.6,7455.8,1432
2025/10/09-11:10,7455,7458.8,7441,7454.2,1204
2025/10/09-11:15,7454.2,7463,7451,7460.6,985
2025/10/09-11:20,7460.4,7469,7446.4,7466.2,1423
2025/10/09-11:25,7466.6,7466.6,7439.2,7450,1087
2025/10/09-11:30,7449.6,7453.4,7441,7445,861
2025/10/09-13:05,7443.4,7446,7436,7437.4,1014
2025/10/09-13:10,7437.2,7451,7435,7445.2,1282
2025/10/09-13:15,7445.2,7445.2,7429.4,7436,1359
2025/10/09-13:20,7437.8,7437.8,7415,7418.6,1748
2025/10/09-13:25,7418.2,7436.4,7418,7428.2,1068
2025/10/09-13:30,7429.8,7450,7428.6,7447.4,1155
2025/10/09-13:35,7446.6,7459.2,7446,7448,1449
2025/10/09-13:40,7448,7458,7444.2,7450.8,852
2025/10/09-13:45,7451.4,7453.8,7439,7439,998
2025/10/09-13:50,7438,7438,7419,7420.4,1846
2025/10/09-13:55,7421.2,7443.6,7420.4,7441.6,1629
2025/10/09-14:00,7441.4,7450,7439.6,7446.2,1191
2025/10/09-14:05,7445.6,7457.2,7444.4,7452.2,1127
2025/10/09-14:10,7452.2,7458.8,7445.4,7448.2,1306
2025/10/09-14:15,7447.6,7451.4,7441.4,7444.4,833
2025/10/09-14:20,7445,7455.2,7442.2,7448.6,788
2025/10/09-14:25,7449.2,7449.2,7423.8,7436.2,1594
2025/10/09-14:30,7435.2,7435.4,7413,7419,2008
2025/10/09-14:35,7418,7436.2,7418,7434.4,1483
2025/10/09-14:40,7433,7436.8,7429.6,7429.6,777
2025/10/09-14:45,7430,7433,7426.2,7430.6,852
2025/10/09-14:50,7430.8,7440,7429.4,7432.6,1072
2025/10/09-14:55,7432.6,7432.6,7421.6,7427.4,1399
2025/10/09-15:00,7427.8,7427.8,7414.6,7415.8,2656
2025/10/10-09:35,7398.8,7398.8,7382.6,7387,5997
2025/10/10-09:40,7386.8,7391.2,7341,7341,5040
2025/10/10-09:45,7341,7341,7303.8,7314.6,7714
2025/10/10-09:50,7313.6,7320,7300.6,7307,5091
2025/10/10-09:55,7306,7350.6,7305.2,7344.8,4546
2025/10/10-10:00,7345,7347.2,7318.4,7318.4,2656
2025/10/10-10:05,7318.2,7338.2,7311.2,7316,2247
2025/10/10-10:10,7316.4,7318.2,7299.6,7310.2,2730
2025/10/10-10:15,7309.6,7314.8,7304.2,7307.6,1317
2025/10/10-10:20,7309.2,7317.8,7297,7311,1915
2025/10/10-10:25,7311,7331.4,7311,7330.8,1548
2025/10/10-10:30,7330.8,7345.4,7327.2,7344.4,1692
2025/10/10-10:35,7345.4,7368.8,7343,7362.4,2644
2025/10/10-10:40,7362.4,7363,7341,7343,1523
2025/10/10-10:45,7343,7344.2,7331.6,7335.2,1183
2025/10/10-10:50,7334.4,7342.2,7330.4,7340.8,1000
2025/10/10-10:55,7341.4,7345,7334.6,7337,868
2025/10/10-11:00,7337.2,7350,7336,7337.6,1097
2025/10/10-11:05,7337.6,7340,7315.8,7319.2,1897
2025/10/10-11:10,7320.2,7321.2,7310.6,7310.8,1347
2025/10/10-11:15,7310.6,7319.6,7303.6,7305.8,1594
2025/10/10-11:20,7306.6,7314,7302.4,7303.2,1142
2025/10/10-11:25,7302,7304.8,7285.4,7287.8,2189
2025/10/10-11:30,7287,7302,7274.6,7299.2,2728
2025/10/10-13:05,7299,7302.6,7290,7290.4,1251
2025/10/10-13:10,7290.8,7310.6,7283.2,7306.4,1397
2025/10/10-13:15,7305.8,7308.8,7299.8,7302.4,798
2025/10/10-13:20,7302.4,7304,7288.4,7291.8,859
2025/10/10-13:25,7292.8,7308,7290.2,7294.4,1152
2025/10/10-13:30,7293.2,7302.4,7292,7293.2,721
2025/10/10-13:35,7294,7309.4,7291.6,7302.8,1305
2025/10/10-13:40,7302.8,7306.4,7280,7284.6,1499
2025/10/10-13:45,7284.4,7285.4,7270.8,7281.4,2205
2025/10/10-13:50,7281.4,7295.8,7276.2,7276.6,1181
2025/10/10-13:55,7277.2,7294.6,7272.6,7293,1204
2025/10/10-14:00,7293,7310,7287.6,7310,1441
2025/10/10-14:05,7310,7319.4,7286.4,7291,2481
2025/10/10-14:10,7290.2,7290.4,7267,7267.8,2404
2025/10/10-14:15,7269.2,7275.2,7264.2,7265,1509
2025/10/10-14:20,7265.4,7269,7252.4,7266.4,3029
2025/10/10-14:25,7266.4,7276.2,7261.6,7266.8,1474
2025/10/10-14:30,7267.4,7271.4,7260.2,7265.6,916
2025/10/10-14:35,7266.8,7277,7259.6,7272.8,1175
2025/10/10-14:40,7273.4,7287.6,7268.2,7269.6,1952
2025/10/10-14:45,7269.6,7274.6,7260,7265,1523
2025/10/10-14:50,7264.8,7270.8,7252.6,7254.8,1815
2025/10/10-14:55,7254.8,7275.8,7254.8,7273.6,1943
2025/10/10-15:00,7274.2,7281.4,7263,7266,2832
2025/10/13-09:35,7100,7173.2,7089.8,7172,15352
2025/10/13-09:40,7173.4,7184,7137,7152.6,5321
2025/10/13-09:45,7153.4,7199.6,7153,7197.8,5265
2025/10/13-09:50,7197,7212.8,7185.2,7203,3637
2025/10/13-09:55,7203.2,7214.6,7195.6,7198.4,3087
2025/10/13-10:00,7197,7197.8,7152,7162.8,3294
2025/10/13-10:05,7162.8,7165.4,7138,7144.4,3067
2025/10/13-10:10,7144,7153.4,7128,7140,2301
2025/10/13-10:15,7140.6,7160.4,7128.2,7154.4,1951
2025/10/13-10:20,7154.6,7164,7142,7160.4,1854
2025/10/13-10:25,7160.2,7181.6,7159.2,7170.8,2063
2025/10/13-10:30,7170.8,7179,7165,7177.6,1310
2025/10/13-10:35,7177.8,7201.8,7175.6,7200.8,2168
2025/10/13-10:40,7201,7205,7176.8,7179.4,1639
2025/10/13-10:45,7179.6,7199,7172.2,7194.4,1073
2025/10/13-10:50,7194.6,7212.4,7193.8,7193.8,1797
2025/10/13-10:55,7193.8,7193.8,7170.2,7185.4,1301
2025/10/13-11:00,7185.2,7191.8,7179,7182.4,667
2025/10/13-11:05,7182.2,7182.2,7161.4,7166,1470
2025/10/13-11:10,7165,7165,7151.2,7159.2,1054
2025/10/13-11:15,7159.2,7165.8,7151,7152.2,1195
2025/10/13-11:20,7152.2,7175.2,7150,7172.2,1031
2025/10/13-11:25,7172.2,7174,7141,7147,1447
2025/10/13-11:30,7147,7157.6,7130,7130,1505
2025/10/13-13:05,7130.4,7130.4,7103.2,7117,2878
2025/10/13-13:10,7116.6,7127.2,7109.6,7125.6,1526
2025/10/13-13:15,7125.8,7137.6,7116.2,7137.2,1486
2025/10/13-13:20,7137.8,7144.6,7129.8,7136.8,1066
2025/10/13-13:25,7136.4,7153.2,7134,7148.2,1171
2025/10/13-13:30,7148,7175,7146.8,7174.6,1901
2025/10/13-13:35,7175,7176.8,7161.4,7175.8,1514
2025/10/13-13:40,7175.6,7193,7165,7193,2104
2025/10/13-13:45,7192.2,7198.8,7186,7188.2,1781
2025/10/13-13:50,7187.6,7190,7176.2,7184.6,1329
2025/10/13-13:55,7185.8,7215.8,7180,7210.2,2261
2025/10/13-14:00,7210,7210.2,7195,7205.8,1520
2025/10/13-14:05,7206.6,7217.4,7196.8,7206.8,1741
2025/10/13-14:10,7207.6,7210,7189.6,7200,1099
2025/10/13-14:15,7200.6,7215,7200,7201.6,927
2025/10/13-14:20,7201.6,7214.8,7188,7214.8,1135
2025/10/13-14:25,7215,7218,7208,7214.6,1019
2025/10/13-14:30,7214.8,7221.8,7205.6,7210.6,1058
2025/10/13-14:35,7211.4,7249.6,7211.4,7249.6,2215
2025/10/13-14:40,7250,7251,7232.2,7232.2,1804
2025/10/13-14:45,7232.2,7237.8,7224.2,7233.8,1363
2025/10/13-14:50,7233,7242,7227,7238.8,810
2025/10/13-14:55,7238.2,7238.2,7224.6,7225.2,1272
2025/10/13-15:00,7225,7232.4,7222.2,7231,2014
2025/10/14-09:35,7252,7303,7252,7303,8554
2025/10/14-09:40,7304,7317.6,7293.8,7301,4700
2025/10/14-09:45,7300.8,7317,7297,7303.6,3054
2025/10/14-09:50,7302.6,7309.8,7293.4,7296.2,2116
2025/10/14-09:55,7296.8,7305.2,7274.8,7279.8,2219
2025/10/14-10:00,7280.8,7288,7265.4,7268.4,2351
2025/10/14-10:05,7267.6,7270,7241,7258.8,3401
2025/10/14-10:10,7258.8,7261,7240.2,7240.6,1960
2025/10/14-10:15,7240.2,7244,7218,7227.8,3186
2025/10/14-10:20,7229.2,7243.6,7227.6,7240,2180
2025/10/14-10:25,7240.6,7245.8,7218.8,7219.8,2311
2025/10/14-10:30,7218.6,7218.6,7201,7204,2704
2025/10/14-10:35,7204.4,7204.8,7184.6,7184.6,2689
2025/10/14-10:40,7183,7195.4,7179.2,7185,2023
2025/10/14-10:45,7184.6,7199.2,7172.2,7188.4,2710
2025/10/14-10:50,7188.6,7188.6,7158.6,7160.6,2597
2025/10/14-10:55,7160,7172.6,7145,7149,3355
2025/10/14-11:00,7149,7157,7143,7145,1897
2025/10/14-11:05,7144.8,7164.8,7143.2,7155.8,2063
2025/10/14-11:10,7155.4,7155.8,7110,7110.8,4275
2025/10/14-11:15,7110,7122.4,7093.2,7114.2,3853
2025/10/14-11:20,7113.8,7128.4,7095.2,7099.2,2536
2025/10/14-11:25,7099.8,7127.6,7092,7123,2288
2025/10/14-11:30,7123.2,7130,7105,7128,2035
2025/10/14-13:05,7116.8,7120,7075.8,7075.8,3837
2025/10/14-13:10,7075.8,7083.8,7065.4,7068,3260
2025/10/14-13:15,7067,7081,7062,7074.8,1983
2025/10/14-13:20,7076.4,7098.2,7071,7093.6,2505
2025/10/14-13:25,7093.6,7125,7093,7113.8,3791
2025/10/14-13:30,7113.4,7125,7105.2,7114.2,1825
2025/10/14-13:35,7114.6,7130.4,7095.6,7106,2209
2025/10/14-13:40,7106,7106,7069,7072.2,2064
2025/10/14-13:45,7072,7077.6,7060,7077.4,2882
2025/10/14-13:50,7077.2,7077.2,7060,7072.2,1481
2025/10/14-13:55,7073,7094.2,7061.8,7077.2,1908
2025/10/14-14:00,7076.6,7080,7052.8,7052.8,1984
2025/10/14-14:05,7052.6,7061.4,7043,7059.6,2710
2025/10/14-14:10,7060,7064.6,7032,7034.2,2134
2025/10/14-14:15,7035.6,7051.8,7030.6,7050,1806
2025/10/14-14:20,7051.2,7051.4,7018,7018.6,2399
2025/10/14-14:25,7018.2,7034.6,7016.8,7020.4,2331
2025/10/14-14:30,7020.4,7048,7019.6,7046.2,1879
2025/10/14-14:35,7046.4,7054.8,7018.6,7019.6,2606
2025/10/14-14:40,7019.8,7019.8,6988.8,6988.8,3655
2025/10/14-14:45,6988,6993.8,6971.8,6975,3339
2025/10/14-14:50,6975,7006.6,6972,7005.4,2428
2025/10/14-14:55,7005.2,7018.6,7002.2,7011,2402
2025/10/14-15:00,7010.2,7024.8,7002.6,7010,3242
2025/10/15-09:35,7068,7072.6,7026.6,7037.6,7132
2025/10/15-09:40,7038.8,7043.4,7014.8,7015.2,4555
2025/10/15-09:45,7015.2,7072.6,7008,7072.6,5371
2025/10/15-09:50,7072.2,7088,7040.2,7046.6,5436
2025/10/15-09:55,7046.6,7055.8,7036,7048.8,3064
2025/10/15-10:00,7047.8,7071,7044,7061.2,1934
2025/10/15-10:05,7062.2,7066.6,7047,7058,1925
2025/10/15-10:10,7055,7086,7051,7085.8,2278
2025/10/15-10:15,7087,7109.4,7081.8,7100,3793
2025/10/15-10:20,7099.8,7123,7097.4,7111,3136
2025/10/15-10:25,7111,7113,7082,7088.2,2621
2025/10/15-10:30,7088.2,7101.2,7085.6,7085.6,1701
2025/10/15-10:35,7085.6,7085.6,7066.8,7068.4,2149
2025/10/15-10:40,7068,7069.4,7049.4,7050.8,1890
2025/10/15-10:45,7050,7051.2,7025,7026.8,2129
2025/10/15-10:50,7026.2,7043.6,7026.2,7031.4,1898
2025/10/15-10:55,7031,7048.6,7028,7046.4,1424
2025/10/15-11:00,7046.2,7047,7023.6,7024.8,1427
2025/10/15-11:05,7025,7038.8,7025,7030,1336
2025/10/15-11:10,7030.8,7038.8,7025,7029,982
2025/10/15-11:15,7030.8,7033,7008,7025,2275
2025/10/15-11:20,7024,7040,7015.8,7039.2,1984
2025/10/15-11:25,7038.6,7040,7018.8,7040,1180
2025/10/15-11:30,7040.6,7048.8,7036.6,7036.6,1270
2025/10/15-13:05,7036.6,7068.8,7036.2,7067,2137
2025/10/15-13:10,7067.6,7080,7063,7065.4,2161
2025/10/15-13:15,7065,7070.8,7047.2,7070.8,1561
2025/10/15-13:20,7073,7086,7071.6,7075,1889
2025/10/15-13:25,7076.6,7086.8,7069.2,7069.8,1350
2025/10/15-13:30,7069.4,7087,7062.8,7082.4,1264
2025/10/15-13:35,7082.4,7095.6,7078.6,7089.8,1343
2025/10/15-13:40,7090,7103.8,7082.4,7100,1529
2025/10/15-13:45,7100.8,7104.8,7084,7092.2,1785
2025/10/15-13:50,7092.2,7093.2,7074.6,7081,1636
2025/10/15-13:55,7081.4,7086.8,7073.8,7076.4,1194
2025/10/15-14:00,7077.2,7109,7073,7099,1706
2025/10/15-14:05,7099,7107,7084.8,7103.6,1614
2025/10/15-14:10,7103.8,7116.4,7096,7115,1519
2025/10/15-14:15,7115.2,7129.8,7110.4,7113.6,2201
2025/10/15-14:20,7112.2,7126.8,7110,7112.4,1406
2025/10/15-14:25,7112.4,7132.2,7112,7129.6,1545
2025/10/15-14:30,7129.6,7145,7126,7132.8,2176
2025/10/15-14:35,7135,7140,7117.8,7129.8,1613
2025/10/15-14:40,7129.8,7142.4,7125,7136.2,1259
2025/10/15-14:45,7136.2,7163,7136.2,7152,2853
2025/10/15-14:50,7152,7165.8,7145,7154.6,2859
2025/10/15-14:55,7154.6,7154.8,7145.8,7146.6,1614
2025/10/15-15:00,7146.4,7156.8,7140.2,7140.2,2503
2025/10/16-09:35,7123,7123.6,7092.8,7096,5550
2025/10/16-09:40,7096.6,7125,7092.4,7116.6,3343
2025/10/16-09:45,7116.6,7128.4,7102.2,7107.2,2277
2025/10/16-09:50,7105.2,7113.8,7087.8,7098.4,3079
2025/10/16-09:55,7099.8,7114,7090,7109.4,1633
2025/10/16-10:00,7110.8,7121,7098.6,7105,1698
2025/10/16-10:05,7105.6,7125,7102.6,7122,1824
2025/10/16-10:10,7123,7123.6,7100.4,7112,1587
2025/10/16-10:15,7112.2,7117.8,7100,7112.8,1504
2025/10/16-10:20,7111.2,7138,7105,7119.8,2287
2025/10/16-10:25,7121.4,7130.4,7111,7112.4,1125
2025/10/16-10:30,7111.6,7116.4,7098.8,7102.8,1437
2025/10/16-10:35,7104.4,7108,7085.4,7085.4,1684
2025/10/16-10:40,7085.4,7102,7083,7096.4,1741
2025/10/16-10:45,7096.8,7108.4,7096.8,7106,872
2025/10/16-10:50,7107.2,7122.4,7105.2,7120,1339
2025/10/16-10:55,7120.2,7126.8,7113.6,7118.8,1061
2025/10/16-11:00,7119.8,7135,7119.8,7133.2,1266
2025/10/16-11:05,7132.4,7143.4,7127.4,7141.4,1881
2025/10/16-11:10,7140,7144,7120.6,7126.6,1960
2025/10/16-11:15,7127.8,7139.4,7121.8,7134.6,1278
2025/10/16-11:20,7134.2,7134.4,7116.2,7116.4,1202
2025/10/16-11:25,7116.8,7129,7107,7112.6,1489
2025/10/16-11:30,7112.8,7113.6,7080,7080,2455
2025/10/16-13:05,7081,7098.2,7074,7074,2640
2025/10/16-13:10,7073.6,7074.8,7051,7054.6,3631
2025/10/16-13:15,7054.6,7056,7047.8,7051,2482
2025/10/16-13:20,7050.4,7059.4,7037.6,7043.8,2399
2025/10/16-13:25,7043.4,7052,7032,7036.6,1899
2025/10/16-13:30,7038,7045,7030.8,7036.6,1321
2025/10/16-13:35,7035.8,7049,7022.6,7047.4,2184
2025/10/16-13:40,7047.6,7054.8,7025.6,7030,1752
2025/10/16-13:45,7029.4,7043.6,7029.4,7033,1121
2025/10/16-13:50,7034,7037.6,7023,7025.4,1285
2025/10/16-13:55,7024.8,7047,7022,7042.4,1677
2025/10/16-14:00,7042.6,7052.6,7021,7022.6,1531
2025/10/16-14:05,7021.2,7035.2,7019,7035.2,1158
2025/10/16-14:10,7035,7052,7034.6,7046.2,1582
2025/10/16-14:15,7046.2,7059,7042,7046,1592
2025/10/16-14:20,7047.6,7057.4,7032.4,7047.8,1464
2025/10/16-14:25,7049,7054,7034,7035.6,1146
2025/10/16-14:30,7036.2,7055,7033.2,7046.4,1057
2025/10/16-14:35,7048.2,7058,7045.4,7047,1451
2025/10/16-14:40,7048,7053,7034,7039.6,1348
2025/10/16-14:45,7040.4,7044.4,7026.6,7042.2,1793
2025/10/16-14:50,7042.4,7055,7040.8,7042.8,1923
2025/10/16-14:55,7042.8,7061.4,7042.8,7060.4,1848
2025/10/16-15:00,7060.4,7064.4,7053.2,7062,2154
2025/10/17-09:35,7062,7083.8,7048.2,7080.6,4375
2025/10/17-09:40,7079.2,7098,7063.8,7066.4,2828
2025/10/17-09:45,7067.4,7067.4,7001.8,7003.8,4691
2025/10/17-09:50,7003.4,7005.6,6975,6987.8,4778
2025/10/17-09:55,6985,6985,6952.6,6952.6,4789
2025/10/17-10:00,6954.4,6957,6933.4,6934.6,3512
2025/10/17-10:05,6934,6936.6,6916,6924,3695
2025/10/17-10:10,6924,6940,6920,6929.6,2861
2025/10/17-10:15,6928.6,6940,6909.4,6932,2474
2025/10/17-10:20,6933.2,6938.2,6920,6927,1587
2025/10/17-10:25,6927.4,6941,6923.8,6930,1521
2025/10/17-10:30,6931.2,6956.8,6928.6,6940,2065
2025/10/17-10:35,6941.4,6955.8,6937,6955.8,1752
2025/10/17-10:40,6955.8,6963.8,6953,6960.4,1610
2025/10/17-10:45,6962,6970.6,6949,6950,1766
2025/10/17-10:50,6949,6956.8,6942,6949.2,1316
2025/10/17-10:55,6952,6955,6939.8,6954,1039
2025/10/17-11:00,6954.2,6960.4,6946.2,6953.2,1474
2025/10/17-11:05,6952.2,6952.4,6909.2,6909.2,2000
2025/10/17-11:10,6908.6,6916.4,6901,6906.2,2465
2025/10/17-11:15,6905.4,6914.6,6897,6913,1654
2025/10/17-11:20,6913.2,6936,6912.8,6921,2090
2025/10/17-11:25,6921,6944.6,6908.8,6910.4,2175
2025/10/17-11:30,6911.4,6913.2,6881,6881.6,2330
2025/10/17-13:05,6881.2,6898,6876,6895,2344
2025/10/17-13:10,6895.8,6898,6878.8,6893.8,1496
2025/10/17-13:15,6894,6897.6,6885.2,6897.6,869
2025/10/17-13:20,6896.6,6904,6882.6,6892.2,1283
2025/10/17-13:25,6892,6904,6886.8,6899.4,1327
2025/10/17-13:30,6900.6,6903.6,6888.2,6900.2,951
2025/10/17-13:35,6900.2,6908,6887.2,6888.6,1317
2025/10/17-13:40,6888.6,6895,6881.4,6891.2,1214
2025/10/17-13:45,6891,6898.4,6881.6,6885.8,789
2025/10/17-13:50,6885.6,6898,6884,6896.8,789
2025/10/17-13:55,6897.6,6905,6887.8,6891,1127
2025/10/17-14:00,6890.2,6893.4,6882,6883,737
2025/10/17-14:05,6883,6894.8,6872.6,6885,1695
2025/10/17-14:10,6885.4,6904,6873.2,6873.2,1436
2025/10/17-14:15,6873,6873.8,6862.4,6868.2,1460
2025/10/17-14:20,6868.2,6875,6861,6865.8,1146
2025/10/17-14:25,6866.2,6874,6860,6868.6,1141
2025/10/17-14:30,6868.6,6870,6857,6869.4,1137
2025/10/17-14:35,6870,6874,6840,6858.2,2935
2025/10/17-14:40,6857.4,6874,6850.4,6862,2042
2025/10/17-14:45,6862.4,6878,6859.2,6867.4,1675
2025/10/17-14:50,6868.8,6873,6841,6843.4,2142
2025/10/17-14:55,6843.8,6862,6842,6860,2533
2025/10/17-15:00,6859.8,6870,6858,6863.2,3338
2025/10/20-09:35,6968.4,6968.4,6921.8,6937,9343
2025/10/20-09:40,6937.2,6958,6922.6,6923.4,3631
2025/10/20-09:45,6922.8,6929.8,6904.2,6929.8,3028
2025/10/20-09:50,6930,6954.6,6925,6951.6,3120
2025/10/20-09:55,6950.4,6970,6945.4,6959.6,3118
2025/10/20-10:00,6959.6,6985,6959.6,6985,3177
2025/10/20-10:05,6984.8,6994.6,6974.8,6994.2,2575
2025/10/20-10:10,6995,6997.4,6975.2,6984.2,2341
2025/10/20-10:15,6985.2,6987.2,6957.2,6970.8,2014
2025/10/20-10:20,6969.8,6971.2,6943.8,6958.8,1871
2025/10/20-10:25,6959.4,6964,6941,6943.8,1377
2025/10/20-10:30,6943.8,6959.8,6938.8,6959.8,1350
2025/10/20-10:35,6959.2,6976.2,6950,6974.8,1392
2025/10/20-10:40,6976.2,6983,6968.2,6978,1666
2025/10/20-10:45,6979.2,6983.4,6971.8,6978,1278
2025/10/20-10:50,6977.6,6982.6,6964.4,6965.8,1034
2025/10/20-10:55,6965.2,6965.2,6947,6948,1218
2025/10/20-11:00,6948.2,6948.8,6933.6,6939.6,1635
2025/10/20-11:05,6939.6,6945.4,6931.2,6936,1377
2025/10/20-11:10,6938,6945,6929,6941.6,970
2025/10/20-11:15,6943,6954,6943,6944.6,855
2025/10/20-11:20,6945.2,6960.2,6934.8,6956.8,1129
2025/10/20-11:25,6958.2,6966.4,6949.6,6950,1339
2025/10/20-11:30,6951.2,6958.4,6940.2,6944,986
2025/10/20-13:05,6944,6951,6933,6933.2,1404
2025/10/20-13:10,6934.2,6936.4,6921.8,6921.8,1319
2025/10/20-13:15,6921.2,6924.6,6903.8,6906.6,1635
2025/10/20-13:20,6906.2,6911.6,6898,6906.6,1900
2025/10/20-13:25,6906.6,6926.6,6906.6,6908,1513
2025/10/20-13:30,6908.2,6922.6,6907.2,6920.4,743
2025/10/20-13:35,6920,6924.4,6910,6918,1163
2025/10/20-13:40,6919,6931.4,6918.8,6925.8,1313
2025/10/20-13:45,6925.8,6926.6,6914.4,6918,661
2025/10/20-13:50,6918,6933.8,6915.2,6920.6,808
2025/10/20-13:55,6921.8,6934,6921.8,6926.4,774
2025/10/20-14:00,6926,6933,6921.6,6927.2,579
2025/10/20-14:05,6925.8,6930.6,6914,6918.2,1150
2025/10/20-14:10,6919,6924,6910,6912.4,696
2025/10/20-14:15,6911.8,6915.2,6902.2,6910.6,1176
2025/10/20-14:20,6910.6,6911.8,6891.8,6894,1407
2025/10/20-14:25,6895.4,6911.8,6891.4,6908,1273
2025/10/20-14:30,6908,6917.8,6906,6908.4,877
2025/10/20-14:35,6908.6,6910.8,6888.2,6893.4,1731
2025/10/20-14:40,6892.8,6901.8,6885,6899.6,1335
2025/10/20-14:45,6900.8,6922.8,6900,6922.8,1669
2025/10/20-14:50,6922.8,6924,6913.4,6922,1383
2025/10/20-14:55,6922,6925,6912.2,6919.8,1479
2025/10/20-15:00,6919.6,6921,6906.8,6909.2,1900
2025/10/21-09:35,6948,6984.2,6948,6965.2,5900
2025/10/21-09:40,6966.2,6998,6951.4,6981,4793
2025/10/21-09:45,6980.4,6999.2,6969.8,6996,3152
2025/10/21-09:50,6996.8,7023.8,6996.8,7018.2,4352
2025/10/21-09:55,7020,7038.4,7012,7012,4276
2025/10/21-10:00,7011.2,7021,6999,7006.8,3154
2025/10/21-10:05,7007.8,7023,6992.2,7019.8,2747
2025/10/21-10:10,7019.2,7030.4,7011.6,7021,2323
2025/10/21-10:15,7020,7023.2,7006,7019.4,1471
2025/10/21-10:20,7019.8,7024.8,7010.8,7021.8,1192
2025/10/21-10:25,7022.8,7038,7022.6,7036,1597
2025/10/21-10:30,7036.2,7058.8,7036.2,7049.6,3161
2025/10/21-10:35,7050.4,7062.4,7048,7062,2536
2025/10/21-10:40,7061.2,7068.8,7053,7065.2,2695
2025/10/21-10:45,7066.2,7076.2,7057.2,7068.4,1959
2025/10/21-10:50,7068.4,7070,7051.8,7051.8,1386
2025/10/21-10:55,7051.6,7063.6,7046,7055.4,1663
2025/10/21-11:00,7056.4,7059.2,7041,7051,1066
2025/10/21-11:05,7050.8,7069.4,7044,7063.8,1572
2025/10/21-11:10,7064.2,7069.6,7050,7058,931
2025/10/21-11:15,7059,7078.2,7059,7068,1813
2025/10/21-11:20,7067.2,7086,7062.6,7086,2739
2025/10/21-11:25,7085.2,7097,7078.6,7094,2362
2025/10/21-11:30,7096,7098,7078.4,7080.4,1648
2025/10/21-13:05,7078.8,7079.2,7064,7069,2132
2025/10/21-13:10,7069,7078,7064.2,7078,1183
2025/10/21-13:15,7077.8,7081.2,7066.6,7076.8,1067
2025/10/21-13:20,7076.8,7086.2,7075.2,7083.8,843
2025/10/21-13:25,7082.6,7090,7070.2,7072,1102
2025/10/21-13:30,7071.6,7082.8,7066.2,7069.6,856
2025/10/21-13:35,7068.4,7087.4,7066.2,7080.8,1065
2025/10/21-13:40,7080.2,7083,7062.2,7065.2,1286
2025/10/21-13:45,7066.2,7073.8,7065.2,7067.2,941
2025/10/21-13:50,7067.6,7078,7064,7064.6,915
2025/10/21-13:55,7063.8,7066,7051,7061.4,1777
2025/10/21-14:00,7062.6,7073.2,7062.6,7071,869
2025/10/21-14:05,7071,7087,7070.8,7085.4,1503
2025/10/21-14:10,7086.6,7090.6,7079,7087.2,1028
2025/10/21-14:15,7086.6,7086.6,7081,7082,626
2025/10/21-14:20,7081.8,7087,7072.8,7074.6,978
2025/10/21-14:25,7073.8,7084.4,7069.2,7078.4,1020
2025/10/21-14:30,7078.4,7081.2,7067,7069.6,912
2025/10/21-14:35,7070,7076.6,7066,7066,896
2025/10/21-14:40,7065.8,7075,7065.8,7072,747
2025/10/21-14:45,7072.2,7073.4,7066,7067.4,997
2025/10/21-14:50,7067.4,7071,7058,7058.2,1352
2025/10/21-14:55,7058,7058,7050,7051.4,2304
2025/10/21-15:00,7050.6,7055.2,7049.8,7052.8,2328
2025/10/22-09:35,7021.8,7035.2,7004.8,7029.6,6981
2025/10/22-09:40,7029.6,7032.4,6994,6994.4,4100
2025/10/22-09:45,6994.4,6994.6,6979.4,6991,4591
2025/10/22-09:50,6991,6991,6970,6989,3624
2025/10/22-09:55,6989.2,7012.8,6987,7008.8,2992
2025/10/22-10:00,7008.2,7021,6998.4,7007,1947
2025/10/22-10:05,7005.4,7028.2,7003.8,7025,1996
2025/10/22-10:10,7026.2,7029.2,7012.4,7017,1590
2025/10/22-10:15,7016.6,7033.8,7008.2,7031,1495
2025/10/22-10:20,7031.6,7038.8,7025.2,7027.6,1437
2025/10/22-10:25,7026.8,7046,7025,7043.8,1269
2025/10/22-10:30,7044.6,7046.8,7032,7043.8,1036
2025/10/22-10:35,7044.6,7045.8,7025,7031,885
2025/10/22-10:40,7030.4,7042.6,7021.8,7022.2,905
2025/10/22-10:45,7021.6,7036.8,7021.6,7032.2,764
2025/10/22-10:50,7031.4,7038,7022.4,7030.6,842
2025/10/22-10:55,7031.4,7034.4,7016.8,7026.6,951
2025/10/22-11:00,7026.2,7027.8,7011.6,7012.2,968
2025/10/22-11:05,7012.6,7018.2,7007,7009,1072
2025/10/22-11:10,7008.8,7016,7006,7011.2,836
2025/10/22-11:15,7012,7022,7003.6,7013,1046
2025/10/22-11:20,7014.8,7023.8,7008,7008,658
2025/10/22-11:25,7007.6,7018.2,7006,7017.2,829
2025/10/22-11:30,7017.2,7017.6,7000,7003.6,887
2025/10/22-13:05,7003.6,7023,7003.2,7012.8,1606
2025/10/22-13:10,7012.8,7018,7003.2,7012,1023
2025/10/22-13:15,7010.8,7020,7006,7019.2,665
2025/10/22-13:20,7019.2,7027.4,7011.8,7013.2,1152
2025/10/22-13:25,7013.4,7030.8,7013.4,7030.6,994
2025/10/22-13:30,7031,7038.8,7024.2,7038.8,1394
2025/10/22-13:35,7039,7049.8,7033.2,7049.8,2145
2025/10/22-13:40,7050,7052.4,7036.4,7036.8,1442
2025/10/22-13:45,7037.8,7040,7014.4,7014.4,1449
2025/10/22-13:50,7013.6,7017.4,7009.4,7014,1317
2025/10/22-13:55,7013.4,7024.6,7011.8,7024,685
2025/10/22-14:00,7024,7025.2,7011.8,7012.2,720
2025/10/22-14:05,7011.6,7019.6,7008.2,7012.2,1078
2025/10/22-14:10,7012.8,7023,7009,7016.8,726
2025/10/22-14:15,7016.8,7025.6,7014.2,7024.2,617
2025/10/22-14:20,7024.2,7025.6,7011,7011,598
2025/10/22-14:25,7011.2,7023.4,7009,7018.4,735
2025/10/22-14:30,7018.4,7022.4,7015.2,7019.6,304
2025/10/22-14:35,7020.4,7025,7010.4,7011.8,866
2025/10/22-14:40,7012.8,7016.6,7010,7011.8,596
2025/10/22-14:45,7010.8,7019.8,7005.4,7018.4,1381
2025/10/22-14:50,7018,7025.8,7016.6,7021.4,1048
2025/10/22-14:55,7022.2,7024.2,7017,7019.4,831
2025/10/22-15:00,7019.6,7022,7010.2,7011.6,1806
2025/10/23-09:35,6995,6995,6960.6,6970,5472
2025/10/23-09:40,6969.4,6973.4,6938.2,6938.2,4307
2025/10/23-09:45,6938,6949.8,6925,6929,4635
2025/10/23-09:50,6930.8,6937.8,6918.2,6918.2,3166
2025/10/23-09:55,6917.6,6926.4,6907.2,6908.8,2880
2025/10/23-10:00,6910.8,6925,6901.8,6912.8,2594
2025/10/23-10:05,6913.4,6913.4,6901.6,6908.6,2645
2025/10/23-10:10,6908.8,6909,6898.8,6900.6,1818
2025/10/23-10:15,6900.6,6916.8,6894.2,6904.6,2334
2025/10/23-10:20,6907.2,6917.8,6902.6,6917.8,1753
2025/10/23-10:25,6918,6918,6904.2,6907.6,1343
2025/10/23-10:30,6908.2,6922.8,6906.8,6917.6,1346
2025/10/23-10:35,6917.6,6945.8,6915.2,6945.8,3056
2025/10/23-10:40,6946,6950.4,6933.2,6940.4,2151
2025/10/23-10:45,6940,6946.6,6933,6933.8,1198
2025/10/23-10:50,6933.6,6937.6,6926.2,6927,1056
2025/10/23-10:55,6926,6928.6,6910.6,6915,1411
2025/10/23-11:00,6914.2,6914.4,6902,6903.2,1466
2025/10/23-11:05,6903,6906.4,6895.8,6904.6,1865
2025/10/23-11:10,6905.2,6914.2,6898.4,6914.2,1109
2025/10/23-11:15,6914.8,6925.4,6913.2,6918.6,1410
2025/10/23-11:20,6917.8,6935,6912.2,6931.4,1546
2025/10/23-11:25,6930.6,6948.6,6929,6947.6,2077
2025/10/23-11:30,6947.6,6949,6912,6915.4,1916
2025/10/23-13:05,6915.8,6930.2,6910.4,6929.6,1354
2025/10/23-13:10,6929.8,6930.6,6918.8,6927,537
2025/10/23-13:15,6926.4,6930.8,6920,6926.6,539
2025/10/23-13:20,6927.8,6929.8,6919.2,6928.8,473
2025/10/23-13:25,6928.8,6933.4,6920,6921.4,587
2025/10/23-13:30,6921.4,6931.6,6919,6927,451
2025/10/23-13:35,6925.4,6929,6917.2,6921,484
2025/10/23-13:40,6920.4,6920.4,6902.6,6904,1754
2025/10/23-13:45,6904.2,6909.6,6902.6,6909,932
2025/10/23-13:50,6909.2,6920,6904.8,6920,618
2025/10/23-13:55,6920,6921.8,6914.4,6916.8,640
2025/10/23-14:00,6917.2,6927.4,6912.4,6923.6,964
2025/10/23-14:05,6923.4,6945.4,6922.2,6940.8,1868
2025/10/23-14:10,6940.8,6969.4,6934.8,6969.4,3211
2025/10/23-14:15,6969.6,6977,6956.6,6975.6,2594
2025/10/23-14:20,6975.8,6976.2,6954,6964.4,2064
2025/10/23-14:25,6964.6,6978,6961,6968,1701
2025/10/23-14:30,6969,6998.6,6964,6983.8,2514
2025/10/23-14:35,6983,7003.6,6977.8,7002.6,2069
2025/10/23-14:40,7002.4,7025.8,7000.4,7013,2917
2025/10/23-14:45,7013,7029.8,7013,7028,2226
2025/10/23-14:50,7028.2,7047.4,7027.4,7032.8,2730
2025/10/23-14:55,7032.8,7041,7028,7036.8,1915
2025/10/23-15:00,7037,7041.4,7028.4,7040,2426
2025/10/24-09:35,7078,7114.8,7078,7114.6,9699
2025/10/24-09:40,7113.2,7118.4,7095.4,7110.6,4212
2025/10/24-09:45,7110.6,7127,7103.8,7110.6,3516
2025/10/24-09:50,7109.6,7119,7094.6,7099,2676
2025/10/24-09:55,7099.4,7108.2,7090.8,7093.8,2064
2025/10/24-10:00,7095.2,7097.6,7087,7089.2,1834
2025/10/24-10:05,7091.2,7091.8,7075,7084.8,2481
2025/10/24-10:10,7085,7112.4,7082.6,7106.6,2482
2025/10/24-10:15,7105.8,7112.2,7092.2,7092.4,1466
2025/10/24-10:20,7093.8,7098.2,7077.4,7087,1614
2025/10/24-10:25,7088.6,7092.2,7080.2,7089.8,973
2025/10/24-10:30,7089.8,7094.4,7066,7066,1741
2025/10/24-10:35,7067.2,7080,7056.8,7066.8,2022
2025/10/24-10:40,7066,7071,7053.8,7065.2,1651
2025/10/24-10:45,7064.8,7064.8,7045.2,7052,1457
2025/10/24-10:50,7052,7066.2,7045,7063,1551
2025/10/24-10:55,7063,7075.2,7060.2,7075.2,1109
2025/10/24-11:00,7076,7086.6,7073.4,7086.6,988
2025/10/24-11:05,7086.8,7086.8,7063.8,7063.8,1421
2025/10/24-11:10,7063.2,7080,7063.2,7073.8,778
2025/10/24-11:15,7073.8,7085.4,7070.2,7082,1127
2025/10/24-11:20,7082,7084.8,7068,7082.2,908
2025/10/24-11:25,7082.2,7091.4,7075.2,7086.2,1178
2025/10/24-11:30,7085,7095,7080.8,7080.8,1182
2025/10/24-13:05,7080,7099,7080,7089.6,1459
2025/10/24-13:10,7089.6,7113.2,7087.6,7108.6,1620
2025/10/24-13:15,7109.4,7114.2,7101,7101.4,1617
2025/10/24-13:20,7101.2,7124.4,7101.2,7123.4,1581
2025/10/24-13:25,7123.4,7125,7116,7118.4,1724
2025/10/24-13:30,7118.6,7123,7102.6,7103,1337
2025/10/24-13:35,7103.4,7110,7098.2,7102,1164
2025/10/24-13:40,7102.6,7104.6,7088,7088,1095
2025/10/24-13:45,7087.4,7093.6,7079,7085.2,1559
2025/10/24-13:50,7085,7104.4,7083,7102,1262
2025/10/24-13:55,7101.2,7107.2,7094.4,7100.2,927
2025/10/24-14:00,7100.2,7111.8,7099,7110.8,944
2025/10/24-14:05,7110.8,7112.2,7100,7110.4,952
2025/10/24-14:10,7110,7115,7105,7105.6,748
2025/10/24-14:15,7106.8,7113.6,7102.6,7108.6,724
2025/10/24-14:20,7108.4,7112.8,7105.6,7111.4,572
2025/10/24-14:25,7111.6,7112.4,7101.4,7108.2,698
2025/10/24-14:30,7109,7116.4,7108.2,7114.6,1045
2025/10/24-14:35,7113.6,7130.8,7113.6,7127,2360
2025/10/24-14:40,7126,7136,7124.6,7127,2106
2025/10/24-14:45,7127.8,7132,7122.6,7130.8,1886
2025/10/24-14:50,7131.6,7144.6,7127,7143,2185
2025/10/24-14:55,7143,7147.6,7138.6,7143.2,2222
2025/10/24-15:00,7143,7159.8,7142.6,7159.8,2805
2025/10/27-09:35,7228.8,7263.4,7228.8,7255.2,9529
2025/10/27-09:40,7255,7270,7225.2,7269.4,5389
2025/10/27-09:45,7270,7285,7260.4,7265.8,3738
2025/10/27-09:50,7267,7272.4,7250.8,7250.8,2498
2025/10/27-09:55,7250.6,7282.8,7247.4,7272.4,2819
2025/10/27-10:00,7272.4,7280.8,7255.2,7256.6,1948
2025/10/27-10:05,7255,7267.6,7241.2,7266,2492
2025/10/27-10:10,7267,7270,7243,7243.8,1683
2025/10/27-10:15,7243.8,7256.8,7235.6,7236,2174
2025/10/27-10:20,7235.6,7242.6,7225.4,7226.8,2289
2025/10/27-10:25,7227.6,7239,7217,7237.6,2151
2025/10/27-10:30,7239,7240.4,7214,7216,1585
2025/10/27-10:35,7215.4,7232.2,7209,7226.6,1567
2025/10/27-10:40,7228.8,7237.4,7213,7219.6,1458
2025/10/27-10:45,7220,7220,7202,7203.4,1345
2025/10/27-10:50,7203.4,7206.6,7192.6,7206.6,2194
2025/10/27-10:55,7206.6,7214,7200.4,7212.2,1135
2025/10/27-11:00,7213,7218,7207.2,7217.2,1164
2025/10/27-11:05,7217.2,7217.4,7198.8,7215.6,1147
2025/10/27-11:10,7216.6,7231.8,7214.6,7228,1277
2025/10/27-11:15,7229.2,7233,7222.6,7226.4,1375
2025/10/27-11:20,7226.4,7235,7215.2,7233,1009
2025/10/27-11:25,7234.4,7253.8,7234,7251.6,1885
2025/10/27-11:30,7252.4,7256.6,7246.6,7255,1318
2025/10/27-13:05,7256,7256,7238.6,7247.2,2319
2025/10/27-13:10,7247.2,7255.2,7237.6,7243.6,1252
2025/10/27-13:15,7243.2,7249.6,7239.8,7240.8,865
2025/10/27-13:20,7241,7247,7230,7242.2,980
2025/10/27-13:25,7241.8,7244.8,7237.4,7241.6,644
2025/10/27-13:30,7242.4,7260,7238.2,7260,1201
2025/10/27-13:35,7259.6,7265,7257.2,7262,1439
2025/10/27-13:40,7262.2,7266.4,7259,7259.4,881
2025/10/27-13:45,7259.4,7266.6,7255.8,7266.4,1067
2025/10/27-13:50,7266.6,7271.6,7261.4,7263,1033
2025/10/27-13:55,7262.8,7265.8,7245.6,7246,1491
2025/10/27-14:00,7246.6,7249,7224,7234.6,2142
2025/10/27-14:05,7234.6,7264.8,7231.6,7264.4,1933
2025/10/27-14:10,7262.6,7267,7256.6,7262,1323
2025/10/27-14:15,7262.4,7269.6,7262.4,7262.4,1039
2025/10/27-14:20,7262.6,7269.2,7258.4,7266.2,921
2025/10/27-14:25,7265.6,7269.4,7263.2,7269,636
2025/10/27-14:30,7269.2,7274.8,7260.2,7265.2,1391
2025/10/27-14:35,7264.8,7271.4,7256,7263.4,1543
2025/10/27-14:40,7263.4,7263.4,7249.4,7261.6,1693
2025/10/27-14:45,7262,7266.6,7259,7263.2,1191
2025/10/27-14:50,7263,7263.4,7256.6,7257,1146
2025/10/27-14:55,7256.6,7258.2,7250.4,7253.2,1600
2025/10/27-15:00,7253.2,7256.8,7250,7254.4,2303
2025/10/28-09:35,7240,7270,7234.6,7246.8,5798
2025/10/28-09:40,7246.8,7275.2,7244.2,7255.6,3068
2025/10/28-09:45,7255.6,7268.6,7250,7260,1977
2025/10/28-09:50,7260,7262.4,7245,7245.4,1792
2025/10/28-09:55,7245,7267.6,7244.4,7260.4,1588
2025/10/28-10:00,7259.2,7272,7254.6,7269.4,1428
2025/10/28-10:05,7267.6,7276,7266.4,7274.6,2280
2025/10/28-10:10,7274.6,7279.2,7263.4,7264.6,1532
2025/10/28-10:15,7264.8,7289.8,7262.6,7288.6,1890
2025/10/28-10:20,7288.6,7291.6,7260.2,7260.2,2391
2025/10/28-10:25,7260,7263,7246.6,7251.2,2290
2025/10/28-10:30,7251.8,7262.8,7250,7262.8,1087
2025/10/28-10:35,7262.8,7264.8,7252.6,7261,889
2025/10/28-10:40,7261,7273.6,7259.4,7262.4,1392
2025/10/28-10:45,7263,7271.2,7260.2,7268.6,709
2025/10/28-10:50,7269,7273.4,7253.8,7255.6,991
2025/10/28-10:55,7256,7267,7252.8,7263.4,718
2025/10/28-11:00,7263.2,7267.2,7253.2,7267.2,577
2025/10/28-11:05,7267,7285,7266.6,7280.4,1654
2025/10/28-11:10,7280.8,7294,7276,7291,1705
2025/10/28-11:15,7291,7295,7280.4,7281,1612
2025/10/28-11:20,7281.8,7307.8,7278.2,7293.6,2377
2025/10/28-11:25,7292.4,7304.6,7278.4,7297.8,1906
2025/10/28-11:30,7297.8,7313,7294,7295,2035
2025/10/28-13:05,7296,7296,7280,7282.8,1656
2025/10/28-13:10,7283,7286.8,7274.8,7277.6,1343
2025/10/28-13:15,7278.2,7278.2,7262,7262,1535
2025/10/28-13:20,7262.6,7269.6,7260.2,7265,1452
2025/10/28-13:25,7264,7264,7246.8,7251.6,2263
2025/10/28-13:30,7252,7257.8,7250.8,7257.8,1135
2025/10/28-13:35,7257.8,7260.4,7243,7247,1653
2025/10/28-13:40,7247.6,7247.8,7216.8,7220.8,4747
2025/10/28-13:45,7221,7226,7203.6,7212.4,3707
2025/10/28-13:50,7213.2,7235.4,7212.6,7233.4,2441
2025/10/28-13:55,7234.2,7253,7230.2,7249.8,2077
2025/10/28-14:00,7250.4,7251.6,7234.6,7243.8,1632
2025/10/28-14:05,7243,7256.2,7233.8,7235.2,1775
2025/10/28-14:10,7235.8,7245.8,7230.2,7245.8,994
2025/10/28-14:15,7246,7252,7231.8,7240.4,848
2025/10/28-14:20,7241.4,7244,7233.6,7241.8,521
2025/10/28-14:25,7242,7244,7233.6,7239,589
2025/10/28-14:30,7236,7245.8,7233.4,7236.6,696
2025/10/28-14:35,7237,7248.4,7235,7237,853
2025/10/28-14:40,7236,7243.8,7231.4,7233.4,955
2025/10/28-14:45,7233.8,7239.2,7225.8,7239.2,1706
2025/10/28-14:50,7239.4,7239.8,7226,7230,913
2025/10/28-14:55,7230,7235,7226.2,7232.6,1102
2025/10/28-15:00,7232,7234.6,7228,7231,1770
2025/10/29-09:35,7258,7283.2,7258,7274.6,5798
2025/10/29-09:40,7273.2,7296,7272.2,7289.8,3306
2025/10/29-09:45,7289.4,7311.4,7284.6,7311.4,3106
2025/10/29-09:50,7311.8,7312.8,7296.6,7305.4,2757
2025/10/29-09:55,7305.4,7319.4,7305,7315,2586
2025/10/29-10:00,7315.4,7319,7290.8,7295.8,2440
2025/10/29-10:05,7296.2,7308.4,7292.4,7307.4,1622
2025/10/29-10:10,7307.6,7310,7284.6,7285,1922
2025/10/29-10:15,7285.6,7292.2,7278.8,7280,1828
2025/10/29-10:20,7280,7285,7272.2,7282.6,2465
2025/10/29-10:25,7283,7309.8,7282.4,7308.6,2103
2025/10/29-10:30,7308.6,7309.6,7286.2,7286.4,1766
2025/10/29-10:35,7286.4,7295.8,7280,7281.8,1665
2025/10/29-10:40,7282,7303,7280.6,7302.4,1099
2025/10/29-10:45,7303,7314,7300.4,7311.2,1456
2025/10/29-10:50,7311.2,7332,7311.2,7330,2708
2025/10/29-10:55,7330,7343.8,7327.8,7338.8,2793
2025/10/29-11:00,7339.8,7345.6,7327,7339,2244
2025/10/29-11:05,7339.8,7341.2,7323.6,7329.8,1811
2025/10/29-11:10,7328.6,7339,7323.4,7331.4,1429
2025/10/29-11:15,7331.4,7344.6,7322.8,7341.2,1358
2025/10/29-11:20,7341,7343,7320.2,7321,1267
2025/10/29-11:25,7320,7335,7318.4,7335,1115
2025/10/29-11:30,7335,7338.8,7323.8,7325.8,928
2025/10/29-13:05,7325.4,7335,7320,7333.6,1189
2025/10/29-13:10,7333.6,7333.6,7321,7322.8,912
2025/10/29-13:15,7322.8,7333.2,7320.6,7331.2,837
2025/10/29-13:20,7331.4,7332.8,7327.8,7330.8,438
2025/10/29-13:25,7331,7340,7331,7335.8,1094
2025/10/29-13:30,7335,7340,7332.8,7338,551
2025/10/29-13:35,7338,7346.4,7335.4,7345.8,1124
2025/10/29-13:40,7345.8,7351.2,7338.4,7351.2,1993
2025/10/29-13:45,7351.4,7361,7343.4,7361,1869
2025/10/29-13:50,7361,7362.6,7353,7357.4,1902
2025/10/29-13:55,7357.4,7359,7338,7347.6,1916
2025/10/29-14:00,7347.4,7350,7337.2,7341,1299
2025/10/29-14:05,7341.2,7362.8,7336,7360,1764
2025/10/29-14:10,7360,7378.6,7359.6,7375,2380
2025/10/29-14:15,7374.2,7377.8,7367.2,7367.4,1134
2025/10/29-14:20,7367.4,7372,7361.2,7365.6,1061
2025/10/29-14:25,7366.8,7382.6,7362,7382.2,1901
2025/10/29-14:30,7382.8,7382.8,7366,7376.4,1291
2025/10/29-14:35,7375.2,7388.6,7374.4,7388.4,1508
2025/10/29-14:40,7388.8,7395,7381.4,7391.6,2544
2025/10/29-14:45,7391.6,7392.6,7381.2,7383.2,1601
2025/10/29-14:50,7382.8,7389,7380.4,7385,1501
2025/10/29-14:55,7385.6,7388,7379.4,7380.2,1667
2025/10/29-15:00,7380.6,7391.8,7377,7390,3076
2025/10/30-09:35,7370,7370,7345.6,7358,6308
2025/10/30-09:40,7358,7366.8,7340.2,7340.4,3831
2025/10/30-09:45,7340.2,7350.4,7331,7331.8,3693
2025/10/30-09:50,7332.4,7334,7305,7305,4758
2025/10/30-09:55,7305,7309.4,7296.4,7304,3754
2025/10/30-10:00,7303.6,7323.8,7293.2,7316.4,4273
2025/10/30-10:05,7317.8,7322.8,7302.6,7310.6,2492
2025/10/30-10:10,7310.6,7316.4,7301.6,7307.2,1565
2025/10/30-10:15,7307.4,7318.8,7301,7314.4,1774
2025/10/30-10:20,7315,7317.6,7308.6,7309.6,1546
2025/10/30-10:25,7310.4,7327,7307.4,7316.2,1867
2025/10/30-10:30,7316.2,7327.8,7312,7327.8,1195
2025/10/30-10:35,7328.6,7358,7327.6,7353.8,2937
2025/10/30-10:40,7353.4,7355.6,7336.8,7338,2285
2025/10/30-10:45,7338.2,7339.8,7316.2,7321.2,2264
2025/10/30-10:50,7324,7343.8,7322,7333.6,1511
2025/10/30-10:55,7333.4,7338,7329.2,7334.8,935
2025/10/30-11:00,7335.4,7347.8,7334.4,7338.8,958
2025/10/30-11:05,7338.8,7348,7336.8,7345.8,741
2025/10/30-11:10,7345.8,7353,7338.6,7348.8,1036
2025/10/30-11:15,7349.8,7353.2,7345.2,7352,963
2025/10/30-11:20,7353.6,7362,7343.2,7359,1287
2025/10/30-11:25,7360,7366.4,7337,7350,2152
2025/10/30-11:30,7349.4,7366.6,7345.4,7355.4,1543
2025/10/30-13:05,7346,7346,7275.6,7279.4,6813
2025/10/30-13:10,7279.4,7311,7276.4,7300,3838
2025/10/30-13:15,7299.4,7299.6,7265,7277.8,4282
2025/10/30-13:20,7278.6,7302.8,7265,7301,3500
2025/10/30-13:25,7301,7310.4,7287,7305.2,2022
2025/10/30-13:30,7305.2,7323,7297.2,7321,2045
2025/10/30-13:35,7321.4,7323.8,7309.8,7321,1566
2025/10/30-13:40,7323.4,7353.8,7322,7350.6,3272
2025/10/30-13:45,7350.4,7353.6,7341.4,7342.8,2272
2025/10/30-13:50,7342.6,7352,7330.4,7334.8,1992
2025/10/30-13:55,7334.2,7341.8,7329,7337,1025
2025/10/30-14:00,7338.2,7345,7332,7338.6,703
2025/10/30-14:05,7339.2,7343.8,7331.6,7331.6,775
2025/10/30-14:10,7331.2,7331.2,7313.6,7317.6,1852
2025/10/30-14:15,7317.6,7325.4,7307,7307.6,1595
2025/10/30-14:20,7307,7315,7301,7307.6,1713
2025/10/30-14:25,7307,7312.2,7299,7307.8,1092
2025/10/30-14:30,7307.6,7311.4,7297.2,7305.4,1242
2025/10/30-14:35,7304.6,7316.4,7300,7301,1265
2025/10/30-14:40,7301,7311.4,7295.6,7298.2,1207
2025/10/30-14:45,7297.8,7307.8,7297.6,7305.4,863
2025/10/30-14:50,7305.8,7313.6,7300,7300.8,1253
2025/10/30-14:55,7300.8,7308.4,7290,7290,1592
2025/10/30-15:00,7290.2,7299.4,7290.2,7299,2766
2025/10/31-09:35,7327,7327,7288,7297.6,6019
2025/10/31-09:40,7297.6,7322,7289.2,7309,3934
2025/10/31-09:45,7310.2,7316.2,7272,7292.8,3948
2025/10/31-09:50,7292.2,7302.6,7270.2,7302.6,3629
2025/10/31-09:55,7301.4,7306.6,7287.6,7298.6,2202
2025/10/31-10:00,7298.8,7313.8,7294.4,7298,2154
2025/10/31-10:05,7298.6,7318.2,7297.6,7312.6,2202
2025/10/31-10:10,7312.4,7338.6,7310.2,7338.6,2589
2025/10/31-10:15,7337.2,7353.6,7331.8,7350,3240
2025/10/31-10:20,7350,7355,7320,7327.4,2443
2025/10/31-10:25,7326.8,7327.2,7313.6,7322,1942
2025/10/31-10:30,7322,7322,7291.6,7302,2189
2025/10/31-10:35,7302,7305.4,7279.2,7279.4,2616
2025/10/31-10:40,7279.2,7291,7277.4,7291,2205
2025/10/31-10:45,7290.8,7293.4,7277.6,7277.6,1503
2025/10/31-10:50,7277.6,7282.2,7267,7271.2,2622
2025/10/31-10:55,7270.2,7286.8,7268.2,7281.2,1608
2025/10/31-11:00,7280.8,7297.4,7280.8,7291.4,1612
2025/10/31-11:05,7292,7292,7247.6,7265.8,3738
2025/10/31-11:10,7265.8,7274.4,7260.2,7271.8,1555
2025/10/31-11:15,7272.6,7291.6,7271.2,7291.6,1449
2025/10/31-11:20,7290.6,7296,7265.8,7266.6,1603
2025/10/31-11:25,7266.4,7279.8,7257.6,7276.4,1910
2025/10/31-11:30,7276.8,7286.8,7253.4,7253.8,1720
2025/10/31-13:05,7255.2,7261.2,7252.4,7252.6,1367
2025/10/31-13:10,7252.4,7266,7248,7251.2,1408
2025/10/31-13:15,7250.4,7262.4,7244,7259,1373
2025/10/31-13:20,7259,7264,7251,7255,694
2025/10/31-13:25,7255,7265.2,7250,7263.6,820
2025/10/31-13:30,7264.2,7275,7259.2,7269.8,1240
2025/10/31-13:35,7269.8,7285,7265.4,7276.4,1458
2025/10/31-13:40,7276.2,7278.2,7266,7269,753
2025/10/31-13:45,7269.2,7271.6,7256.2,7256.2,1077
2025/10/31-13:50,7257,7259,7241,7242.8,1688
2025/10/31-13:55,7241.8,7249.2,7240,7244.2,1418
2025/10/31-14:00,7245.2,7259.6,7243.8,7255.8,1357
2025/10/31-14:05,7255.6,7273,7246.4,7273,1503
2025/10/31-14:10,7273.6,7287.4,7269,7274.4,2489
2025/10/31-14:15,7276,7281,7263.6,7263.6,1133
2025/10/31-14:20,7263.6,7282.6,7262.4,7276.2,1066
2025/10/31-14:25,7276.2,7286,7274.2,7277.2,1070
2025/10/31-14:30,7276.4,7284,7273.8,7278.4,709
2025/10/31-14:35,7279,7283.6,7264.2,7264.8,1245
2025/10/31-14:40,7264,7269,7250,7258.4,1416
2025/10/31-14:45,7257.6,7268,7253.4,7264,1138
2025/10/31-14:50,7262.4,7267.4,7254.6,7259.4,992
2025/10/31-14:55,7258.4,7261.8,7248,7248,1787
2025/10/31-15:00,7248,7250.6,7240.4,7242.4,2583
2025/11/03-09:35,7240,7249.6,7190.6,7190.6,6373
2025/11/03-09:40,7190.8,7193,7161.2,7162.2,5493
2025/11/03-09:45,7162.4,7182,7154.6,7155.2,3963
2025/11/03-09:50,7154.4,7188.4,7154.2,7188.4,3151
2025/11/03-09:55,7188.4,7193.2,7173.2,7177.8,2552
2025/11/03-10:00,7176.4,7185.8,7161.8,7161.8,1955
2025/11/03-10:05,7161.2,7166,7141.6,7148.8,3242
2025/11/03-10:10,7149.8,7152.4,7137,7145.6,2151
2025/11/03-10:15,7144,7154.6,7135,7152.4,2039
2025/11/03-10:20,7151.6,7156.8,7141.2,7146.2,1546
2025/11/03-10:25,7146.2,7150.8,7137,7139,1140
2025/11/03-10:30,7139,7144.4,7127,7127,1628
2025/11/03-10:35,7126.6,7126.6,7115.4,7117.8,2546
2025/11/03-10:40,7117,7120.8,7108,7117,1958
2025/11/03-10:45,7117,7125.4,7110,7125.2,1226
2025/11/03-10:50,7125.4,7150,7121,7150,2238
2025/11/03-10:55,7148.4,7161,7147.4,7156.6,2268
2025/11/03-11:00,7157.2,7165,7152.8,7164.8,1371
2025/11/03-11:05,7165.2,7166.4,7152.2,7162.4,1457
2025/11/03-11:10,7161.6,7167.4,7153.6,7153.6,1034
2025/11/03-11:15,7153.4,7155.4,7134.8,7137.4,1388
2025/11/03-11:20,7137.6,7137.6,7126,7128,1780
2025/11/03-11:25,7128.4,7150,7127.2,7150,1020
2025/11/03-11:30,7150.2,7151.6,7137.4,7137.4,1009
2025/11/03-13:05,7139.6,7164.6,7136,7164.6,1792
2025/11/03-13:10,7164.6,7192,7155.8,7191.2,3010
2025/11/03-13:15,7192.2,7210,7191.8,7200.4,3408
2025/11/03-13:20,7200,7213.8,7195.6,7198.8,2250
2025/11/03-13:25,7198.8,7200.4,7181,7197.4,1990
2025/11/03-13:30,7197,7205,7187,7201.4,946
2025/11/03-13:35,7201.4,7207,7190.4,7206.2,1070
2025/11/03-13:40,7207.8,7209,7197.4,7204.2,792
2025/11/03-13:45,7204.4,7221.6,7200.6,7221.4,1594
2025/11/03-13:50,7221.8,7228,7213.6,7214.4,1791
2025/11/03-13:55,7213.8,7233,7211,7229.4,1320
2025/11/03-14:00,7230,7230,7217.8,7228.8,893
2025/11/03-14:05,7228.4,7244.6,7228.4,7240.4,1792
2025/11/03-14:10,7240.4,7242,7228.2,7228.8,1264
2025/11/03-14:15,7228.2,7236.2,7228.2,7232.4,735
2025/11/03-14:20,7230.6,7241.8,7223.2,7239.4,1065
2025/11/03-14:25,7239.2,7240.4,7217.8,7222.6,1430
2025/11/03-14:30,7222.6,7232.4,7218.8,7223.6,733
2025/11/03-14:35,7223.6,7230.8,7216,7229.6,1250
2025/11/03-14:40,7229.6,7239.6,7222.2,7224.8,1137
2025/11/03-14:45,7224.4,7232.6,7221.6,7226.6,819
2025/11/03-14:50,7227,7236.8,7227,7236.4,1092
2025/11/03-14:55,7236.6,7246.8,7231.6,7241,1918
2025/11/03-15:00,7241.2,7243.6,7238,7239.6,2277
2025/11/04-09:35,7225,7226.8,7196.2,7200.4,5523
2025/11/04-09:40,7201.2,7213.8,7190.2,7199,2917
2025/11/04-09:45,7199,7216.6,7198,7207.8,2209
2025/11/04-09:50,7206.6,7214,7195.6,7198.2,1659
2025/11/04-09:55,7196.4,7198.4,7161.2,7161.2,3542
2025/11/04-10:00,7162.6,7170,7143,7148.4,3370
2025/11/04-10:05,7147.2,7152,7138.2,7151.2,2649
2025/11/04-10:10,7151.2,7163.2,7150.8,7160.8,2020
2025/11/04-10:15,7159.2,7164.8,7155,7158.6,1070
2025/11/04-10:20,7157,7161.2,7137.6,7138.4,1575
2025/11/04-10:25,7137.6,7137.6,7128.4,7134.2,2131
2025/11/04-10:30,7133.4,7144.4,7133,7133,1445
2025/11/04-10:35,7133,7145.6,7132,7140.6,1212
2025/11/04-10:40,7140.8,7143.2,7116,7117.4,1922
2025/11/04-10:45,7117.6,7119.6,7103,7103.2,2384
2025/11/04-10:50,7102.8,7113.8,7101,7109.8,1764
2025/11/04-10:55,7109.4,7114,7101.8,7109.2,1137
2025/11/04-11:00,7109.2,7121,7108.4,7120.8,1953
2025/11/04-11:05,7120.8,7123,7112.2,7117,1130
2025/11/04-11:10,7117,7122.6,7112,7120.4,769
2025/11/04-11:15,7120.4,7134.8,7120.4,7130,1331
2025/11/04-11:20,7130,7134.6,7128.6,7130.8,669
2025/11/04-11:25,7130.8,7135.2,7113.6,7113.8,1305
2025/11/04-11:30,7114,7118,7104.2,7115.2,1137
2025/11/04-13:05,7114.4,7115.6,7103.2,7111.6,1391
2025/11/04-13:10,7111.6,7116.8,7104.6,7109.2,1082
2025/11/04-13:15,7108,7112,7098,7098,1112
2025/11/04-13:20,7097.6,7102.8,7091,7091.4,1771
2025/11/04-13:25,7092.2,7100.8,7085.2,7096.8,2498
2025/11/04-13:30,7097.6,7105.6,7093,7093.8,1345
2025/11/04-13:35,7093.6,7096.4,7088.4,7089.8,733
2025/11/04-13:40,7089.8,7094,7083,7084.8,953
2025/11/04-13:45,7085,7093.6,7082,7087.2,873
2025/11/04-13:50,7086.4,7090,7073.2,7075,1490
2025/11/04-13:55,7075,7087.8,7070.2,7081,1171
2025/11/04-14:00,7081,7093.8,7079.6,7086.8,1152
2025/11/04-14:05,7086.4,7089.6,7070.4,7075.2,1177
2025/11/04-14:10,7075.2,7077.6,7067.6,7068.8,1087
2025/11/04-14:15,7069.2,7070.2,7055.8,7061,1930
2025/11/04-14:20,7060.6,7061.2,7044.2,7044.2,2258
2025/11/04-14:25,7044,7051.6,7033.6,7047.4,3127
2025/11/04-14:30,7047.2,7048,7032.6,7039.8,2010
2025/11/04-14:35,7039.2,7060.6,7037.2,7059.4,2483
2025/11/04-14:40,7060.2,7070,7057.8,7059.6,2684
2025/11/04-14:45,7059.2,7094.4,7059.2,7094,3138
2025/11/04-14:50,7093,7105.2,7087.8,7099.2,3141
2025/11/04-14:55,7099.4,7100.2,7090.6,7095,1854
2025/11/04-15:00,7096,7099,7092.6,7094.6,2758
2025/11/05-09:35,7038,7045.6,7007.4,7038,9779
2025/11/05-09:40,7039,7055,7023.2,7040.4,4804
2025/11/05-09:45,7041.8,7059.8,7038.4,7042,2979
2025/11/05-09:50,7042.8,7067.4,7037.6,7066.8,3128
2025/11/05-09:55,7066.8,7067,7049.8,7050,2042
2025/11/05-10:00,7050,7061,7040.6,7041.4,1860
2025/11/05-10:05,7040.8,7045.6,7011.6,7012.2,2983
2025/11/05-10:10,7012.2,7034,7011.2,7029.8,2378
2025/11/05-10:15,7031.4,7054.6,7030.2,7050,2317
2025/11/05-10:20,7051.2,7053.2,7038.6,7041,1243
2025/11/05-10:25,7040.6,7053.8,7032.6,7039.6,1218
2025/11/05-10:30,7040.6,7048.8,7033.4,7034.4,973
2025/11/05-10:35,7034.4,7041.2,7022.8,7032,1067
2025/11/05-10:40,7032.2,7054.2,7032.2,7048.6,1566
2025/11/05-10:45,7048.6,7053,7025,7031.8,1134
2025/11/05-10:50,7031.8,7040,7022.4,7023.2,1127
2025/11/05-10:55,7023.2,7025.6,7014.4,7021.6,1205
2025/11/05-11:00,7021.8,7027,7017,7025,990
2025/11/05-11:05,7026.8,7049.4,7026.8,7046.8,1366
2025/11/05-11:10,7047.4,7074,7043.8,7074,2932
2025/11/05-11:15,7073.2,7097,7067.2,7087,3243
2025/11/05-11:20,7086.4,7107.8,7083.6,7103,2699
2025/11/05-11:25,7103,7109.6,7089,7106.6,1915
2025/11/05-11:30,7107.2,7118.4,7095,7104.8,2755
2025/11/05-13:05,7108.6,7130,7101.6,7124,2597
2025/11/05-13:10,7124,7130.8,7113.8,7120,2072
2025/11/05-13:15,7119.6,7128.6,7112.2,7127.8,1126
2025/11/05-13:20,7127.8,7138.8,7124,7128,1811
2025/11/05-13:25,7128,7139.4,7124.4,7126,1397
2025/11/05-13:30,7125.8,7131.6,7118.4,7118.8,1219
2025/11/05-13:35,7119.4,7130,7117,7130,1138
2025/11/05-13:40,7128.8,7142.4,7125.4,7141.8,1682
2025/11/05-13:45,7140.6,7159,7138.2,7154.2,2334
2025/11/05-13:50,7154.2,7158.2,7144,7149.4,1441
2025/11/05-13:55,7149.6,7154.2,7136.8,7142.8,1228
2025/11/05-14:00,7142.6,7143,7125,7128,1718
2025/11/05-14:05,7128.4,7148,7127.8,7133.2,1375
2025/11/05-14:10,7133.4,7136.8,7126.4,7130.4,715
2025/11/05-14:15,7131.4,7143.8,7128,7142.2,699
2025/11/05-14:20,7143.6,7148.4,7138.6,7140.2,793
2025/11/05-14:25,7139.8,7149.2,7135.2,7148.4,703
2025/11/05-14:30,7148.8,7151.2,7144,7145.8,933
2025/11/05-14:35,7145,7152.8,7132,7136.2,1440
2025/11/05-14:40,7136.4,7144.4,7133,7136.8,863
2025/11/05-14:45,7136.6,7138,7126.4,7127.8,1249
2025/11/05-14:50,7127.8,7130,7115.2,7118,1670
2025/11/05-14:55,7117.6,7117.6,7102,7103,2452
2025/11/05-15:00,7103,7108,7096.8,7108,2806
2025/11/06-09:35,7130,7184.6,7120.2,7178.2,8072
2025/11/06-09:40,7179.6,7181.8,7159.6,7160.8,3312
2025/11/06-09:45,7160.8,7171,7151,7157.8,3807
2025/11/06-09:50,7157.8,7161.6,7143.2,7147.6,2517
2025/11/06-09:55,7147.6,7160,7141.8,7151,2019
2025/11/06-10:00,7151,7160,7138.2,7144.4,2053
2025/11/06-10:05,7145.6,7152.4,7133.8,7151,2253
2025/11/06-10:10,7151.8,7165.2,7142.8,7165.2,1617
2025/11/06-10:15,7164.4,7165.2,7146.2,7151.6,1333
2025/11/06-10:20,7151.4,7178,7149.8,7174.4,1420
2025/11/06-10:25,7175.2,7192,7174.8,7190.6,2380
2025/11/06-10:30,7190,7196.6,7186.4,7196.2,2519
2025/11/06-10:35,7198,7217,7197.4,7210.8,3040
2025/11/06-10:40,7209,7227.6,7202.6,7217.4,3033
2025/11/06-10:45,7218.4,7237.4,7218.4,7236.8,2421
2025/11/06-10:50,7235.8,7246,7235.8,7239.8,2428
2025/11/06-10:55,7238.8,7245.6,7228,7231.6,1699
2025/11/06-11:00,7231,7236,7218.2,7227.2,2697
2025/11/06-11:05,7226.8,7243.8,7226.8,7234.6,1953
2025/11/06-11:10,7234.6,7234.6,7213,7216,1315
2025/11/06-11:15,7216.6,7229,7214,7220,1121
2025/11/06-11:20,7221.4,7225.8,7212,7223.4,1040
2025/11/06-11:25,7222,7237.2,7217.4,7230.4,1035
2025/11/06-11:30,7231.4,7232.6,7216.2,7219,967
2025/11/06-13:05,7219.8,7234,7218.6,7223.2,1514
2025/11/06-13:10,7222.6,7223.8,7209,7212.8,1324
2025/11/06-13:15,7212.8,7227,7207,7225.4,1302
2025/11/06-13:20,7225.6,7225.8,7211,7222,934
2025/11/06-13:25,7222.6,7226.6,7218.2,7226.2,678
2025/11/06-13:30,7225.8,7231.2,7222,7226.6,856
2025/11/06-13:35,7226.4,7230.8,7219,7223,646
2025/11/06-13:40,7223.8,7226.8,7219.4,7219.4,459
2025/11/06-13:45,7219.8,7221,7211,7214.6,1031
2025/11/06-13:50,7214.8,7225,7208.4,7224.4,1205
2025/11/06-13:55,7225.2,7236.6,7223.8,7230,1257
2025/11/06-14:00,7230,7239.6,7229.2,7238,872
2025/11/06-14:05,7238,7261.2,7238,7256.2,2908
2025/11/06-14:10,7256.2,7259.6,7244,7244.8,1475
2025/11/06-14:15,7244.8,7248,7235.2,7241.8,1002
2025/11/06-14:20,7241.8,7249.6,7238.8,7239.2,725
2025/11/06-14:25,7239.2,7243.6,7237.2,7240,610
2025/11/06-14:30,7239.8,7245.2,7233.8,7238.4,1012
2025/11/06-14:35,7238.6,7244.8,7223.2,7227.4,2086
2025/11/06-14:40,7227.4,7233,7226,7227,1044
2025/11/06-14:45,7227,7229.4,7221,7222.8,1338
2025/11/06-14:50,7222.8,7243.8,7221,7242,1317
2025/11/06-14:55,7242,7243,7231.2,7236.6,1529
2025/11/06-15:00,7236.4,7246.6,7233.4,7246.4,2641
2025/11/07-09:35,7211.8,7219.4,7177,7177,6502
2025/11/07-09:40,7176,7202.4,7172.2,7196.2,3635
2025/11/07-09:45,7196.2,7220.8,7192,7212.6,2957
2025/11/07-09:50,7212.4,7218.4,7198.6,7198.6,1806
2025/11/07-09:55,7198.8,7208.2,7190,7201.6,1993
2025/11/07-10:00,7200.8,7210.8,7185.8,7209.4,1758
2025/11/07-10:05,7209.4,7218,7203.2,7210,1468
2025/11/07-10:10,7210.6,7215.8,7201,7214,1145
2025/11/07-10:15,7214.4,7214.4,7203,7206,988
2025/11/07-10:20,7205.2,7214.4,7203.6,7211.8,818
2025/11/07-10:25,7212.2,7227.6,7199.8,7226,1254
2025/11/07-10:30,7226,7235.4,7218.8,7228.2,1505
2025/11/07-10:35,7227.6,7233.2,7220,7225,974
2025/11/07-10:40,7225.2,7242,7224.2,7238,1313
2025/11/07-10:45,7237.8,7240,7226.4,7226.4,938
2025/11/07-10:50,7226.8,7230,7216,7225.4,1030
2025/11/07-10:55,7224.4,7236.2,7222.4,7231.6,709
2025/11/07-11:00,7231.2,7251.8,7230.4,7251,1545
2025/11/07-11:05,7250.4,7268.8,7247.8,7260.6,2415
2025/11/07-11:10,7260.8,7261.6,7245,7250.2,1652
2025/11/07-11:15,7251,7251,7238.2,7242,1407
2025/11/07-11:20,7242.2,7245,7228.6,7237.2,1347
2025/11/07-11:25,7237.4,7238.6,7221.4,7226.6,1265
2025/11/07-11:30,7226.2,7236.8,7222,7226.6,906
2025/11/07-13:05,7226.2,7238.4,7219.2,7234.4,1487
2025/11/07-13:10,7234.2,7253.6,7230.6,7250,1154
2025/11/07-13:15,7250,7251.4,7242.8,7244.2,926
2025/11/07-13:20,7244,7263,7242.8,7258.8,1752
2025/11/07-13:25,7258.4,7260.2,7245.4,7247,1008
2025/11/07-13:30,7247.8,7251.4,7239.2,7245.2,904
2025/11/07-13:35,7244.8,7262,7244.8,7259.2,1188
2025/11/07-13:40,7259.8,7266.6,7255.2,7259.8,1082
2025/11/07-13:45,7259.6,7260.2,7243.8,7245.2,979
2025/11/07-13:50,7245.8,7247,7230.2,7232.6,1422
2025/11/07-13:55,7232.6,7245.6,7225,7230.8,1617
2025/11/07-14:00,7230.8,7235,7222.4,7226.8,1260
2025/11/07-14:05,7226.8,7237.4,7219.8,7228.4,1628
2025/11/07-14:10,7229.4,7231.4,7218.6,7229.2,1148
2025/11/07-14:15,7229.2,7237.6,7225,7225.6,870
2025/11/07-14:20,7225.6,7234.6,7224.6,7234.6,597
2025/11/07-14:25,7234.6,7241.2,7227.8,7236.8,779
2025/11/07-14:30,7236.4,7241.8,7233.2,7241.8,466
2025/11/07-14:35,7241.2,7247.8,7227,7234.6,1258
2025/11/07-14:40,7234.4,7234.8,7225,7230.2,751
2025/11/07-14:45,7229,7238.4,7228.6,7231.8,713
2025/11/07-14:50,7231.6,7236,7225,7225.8,995
2025/11/07-14:55,7225.4,7238.4,7225.4,7227.2,1668
2025/11/07-15:00,7227,7231.8,7225.2,7230.2,1895
2025/11/10-09:35,7260,7300,7260,7287.6,6481
2025/11/10-09:40,7287.8,7293.6,7258.2,7258.4,3763
2025/11/10-09:45,7258,7258,7222.6,7233.8,4178
2025/11/10-09:50,7233,7253.8,7228,7247,2368
2025/11/10-09:55,7246.6,7262.8,7243,7253.8,1865
2025/11/10-10:00,7253.8,7257.8,7217.8,7218.2,1961
2025/11/10-10:05,7217.4,7220,7195.6,7206.4,3476
2025/11/10-10:10,7206.6,7208.8,7181,7189.2,2782
2025/11/10-10:15,7188.6,7199.4,7182,7196.6,2313
2025/11/10-10:20,7195.2,7199.6,7185.4,7185.4,1689
2025/11/10-10:25,7185,7212,7183.2,7211.2,1623
2025/11/10-10:30,7211,7221,7200.2,7204.6,1665
2025/11/10-10:35,7204.6,7212.6,7197.4,7197.4,961
2025/11/10-10:40,7197.2,7197.6,7185.8,7192.6,1246
2025/11/10-10:45,7192.4,7199.6,7182.8,7194.4,1183
2025/11/10-10:50,7194.6,7207.4,7193.8,7201.8,753
2025/11/10-10:55,7201.8,7213.6,7200.8,7212.6,780
2025/11/10-11:00,7212.6,7214.2,7183.6,7183.6,1167
2025/11/10-11:05,7183.8,7191.6,7178.4,7182.8,1494
2025/11/10-11:10,7182.6,7194.8,7176.2,7194,1213
2025/11/10-11:15,7195,7195.4,7180.6,7187.6,663
2025/11/10-11:20,7188.4,7199.4,7188,7199,1010
2025/11/10-11:25,7197.8,7197.8,7181.8,7186.6,757
2025/11/10-11:30,7186.6,7190.4,7177,7180.2,1019
2025/11/10-13:05,7182,7211,7181,7211,1724
2025/11/10-13:10,7211,7213,7200.6,7209,1240
2025/11/10-13:15,7208.2,7211,7195.4,7198.6,859
2025/11/10-13:20,7198,7212.8,7196.6,7209.2,939
2025/11/10-13:25,7210,7229,7208.8,7226,2040
2025/11/10-13:30,7225,7230.6,7214.8,7221,1333
2025/11/10-13:35,7220.2,7228.8,7214.8,7214.8,1231
2025/11/10-13:40,7214.8,7218,7202,7203.6,908
2025/11/10-13:45,7203.6,7209.4,7197,7201.8,1028
2025/11/10-13:50,7202.2,7202.6,7191.4,7191.4,895
2025/11/10-13:55,7191,7199.6,7186.6,7197.2,1363
2025/11/10-14:00,7196.4,7200.6,7188,7190.4,883
2025/11/10-14:05,7190.4,7201,7186.6,7194.4,903
2025/11/10-14:10,7194.2,7208.8,7194,7207,893
2025/11/10-14:15,7207.4,7222,7203.2,7219,1317
2025/11/10-14:20,7219.8,7221.4,7208.4,7210,825
2025/11/10-14:25,7210.4,7223.6,7210,7222.6,797
2025/11/10-14:30,7222.6,7226,7214,7225.4,719
2025/11/10-14:35,7226,7242.6,7225.4,7238,2646
2025/11/10-14:40,7238,7252.4,7235.6,7236.2,2155
2025/11/10-14:45,7236.2,7245,7234.2,7244.6,1334
2025/11/10-14:50,7242.8,7245.4,7237,7240,1130
2025/11/10-14:55,7240,7247,7235,7244.8,1142
2025/11/10-15:00,7244.8,7245.4,7235,7235.8,1738
2025/11/11-09:35,7296,7296,7266.6,7286,6610
2025/11/11-09:40,7285.4,7285.8,7254.2,7254.2,3785
2025/11/11-09:45,7254,7273.6,7251,7260.2,2057
2025/11/11-09:50,7260.6,7267.4,7254.2,7256.6,1288
2025/11/11-09:55,7256.4,7264.8,7247.8,7256.2,1685
2025/11/11-10:00,7256.2,7259.6,7239.2,7248.4,1440
2025/11/11-10:05,7247.6,7255,7238.4,7240,1406
2025/11/11-10:10,7240,7247,7233.6,7247,1399
2025/11/11-10:15,7246.8,7247.2,7225.4,7225.8,1571
2025/11/11-10:20,7225.6,7228.2,7216.6,7219.6,1827
2025/11/11-10:25,7219.4,7224.2,7215.2,7216.8,936
2025/11/11-10:30,7215.8,7223.2,7211,7212.8,1623
2025/11/11-10:35,7212.4,7213.8,7202,7212.6,1619
2025/11/11-10:40,7213.8,7222,7209.2,7220.2,1446
2025/11/11-10:45,7219.4,7221,7206.8,7217.4,1037
2025/11/11-10:50,7217.4,7217.8,7203.2,7203.4,905
2025/11/11-10:55,7203.6,7214.2,7202.8,7207.4,867
2025/11/11-11:00,7207.6,7207.6,7190.8,7190.8,1936
2025/11/11-11:05,7190.4,7197.8,7185,7186.2,1924
2025/11/11-11:10,7187.8,7196.8,7186.4,7194,1259
2025/11/11-11:15,7193.4,7207.4,7191.8,7205.8,1314
2025/11/11-11:20,7207,7207.6,7192.2,7195.4,954
2025/11/11-11:25,7195.4,7212,7191,7209.2,971
2025/11/11-11:30,7208.8,7210,7200.2,7200.8,878
2025/11/11-13:05,7202,7209.4,7196.6,7197.6,996
2025/11/11-13:10,7197.6,7201.8,7188.8,7199,793
2025/11/11-13:15,7199,7203.8,7192,7194.2,680
2025/11/11-13:20,7194,7194.8,7184.6,7184.8,1070
2025/11/11-13:25,7184.8,7184.8,7167.6,7174.6,2713
2025/11/11-13:30,7173.4,7173.8,7164.6,7168,1273
2025/11/11-13:35,7168.2,7182,7167.6,7171.6,1383
2025/11/11-13:40,7171.2,7174.4,7161,7162.2,1052
2025/11/11-13:45,7162.2,7168.8,7160,7161.6,862
2025/11/11-13:50,7161.6,7178.8,7160.2,7175.6,940
2025/11/11-13:55,7175.2,7186.8,7174.6,7177,1152
2025/11/11-14:00,7176,7177,7162,7165.2,969
2025/11/11-14:05,7164.2,7178.2,7161.2,7177.6,919
2025/11/11-14:10,7177.4,7183,7170.8,7180.8,718
2025/11/11-14:15,7181.8,7184.8,7172.8,7179,625
2025/11/11-14:20,7177.2,7193.8,7173.6,7193.6,1179
2025/11/11-14:25,7194,7211.4,7191.6,7211.2,2195
2025/11/11-14:30,7211.2,7212,7195,7196.8,1079
2025/11/11-14:35,7196.2,7197.6,7183,7186,1108
2025/11/11-14:40,7185,7195,7182.6,7185.6,837
2025/11/11-14:45,7185.4,7190.4,7171.4,7173.2,1391
2025/11/11-14:50,7172.6,7176.6,7167.2,7169,1377
2025/11/11-14:55,7169,7181.8,7169,7179.8,1370
2025/11/11-15:00,7179.6,7188.2,7173,7173,2208
2025/11/12-09:35,7166,7173.8,7136.4,7138,5512
2025/11/12-09:40,7138,7139,7108,7119.2,5210
2025/11/12-09:45,7119.4,7152.8,7117,7138.4,3812
2025/11/12-09:50,7137,7145.6,7134.4,7138.8,1529
2025/11/12-09:55,7140,7154.8,7136.8,7153.6,1770
2025/11/12-10:00,7152.6,7172.4,7150.8,7156.6,2717
2025/11/12-10:05,7156,7187.8,7154.8,7182.8,2501
2025/11/12-10:10,7182.4,7199,7168,7199,2062
2025/11/12-10:15,7199.8,7214.8,7197.4,7204.2,3450
2025/11/12-10:20,7205.4,7209.6,7200,7203.2,1826
2025/11/12-10:25,7202.8,7204.8,7177.8,7189.6,2051
2025/11/12-10:30,7190.6,7193.8,7166.2,7167,1746
2025/11/12-10:35,7166.6,7170.4,7152.8,7153.6,1799
2025/11/12-10:40,7154,7167.6,7149,7161.8,1649
2025/11/12-10:45,7161.4,7163.6,7143,7150.2,1324
2025/11/12-10:50,7150,7150.6,7137.6,7138,1303
2025/11/12-10:55,7137.6,7145,7126,7126,1860
2025/11/12-11:00,7126,7131.2,7117,7118,1769
2025/11/12-11:05,7118.8,7121,7111,7115.4,1668
2025/11/12-11:10,7114.6,7116,7105,7109.8,2165
2025/11/12-11:15,7110.6,7126.6,7106.8,7123,2185
2025/11/12-11:20,7122.6,7123.2,7108,7114,1021
2025/11/12-11:25,7114.4,7125.6,7114.4,7117,815
2025/11/12-11:30,7116.4,7118,7096.4,7097.2,2236
2025/11/12-13:05,7096,7110,7095.8,7109.8,1823
2025/11/12-13:10,7110.8,7117,7104.6,7115.2,1149
2025/11/12-13:15,7114.6,7121.6,7102.4,7102.4,1315
2025/11/12-13:20,7103.2,7105,7081,7085,2513
2025/11/12-13:25,7085,7100.8,7083.4,7094,1485
2025/11/12-13:30,7093.8,7104.4,7083.2,7097.2,1252
2025/11/12-13:35,7097.2,7116.8,7095.2,7101,1650
2025/11/12-13:40,7101,7113,7099.8,7109.6,849
2025/11/12-13:45,7111,7126.8,7107.6,7125.8,1772
2025/11/12-13:50,7125.6,7137,7119.6,7119.6,2127
2025/11/12-13:55,7119.8,7143,7119.6,7136,2054
2025/11/12-14:00,7136,7137.6,7121.2,7129,1007
2025/11/12-14:05,7128.8,7133,7115,7125,1292
2025/11/12-14:10,7125,7153.6,7125,7149.4,2077
2025/11/12-14:15,7150.2,7156,7130.4,7135,1965
2025/11/12-14:20,7135.2,7136.8,7123,7125.4,974
2025/11/12-14:25,7126.6,7136.2,7120.8,7129.4,743
2025/11/12-14:30,7128.8,7140.2,7128.6,7136.6,624
2025/11/12-14:35,7136,7154.6,7136,7147.2,1330
2025/11/12-14:40,7146.2,7163.6,7143.4,7162,2152
2025/11/12-14:45,7162.2,7164,7148,7151.4,1116
2025/11/12-14:50,7152.6,7167,7151.6,7155.2,1784
2025/11/12-14:55,7155.2,7160.8,7147.4,7153.2,1238
2025/11/12-15:00,7154.2,7160,7151.8,7155.2,1770
2025/11/13-09:35,7140,7168,7138,7164.6,3924
2025/11/13-09:40,7165.6,7193,7165.6,7182.4,3450
2025/11/13-09:45,7182.2,7196.8,7182.2,7186.8,2506
2025/11/13-09:50,7186.8,7196.8,7181.6,7194.6,2303
2025/11/13-09:55,7195.6,7204.6,7178.4,7187,2797
2025/11/13-10:00,7187.2,7206.6,7183.6,7206.4,2179
2025/11/13-10:05,7206.4,7225.4,7205.2,7221.8,3478
2025/11/13-10:10,7221.6,7222.6,7215.2,7216.2,1607
2025/11/13-10:15,7216,7223.4,7209.2,7220.6,1767
2025/11/13-10:20,7221.4,7235,7221.4,7230,1919
2025/11/13-10:25,7230,7236,7225.8,7227.4,1360
2025/11/13-10:30,7227.4,7233.2,7215.2,7219.6,1683
2025/11/13-10:35,7219.6,7237.6,7219.6,7225.4,1904
2025/11/13-10:40,7224.8,7231,7219.4,7223,861
2025/11/13-10:45,7222.8,7244.6,7222.8,7240,1399
2025/11/13-10:50,7239.4,7247.8,7237.2,7245.6,1289
2025/11/13-10:55,7244.6,7249.2,7236.8,7243.8,1320
2025/11/13-11:00,7243,7245.8,7235.2,7239.6,947
2025/11/13-11:05,7238.6,7244.2,7231.2,7234,1028
2025/11/13-11:10,7233.4,7242,7231.8,7234.8,861
2025/11/13-11:15,7234.8,7249.4,7234.8,7246.8,907
2025/11/13-11:20,7247,7252,7238.4,7251.6,970
2025/11/13-11:25,7251.6,7265.2,7251.2,7265.2,1928
2025/11/13-11:30,7265.2,7278,7263.8,7275.6,2053
2025/11/13-13:05,7276,7278.2,7253.4,7258,2355
2025/11/13-13:10,7258,7262,7251.4,7255,1592
2025/11/13-13:15,7254,7255.8,7243.8,7246.6,1627
2025/11/13-13:20,7246.6,7260.8,7244.8,7248.6,1504
2025/11/13-13:25,7248,7253.4,7242.2,7243.8,1086
2025/11/13-13:30,7243,7250.6,7241.6,7244.4,1094
2025/11/13-13:35,7243.6,7253.4,7240.6,7241.6,1343
2025/11/13-13:40,7242.4,7258.8,7240.4,7254.8,1452
2025/11/13-13:45,7253.8,7258.8,7246.4,7247.4,1354
2025/11/13-13:50,7246,7249.6,7227,7230.6,2032
2025/11/13-13:55,7230.2,7237,7228.2,7231.6,1372
2025/11/13-14:00,7230.6,7240,7228,7233.2,1140
2025/11/13-14:05,7233.2,7233.2,7219.4,7230.6,1981
2025/11/13-14:10,7230.8,7234,7221.4,7223.6,1122
2025/11/13-14:15,7224.4,7240.8,7224.4,7236.6,1231
2025/11/13-14:20,7236.2,7242.4,7231.8,7236,1044
2025/11/13-14:25,7235.2,7248.6,7235,7248.6,930
2025/11/13-14:30,7248.8,7248.8,7240.2,7240.4,612
2025/11/13-14:35,7240.4,7257.2,7236.2,7257,1564
2025/11/13-14:40,7257.2,7263.4,7256.8,7263.4,1837
2025/11/13-14:45,7262.6,7266.4,7257.8,7259.6,1423
2025/11/13-14:50,7259.4,7267.8,7258.6,7265.4,1377
2025/11/13-14:55,7265,7268.2,7258.4,7264,2001
2025/11/13-15:00,7264.2,7270.6,7262.6,7269,2858
2025/11/14-09:35,7218,7222.6,7179,7180.2,9291
2025/11/14-09:40,7179.8,7220,7172,7202.8,4936
2025/11/14-09:45,7202.6,7207.2,7187.2,7196,2538
2025/11/14-09:50,7195,7218.2,7192,7216,2306
2025/11/14-09:55,7216,7222,7206.6,7208.4,1461
2025/11/14-10:00,7209,7219,7199.4,7209.6,1540
2025/11/14-10:05,7208.8,7220.2,7202.8,7215.4,1136
2025/11/14-10:10,7215.4,7217,7204,7206.8,917
2025/11/14-10:15,7206.6,7219,7206.4,7214,779
2025/11/14-10:20,7215,7215,7201.2,7204.2,938
2025/11/14-10:25,7204.2,7212.8,7199,7207.4,842
2025/11/14-10:30,7207.4,7235.8,7204.2,7235.8,1654
2025/11/14-10:35,7235,7240,7225.6,7232.2,1778
2025/11/14-10:40,7232.2,7237.6,7230,7234.2,858
2025/11/14-10:45,7234.8,7234.8,7223.2,7225,745
2025/11/14-10:50,7225.4,7228.8,7202.2,7205.8,1536
2025/11/14-10:55,7205.8,7221.6,7203.8,7210,1107
2025/11/14-11:00,7210,7213.2,7203.6,7205.6,896
2025/11/14-11:05,7205.2,7218,7203.6,7207.8,897
2025/11/14-11:10,7207.4,7211.6,7198,7200.4,1268
2025/11/14-11:15,7200.4,7207,7198.6,7200.6,771
2025/11/14-11:20,7200.4,7209.2,7197.8,7200.6,672
2025/11/14-11:25,7199.8,7208.2,7193.4,7204.2,886
2025/11/14-11:30,7204.4,7204.4,7193.4,7198.2,635
2025/11/14-13:05,7195.2,7210.4,7192.4,7207.6,1487
2025/11/14-13:10,7207.2,7207.6,7192.4,7201.4,1028
2025/11/14-13:15,7199.4,7206,7194.6,7195.4,616
2025/11/14-13:20,7194.6,7196.6,7186.2,7194.2,1277
2025/11/14-13:25,7194.2,7199.8,7191.8,7192.8,651
2025/11/14-13:30,7193.4,7204,7192.8,7201.4,709
2025/11/14-13:35,7199.8,7206.6,7190.8,7192.8,774
2025/11/14-13:40,7192.6,7198.4,7185.4,7198.4,887
2025/11/14-13:45,7198.8,7205.6,7195,7198.6,624
2025/11/14-13:50,7198.2,7209,7197.6,7202,775
2025/11/14-13:55,7201.2,7205.8,7195,7205,567
2025/11/14-14:00,7205.2,7210,7202.6,7208,942
2025/11/14-14:05,7208.4,7221.6,7207.8,7214.6,1596
2025/11/14-14:10,7214.8,7223.4,7210.2,7210.8,1056
2025/11/14-14:15,7210.2,7217.8,7207,7207.4,805
2025/11/14-14:20,7206.8,7209,7201.2,7201.6,991
2025/11/14-14:25,7201.8,7209.2,7198,7199.2,940
2025/11/14-14:30,7198.8,7199,7187,7188,1526
2025/11/14-14:35,7189,7194,7180.2,7192.8,1760
2025/11/14-14:40,7192.4,7193.6,7178,7180,1611
2025/11/14-14:45,7181,7188.2,7178.8,7179.8,1238
2025/11/14-14:50,7179.2,7180,7163.6,7164.8,2671
2025/11/14-14:55,7164.4,7166.8,7145,7147,2932
2025/11/14-15:00,7146.8,7151.8,7137,7137.4,3849
2025/11/17-09:35,7169,7173,7150.8,7169.4,6535
2025/11/17-09:40,7171,7181,7148.4,7157.2,3623
2025/11/17-09:45,7157,7178,7156.4,7169.4,2237
2025/11/17-09:50,7170.2,7177.6,7131.2,7132.8,3330
2025/11/17-09:55,7132.8,7145.8,7124,7125.4,3004
2025/11/17-10:00,7125,7130.4,7111.4,7113.4,2612
2025/11/17-10:05,7113.2,7121.6,7107.2,7121.2,2637
2025/11/17-10:10,7121.2,7132.2,7115.4,7126.6,2228
2025/11/17-10:15,7127.6,7131.8,7120,7131.6,1248
2025/11/17-10:20,7131.2,7135.8,7123,7135.8,1139
2025/11/17-10:25,7135.2,7136.2,7115.4,7120.2,1197
2025/11/17-10:30,7120,7128.4,7115.8,7122.6,789
2025/11/17-10:35,7121.6,7123.4,7112.6,7116.8,1065
2025/11/17-10:40,7116.8,7147,7116.8,7146.2,1424
2025/11/17-10:45,7146.4,7152.6,7143.2,7145.6,1311
2025/11/17-10:50,7146,7164.4,7136.2,7162,1514
2025/11/17-10:55,7162,7165.8,7154.8,7157.2,1240
2025/11/17-11:00,7158,7159,7137.2,7138.8,1250
2025/11/17-11:05,7137.8,7150,7134.4,7150,1085
2025/11/17-11:10,7150,7162.2,7145.4,7162.2,871
2025/11/17-11:15,7161.8,7167.6,7156.6,7160,1361
2025/11/17-11:20,7158.8,7159.8,7142.6,7142.8,1079
2025/11/17-11:25,7142,7147,7125,7126.4,1319
2025/11/17-11:30,7126.4,7126.4,7115,7117.4,2022
2025/11/17-13:05,7119,7135,7114.2,7124.2,1721
2025/11/17-13:10,7123.6,7133,7120.2,7123.2,720
2025/11/17-13:15,7122.2,7132.8,7121,7129.4,629
2025/11/17-13:20,7129.2,7136,7125,7128.4,497
2025/11/17-13:25,7128.4,7137.8,7121.2,7137.8,623
2025/11/17-13:30,7137.8,7138.8,7125,7138.8,654
2025/11/17-13:35,7138.8,7142.6,7125,7125.2,884
2025/11/17-13:40,7125,7129.8,7123,7127.4,646
2025/11/17-13:45,7126.6,7136.8,7125.4,7131.4,689
2025/11/17-13:50,7131.4,7138.2,7128.6,7130.4,764
2025/11/17-13:55,7130,7136.2,7125.8,7127,808
2025/11/17-14:00,7126.2,7135,7123.2,7124.6,876
2025/11/17-14:05,7124.6,7127,7109,7126.4,2403
2025/11/17-14:10,7126,7136.6,7117.8,7119.8,1621
2025/11/17-14:15,7119.8,7146,7117.6,7146,1543
2025/11/17-14:20,7146,7153.4,7140.2,7153,1787
2025/11/17-14:25,7153,7153.4,7136.4,7136.8,969
2025/11/17-14:30,7137.4,7147.8,7131.4,7140.8,1089
2025/11/17-14:35,7140.6,7148.6,7139.2,7147.4,996
2025/11/17-14:40,7147.2,7161.2,7147,7155.8,1634
2025/11/17-14:45,7155.6,7164.6,7152.4,7155.4,1387
2025/11/17-14:50,7155.6,7163.8,7147.2,7150,1223
2025/11/17-14:55,7150.6,7151.2,7140,7140.4,1323
2025/11/17-15:00,7140.8,7144.2,7137.8,7143.4,2036
2025/11/18-09:35,7107,7126,7087,7116.8,6258
2025/11/18-09:40,7117.8,7139,7114.6,7128.4,3109
2025/11/18-09:45,7128.4,7136.8,7101.2,7104.2,3001
2025/11/18-09:50,7104,7112,7091.4,7105.2,2898
2025/11/18-09:55,7105.2,7112,7090,7092.2,2357
2025/11/18-10:00,7091.6,7095.8,7078,7082.6,3342
2025/11/18-10:05,7081.6,7094.8,7076.2,7086,2349
2025/11/18-10:10,7087,7095.4,7083.6,7093.4,1377
2025/11/18-10:15,7093.4,7098.8,7078.8,7098.8,2169
2025/11/18-10:20,7099,7103.2,7090,7098,1392
2025/11/18-10:25,7098,7112,7098,7105.4,1517
2025/11/18-10:30,7105,7116.8,7096,7116.8,1279
2025/11/18-10:35,7116.8,7122,7105.8,7106.6,1455
2025/11/18-10:40,7106.6,7113.8,7093,7094.8,1243
2025/11/18-10:45,7095.4,7107,7091,7104.4,1133
2025/11/18-10:50,7104.6,7116.2,7099.6,7107.4,1430
2025/11/18-10:55,7107.4,7108.2,7090.6,7090.6,1069
2025/11/18-11:00,7090.6,7090.6,7080.4,7081,1536
2025/11/18-11:05,7080.2,7084.2,7072.2,7072.2,1655
2025/11/18-11:10,7072.2,7083.8,7070.6,7079.6,1558
2025/11/18-11:15,7078.2,7081,7072.2,7077.4,976
2025/11/18-11:20,7077.2,7086,7072.2,7078.8,1014
2025/11/18-11:25,7078.2,7084.2,7070.8,7072.2,691
2025/11/18-11:30,7071.2,7090,7069.2,7082,1553
2025/11/18-13:05,7071,7078.4,7066,7067.2,1750
2025/11/18-13:10,7067.2,7071.4,7061.2,7063.2,1345
2025/11/18-13:15,7062.2,7064.8,7057,7063.2,1239
2025/11/18-13:20,7062.2,7068,7056.2,7067.2,1039
2025/11/18-13:25,7067.4,7067.6,7056.6,7060.6,985
2025/11/18-13:30,7060.6,7061,7050.8,7053.2,1263
2025/11/18-13:35,7052.2,7059.6,7050,7054,1554
2025/11/18-13:40,7055.2,7061,7053,7058.8,768
2025/11/18-13:45,7059.6,7074.6,7055,7073,1572
2025/11/18-13:50,7074,7084.4,7072.4,7076.8,1387
2025/11/18-13:55,7077.4,7077.8,7063.2,7063.4,1014
2025/11/18-14:00,7063,7063,7053.4,7053.4,944
2025/11/18-14:05,7053.4,7054.6,7043.6,7053.8,2054
2025/11/18-14:10,7054.2,7059.2,7046,7046,1078
2025/11/18-14:15,7045.8,7052.6,7042.8,7045.6,1002
2025/11/18-14:20,7046.6,7046.6,7036.2,7037.8,1691
2025/11/18-14:25,7038.6,7043.4,7035,7042.8,1201
2025/11/18-14:30,7041.8,7043.2,7029.2,7030.6,1364
2025/11/18-14:35,7030.6,7055,7028,7050,2277
2025/11/18-14:40,7050,7063.6,7040.2,7045,2085
2025/11/18-14:45,7044.4,7074,7043.8,7066,2504
2025/11/18-14:50,7066.4,7079.2,7064.4,7070,2197
2025/11/18-14:55,7070.2,7075.6,7068.6,7075.4,1596
2025/11/18-15:00,7075.4,7082,7072.4,7079.8,2997
2025/11/19-09:35,7085.4,7113.4,7080.2,7097,7265
2025/11/19-09:40,7098.6,7106.6,7075.4,7080,3694
2025/11/19-09:45,7079,7092.8,7076,7084.4,2537
2025/11/19-09:50,7084.6,7087.4,7074.8,7077.2,1912
2025/11/19-09:55,7078,7081.8,7053.4,7058,2509
2025/11/19-10:00,7057.8,7069.8,7047.2,7069.8,3154
2025/11/19-10:05,7069.4,7071.6,7059.2,7065,2161
2025/11/19-10:10,7065,7068.6,7056.2,7058,1417
2025/11/19-10:15,7057.4,7060.8,7043.2,7056,2375
2025/11/19-10:20,7057,7063.2,7048,7059.2,1851
2025/11/19-10:25,7058.6,7061.8,7048,7048,1132
2025/11/19-10:30,7048.4,7062,7044.4,7062,1261
2025/11/19-10:35,7062,7078.8,7061.8,7076.8,2054
2025/11/19-10:40,7076.2,7083.8,7071.6,7074.8,1462
2025/11/19-10:45,7074.6,7090.8,7071.4,7079.8,2229
2025/11/19-10:50,7079.6,7090.2,7076,7085.6,1159
2025/11/19-10:55,7085.8,7088.6,7058.8,7062.2,1541
2025/11/19-11:00,7062.2,7063,7042.4,7049,2229
2025/11/19-11:05,7049.4,7057.4,7046.4,7052.8,1044
2025/11/19-11:10,7052.4,7058,7048,7057.2,713
2025/11/19-11:15,7057,7057,7037.2,7038.2,1470
2025/11/19-11:20,7038.4,7039.4,7019.6,7025.4,2356
2025/11/19-11:25,7025.4,7033,7018,7022.6,1510
2025/11/19-11:30,7022.8,7023,7013.2,7018.6,1459
2025/11/19-13:05,7018,7035,7017.6,7028.4,1547
2025/11/19-13:10,7026.6,7033,7023.4,7024,837
2025/11/19-13:15,7023.8,7027.6,7019.8,7025.8,729
2025/11/19-13:20,7025,7032,7021,7024.2,991
2025/11/19-13:25,7024,7038,7022.2,7027.8,1127
2025/11/19-13:30,7028.8,7028.8,7017,7021.8,935
2025/11/19-13:35,7021.2,7032.2,7019.2,7028.4,844
2025/11/19-13:40,7029.6,7036.4,7020.2,7022.4,1081
2025/11/19-13:45,7022,7022.8,7013,7021.8,1017
2025/11/19-13:50,7021,7026.6,7017,7021.4,793
2025/11/19-13:55,7020.4,7045.6,7019.2,7045.6,1818
2025/11/19-14:00,7045.6,7065,7036.8,7058.6,2701
2025/11/19-14:05,7058.6,7059.8,7033,7034,1714
2025/11/19-14:10,7034.8,7046.6,7028.6,7043.8,1319
2025/11/19-14:15,7043.8,7046.6,7036.8,7042.4,863
2025/11/19-14:20,7042.4,7063.6,7040.4,7063.6,1507
2025/11/19-14:25,7064,7074,7059,7072.6,2557
2025/11/19-14:30,7073.2,7076,7066.4,7073.4,1694
2025/11/19-14:35,7072.8,7084.8,7061,7061.8,1965
2025/11/19-14:40,7061.8,7074,7058.8,7061.8,1701
2025/11/19-14:45,7061.8,7072.2,7059.2,7067,1136
2025/11/19-14:50,7066.2,7070,7055.6,7062.6,1128
2025/11/19-14:55,7062.4,7065.4,7057.2,7058.2,1319
2025/11/19-15:00,7059,7059.4,7053,7054.8,1865
2025/11/20-09:35,7118.8,7124,7102.4,7102.4,8072
2025/11/20-09:40,7102.4,7104.6,7086.8,7086.8,4463
2025/11/20-09:45,7087,7093.6,7075,7084.2,3332
2025/11/20-09:50,7084,7089,7072,7087.4,2550
2025/11/20-09:55,7086.4,7094.8,7073.6,7076,2582
2025/11/20-10:00,7076.2,7076.2,7058.8,7061.6,2659
2025/11/20-10:05,7060.8,7070.8,7059,7069.2,1723
2025/11/20-10:10,7068.2,7072.4,7062.6,7063.8,1262
2025/11/20-10:15,7063.6,7072.2,7054,7058.8,2076
2025/11/20-10:20,7059,7064.2,7052,7055,1658
2025/11/20-10:25,7054.4,7054.8,7040.6,7044.6,2076
2025/11/20-10:30,7044.2,7046.2,7029,7029,1962
2025/11/20-10:35,7029.4,7033.2,7023,7029.6,1980
2025/11/20-10:40,7029.2,7032.6,7017.4,7025.6,2000
2025/11/20-10:45,7025.6,7033.6,7020.8,7026.6,1358
2025/11/20-10:50,7027,7031.4,7024,7028.2,888
2025/11/20-10:55,7029.6,7034.4,7017.4,7024.8,1661
2025/11/20-11:00,7024,7026.4,7008.2,7013.6,1944
2025/11/20-11:05,7014.2,7033.2,7012.4,7028.2,2387
2025/11/20-11:10,7028.2,7037.8,7022.4,7032.2,1299
2025/11/20-11:15,7032.4,7033.6,7017,7017,1004
2025/11/20-11:20,7017.6,7029.6,7016.8,7027,788
2025/11/20-11:25,7025.4,7027.6,7014,7026.8,916
2025/11/20-11:30,7026.8,7040.8,7026.8,7038.6,1380
2025/11/20-13:05,7036.4,7047.2,7027,7045,1835
2025/11/20-13:10,7044.6,7045.8,7031.6,7032.2,1269
2025/11/20-13:15,7032.2,7046.2,7031.4,7037.4,855
2025/11/20-13:20,7037.4,7046,7033.8,7043.6,785
2025/11/20-13:25,7043.4,7046.4,7030,7032.6,905
2025/11/20-13:30,7032.6,7032.6,7012.6,7015.8,1567
2025/11/20-13:35,7015.6,7017.6,7002.4,7006.8,2080
2025/11/20-13:40,7006.8,7006.8,6992.8,6993.8,2076
2025/11/20-13:45,6993.6,7006,6993.6,7002,1556
2025/11/20-13:50,7001,7021,6998.4,7018.4,1452
2025/11/20-13:55,7019.4,7021.4,7008.8,7009,1202
2025/11/20-14:00,7008.2,7008.4,6999,7007.6,1156
2025/11/20-14:05,7008,7011,6994,7002,1404
2025/11/20-14:10,7003,7008,6997,6999.8,705
2025/11/20-14:15,6999.6,7006,6996.2,6999.6,714
2025/11/20-14:20,7000.2,7005.6,6997,7000.2,988
2025/11/20-14:25,7000.8,7002.2,6990,6990.6,1484
2025/11/20-14:30,6990.4,7002.6,6988.6,7002.6,1248
2025/11/20-14:35,7003.2,7010,6994,7000.8,1767
2025/11/20-14:40,7000.8,7019.6,6999.4,7015,1685
2025/11/20-14:45,7015.2,7027,7012,7014.6,2261
2025/11/20-14:50,7014,7015.8,6997.6,6999.4,2491
2025/11/20-14:55,7000.2,7018,7000.2,7011.4,2989
2025/11/20-15:00,7011.6,7015.8,6998.4,7000,3156
2025/11/21-09:35,6949,6964.8,6917,6921.2,12986
2025/11/21-09:40,6922,6928.2,6881.4,6887.2,7831
2025/11/21-09:45,6887.4,6905.4,6883.2,6895,5577
2025/11/21-09:50,6894.8,6896,6872.4,6887.8,5079
2025/11/21-09:55,6888.8,6898,6856.2,6858.2,4024
2025/11/21-10:00,6859,6863.6,6848,6851,3945
2025/11/21-10:05,6851,6877.6,6847,6874.8,3254
2025/11/21-10:10,6874.8,6875.8,6849.4,6849.4,2202
2025/11/21-10:15,6849.8,6851.8,6837.8,6844,2656
2025/11/21-10:20,6844.6,6846.4,6837.6,6839.2,1733
2025/11/21-10:25,6839.4,6841.4,6826.4,6834,2517
2025/11/21-10:30,6835,6841.2,6820,6820,2452
2025/11/21-10:35,6820,6825.8,6808.2,6814.6,3706
2025/11/21-10:40,6814.6,6825.6,6794.4,6801,2933
2025/11/21-10:45,6802,6813,6794,6795.6,2186
2025/11/21-10:50,6795.6,6800.8,6785,6793,2420
2025/11/21-10:55,6792.2,6799,6775.6,6798.2,2766
2025/11/21-11:00,6798.2,6801.2,6781.2,6801.2,2534
2025/11/21-11:05,6799,6814,6788,6791,3208
2025/11/21-11:10,6791.2,6814.2,6790.2,6811.8,1870
2025/11/21-11:15,6812,6813.8,6765.4,6765.4,2639
2025/11/21-11:20,6765.8,6809.4,6765.2,6804.2,2634
2025/11/21-11:25,6804.4,6833.8,6804.4,6819.6,3144
2025/11/21-11:30,6819.6,6823.8,6805,6811,1622
2025/11/21-13:05,6810.6,6843,6804.6,6836.4,2970
2025/11/21-13:10,6836.4,6840,6815,6822.4,1719
2025/11/21-13:15,6822.8,6841.8,6818,6835.8,1422
2025/11/21-13:20,6835.8,6849.8,6832.4,6835,2426
2025/11/21-13:25,6835,6852.8,6821.8,6851,2239
2025/11/21-13:30,6851.2,6855,6831.4,6837,1828
2025/11/21-13:35,6836.4,6866,6834.6,6856.4,2049
2025/11/21-13:40,6856.2,6857,6842.4,6850.4,1645
2025/11/21-13:45,6850.4,6852.4,6828.8,6831.2,1789
2025/11/21-13:50,6831.2,6834,6816,6816.2,1572
2025/11/21-13:55,6816.4,6819,6806.2,6808.8,1948
2025/11/21-14:00,6809.4,6810,6801.4,6806.2,1327
2025/11/21-14:05,6806.4,6819.8,6801.6,6817.6,1429
2025/11/21-14:10,6818.2,6818.8,6786.8,6788,1661
2025/11/21-14:15,6788,6800.8,6783,6799.4,1470
2025/11/21-14:20,6800,6811,6798.6,6805.4,1452
2025/11/21-14:25,6806,6811,6796,6796.8,843
2025/11/21-14:30,6797.2,6797.2,6785,6795.2,1283
2025/11/21-14:35,6793.2,6806,6781.2,6796.6,1817
2025/11/21-14:40,6797.4,6805.2,6788.2,6795.2,1524
2025/11/21-14:45,6795.8,6797.2,6774,6774.4,2034
2025/11/21-14:50,6774.8,6791.2,6774.8,6790.2,2048
2025/11/21-14:55,6790.2,6798.2,6770,6772.8,3017
2025/11/21-15:00,6771.8,6783.8,6770,6770,3698
2025/11/24-09:35,6800,6813.8,6783,6799.6,7136
2025/11/24-09:40,6799.4,6809.4,6771.2,6774.8,3500
2025/11/24-09:45,6774.6,6802.8,6770.6,6802.8,3835
2025/11/24-09:50,6803,6803.6,6779.2,6784,2590
2025/11/24-09:55,6782.4,6786.8,6772.6,6774.8,1836
2025/11/24-10:00,6775.8,6793,6773.2,6791.8,1889
2025/11/24-10:05,6791.8,6798.8,6774.6,6777.4,2375
2025/11/24-10:10,6777.6,6781.2,6771,6779.4,1776
2025/11/24-10:15,6779.8,6794,6775.4,6793,1724
2025/11/24-10:20,6793,6794.8,6779.4,6788.4,1439
2025/11/24-10:25,6788.8,6805.6,6786.8,6797.8,2128
2025/11/24-10:30,6798,6803,6787.2,6788.8,1403
2025/11/24-10:35,6788.8,6798,6785.2,6798,1454
2025/11/24-10:40,6797.6,6807.2,6795.2,6800,1383
2025/11/24-10:45,6798.8,6805,6793.2,6796.2,1237
2025/11/24-10:50,6796.4,6802.8,6780.4,6781.4,1035
2025/11/24-10:55,6781.4,6786.6,6775,6778.2,1260
2025/11/24-11:00,6778.2,6779,6762.2,6765.8,1966
2025/11/24-11:05,6766,6771.8,6760.2,6768.4,1579
2025/11/24-11:10,6768.6,6771.6,6762.4,6769.8,1107
2025/11/24-11:15,6769.6,6775.4,6762.8,6768.2,931
2025/11/24-11:20,6768,6768.6,6757.2,6763,1370
2025/11/24-11:25,6761.4,6766.2,6756,6765.4,1103
2025/11/24-11:30,6766.4,6768.4,6754.6,6766.2,1205
2025/11/24-13:05,6767.8,6776,6762.2,6772.8,1306
2025/11/24-13:10,6772.8,6786.4,6769.8,6779.8,1607
2025/11/24-13:15,6779.8,6798.6,6777.6,6798.6,1606
2025/11/24-13:20,6799,6806.4,6790.6,6803.6,1792
2025/11/24-13:25,6803.4,6823.4,6801.4,6817.4,3889
2025/11/24-13:30,6817.4,6842,6811,6842,3408
2025/11/24-13:35,6842.4,6848.6,6834.8,6846.8,3017
2025/11/24-13:40,6846.8,6852,6838.8,6844.2,2960
2025/11/24-13:45,6844.4,6859.4,6843.6,6844.4,2866
2025/11/24-13:50,6844.2,6858,6844,6850.6,1886
2025/11/24-13:55,6850.4,6864.4,6848.4,6860.8,1678
2025/11/24-14:00,6861,6865.6,6848.6,6852.8,1463
2025/11/24-14:05,6852.8,6867.8,6848.8,6860.6,1524
2025/11/24-14:10,6860.6,6865.8,6853,6861,884
2025/11/24-14:15,6861.2,6862.8,6846,6846.6,1164
2025/11/24-14:20,6846.6,6854.2,6839.2,6853.6,1540
2025/11/24-14:25,6853.2,6856.6,6847.6,6852.4,991
2025/11/24-14:30,6852.6,6858.4,6851.8,6856,754
2025/11/24-14:35,6856,6860,6843.4,6845.4,1563
2025/11/24-14:40,6845.8,6852,6840.2,6845.6,1193
2025/11/24-14:45,6845.6,6849.2,6827.4,6828.2,1870
2025/11/24-14:50,6828.2,6836.8,6823.6,6826.2,2104
2025/11/24-14:55,6827,6827,6819.6,6820.6,1828
2025/11/24-15:00,6820.6,6828.8,6819.8,6827.6,2108
2025/11/25-09:35,6876,6892,6874.4,6882.8,7521
2025/11/25-09:40,6882.6,6923.6,6882.6,6921.4,5544
2025/11/25-09:45,6921.6,6925.8,6914.8,6916,3489
2025/11/25-09:50,6915.4,6925.2,6910,6920.2,2484
2025/11/25-09:55,6920.2,6935,6917.4,6935,2614
2025/11/25-10:00,6934.8,6937.2,6921.4,6926.6,2307
2025/11/25-10:05,6927,6937.4,6921,6936.4,1804
2025/11/25-10:10,6936.2,6938.4,6927,6937,1563
2025/11/25-10:15,6936.6,6940.6,6933.4,6938,1762
2025/11/25-10:20,6937.4,6956,6937.2,6950.8,2629
2025/11/25-10:25,6951.6,6963.2,6949.6,6960.6,2065
2025/11/25-10:30,6960.6,6974.2,6957.6,6971.2,2516
2025/11/25-10:35,6971,6986.8,6969,6983.8,2991
2025/11/25-10:40,6983.8,6991,6978,6982.4,2806
2025/11/25-10:45,6983.4,6984.2,6967.6,6973.4,2325
2025/11/25-10:50,6973.6,6978.6,6967.4,6969.4,1379
2025/11/25-10:55,6969.8,6972.4,6962,6969,1999
2025/11/25-11:00,6968.8,6968.8,6948.8,6948.8,1898
2025/11/25-11:05,6948.6,6955,6942.6,6953.2,2417
2025/11/25-11:10,6953.6,6959.2,6943.4,6952.8,1581
2025/11/25-11:15,6952.6,6965.2,6951.2,6953,1318
2025/11/25-11:20,6952.4,6966.8,6952.2,6965.8,1166
2025/11/25-11:25,6966.6,6967.8,6954.4,6954.4,1260
2025/11/25-11:30,6955.2,6965,6952.8,6954.2,942
2025/11/25-13:05,6946.4,6946.4,6916.2,6927,4761
2025/11/25-13:10,6927,6941,6923.8,6927.2,1859
2025/11/25-13:15,6926.4,6931,6913.6,6916,1986
2025/11/25-13:20,6915.2,6925.8,6912,6918.4,1400
2025/11/25-13:25,6918.4,6923.8,6915.4,6915.6,925
2025/11/25-13:30,6916,6917.2,6908,6908,1199
2025/11/25-13:35,6907.8,6920.6,6904,6917.4,1639
2025/11/25-13:40,6918.6,6927,6917.8,6920.2,1137
2025/11/25-13:45,6920.2,6928.2,6919.4,6919.8,849
2025/11/25-13:50,6920,6931.6,6919.2,6931,1192
2025/11/25-13:55,6931,6931.8,6921.8,6925.8,861
2025/11/25-14:00,6925.8,6931.2,6920.6,6928.2,1187
2025/11/25-14:05,6929,6931.8,6919.2,6921.6,1073
2025/11/25-14:10,6921.6,6922.8,6915.6,6922,1069
2025/11/25-14:15,6921.2,6926.8,6913,6915.4,970
2025/11/25-14:20,6915.6,6916.4,6904.4,6905,1307
2025/11/25-14:25,6905,6912.4,6898,6904.8,1514
2025/11/25-14:30,6905,6913,6903.6,6911.4,758
2025/11/25-14:35,6911.4,6918,6904.2,6908.6,1368
2025/11/25-14:40,6908.6,6915,6907,6913.6,790
2025/11/25-14:45,6913.6,6916.8,6909.2,6913.2,1282
2025/11/25-14:50,6912.6,6914.6,6903.2,6903.6,1827
2025/11/25-14:55,6903.2,6906.6,6899.4,6904.8,1664
2025/11/25-15:00,6903.4,6904.8,6899.2,6900,2555
2025/11/26-09:35,6918.6,6919.8,6890.6,6896.4,5419
2025/11/26-09:40,6895.4,6929.4,6891.6,6928.6,3861
2025/11/26-09:45,6928,6946,6926.4,6941.2,3426
2025/11/26-09:50,6941.4,6947.6,6926.2,6942,2294
2025/11/26-09:55,6943.6,6953.6,6935.8,6952.4,2176
2025/11/26-10:00,6953,6974.8,6946.6,6974.8,3052
2025/11/26-10:05,6975.4,6978,6952.2,6953.4,2532
2025/11/26-10:10,6953.4,6956.2,6939,6948,1962
2025/11/26-10:15,6948.2,6954.6,6939,6950.8,1618
2025/11/26-10:20,6951.8,6956,6940.8,6942.6,1414
2025/11/26-10:25,6941.6,6948.6,6937,6948,1440
2025/11/26-10:30,6948.8,6952,6941,6941.4,946
2025/11/26-10:35,6941.4,6947.2,6937.8,6942.2,1268
2025/11/26-10:40,6942.8,6951.6,6939.2,6948.4,798
2025/11/26-10:45,6949,6951.8,6928.2,6928.2,1553
2025/11/26-10:50,6929,6941,6929,6937.8,1401
2025/11/26-10:55,6938.4,6951.8,6937.6,6944,1183
2025/11/26-11:00,6944.2,6955,6943,6955,929
2025/11/26-11:05,6955,6969,6952.4,6964.8,1700
2025/11/26-11:10,6964.2,6967.8,6957.8,6967.8,1441
2025/11/26-11:15,6967.2,6970,6961.4,6964.4,1437
2025/11/26-11:20,6964.2,6974.8,6962.6,6971.2,1560
2025/11/26-11:25,6970.6,6972.2,6958,6967.4,1352
2025/11/26-11:30,6967.8,6971.4,6956.8,6958.6,1358
2025/11/26-13:05,6957.2,6966,6956.6,6965.4,1205
2025/11/26-13:10,6966,6966.6,6948,6953.2,1556
2025/11/26-13:15,6953.2,6961.8,6942,6942,1441
2025/11/26-13:20,6942.8,6952.2,6941.2,6945,1180
2025/11/26-13:25,6945,6955,6944.4,6952.2,908
2025/11/26-13:30,6953,6957.6,6946,6946.4,718
2025/11/26-13:35,6946.4,6952.2,6942.6,6947.8,1076
2025/11/26-13:40,6947.4,6948.6,6937,6948.2,1567
2025/11/26-13:45,6948.4,6951,6936.8,6940,1034
2025/11/26-13:50,6939.6,6942.4,6933.6,6937.4,955
2025/11/26-13:55,6937.2,6940,6929.2,6930.2,1208
2025/11/26-14:00,6929.2,6935.2,6923.8,6929.2,1828
2025/11/26-14:05,6929.4,6933,6918.6,6918.6,1695
2025/11/26-14:10,6918.4,6929,6915.6,6924,1453
2025/11/26-14:15,6924.2,6932.6,6921,6930.4,1120
2025/11/26-14:20,6930.2,6932,6921.6,6926.6,746
2025/11/26-14:25,6926.4,6932,6924.6,6928.2,561
2025/11/26-14:30,6929.2,6932.2,6921.4,6925.2,589
2025/11/26-14:35,6927,6929.6,6918,6922.6,1017
2025/11/26-14:40,6924.2,6929.2,6918.4,6918.4,520
2025/11/26-14:45,6918.8,6918.8,6907,6909.2,1690
2025/11/26-14:50,6909,6913,6907.2,6909.2,1028
2025/11/26-14:55,6909.2,6912.4,6908,6910.4,1169
2025/11/26-15:00,6910.6,6913.2,6908.8,6909.4,1950
2025/11/27-09:35,6916.4,6945.8,6916.4,6934.2,4263
2025/11/27-09:40,6935.6,6944,6927.2,6942.8,2161
2025/11/27-09:45,6943,6976.6,6940.8,6976.4,4603
2025/11/27-09:50,6976.2,6994.2,6968.8,6994.2,3429
2025/11/27-09:55,6994.4,6996,6983.4,6990.8,2869
2025/11/27-10:00,6990,7005.2,6986.6,7005.2,2587
2025/11/27-10:05,7005.2,7008.6,6996.4,7000.4,2342
2025/11/27-10:10,7001,7003,6992.8,6992.8,1757
2025/11/27-10:15,6992,7002.4,6986.4,6987.8,1940
2025/11/27-10:20,6988.6,6993,6982.6,6985.8,1554
2025/11/27-10:25,6986.6,6991.2,6976.8,6982,1423
2025/11/27-10:30,6982.6,6984.6,6968.4,6975,1736
2025/11/27-10:35,6975.2,6980.2,6966.8,6975.6,1788
2025/11/27-10:40,6975.6,6994,6974.4,6987.2,1493
2025/11/27-10:45,6988,6989,6969.4,6970.6,1191
2025/11/27-10:50,6972.6,6972.6,6954.6,6960.2,2059
2025/11/27-10:55,6959.6,6971.6,6956.2,6963.2,995
2025/11/27-11:00,6962.6,6969.6,6957,6965.4,909
2025/11/27-11:05,6965.4,6970.2,6955.4,6969.4,1187
2025/11/27-11:10,6970,6970,6950.4,6952,1628
2025/11/27-11:15,6951.4,6954.4,6945,6945,1131
2025/11/27-11:20,6945,6959.8,6943.6,6958.8,940
2025/11/27-11:25,6958.6,6958.8,6949,6949,484
2025/11/27-11:30,6949.2,6951,6936.2,6936.2,1158
2025/11/27-13:05,6939.2,6951.2,6936.4,6944.2,1175
2025/11/27-13:10,6945,6949.8,6941,6942.2,872
2025/11/27-13:15,6941.8,6951,6941.2,6946.2,507
2025/11/27-13:20,6946.2,6956,6946,6952,995
2025/11/27-13:25,6952,6959.4,6949.8,6958.8,724
2025/11/27-13:30,6958.2,6963.2,6951.2,6955,1003
2025/11/27-13:35,6955.4,6968.6,6953.4,6968,1269
2025/11/27-13:40,6968.4,6969,6954.4,6954.4,916
2025/11/27-13:45,6954.6,6954.6,6939.2,6944.8,1521
2025/11/27-13:50,6944.8,6950.2,6935.4,6936.6,1089
2025/11/27-13:55,6936,6945,6935.4,6943.4,1010
2025/11/27-14:00,6943.4,6949.2,6942,6948.2,597
2025/11/27-14:05,6947.6,6949.2,6928.4,6934.2,1353
2025/11/27-14:10,6934.8,6934.8,6924.4,6925.2,1121
2025/11/27-14:15,6924.2,6936.8,6923.6,6933.6,827
2025/11/27-14:20,6933.6,6936,6927,6934,618
2025/11/27-14:25,6933.4,6937.6,6931.8,6931.8,598
2025/11/27-14:30,6932.2,6934.6,6925,6928.8,788
2025/11/27-14:35,6928.8,6931.6,6914,6919,1551
2025/11/27-14:40,6919.4,6919.6,6905.8,6909,1985
2025/11/27-14:45,6908.8,6915,6903.4,6910,1635
2025/11/27-14:50,6910,6911,6889.2,6889.6,2919
2025/11/27-14:55,6889.8,6889.8,6881.2,6885,2924
2025/11/27-15:00,6884.6,6897.4,6884.6,6896.2,2404
2025/11/28-09:35,6901.2,6916.8,6888,6905.2,4551
2025/11/28-09:40,6905.6,6920,6901.6,6908.8,2554
2025/11/28-09:45,6908.2,6918.6,6906.8,6910,1522
2025/11/28-09:50,6909.6,6919,6902,6909.2,2067
2025/11/28-09:55,6909.2,6912.2,6891,6899.2,1839
2025/11/28-10:00,6899.4,6903.4,6893,6893.4,1278
2025/11/28-10:05,6893.2,6943,6891.8,6939,3196
2025/11/28-10:10,6939.4,6949,6935,6941,3666
2025/11/28-10:15,6941,6964.6,6936.2,6964.4,2898
2025/11/28-10:20,6963.8,6970,6945.4,6946.6,2860
2025/11/28-10:25,6946.4,6969,6941.4,6959.6,2201
2025/11/28-10:30,6958.2,6959.8,6941.8,6941.8,1232
2025/11/28-10:35,6941.4,6952.2,6941,6946,1205
2025/11/28-10:40,6947.2,6956.8,6941.2,6951.8,846
2025/11/28-10:45,6952.6,6952.6,6934,6936.6,1033
2025/11/28-10:50,6935.8,6947.6,6932,6946.6,983
2025/11/28-10:55,6946.8,6957.8,6943.2,6948.4,1064
2025/11/28-11:00,6948,6951.8,6944.4,6946.6,757
2025/11/28-11:05,6946.8,6964,6946.6,6959,1558
2025/11/28-11:10,6959,6972.2,6955.8,6955.8,2046
2025/11/28-11:15,6955,6962,6945,6945,1361
2025/11/28-11:20,6945,6961.4,6945,6949.4,976
2025/11/28-11:25,6950.2,6971.4,6947.4,6964.6,1340
2025/11/28-11:30,6965.2,6967.4,6955.2,6961,903
2025/11/28-13:05,6959.8,6966.2,6958.6,6965.4,921
2025/11/28-13:10,6966.2,6977.6,6960.8,6968.2,1467
2025/11/28-13:15,6969.2,6972.8,6956,6956.2,1094
2025/11/28-13:20,6955.6,6957.4,6948.4,6950,1161
2025/11/28-13:25,6949.8,6953.6,6947.8,6953.2,703
2025/11/28-13:30,6953.2,6953.6,6944,6949,950
2025/11/28-13:35,6950,6955.8,6949,6951.8,607
2025/11/28-13:40,6951.2,6955.6,6946.2,6952,758
2025/11/28-13:45,6953.2,6961.8,6950,6954.8,1008
2025/11/28-13:50,6955,6959.6,6951.8,6958.2,530
2025/11/28-13:55,6958,6970.4,6954.2,6970.2,1161
2025/11/28-14:00,6970.2,6971.6,6963.8,6965.6,1104
2025/11/28-14:05,6965.8,6970.2,6961.4,6962,1011
2025/11/28-14:10,6962.2,6963.6,6954.4,6957.8,806
2025/11/28-14:15,6958.4,6965.8,6956.6,6963.8,645
2025/11/28-14:20,6963.6,6972.2,6963.4,6968.8,785
2025/11/28-14:25,6969,6982.6,6967.8,6980,1876
2025/11/28-14:30,6980.8,6982,6972.4,6975.8,1081
2025/11/28-14:35,6975.8,6980.8,6968.8,6970,1257
2025/11/28-14:40,6970,6973.8,6967,6970,1071
2025/11/28-14:45,6969.2,6979,6964.6,6978,1479
2025/11/28-14:50,6978,6981,6971.2,6971.6,1516
2025/11/28-14:55,6971.2,6971.6,6963,6967,2786
2025/11/28-15:00,6966,6975.2,6963.4,6974.2,2682
